article_id,source,source_folder,source_type,title,author,published_raw,date,date_parse_note,location,word_count,entities,topics,narrative_lines,summary,file_path
638,International Times,International Times,derivative_international,Centrum's central role in the Tethan Gas Industry,,2 October 1982,1982-10-02,ok,,603,GAStech|Government|Sten Sanjorge|Tethys|Centrum,business,1,"The world of gas is distant, difficult and far flung. In Tethys a few years ago, I journeyed laboriously to the remote gas fields of Tethys to look at a contentious new energy producing area. One of the sites I visited was a local office...",C:/Users/17971/Desktop/HomeWork/数据可视化/MC1/MC1/News Articles/International Times/638.txt
728,World Source,World Source,derivative_international,Centrum's central role in the Tethan Gas Industry,,1982/10/02,1982-10-02,ok,,430,GAStech|Government|Sten Sanjorge|Tethys|Centrum,,,"The world of gas is distant, difficult and far flung. In Tethys a few years ago, I journeyed laboriously to the remote gas fields of Tethys to look at a contentious new energy producing area. One of the sites I visited was a local office...",C:/Users/17971/Desktop/HomeWork/数据可视化/MC1/MC1/News Articles/World Source/728.txt
214,Everyday News,Everyday News,primary_local,Central paper of the center in the industry of the gas of Tethan,,1982/10/03,1982-10-03,ok,,707,GAStech|Government|Sten Sanjorge|Tethys,business,1,"The world of the gas distant, difficult and is thrown far. In Tethys some years ago, I traveled laborious to the gas fields moved away of Tethys to watch a new debatable area of the energy production. One of the sites that I visited was a...",C:/Users/17971/Desktop/HomeWork/数据可视化/MC1/MC1/News Articles/Everyday News/214.txt
596,News Online Today,News Online Today,aggregator,Centrum's central role in the Tethan Gas Industry,,1982/10/03,1982-10-03,ok,,181,Sten Sanjorge|Tethys|Centrum,,,"The world of gas is distant, difficult and far flung. In Tethys a few years ago, I journeyed laboriously to the remote gas fields of Tethys to look at a contentious new energy producing area. One of the sites I visited was a local office...",C:/Users/17971/Desktop/HomeWork/数据可视化/MC1/MC1/News Articles/News Online Today/596.txt
796,The Continent,The Continent,derivative_international,The central role of the center in industry of the gas Tethan,,1982/10/03,1982-10-03,ok,,631,GAStech|Government|Sten Sanjorge|Tethys,environment|business,1,"The world of gas has been thrown far, with difficulty and far. Suffered in Tethys a couple year, I traveled with difficulty to the distant gas fields of Tethys to examine causing area a controversial new energy. An one of the places which...",C:/Users/17971/Desktop/HomeWork/数据可视化/MC1/MC1/News Articles/The Continent/796.txt
347,International Times,International Times,derivative_international,Leadership,,4 October 1982,1982-10-04,ok,,55,GAStech|Sten Sanjorge,,,"In a Times article from 2 October, it was stated that GASTech president Sten Sanjorge was now less active in the day to day operations of the company. GASTech representatives informed the Times that Sanjorge is as active as ever and...",C:/Users/17971/Desktop/HomeWork/数据可视化/MC1/MC1/News Articles/International Times/347.txt
501,World Journal,World Journal,derivative_international,The central role of Centrum in the gas industry of Tethan,,1982/10/04,1982-10-04,ok,,642,GAStech|Government|Sten Sanjorge|Tethys|Centrum,environment|business,1|2,"The world of gas is distant, difficult and vast. In Tethys a few years ago, I travelled laboriously to the remote gas layers of Tethys to look at a new controversial sector of energy production. One of the sites which I visited was a local...",C:/Users/17971/Desktop/HomeWork/数据可视化/MC1/MC1/News Articles/World Journal/501.txt
564,World Source,World Source,derivative_international,Shale gas pioneer plans world's first offshore wells in Mediterranean Sea,,1984/05/03,1984-05-03,ok,,363,GAStech|Tethys,environment|protest,2|3,"<<Deleted Image: Anti-offshore drilling protester. Exploration has proved a controversial issue in Kronos>> Continue reading the main story The son of the founder of gas firm GAStech is planning a venture to drill in the Mediterranean Sea,...",C:/Users/17971/Desktop/HomeWork/数据可视化/MC1/MC1/News Articles/World Source/564.txt
751,International Times,International Times,derivative_international,Shale gas pioneer plans world's first offshore wells in Mediterranean Sea,,3 May 1984,1984-05-03,ok,,507,GAStech|Government|Sten Sanjorge|Tethys,environment|protest,2|3,"<<Deleted Image: Anti-offshore drilling protester. Exploration has proved a controversial issue in Kronos>> Continue reading the main story The son of the founder of gas firm GAStech is planning a venture to drill in the Mediterranean Sea,...",C:/Users/17971/Desktop/HomeWork/数据可视化/MC1/MC1/News Articles/International Times/751.txt
227,News Online Today,News Online Today,aggregator,Shale gas pioneer plans world's first offshore wells in Mediterranean Sea,,1984/05/04,1984-05-04,ok,,163,GAStech,protest,3,"<<Deleted Image: Anti-offshore drilling protester. Exploration has proved a controversial issue in Kronos>> Continue reading the main story The son of the founder of gas firm GAStech is planning a venture to drill in the Mediterranean Sea,...",C:/Users/17971/Desktop/HomeWork/数据可视化/MC1/MC1/News Articles/News Online Today/227.txt
771,World Journal,World Journal,derivative_international,The gas pioneer projects the first wells at sea world at sea Mediterranean,,1984/05/04,1984-05-04,ok,,556,GAStech|Government|Sten Sanjorge|Tethys,environment|protest|business,1|2|3,<<Deleted the image: Protester of drilling of Anti-offshore oil rig. Exploration proved a question discussed in Kronos>> To continue to read the principal history The son of the founder of the gas company that GAStech projects a company to...,C:/Users/17971/Desktop/HomeWork/数据可视化/MC1/MC1/News Articles/World Journal/771.txt
496,Everyday News,Everyday News,primary_local,The pioneer of the gas of the slate plans first wells outside coast of the world in the Mediterranean Sea,,1984/05/05,1984-05-05,ok,,589,GAStech|Government|Sten Sanjorge|Tethys,environment|protest,2|3,<<Deleted image: Demonstrator whom it perforates of Anti-offshore. The exploration has proven an controversial edition in Kronos>> To continue reading main history The son of the founder of the company of the gas that GAStech is planning a...,C:/Users/17971/Desktop/HomeWork/数据可视化/MC1/MC1/News Articles/Everyday News/496.txt
784,The Continent,The Continent,derivative_international,The gas pioneer of the shale plant the first sea wells of the world in Mediterranean sea,,1984/05/05,1984-05-05,ok,,525,GAStech|Government|Sten Sanjorge|Tethys,environment|protest|business,1|2|3,L<<Deleted picture: Protester. The exploration has proved a controversial question in Kronos>> Most important tale remains the reading The sonof the founder of gas fixed GAStech has been learned bore a venture of plan in the Mediterranean...,C:/Users/17971/Desktop/HomeWork/数据可视化/MC1/MC1/News Articles/The Continent/784.txt
611,The World,The World,derivative_international,KRONOS GOVERNMENT PLANS TAX BREAKS TO ENCOURAGE FOREIGN INVESTMENT,,11 December 1992,1992-12-11,ok,"ABILA, Kronos",142,Government,business,1,"The Government of Kronos is currently planning some of the world's most generous tax breaks for gas investments. This will help create ""cheap energy"" that can give the developing country a competitive advantage and a leg up in the...",C:/Users/17971/Desktop/HomeWork/数据可视化/MC1/MC1/News Articles/The World/611.txt
301,The Light of Truth,The Light of Truth,derivative_international,The GOVERNMENT OF KRONOS PROJECTS TAX RELIEF TO ENCOURAGE the FOREIGN INVESTMENT,,1992/12/12,1992-12-12,ok,"ABILA, Kronos",159,Government,business,1,"The government of Kronos currently projects some of the tax relief most generous of the world for gas investments. This will help to create ""cheap energy"" which can give to the country in the process of development a competing advantage...",C:/Users/17971/Desktop/HomeWork/数据可视化/MC1/MC1/News Articles/The Light of Truth/301.txt
380,News Online Today,News Online Today,aggregator,KRONOS GOVERNMENT PLANS TAX BREAKS TO ENCOURAGE FOREIGN INVESTMENT,,1992/12/12,1992-12-12,ok,"ABILA, Kronos",61,Government,business,1,The Government of Kronos is currently planning some of the world's most generous tax breaks for gas investments. The Government of Kronos is pitching the plan as a win-win situation given that the high-income countries will be struggling...,C:/Users/17971/Desktop/HomeWork/数据可视化/MC1/MC1/News Articles/News Online Today/380.txt
473,Who What News,Who What News,derivative_international,KRONOS GOVERNMENT PLANS TAX BREAKS TO ENCOURAGE FOREIGN INVESTMENT,,1992/12/12,1992-12-12,ok,"ABILA, Kronos",108,Government,business,1,"The Government of Kronos is currently planning some of the world's most generous tax breaks for gas investments. As high-income countries from Europe and the United States race to take advantage of existing and potential gas deposits,...",C:/Users/17971/Desktop/HomeWork/数据可视化/MC1/MC1/News Articles/Who What News/473.txt
479,The Tulip,The Tulip,derivative_international,THE GOVERNMENT KRONOS IS THE DISCONTINUANCES OF THE TAX OF PLAN FOREIGN ENCOURAGE INVESTMENT,,1992/12/12,1992-12-12,ok,"ABILA, Kronos",145,Government,environment|kidnapping|business,1|4,The government of Kronos plants at present most generosity the tax discontinuances of some world for the gas investment. This will help to lead to cheap energy which can the developing country give a competitive advantage and a leg of the...,C:/Users/17971/Desktop/HomeWork/数据可视化/MC1/MC1/News Articles/The Tulip/479.txt
835,The General Post,The General Post,primary_local,THE KRONOS GOVERNMENT PLANS TAX BREAKAGE TO ANIMATE THE FOREIGN INVESTMENT,,1992/12/13,1992-12-13,ok,"ABILA, Kronos",173,Government,business,1,"The government of Kronos is planning at the moment some of the more abundant breakage of tax of the world for the investments of the gas. This will help to create the ""cheap energy"" that can give to the developing country a competitive...",C:/Users/17971/Desktop/HomeWork/数据可视化/MC1/MC1/News Articles/The General Post/835.txt
650,Kronos Star,Kronos Star,primary_local,Government Announces Tax Incentives For Foreign Investment,Donato Petri,18 January 1993,1993-01-18,ok,"ABILA, Kronos",107,Government,business,1,"Today the Parliament voted 86 to 14 in favor of President Araullo's package of tax incentives designed to lure foreign investment to our fair country. Tomas Sarto, Minister of the Interior, lauded the vote as ""a landmark deal designed to...",C:/Users/17971/Desktop/HomeWork/数据可视化/MC1/MC1/News Articles/Kronos Star/650.txt
103,News Online Today,News Online Today,aggregator,Government Announces Tax Incentives For Foreign Investment,,1993/01/19,1993-01-19,ok,"ABILA, Kronos",26,Government,business,1,Today the Parliament voted 86 to 14 in favor of President Araullo's package of tax incentives designed to lure foreign investment to our fair country.,C:/Users/17971/Desktop/HomeWork/数据可视化/MC1/MC1/News Articles/News Online Today/103.txt
226,International News,International News,derivative_international,Government Announces Tax Incentives For Foreign Investment,,1993/01/19,1993-01-19,ok,"ABILA, Kronos",86,Government,business,1,"Today the Parliament voted 86 to 14 in favor of President Araullo's package of tax incentives designed to lure foreign investment to our fair country. The tax incentives specifically target energy development companies, which the...",C:/Users/17971/Desktop/HomeWork/数据可视化/MC1/MC1/News Articles/International News/226.txt
641,The Guide,The Guide,derivative_international,The government announces the fiscal incentives for the foreign investment,,1993/01/19,1993-01-19,ok,"ABILA, Kronos",130,Government,protest,3,"The parliament today voted 86 to 14 in favor of the package of president Araullo of the fiscal incentives designed to just deceive the foreign investment our country. Tomas Sartos, minister of the interior, praised the vote as...",C:/Users/17971/Desktop/HomeWork/数据可视化/MC1/MC1/News Articles/The Guide/641.txt
632,The Truth,The Truth,derivative_international,The government announces the incentives of the tax for foreign investment,,1993/01/20,1993-01-20,ok,"ABILA, Kronos",121,Government,business,1,"Today the parliament that 86 up to 14 in favor of the parcel of president Araullo's of tax incentives becomes that is devised voted to tempt foreign investment to our honest country. Tomas Sarto, minister of the inland country, praised the...",C:/Users/17971/Desktop/HomeWork/数据可视化/MC1/MC1/News Articles/The Truth/632.txt
755,Worldwise,Worldwise,derivative_international,The government announces the tax tax incentives for the foreign investment,,1993/01/20,1993-01-20,ok,"ABILA, Kronos",132,Government,business,1,"Today the Parliament voted 86 to 14 in favor of the package of the President Araullo of the tax tax incentives conceived to delude the foreign investment with our country right. Divided into volumes Sarto, Minister of Interior Department,...",C:/Users/17971/Desktop/HomeWork/数据可视化/MC1/MC1/News Articles/Worldwise/755.txt
152,All News Today,All News Today,aggregator,LACK OF DETAILS MARS GOVERNMENT INTENTIONS,,1993/02/02,1993-02-02,ok,"ABILA, Kronos",98,Government,ipo|business,1,"In a glitzy press conference late last year President Luis Araullo announced a historic set of tax incentives intended to bring foreign investment to Kronos under the guise creating jobs, providing cheap energy and building infrastructure....",C:/Users/17971/Desktop/HomeWork/数据可视化/MC1/MC1/News Articles/All News Today/152.txt
681,Homeland Illumination,Homeland Illumination,primary_local,LACK OF DETAILS MARS GOVERNMENT INTENTIONS,Petrus Gerhard,2 February  1993,1993-02-02,ok,"ABILA, Kronos",143,Government,ipo|business,1|2,"In a glitzy press conference late last year President Luis Araullo announced a historic set of tax incentives intended to bring foreign investment to Kronos under the guise creating jobs, providing cheap energy and building infrastructure....",C:/Users/17971/Desktop/HomeWork/数据可视化/MC1/MC1/News Articles/Homeland Illumination/681.txt
210,The Orb,The Orb,derivative_international,MISS INTENTIONS OF GOVERNMENT OF MARCH OF DETAILS,,1993/02/03,1993-02-03,ok,"ABILA, Kronos",160,Government,protest|business,1|2,"In a President Luis Araullo press conference late last year a historical whole of tax tax incentives designed announced to bring the foreign investment to Kronos under the appearance creating of employment, providing cheap energy and...",C:/Users/17971/Desktop/HomeWork/数据可视化/MC1/MC1/News Articles/The Orb/210.txt
639,News Online Today,News Online Today,aggregator,LACK OF DETAILS MARS GOVERNMENT INTENTIONS,,1993/02/03,1993-02-03,ok,"ABILA, Kronos",36,Government,business,1,"In a glitzy press conference late last year President Luis Araullo announced a historic set of tax incentives intended to bring foreign investment to Kronos under the guise creating jobs, providing cheap energy and building infrastructure.",C:/Users/17971/Desktop/HomeWork/数据可视化/MC1/MC1/News Articles/News Online Today/639.txt
500,The Wrap,The Wrap,derivative_international,LACK OF THE INTENTIONS OF THE GOVERNMENT OF TOP OF DETAILS,,1993/02/04,1993-02-04,ok,"ABILA, Kronos",150,Government,ipo|business,1|2,"In glitzy press conference president Delouse Araullo announced end previous year a historical range tax incentives to foreign investment to Kronos under the mom to bring which to job leads, cheap energy supplies and infrastructure builds....",C:/Users/17971/Desktop/HomeWork/数据可视化/MC1/MC1/News Articles/The Wrap/500.txt
748,Daily Pegasus,Daily Pegasus,primary_local,DEFICIENCY OF THE INTENTIONS OF THE MARS GOVERNMENT OF THE DETAILS,,1993/02/04,1993-02-04,ok,"ABILA, Kronos",154,Government,,2,"In a president glitzy Luis Araullo of the press conference behind schedule announced the last year an historical system of fiscal incentives anticipated to bring the foreign investment to Kronos under way that created works, providing...",C:/Users/17971/Desktop/HomeWork/数据可视化/MC1/MC1/News Articles/Daily Pegasus/748.txt
666,Kronos Star,Kronos Star,primary_local,Government Strikes Deal with GAStech International,Donato Petri,12 March 1993,1993-03-12,ok,"ABILA, Kronos",136,GAStech|Government|Sten Sanjorge|Tethys,business,1|2,"President Araullo today announced the signing of an agreement between his government and the Tethys-based GAStech International for the development of the Tiskele Bend gas fields. GAStech, under the leadership of visionary Sten Sanjorge...",C:/Users/17971/Desktop/HomeWork/数据可视化/MC1/MC1/News Articles/Kronos Star/666.txt
367,News Online Today,News Online Today,aggregator,Government Strikes Deal with GAStech International,,1993/03/13,1993-03-13,ok,"ABILA, Kronos",64,GAStech|Government|Sten Sanjorge|Tethys,,,"President Araullo today announced the signing of an agreement between his government and the Tethys-based GAStech International for the development of the Tiskele Bend gas fields. GAStech, under the leadership of visionary Sten Sanjorge...",C:/Users/17971/Desktop/HomeWork/数据可视化/MC1/MC1/News Articles/News Online Today/367.txt
47,The Guide,The Guide,derivative_international,Distribution of strikes of the government with international GAStech,,1993/03/13,1993-03-13,ok,"ABILA, Kronos",159,GAStech|Government|Sten Sanjorge|Abila|Tethys,business,1,"ABILA, Kronos - president Araullo today announced the signature of an agreement between his government and the GAStech Tethys-based international for the development of the gas fields of the curve of Tiskele. GAStech, under direction of...",C:/Users/17971/Desktop/HomeWork/数据可视化/MC1/MC1/News Articles/The Guide/47.txt
114,Worldwise,Worldwise,derivative_international,The strikes of government treat international GAStech,,1993/03/14,1993-03-14,ok,"ABILA, Kronos",148,GAStech|Government|Sten Sanjorge|Tethys,business,1|2,"President Araullo today announced the signature of an agreement between his government and GAStech Tethys-based international for the development of the gas layers of curve of Tiskele. GAStech, under the control of Jr. visionary of Sten...",C:/Users/17971/Desktop/HomeWork/数据可视化/MC1/MC1/News Articles/Worldwise/114.txt
795,The Truth,The Truth,derivative_international,The strikes of the government treat international GAStech,,1993/03/14,1993-03-14,ok,"ABILA, Kronos",139,GAStech|Government|Sten Sanjorge|Tethys,business,1|2,"President Araullo announced today signing an agreement between its government and on tethys-based GAStech internationally for development of the gas fields of the bending to Tiskele. GAStech, under the control of unrealistically of Sten...",C:/Users/17971/Desktop/HomeWork/数据可视化/MC1/MC1/News Articles/The Truth/795.txt
732,Who What News,Who What News,derivative_international,UPGRADES NEEDED FOR ABILA'S DEEP WATER PORT,,1993/09/19,1993-09-19,ok,"ABILA, Kronos",95,GAStech|Government|Abila,,,"As part of the government brokered deal with GAStech International, Abila must make upgrades to their deep water port. The proposed upgrades include raising Abila's East Pier in phases, a massive $300 million project that will accommodate...",C:/Users/17971/Desktop/HomeWork/数据可视化/MC1/MC1/News Articles/Who What News/732.txt
736,The World,The World,derivative_international,UPGRADES NEEDED FOR ABILA'S DEEP WATER PORT,,19 September 1993,1993-09-19,ok,"ABILA, Kronos",142,GAStech|Government|Abila,,,"As part of the government brokered deal with GAStech International, Abila must make upgrades to their deep water port. When gas production ramps up, the Port's traffic is expected to increase ten-fold. The proposed upgrades include raising...",C:/Users/17971/Desktop/HomeWork/数据可视化/MC1/MC1/News Articles/The World/736.txt
552,The Truth,The Truth,derivative_international,The facilities to promote of the port,,1993/09/20,1993-09-20,ok,"ABILA, Kronos",155,GAStech|Government|Abila|Tethys,protest,,"The minister of the interior Sarto announced today to a government treats the Tethys company international GAStech of the energy development, brokered to promote Abila the port. GAStech have corresponded $200 millions to the costs of the...",C:/Users/17971/Desktop/HomeWork/数据可视化/MC1/MC1/News Articles/The Truth/552.txt
657,News Online Today,News Online Today,aggregator,UPGRADES NEEDED FOR ABILA'S DEEP WATER PORT,,1993/09/20,1993-09-20,ok,"ABILA, Kronos",48,GAStech|Government|Abila,,,"As part of the government brokered deal with GAStech International, Abila must make upgrades to their deep water port. Additionally, the Port will need to dredge the port killing two birds with one stone: increasing the depth of the port...",C:/Users/17971/Desktop/HomeWork/数据可视化/MC1/MC1/News Articles/News Online Today/657.txt
143,Worldwise,Worldwise,derivative_international,Left equipment to improve,,1993/09/21,1993-09-21,ok,"ABILA, Kronos",163,GAStech|Government|Abila|Tethys,protest,,"The Minister of Interior Department Sarto today announced a sponsored business by government with the company of development of energy of Tethys GAStech international, to improve the port of Abila. GAStech agreed to contribute $200 million...",C:/Users/17971/Desktop/HomeWork/数据可视化/MC1/MC1/News Articles/Worldwise/143.txt
315,The Tulip,The Tulip,derivative_international,IMPROVEMENTS NECESSARY FOR PORT OF THE WATER OF ABILA DEEP,,1993/09/21,1993-09-21,ok,"ABILA, Kronos",157,GAStech|Government|Abila,,,"ABILA, Kronos - as part of the government brokered international GAStech treat, Abila must make improvements to their deep water port. When the slopes of the gas production up, the movement of the port would have increase ten times....",C:/Users/17971/Desktop/HomeWork/数据可视化/MC1/MC1/News Articles/The Tulip/315.txt
503,The Light of Truth,The Light of Truth,derivative_international,The LEVELINGS NEEDED FOR the WEARING Of DEEP WATER For ABILA,,1993/09/21,1993-09-21,ok,"ABILA, Kronos",162,GAStech|Government|Abila,,,"As an element of the sponsored business by government with international GAStech, Abila must make levellings with their wearing of deep water. When the production of built gas, one expects that the traffic of the port increases ten times....",C:/Users/17971/Desktop/HomeWork/数据可视化/MC1/MC1/News Articles/The Light of Truth/503.txt
723,The General Post,The General Post,primary_local,THE IMPROVEMENTS NEEDED FOR THE DEEP PORT OF ABILA,,1993/09/21,1993-09-21,ok,"ABILA, Kronos",175,GAStech|Government|Abila,,,"As she leaves from the government brokered distribution with international GAStech, Abila must make improvements to their deep port. When one hopes that the inclines of the production of the gas for above, the traffic of the port increases...",C:/Users/17971/Desktop/HomeWork/数据可视化/MC1/MC1/News Articles/The General Post/723.txt
725,The Guide,The Guide,derivative_international,Harbor facilities that will be increased,,1993/09/21,1993-09-21,ok,"ABILA, Kronos",171,GAStech|Government|Abila|Tethys,protest,,"The minister of the interior Sarto announced a government today brokered distribution with the company of development of the energy of Tethys international GAStech, to increase the port of Abila. GAStech has decided to contribute $200...",C:/Users/17971/Desktop/HomeWork/数据可视化/MC1/MC1/News Articles/The Guide/725.txt
750,The World,The World,derivative_international,"PROMINENT BUSINESS, CIVIC LEADER DIES AT 65",,17 February 1994,1994-02-17,ok,"CENTRUM, Tethys",169,GAStech|Sten Sanjorge|Tethys|Centrum,,2,"After four years of diminishing health following a major heart attack, Sten Sanjorge, Sr. died early Friday morning. Sanjorge, Sr., 65, of Centrum, Tethys was President Emeritus of GAStech International having founded the company in 1961....",C:/Users/17971/Desktop/HomeWork/数据可视化/MC1/MC1/News Articles/The World/750.txt
137,Who What News,Who What News,derivative_international,"PROMINENT BUSINESS, CIVIC LEADER DIES AT 65",,1994/02/18,1994-02-18,ok,"CENTRUM, Tethys",129,GAStech|Sten Sanjorge|Tethys|Centrum,,2,"CENTRUM, Tethys - After four years of diminishing health following a major heart attack, Sten Sanjorge, Sr. Sanjorge, Sr., 65, of Centrum, Tethys was President Emeritus of GAStech International having founded the company in 1961. In...",C:/Users/17971/Desktop/HomeWork/数据可视化/MC1/MC1/News Articles/Who What News/137.txt
198,The Light of Truth,The Light of Truth,derivative_international,"THE BUSINESSES AHEAD, CIVIC CHIEF DIE IN 65",,1994/02/18,1994-02-18,ok,"CENTRUM, Tethys",181,GAStech|Sten Sanjorge|Tethys|Centrum,,2,"After four years of health decreasing according to an important heart attack, Sten Sanjorge Sr. Friday morning early dead. Sanjorge Sr., 65, of Centrum, Tethys was President Emeritus of international of GAStech having founded the company...",C:/Users/17971/Desktop/HomeWork/数据可视化/MC1/MC1/News Articles/The Light of Truth/198.txt
3,The Tulip,The Tulip,derivative_international,PROMINENT Citizen dies at 65,,1994/02/18,1994-02-18,ok,"CENTRUM, Tethys",174,GAStech|Sten Sanjorge|Tethys|Centrum,,2,"Friday early after four years of diminishing health after an important heart attack, Sten Sanjorge, SR. died morning. Sanjorge, SR., 65, of Centrum, Tethys were president Emeritus of international GAStech have establishedthe company in...",C:/Users/17971/Desktop/HomeWork/数据可视化/MC1/MC1/News Articles/The Tulip/3.txt
478,The General Post,The General Post,primary_local,"THE PROMINENT BUSINESS, CIVIC LEADER DIES IN 65",,1994/02/18,1994-02-18,ok,"CENTRUM, Tethys",193,GAStech|Sten Sanjorge|Tethys|Centrum,,2,"after four years of health that diminishes that they follow an important heart attac, Sten Sanjorge Sr. died Friday. Mr. Sanjorge, 65, of Centrum, Tethys was president emeritus of international of GAStech and founded the company on 1961....",C:/Users/17971/Desktop/HomeWork/数据可视化/MC1/MC1/News Articles/The General Post/478.txt
722,News Online Today,News Online Today,aggregator,"PROMINENT BUSINESS, CIVIC LEADER DIES AT 65",,1994/02/18,1994-02-18,ok,"CENTRUM, Tethys",47,GAStech|Sten Sanjorge|Tethys|Centrum,,2,"After four years of diminishing health following a major heart attack, Sten Sanjorge, Sr. has died. Sanjorge, Sr., 65, of Centrum, Tethys was President Emeritus of GAStech International having founded the company in 1961. is survived by...",C:/Users/17971/Desktop/HomeWork/数据可视化/MC1/MC1/News Articles/News Online Today/722.txt
84,The World,The World,derivative_international,GASTECH'S EXPANSION REACHES THE SHORES OF KRONOS,,23 September 1994,1994-09-23,ok,"ABILA, Kronos",124,GAStech|Sten Sanjorge,,,The groundbreaking today at the Tiskele Bend site marks another flag planted in foreign soil by GAStech International. Sten Sanjorge Jr.'s international expansion has been the hallmark of his brief tenure at the helm following his father's...,C:/Users/17971/Desktop/HomeWork/数据可视化/MC1/MC1/News Articles/The World/84.txt
105,Who What News,Who What News,derivative_international,GASTECH'S EXPANSION REACHES THE SHORES OF KRONOS,,1994/09/24,1994-09-24,ok,"ABILA, Kronos",88,GAStech,,,"The groundbreaking today at the Tiskele Bend site marks another flag planted in foreign soil by GAStech International. With the jobs, and the cheaper and cleaner fuel provided by GAStech you can begin to live the lives you deserve."" On the...",C:/Users/17971/Desktop/HomeWork/数据可视化/MC1/MC1/News Articles/Who What News/105.txt
534,News Online Today,News Online Today,aggregator,GASTECH'S EXPANSION REACHES THE SHORES OF KRONOS,,1994/09/24,1994-09-24,ok,"ABILA, Kronos",42,GAStech,,,The groundbreaking today at the Tiskele Bend site marks another flag planted in foreign soil by GAStech International. Conservative estimates of preliminary test well results place the Tiskele Bend field at least on par with the largest of...,C:/Users/17971/Desktop/HomeWork/数据可视化/MC1/MC1/News Articles/News Online Today/534.txt
192,The General Post,The General Post,primary_local,THE EXTENSION OF GASTECH REACHES THE KRONOS BORDERS,,1994/09/25,1994-09-25,ok,"ABILA, Kronos",148,GAStech|Sten Sanjorge,,,Groundbreaking today in the site of the curve of Tiskele marks another flag planted in foreign ground by GAStech International. The international extension of the Sten Sanjorge Jr. has be the seal of its brief renting in the rudder that...,C:/Users/17971/Desktop/HomeWork/数据可视化/MC1/MC1/News Articles/The General Post/192.txt
331,The Tulip,The Tulip,derivative_international,THE EXTENSION OF GASTECH REACHES THE COASTS OF KRONOS,,1994/09/25,1994-09-25,ok,"ABILA, Kronos",134,GAStech,,,Rhe groundbreaking today at the place of bending Tiskele see another flag which is planted in foreign ground by GAStech international. Sanjorge of Sten the international extension of Jr. the stamp of its short term of office has been at...,C:/Users/17971/Desktop/HomeWork/数据可视化/MC1/MC1/News Articles/The Tulip/331.txt
802,The Light of Truth,The Light of Truth,derivative_international,The EXPANSION OF GASTECH REACHES the SHORES OF KRONOS,,1994/09/25,1994-09-25,ok,"ABILA, Kronos",142,GAStech|Sten Sanjorge,,,Today of inauguration to the site of curve of Tiskele another flag planted in the foreign ground by GAStech International marks. The international expansion of Jr. of Sten Sanjorge was the seal of its short tenure to the bar according to...,C:/Users/17971/Desktop/HomeWork/数据可视化/MC1/MC1/News Articles/The Light of Truth/802.txt
111,The World,The World,derivative_international,DRILLING TECHNIQUE BANNED IN TETHYS,,30 March 1995,1995-03-30,ok,"CENTRUM, Tethys",89,GAStech|Government|Sten Sanjorge|Tethys,environment,2,GAStech International's Hyper Acidic Substrate Removal (HASR) has officially been banned by the Tethys government due to the high probability of water contamination. GAStech developed the innovative drilling technique in 1974 proved quite...,C:/Users/17971/Desktop/HomeWork/数据可视化/MC1/MC1/News Articles/The World/111.txt
153,Who What News,Who What News,derivative_international,DRILLING TECHNIQUE BANNED IN TETHYS,,1995/03/30,1995-03-30,ok,"CENTRUM, Tethys",70,GAStech|Government|Tethys,environment,2,GAStech International's Hyper Acidic Substrate Removal (HASR) has officially been banned by the Tethys government due to the high probability of water contamination. GAStech developed the innovative drilling technique in 1974 proved quite...,C:/Users/17971/Desktop/HomeWork/数据可视化/MC1/MC1/News Articles/Who What News/153.txt
314,News Online Today,News Online Today,aggregator,DRILLING TECHNIQUE BANNED IN TETHYS,,1995/03/30,1995-03-30,ok,"CENTRUM, Tethys",24,GAStech|Government|Tethys,environment,2,GAStech International's Hyper Acidic Substrate Removal (HASR) has officially been banned by the Tethys government due to the high probability of water contamination.,C:/Users/17971/Desktop/HomeWork/数据可视化/MC1/MC1/News Articles/News Online Today/314.txt
729,The Light of Truth,The Light of Truth,derivative_international,TECHNIQUE OF DRILLING PROHIBITED IN TETHYS,,1995/03/31,1995-03-31,ok,"CENTRUM, Tethys",106,GAStech|Government|Sten Sanjorge|Tethys,environment|business,1|2,Acid displacement hyper international of substrate of GAStech (HASR) was officially prohibited by the government of Tethys due to the high probability of the contamination of water. GAStech developed the innovating technique of drilling in...,C:/Users/17971/Desktop/HomeWork/数据可视化/MC1/MC1/News Articles/The Light of Truth/729.txt
586,The Tulip,The Tulip,derivative_international,BORING TECHNIQUE WHICH IS PROHIBITED IN TETHYS,,1995/04/01,1995-04-01,ok,"CENTRUM, Tethys",95,GAStech|Government|Sten Sanjorge|Tethys,environment,2,"The international Hyper Acidic disposal of the substrate GAStech (HASR) have been prohibited officially the government attributing Tethys to the high probability of water pollution. Developed innovative boring proved technique in 1974, to...",C:/Users/17971/Desktop/HomeWork/数据可视化/MC1/MC1/News Articles/The Tulip/586.txt
97,The General Post,The General Post,primary_local,TECHNIQUE THAT IT PERFORATES PROHIBITED IN TETHYS,,1995/04/01,1995-04-01,ok,"CENTRUM, Tethys",110,GAStech|Government|Sten Sanjorge|Tethys,environment,2,The international hyperactive acid retirement of the substratum of GAStech (HASR) has been prohibited officially by the government of Tethys due to the high probability of the contamination of the water. GAStech developed the technique...,C:/Users/17971/Desktop/HomeWork/数据可视化/MC1/MC1/News Articles/The General Post/97.txt
497,The World,The World,derivative_international,GRAND OPENING GASTECH-KRONOS,,10 October 1995,1995-10-10,ok,TITLE: GRAND OPENING GASTECH,90,GAStech|Government|Sten Sanjorge|Abila,,,"With his trademark flash, Sten Sanjorge, Jr. President of GAStech International opened the new GAStech-Kronos headquarters. The ribbon was cut with a huge pair of scissors, matched in size only by Sanjorge Jr.'s smile. The 50 million...",C:/Users/17971/Desktop/HomeWork/数据可视化/MC1/MC1/News Articles/The World/497.txt
526,Kronos Star,Kronos Star,primary_local,Grand Opening of the New GAStech Offices,Lelio Masin,10 October 1995,1995-10-10,ok,"ABILA, Kronos",81,GAStech|Sten Sanjorge,,,"President Sten Sanjorge Jr. of GAStech international today held the grand opening ceremony for the new GAStech-Kronos headquarters building. The gleaming steel and glass building provides ample office space for regional managers,...",C:/Users/17971/Desktop/HomeWork/数据可视化/MC1/MC1/News Articles/Kronos Star/526.txt
444,International News,International News,derivative_international,Grand Opening of the New GAStech Offices,,1995/10/11,1995-10-11,ok,"ABILA, Kronos",65,GAStech|Sten Sanjorge,,,"President Sten Sanjorge Jr. The gleaming steel and glass building provides ample office space for regional managers, geologists, engineers, and support staff, and sports state-of-the art conference facilities. Minister Sarto, who attended...",C:/Users/17971/Desktop/HomeWork/数据可视化/MC1/MC1/News Articles/International News/444.txt
456,The Light of Truth,The Light of Truth,derivative_international,OPENING LARGE GASTECH-KRONOS,,1995/10/11,1995-10-11,ok,,95,GAStech|Government|Sten Sanjorge|Abila,,,"ABILA, Kronos - with its flash of trade mark, Sten Sanjorge Jr., president and CEO of international GAStech opened the new registered offices of GAStech-Kronos. The ribbon was cut with enormous scissors, matched in the face only by smiling...",C:/Users/17971/Desktop/HomeWork/数据可视化/MC1/MC1/News Articles/The Light of Truth/456.txt
52,News Online Today,News Online Today,aggregator,GRAND OPENING GASTECH-KRONOS,,1995/10/11,1995-10-11,ok,"ABILA, Kronos",25,GAStech|Sten Sanjorge,,,"With his trademark flash, Sten Sanjorge, Jr. cut the ribbon with a huge pair of scissors, matched in size only by Sanjorge Jr.'s smile.",C:/Users/17971/Desktop/HomeWork/数据可视化/MC1/MC1/News Articles/News Online Today/52.txt
591,Worldwise,Worldwise,derivative_international,Large opening of the new offices of GAStech,,1995/10/11,1995-10-11,ok,"ABILA, Kronos",100,GAStech|Sten Sanjorge,,,President Sten Sanjorge Jr. of international of GAStech now considered to be the ceremony large of opening for new GAStech-Kronos the building sits. To shine the building out of steel and of glass provides the space sufficient of office...,C:/Users/17971/Desktop/HomeWork/数据可视化/MC1/MC1/News Articles/Worldwise/591.txt
634,News Online Today,News Online Today,aggregator,Grand Opening of the New GAStech Offices,,1995/10/11,1995-10-11,ok,"ABILA, Kronos",39,GAStech|Sten Sanjorge,,,"President Sten Sanjorge Jr. Minister Sarto, who attended the celebration, said, ""This beautiful facility is a monument to Sanjorge's commitment to Kronos and should be seen by the citizens as a sign of a prosperous future for all.""",C:/Users/17971/Desktop/HomeWork/数据可视化/MC1/MC1/News Articles/News Online Today/634.txt
695,The Tulip,The Tulip,derivative_international,LARGE OPENING GASTECH-KRONOS,,1995/10/11,1995-10-11,ok,"ABILA, Kronos",88,GAStech|Government|Sten Sanjorge|Abila,,,"With trade mark flash, Sten Sanjorge Jr., the international President of GAStech opened the new headquarters of gAStech-Kronos . The ribbon was cut with a giant couple of shears, which in size only Sanjorge Jr. smile are adapted. The...",C:/Users/17971/Desktop/HomeWork/数据可视化/MC1/MC1/News Articles/The Tulip/695.txt
474,The Truth,The Truth,derivative_international,Large opening the new offices GAStech,,1995/10/12,1995-10-12,ok,"ABILA, Kronos",82,GAStech|Sten Sanjorge,,,"International president Sten Sanjorge Jr. one of GAStech kept today the large opening ceramics for the new headquarters gAStech-Kronos construction. The gleaming steel and glass bldg. supply wide office space for regional managers,...",C:/Users/17971/Desktop/HomeWork/数据可视化/MC1/MC1/News Articles/The Truth/474.txt
543,The General Post,The General Post,primary_local,MAGNIFICENT OPENING GASTECH-KRONOS,,1995/10/12,1995-10-12,ok,"ABILA, Kronos",100,GAStech|Government|Sten Sanjorge|Abila,,,"With his flash of the registered tradename, Sten Sanjorge, president of international GAStech it opened the new headquarters of GAStech-Kronos. The tape was cut with an enormous pair of the scissors, matched of size only by the smile of...",C:/Users/17971/Desktop/HomeWork/数据可视化/MC1/MC1/News Articles/The General Post/543.txt
66,The Guide,The Guide,derivative_international,Magnificent opening of the new offices of GAStech,,1995/10/12,1995-10-12,ok,"ABILA, Kronos",102,GAStech|Sten Sanjorge,,,President Sten Sanjorge Jr of international GAStech today maintained the magnificent ceremony of the opening for the new GAStech-Kronos headquarters of the building. Flashing the crystal and steel building provides the ample space of the...,C:/Users/17971/Desktop/HomeWork/数据可视化/MC1/MC1/News Articles/The Guide/66.txt
421,Kronos Star,Kronos Star,primary_local,Araullo Announces New Hospital Construction,Donato Petri,21 November 1995,1995-11-21,ok,"ABILA, Kronos",186,Government|Abila,legal,2,"President Araullo announced today that his government is planning the construction of a new, modern Abila General Hospital. The old Abila General Hospital, built in 1930, has outdated health care facilities and has suffered numerous...",C:/Users/17971/Desktop/HomeWork/数据可视化/MC1/MC1/News Articles/Kronos Star/421.txt
547,International News,International News,derivative_international,Araullo Announces New Hospital Construction,,1995/11/21,1995-11-21,ok,"ABILA, Kronos",134,Government|Abila,legal,2,"President Araullo announced today that his government is planning the construction of a new, modern Abila General Hospital. The old Abila General Hospital, built in 1930, has outdated health care facilities and has suffered numerous...",C:/Users/17971/Desktop/HomeWork/数据可视化/MC1/MC1/News Articles/International News/547.txt
312,Worldwise,Worldwise,derivative_international,Araullo announces the new construction of hospital,,1995/11/22,1995-11-22,ok,"ABILA, Kronos",201,Government|Abila,,2,"President Araullo announced today that its government projects the construction again, modern hospital general of Abila. The old hospital general of Abila, built in 1930, has the out-of-date equipment of health and suffered many electric...",C:/Users/17971/Desktop/HomeWork/数据可视化/MC1/MC1/News Articles/Worldwise/312.txt
98,News Online Today,News Online Today,aggregator,Araullo Announces New Hospital Construction,,1995/11/22,1995-11-22,ok,"ABILA, Kronos",65,Government|Abila,,2,"President Araullo announced today that his government is planning the construction of a new, modern Abila General Hospital. The old Abila General Hospital, built in 1930, has outdated health care facilities and has suffered numerous...",C:/Users/17971/Desktop/HomeWork/数据可视化/MC1/MC1/News Articles/News Online Today/98.txt
230,The Truth,The Truth,derivative_international,Araullo announce the new construction of the hospital,,1995/11/23,1995-11-23,ok,"ABILA, Kronos",187,Government|Abila,business,1|2,"President Araullo announced today to that its government the construction of new, in a modern way general hospital plants Abila. The old general hospital Abila, which is built in 1930, out-of-date health care facilities have in the past...",C:/Users/17971/Desktop/HomeWork/数据可视化/MC1/MC1/News Articles/The Truth/230.txt
424,The Guide,The Guide,derivative_international,Araullo announces the new construction of the hospital,,1995/11/23,1995-11-23,ok,"ABILA, Kronos",220,Government|Abila,legal,,"President Araullo announced today that his government is planning the construction of a new general hospital, modern of Abila. The old general hospital of Abila, constructed in 1930, has old fashioned facilities of the medical care and has...",C:/Users/17971/Desktop/HomeWork/数据可视化/MC1/MC1/News Articles/The Guide/424.txt
42,Kronos Star,Kronos Star,primary_local,Tiskele Bend Gas Fields Larger Than First Thought,Donato Petri,13 March 1996,1996-03-13,ok,"ABILA, Kronos",172,GAStech,business,1,"A press release from the Ministry of Interior today announced that the Tiskele Bend gas fields could be as much as 5 times larger than originally estimated. When we contacted Minister Sarto's office for comment, he said, ""We were astounded...",C:/Users/17971/Desktop/HomeWork/数据可视化/MC1/MC1/News Articles/Kronos Star/42.txt
542,News Online Today,News Online Today,aggregator,Tiskele Bend Gas Fields Larger Than First Thought,,1996/03/14,1996-03-14,ok,"ABILA, Kronos",52,GAStech,,,"A press release from the Ministry of Interior today announced that the Tiskele Bend gas fields could be as much as 5 times larger than originally estimated. When we contacted Minister Sarto's office for comment, he said, ""We were astounded...",C:/Users/17971/Desktop/HomeWork/数据可视化/MC1/MC1/News Articles/News Online Today/542.txt
58,Worldwise,Worldwise,derivative_international,The gas layers of curve of Tiskele thought more mainly than the first time,,1996/03/14,1996-03-14,ok,"ABILA, Kronos",189,GAStech,business,1,A press release of the ministry for the interior announced today that the gas layers of curve of Tiskele could be less 5 times more mainly than in the beginning not estimated. When we came into contact with the office of minister Sarto for...,C:/Users/17971/Desktop/HomeWork/数据可视化/MC1/MC1/News Articles/Worldwise/58.txt
768,International News,International News,derivative_international,Tiskele Bend Gas Fields Larger Than First Thought,,1996/03/14,1996-03-14,ok,"ABILA, Kronos",126,GAStech,business,1,"A press release from the Ministry of Interior today announced that the Tiskele Bend gas fields could be as much as 5 times larger than originally estimated. When we contacted Minister Sarto's office for comment, he said, ""We were astounded...",C:/Users/17971/Desktop/HomeWork/数据可视化/MC1/MC1/News Articles/International News/768.txt
112,The Truth,The Truth,derivative_international,The gas fields of the bending of Tiskele larger than first idea,,1996/03/15,1996-03-15,ok,"ABILA, Kronos",161,GAStech,business,1,A press communication of the ministry of the interior announced today to that the gas fields of bending Tiskele could this way much such as 5 time larger than initially have been valued. Minister Sarto owere astonished by the results of...,C:/Users/17971/Desktop/HomeWork/数据可视化/MC1/MC1/News Articles/The Truth/112.txt
509,The Guide,The Guide,derivative_international,The gas fields of the curve of Tiskele more to a great extent than first thought,,1996/03/15,1996-03-15,ok,"ABILA, Kronos",198,GAStech,business,1,A launching of press of the Department of the Interior announced today that the gas fields of the curve of Tiskele could as much be as considered 5 times more to a great extent than originally. When we made contact with the office of Sarto...,C:/Users/17971/Desktop/HomeWork/数据可视化/MC1/MC1/News Articles/The Guide/509.txt
472,The World,The World,derivative_international,GASTECH SHIFTS FOCUS TO KRONOS,,7 July 1996,1996-07-07,ok,"CENTRUM, Tethys",69,GAStech|Government|Tethys,environment,2,GAStech International has shifted its focus from Tethys to the small Mediterranean island of Kronos and the vast gas deposits beneath the ground. Recent charges of groundwater contamination against GAStech International and tightening...,C:/Users/17971/Desktop/HomeWork/数据可视化/MC1/MC1/News Articles/The World/472.txt
120,News Online Today,News Online Today,aggregator,GASTECH SHIFTS FOCUS TO KRONOS,,1996/07/08,1996-07-08,ok,"CENTRUM, Tethys",23,GAStech|Tethys,,,GAStech International has shifted its focus from Tethys to the small Mediterranean island of Kronos and the vast gas deposits beneath the ground.,C:/Users/17971/Desktop/HomeWork/数据可视化/MC1/MC1/News Articles/News Online Today/120.txt
671,The Light of Truth,The Light of Truth,derivative_international,GASTECH SHIFTS ITS HOME TO KRONOS,,1996/07/08,1996-07-08,ok,"CENTRUM, Tethys",76,GAStech|Government|Tethys,environment,2,International GAStech shifted its base from Tethys in the small Mediterranean island of Kronos and the vast gas layers under the ground. The recent expenses of the subsoil water contamination against international GAStech and tightening...,C:/Users/17971/Desktop/HomeWork/数据可视化/MC1/MC1/News Articles/The Light of Truth/671.txt
825,The General Post,The General Post,primary_local,GASTECH CHANGES OF POSITION THE CENTRUM TO KRONOS,,1996/07/08,1996-07-08,ok,"CENTRUM, Tethys",86,GAStech|Government|Tethys|Centrum,environment,2,International GAStech has changed of position its center of Tethys to the small Mediterranean island of Kronos and to the extensive deposits of the gas underneath the Earth. The recent loads of contamination of the underground water...,C:/Users/17971/Desktop/HomeWork/数据可视化/MC1/MC1/News Articles/The General Post/825.txt
720,The Tulip,The Tulip,derivative_international,GASTECH THE EMPHASIS OF SHIFTS TO KRONOS,,1996/07/09,1996-07-09,ok,"CENTRUM, Tethys",70,GAStech|Government|Tethys,environment,2,International GAStech its emphasis of Tethys has moved Kronos to the small Mediterranean island and the enormous gas deposits under the ground. The recent charges of groundwater pollution against international and quoting GAStech...,C:/Users/17971/Desktop/HomeWork/数据可视化/MC1/MC1/News Articles/The Tulip/720.txt
136,Central Bulletin,Central Bulletin,primary_local,POSSIBLE CONTAMINATION IN ELODIS,,1997/04/23,1997-04-23,ok,"ELODIS, Kronos",104,GAStech|Government|Elodis|Abila,environment,2,"About 25 km West of Abila is the small rural township of Elodis, situated on the Tiskele River. Roughly 20 km upstream is the Tiskele Bend site operated by GAStech International on government-owned land. Townspeople claim the site is...",C:/Users/17971/Desktop/HomeWork/数据可视化/MC1/MC1/News Articles/Central Bulletin/136.txt
782,The Abila Post,The Abila Post,primary_local,POSSIBLE CONTAMINATION IN ELODIS,,23 April 1997,1997-04-23,ok,"ELODIS, Kronos",142,GAStech|Government|Elodis|Abila,environment,2,"About 25 km West of Abila is the small rural township of Elodis, situated on the Tiskele River. Roughly 20 km upstream is the Tiskele Bend site operated by GAStech International on government-owned land. Townspeople claim the site is...",C:/Users/17971/Desktop/HomeWork/数据可视化/MC1/MC1/News Articles/The Abila Post/782.txt
545,News Online Today,News Online Today,aggregator,POSSIBLE CONTAMINATION IN ELODIS,,1997/04/24,1997-04-24,ok,"ELODIS, Kronos",35,GAStech|Government|Elodis|Abila,environment,2,"About 25 km West of Abila is the small rural township of Elodis, situated on the Tiskele River. Roughly 20 km upstream is the Tiskele Bend site operated by GAStech International on government-owned land.",C:/Users/17971/Desktop/HomeWork/数据可视化/MC1/MC1/News Articles/News Online Today/545.txt
652,Athena Speaks,Athena Speaks,primary_local,POSSIBLE CONTAMINATION IN ELODIS,,1997/04/24,1997-04-24,ok,"ELODIS, Kronos",157,GAStech|Government|Elodis|Abila,environment,2,"Approximately 25 kilometers in the west of Abila are the small rural suburbs of Elodis, located on the river of Tiskele. Roughly 20 kilometers of ascending are the site of curve of Tiskele actuated by GAStech International on the ground of...",C:/Users/17971/Desktop/HomeWork/数据可视化/MC1/MC1/News Articles/Athena Speaks/652.txt
60,News Desk,News Desk,aggregator,POSSIBLE POLLUTION IN ELODIS,,1997/04/25,1997-04-25,ok,"ELODIS, Kronos",145,GAStech|Government|Elodis|Abila,environment,2,"Approximately 25 km at west of Abila are the small rural municipality of Elodis, to the river Tiskele located. Roughly speaking 20 km are upstream the place of bending Tiskele which is put by GAStech international on state country in...",C:/Users/17971/Desktop/HomeWork/数据可视化/MC1/MC1/News Articles/News Desk/60.txt
731,The Explainer,The Explainer,derivative_international,POSSIBLE CONTAMINATION IN ELODIS,,1997/04/25,1997-04-25,ok,"ELODIS, Kronos",170,GAStech|Government|Elodis|Abila,environment,2,"Near 25 kilometers to the west of Abila they are the small rural municipality of Elodis, located in the river of Tiskele. Rough 20 kilometers of by waters above are the site of the curve of Tiskele worked by GAStech International in...",C:/Users/17971/Desktop/HomeWork/数据可视化/MC1/MC1/News Articles/The Explainer/731.txt
186,News Online Today,News Online Today,aggregator,GOVERNMENT CITES 'MINOR' CONTAMINATION NEAR ELODIS,,1997/10/15,1997-10-15,ok,"ABILA, Kronos",57,GAStech|Government|Elodis,environment,2,"After continued complaints and appeals from the people of Elodis government officials acknowledge minor contamination in and around the rural township in a report on their investigation into the townspeople's health issues. However, the...",C:/Users/17971/Desktop/HomeWork/数据可视化/MC1/MC1/News Articles/News Online Today/186.txt
304,The Abila Post,The Abila Post,primary_local,GOVERNMENT CITES 'MINOR' CONTAMINATION NEAR ELODIS,,15 October 1997,1997-10-15,ok,"ABILA, Kronos",172,GAStech|Government|Elodis,environment,2,"After continued complaints and appeals from the people of Elodis government officials acknowledge minor contamination in and around the rural township in a report on their investigation into the townspeople's health issues. However, the...",C:/Users/17971/Desktop/HomeWork/数据可视化/MC1/MC1/News Articles/The Abila Post/304.txt
151,Central Bulletin,Central Bulletin,primary_local,GOVERNMENT CITES 'MINOR' CONTAMINATION NEAR ELODIS,,1997/10/16,1997-10-16,ok,"ABILA, Kronos",121,GAStech|Government|Elodis,environment,2,"After continued complaints and appeals from the people of Elodis government officials acknowledge minor contamination in and around the rural township in a report on their investigation into the townspeople's health issues. However, the...",C:/Users/17971/Desktop/HomeWork/数据可视化/MC1/MC1/News Articles/Central Bulletin/151.txt
703,The Explainer,The Explainer,derivative_international,"THE GOVERNMENT MENTIONS THE CONTAMINATION ""OF SMALLER IMPORTANCE"" NEAR ELODIS",,1997/10/16,1997-10-16,ok,"ABILA, Kronos",227,GAStech|Government|Elodis,environment,2,After the complaints and the continued pleas of the people of the officials of the government of Elodis recognize the contamination of smaller importance in and around the rural municipality in a report on their investigation in editions...,C:/Users/17971/Desktop/HomeWork/数据可视化/MC1/MC1/News Articles/The Explainer/703.txt
220,Athena Speaks,Athena Speaks,primary_local,"GOVERNMENT ACKNOWLEDGE ""MINOR"" CONTAMINATION CLOSE TO ELODIS",,1997/10/17,1997-10-17,ok,"ABILA, Kronos",198,GAStech|Government|Elodis,environment,2,After complaints and the continuous calls of the people of the civils servant of government of Elodis recognize the minor contamination in and around the rural suburbs in a report on their research on the questions of the health of the...,C:/Users/17971/Desktop/HomeWork/数据可视化/MC1/MC1/News Articles/Athena Speaks/220.txt
404,News Desk,News Desk,aggregator,LESS IMPORTANT POLLUTION OF THE GOVERNMENT OF CITES NEAR ELODIS,,1997/10/17,1997-10-17,ok,"ABILA, Kronos",188,GAStech|Government|Elodis,environment,2,After constant complaints and profession of people of government Elodis the civil servants recognize less important pollution in and around the rural municipality in a report concerning their research of the health questions of the town...,C:/Users/17971/Desktop/HomeWork/数据可视化/MC1/MC1/News Articles/News Desk/404.txt
38,Kronos Star,Kronos Star,primary_local,Kronos Benefits from Foreign Investment,Lelio Masin,18 January 1998,1998-01-18,ok,"ABILA, Kronos",251,Government|Abila,,2,"Today is the fifth anniversary of President Araullo's visionary plan to bring foreign investment to Kronos, a bold act that has reaped tremendous benefits for our fair country. Today's Abila is a bustling metropolis full of new cars, new...",C:/Users/17971/Desktop/HomeWork/数据可视化/MC1/MC1/News Articles/Kronos Star/38.txt
196,Worldwise,Worldwise,derivative_international,Advantages of Kronos of foreign investment,,1998/01/19,1998-01-19,ok,"ABILA, Kronos",257,Government|Abila,business,1,"Is today the fifth birthday of the visionary plan of the President Araullo' S to bring the foreign investment to Kronos, a daring act which derived the enormous advantages for our country right. Abila of today is a metropolis activating...",C:/Users/17971/Desktop/HomeWork/数据可视化/MC1/MC1/News Articles/Worldwise/196.txt
27,News Online Today,News Online Today,aggregator,Kronos Benefits from Foreign Investment,,1998/01/19,1998-01-19,ok,"ABILA, Kronos",85,,,2,"Today is the fifth anniversary of President Araullo's visionary plan to bring foreign investment to Kronos, a bold act that has reaped tremendous benefits for our fair country. These people claim that foreign investment is bad for our...",C:/Users/17971/Desktop/HomeWork/数据可视化/MC1/MC1/News Articles/News Online Today/27.txt
406,The Truth,The Truth,derivative_international,The advantages of Kronos of foreign investment,,1998/01/19,1998-01-19,ok,"ABILA, Kronos",250,Government|Abila,,,"Today the fifth anniversary of the unrealistic plan of president Araullo's is foreign investment to Kronos, a hazardous bring operation which has harvested enormous fruit for our honest country. Abila of today are busy metropolis peak of...",C:/Users/17971/Desktop/HomeWork/数据可视化/MC1/MC1/News Articles/The Truth/406.txt
758,The Guide,The Guide,derivative_international,Advantages of Kronos of the foreign investment,,1998/01/20,1998-01-20,ok,"ABILA, Kronos",284,Government|Abila,,,"It is today the fifth anniversary of the visionary plan of president Araullo to bring the foreign investment to Kronos, an act in negrilla that has harvested the enormous advantages for our country just. Abila of today is a metropolis that...",C:/Users/17971/Desktop/HomeWork/数据可视化/MC1/MC1/News Articles/The Guide/758.txt
69,Homeland Illumination,Homeland Illumination,primary_local,"ELODIS, KRONOS:  A TOWN IN NEED, Part One",Petrus Gerhard,19 March 1998,1998-03-19,ok,,561,GAStech|Government|Sten Sanjorge|Henk Bodrogi|Elodis|Tethys,environment,2,"This article is the first installment of a three-part series addressing the growing problem of one community's anguish, government malfeasance, and the alarming influence of multinational corporations on the country of Kronos. ELODIS,...",C:/Users/17971/Desktop/HomeWork/数据可视化/MC1/MC1/News Articles/Homeland Illumination/69.txt
154,All News Today,All News Today,aggregator,"ELODIS, KRONOS:  A TOWN IN NEED, Part One",Petrus Gerhard,1998/03/20,1998-03-20,ok,,412,GAStech|Government|Sten Sanjorge|Henk Bodrogi|Elodis|Tethys,environment,2,"NOTE: This article is the first in a series, reprinted with permission from the Homeland Illumination. This article is the first installment of a three-part series addressing the growing problem of one community's anguish, government...",C:/Users/17971/Desktop/HomeWork/数据可视化/MC1/MC1/News Articles/All News Today/154.txt
342,News Online Today,News Online Today,aggregator,"ELODIS, KRONOS:  A TOWN IN NEED, Part One",Petrus Gerhard,1998/03/20,1998-03-20,ok,,175,GAStech|Sten Sanjorge|Elodis,environment,2,"NOTE: This article is the first in a series, reprinted with permission from the Homeland Illumination. LOCATION: ELODIS, Kronos Nestled in the bend of the Tiskele River, the sun rises over the farming town of Elodis, chasing away the...",C:/Users/17971/Desktop/HomeWork/数据可视化/MC1/MC1/News Articles/News Online Today/342.txt
531,The Orb,The Orb,derivative_international,"ELODIS, KRONOS:  A CITY IN the NEED, part one",,1998/03/20,1998-03-20,ok,,595,GAStech|Government|Sten Sanjorge|Henk Bodrogi|Elodis|Tethys,environment,2,"This article is the first installment of a series in three parts addressing the problem growing of an anguish of the community, the embezzlement of government, and influences it alarming at the multinational multinationals on the country...",C:/Users/17971/Desktop/HomeWork/数据可视化/MC1/MC1/News Articles/The Orb/531.txt
317,Daily Pegasus,Daily Pegasus,primary_local,"ELODIS, KRONOS:  A CITY IN the NECESSITY, part one",,1998/03/21,1998-03-21,ok,"ELODIS, Kronos",600,GAStech|Government|Sten Sanjorge|Henk Bodrogi|Elodis|Tethys,environment,2|3,"This article is the first installation of a series of three parts that deals with the problem every greater time an anguish of the community, the criminal fact of the government, and the alarming influence of multinational corporations in...",C:/Users/17971/Desktop/HomeWork/数据可视化/MC1/MC1/News Articles/Daily Pegasus/317.txt
448,The Wrap,The Wrap,derivative_international,"ELODIS, KRONOS:  A CITY IN NEED, part 1",,1998/03/21,1998-03-21,ok,"ELODIS, Kronos",579,GAStech|Government|Sten Sanjorge|Henk Bodrogi|Elodis|Tethys,environment|business|legal,1|2,"This Article is the first advance of a three-part range the tackling growing problem of one fear of the community, government indictable offense, and the alarming influence of multinational companies on the country of Kronos. Nestled in...",C:/Users/17971/Desktop/HomeWork/数据可视化/MC1/MC1/News Articles/The Wrap/448.txt
502,Homeland Illumination,Homeland Illumination,primary_local,"ELODIS, KRONOS:  HELP FROM AN UNEXPECTED SOURCE Part Two",Petrus Gerhard,25 April 1998,1998-04-25,ok,,887,GAStech|Government|Sten Sanjorge|Henk Bodrogi|Elodis,environment|protest|business,1|2,"This article is the second installment of a three-part series addressing the growing problem of one community's anguish, government malfeasance, and the alarming influence of multinational corporations on the country of Kronos. I caught up...",C:/Users/17971/Desktop/HomeWork/数据可视化/MC1/MC1/News Articles/Homeland Illumination/502.txt
183,The Wrap,The Wrap,derivative_international,"ELODIS, KRONOS:  AID OF UNEXPECTED part two",,1998/04/26,1998-04-26,ok,This Article is the second of  three,890,GAStech|Government|Sten Sanjorge|Henk Bodrogi|Elodis,environment|business|legal,1|2,"This Article is the second advance of a three-part range the tackling growing problem of one fear of the community, government indictable offense, and the alarming influence of multinational companies on the country of Kronos. I met Henk...",C:/Users/17971/Desktop/HomeWork/数据可视化/MC1/MC1/News Articles/The Wrap/183.txt
4,News Online Today,News Online Today,aggregator,"ELODIS, KRONOS:  HELP FROM AN UNEXPECTED SOURCE Part Two",Petrus Gerhard,1998/04/26,1998-04-26,ok,,259,GAStech|Government|Henk Bodrogi|Elodis,environment,2,"NOTE: This article is the second in a series, reprinted with permission from the Homeland Illumination. Bodrogi has farmed soybeans his entire life, as did his father and their fathers. ""We've worked the land for a long time - maybe 200...",C:/Users/17971/Desktop/HomeWork/数据可视化/MC1/MC1/News Articles/News Online Today/4.txt
647,Daily Pegasus,Daily Pegasus,primary_local,"ELODIS, KRONOS:  AID of one divides two of the SOURCE UNEXPECTED",,1998/04/27,1998-04-27,ok,,986,GAStech|Government|Sten Sanjorge|Henk Bodrogi|Elodis,environment|protest|business,1|2|3,"This article is the second installation of a series of three parts that deals with the problem every greater time an anguish of the community, the criminal fact of the government, and the alarming influence of multinational corporations in...",C:/Users/17971/Desktop/HomeWork/数据可视化/MC1/MC1/News Articles/Daily Pegasus/647.txt
741,The Orb,The Orb,derivative_international,"ELODIS, KRONOS:  HELP of an UNEXPECTED part two of SOURCE",,1998/04/27,1998-04-27,ok,,976,GAStech|Government|Sten Sanjorge|Henk Bodrogi|Elodis,environment|protest,2,"This article is the second installment of a series in three parts addressing the problem growing of an anguish of the community, the embezzlement of government, and influences it alarming at the multinational multinationals on the country...",C:/Users/17971/Desktop/HomeWork/数据可视化/MC1/MC1/News Articles/The Orb/741.txt
237,All News Today,All News Today,aggregator,"ELODIS, KRONOS: WILL THE GOVERNMENT RESPOND IN TIME?",,1998/05/15,1998-05-15,ok,,241,Government|Henk Bodrogi|Elodis,,2,"NOTE: This article is the last installment of a three This article is the last installment of a three-part series addressing the growing problem of one community's anguish, government malfeasance, and the alarming influence of...",C:/Users/17971/Desktop/HomeWork/数据可视化/MC1/MC1/News Articles/All News Today/237.txt
35,Homeland Illumination,Homeland Illumination,primary_local,"ELODIS, KRONOS: WILL THE GOVERNMENT RESPOND IN TIME? Part Three",Petrus Gerhard,15 May 1998,1998-05-15,ok,,305,Government|Henk Bodrogi|Elodis|Abila,,2,"This article is the last installment of a three-part series addressing the growing problem of one community's anguish, government malfeasance, and the alarming influence of multinational corporations on the country of Kronos. Pondo Reese,...",C:/Users/17971/Desktop/HomeWork/数据可视化/MC1/MC1/News Articles/Homeland Illumination/35.txt
627,Homeland Illumination,Homeland Illumination,primary_local,ELODIS PUBLIC HEALTH FACT SHEET,Petrus Gerhard,15 May 1998,1998-05-15,ok,"ELODIS, Kronos",105,Elodis,environment,2,"At the request of the citizens of Elodis, Wellness for All has published a report on the impact of gas drilling operations on water quality and public health. The full report will soon be available on the Wellness for All website....",C:/Users/17971/Desktop/HomeWork/数据可视化/MC1/MC1/News Articles/Homeland Illumination/627.txt
79,News Online Today,News Online Today,aggregator,"ELODIS, KRONOS: WILL THE GOVERNMENT RESPOND IN TIME?",Petrus Gerhard,1998/05/15,1998-05-15,ok,,99,Government|Elodis,,2,"I've asked him to tell me about the involvement of the government of Kronos in the deeply troubling account of a community's struggle for protection from those who should help them the most: their elected officials, against those who would...",C:/Users/17971/Desktop/HomeWork/数据可视化/MC1/MC1/News Articles/News Online Today/79.txt
16,News Online Today,News Online Today,aggregator,ELODIS PUBLIC HEALTH FACT SHEET,,1998/05/16,1998-05-16,ok,"ELODIS, Kronos",28,Elodis,,2,"At the request of the citizens of Elodis, Wellness for All has published a report on the impact of gas drilling operations on water quality and public health.",C:/Users/17971/Desktop/HomeWork/数据可视化/MC1/MC1/News Articles/News Online Today/16.txt
617,All News Today,All News Today,aggregator,ELODIS PUBLIC HEALTH FACT SHEET,,1998/05/16,1998-05-16,ok,"ELODIS, Kronos",92,Elodis,environment,2,"At the request of the citizens of Elodis, Wellness for All has published a report on the impact of gas drilling operations on water quality and public health. Comparative data prior to 1998 was obtained from a thorough investigating of...",C:/Users/17971/Desktop/HomeWork/数据可视化/MC1/MC1/News Articles/All News Today/617.txt
222,The Orb,The Orb,derivative_international,DOCUMENTARY CARD OF PUBLIC HEALTH Of ELODIS,,1998/05/17,1998-05-17,ok,"ELODIS, Kronos",117,Elodis,environment,2,"On request of the citizens of Elodis, health for all published a report on the impact of the operations of gas drilling on the quality of water and the public health. The detailed report will be soon available on health for all the Web...",C:/Users/17971/Desktop/HomeWork/数据可视化/MC1/MC1/News Articles/The Orb/222.txt
264,Daily Pegasus,Daily Pegasus,primary_local,"ELODIS, KRONOS:  THE GOVERNMENT WILL RESPOND IN TIME? Part three",,1998/05/17,1998-05-17,ok,,351,Government|Henk Bodrogi|Elodis|Abila,business,1|2|3,"This article is the installation passed of a series of three parts that deals with the problem every greater time an anguish of the community, the criminal fact of the government, and the alarming influence of multinational corporations in...",C:/Users/17971/Desktop/HomeWork/数据可视化/MC1/MC1/News Articles/Daily Pegasus/264.txt
492,The Wrap,The Wrap,derivative_international,THE SHEET OF THE PUBLIC HEALTH ELODIS,,1998/05/17,1998-05-17,ok,"ELODIS, Kronos",111,Elodis,environment,2,"At the request of the citizens of Elodis, Wellness for all a report concerning the impact of gas boring transactions on has published water quality and public health. The elaborate report will be shortly on Wellness for already Internet...",C:/Users/17971/Desktop/HomeWork/数据可视化/MC1/MC1/News Articles/The Wrap/492.txt
568,Daily Pegasus,Daily Pegasus,primary_local,LEAF OF THE FACT OF THE PUBLIC HEALTH OF ELODIS,,1998/05/17,1998-05-17,ok,"ELODIS, Kronos",126,Elodis,,2,"At the request of the citizens of Elodis, the health for everything has published a report on the impact of the operations that perforated of the gas in quality of the water and public health. The report detailed soon will be available in...",C:/Users/17971/Desktop/HomeWork/数据可视化/MC1/MC1/News Articles/Daily Pegasus/568.txt
622,The Orb,The Orb,derivative_international,"ELODIS, KRONOS: WILL THE GOVERNMENT ANSWER IN TIME? Part three",,1998/05/17,1998-05-17,ok,,338,Government|Henk Bodrogi|Elodis|Abila,,2,"This article is the last installment of a series in three parts addressing the problem growing of an anguish of the community, the embezzlement of government, and influences it alarming at the multinational multinationals on the country of...",C:/Users/17971/Desktop/HomeWork/数据可视化/MC1/MC1/News Articles/The Orb/622.txt
814,The Wrap,The Wrap,derivative_international,"ELODIS, KRONOS: WILL THE GOVERNMENT ANSWER ON TIME? Part three",,1998/05/17,1998-05-17,ok,,303,Government|Henk Bodrogi|Elodis|Abila,legal,2,"This Article is the last advance of a three-part range the tackling growing problem of one fear of the community, government indictable offense, and the alarming influence of multinational companies on the country of Kronos. Pondo Reese,...",C:/Users/17971/Desktop/HomeWork/数据可视化/MC1/MC1/News Articles/The Wrap/814.txt
293,Homeland Illumination,Homeland Illumination,primary_local,TEN-YEAR OLD ELODIS GIRL DIES OF POISONING,Petrus Gerhard,19 August 1998,1998-08-19,ok,,203,GAStech|Government|Elodis|Tethys,environment,2,"Earlier this year a series Homeland Illumination published a series of articles about groundwater contamination in Elodis, and how the locals are demanding a government response for what is essentially Government of Kronos-sponsored...",C:/Users/17971/Desktop/HomeWork/数据可视化/MC1/MC1/News Articles/Homeland Illumination/293.txt
263,News Online Today,News Online Today,aggregator,TEN-YEAR OLD ELODIS GIRL DIES OF POISONING,,1998/08/20,1998-08-20,ok,"ELODIS, Kronos",37,Elodis,,,"Ten-year old Juliana Vann died yesterday afternoon, surrounded by her family and friends. After visits to many hospitals, a doctor associated with the international assistance organization Wellness For All recommended Juliana be tests for...",C:/Users/17971/Desktop/HomeWork/数据可视化/MC1/MC1/News Articles/News Online Today/263.txt
275,The Orb,The Orb,derivative_international,FROM TEN YEARS - OLD WOMEN MATRICES OF GIRL Of ELODIS OF POISONING,,1998/08/20,1998-08-20,ok,"ELODIS, Kronos",172,GAStech|Government|Elodis|Tethys,environment,2,"Ten years old Juliana Vann died yesterday afternoon, surrounded by its family and friends. The cause of death was leukemia due to the benzene poisoning. Juliana had been sick during more than one year. At the beginning its family did not...",C:/Users/17971/Desktop/HomeWork/数据可视化/MC1/MC1/News Articles/The Orb/275.txt
409,The Wrap,The Wrap,derivative_international,TEN YEARS OLD LITTLE GIRL OF ELODIS DIES OF POISONING,,1998/08/21,1998-08-21,ok,,167,GAStech|Government|Elodis|Tethys,environment|protest,2|3,"LOCATIONS: ELODIS, Kronos Ten years - old Juliana Vann died yesterday afternoon, surrounded by its family and friends. The cause of death was attribute leukemia to benzene poisoning. Juliana had been sick for over a year. Initially its...",C:/Users/17971/Desktop/HomeWork/数据可视化/MC1/MC1/News Articles/The Wrap/409.txt
791,Daily Pegasus,Daily Pegasus,primary_local,OF TEN YEARS OLD  OF THE GIRL OF ELODIS OF THE  POISONING DIES,,1998/08/21,1998-08-21,ok,"ELODIS, Kronos",195,GAStech|Government|Elodis|Tethys,environment,2,"Of ten years - old Julian Vann died yesterday in the evening, surrounded by their family and friends. The cause of the death was leukemia due to the poison of the benzene. Julian he had been ill by on a year. Her family did not make...",C:/Users/17971/Desktop/HomeWork/数据可视化/MC1/MC1/News Articles/Daily Pegasus/791.txt
630,Kronos Star,Kronos Star,primary_local,Ministry of Health Investigates Contamination Complaints,Lelio Masin,9 November 1998,1998-11-09,ok,"ABILA, Kronos",134,Elodis|Abila|Tethys,environment,2,"Minister of Health Cesare Nespola announced today that his organization would be investigating claims of abnormal health issues in areas surrounding the Tiskele Bend drill site. Minister Nespola said, ""We have no reason to believe that the...",C:/Users/17971/Desktop/HomeWork/数据可视化/MC1/MC1/News Articles/Kronos Star/630.txt
166,The Truth,The Truth,derivative_international,The ministry of health examines the complaints of pollution,,1998/11/10,1998-11-10,ok,"ABILA, Kronos",135,Elodis|Abila|Tethys,environment,2,"The minister of health Cesare Nespola announced today to that its organization require of abnormal health questions in areas researches those drilling sites would surround of bending Tiskele. Minister Nespola said, we have to no reason...",C:/Users/17971/Desktop/HomeWork/数据可视化/MC1/MC1/News Articles/The Truth/166.txt
330,The Guide,The Guide,derivative_international,The ministry of the health investigates complaints of the contamination,,1998/11/10,1998-11-10,ok,"ABILA, Kronos",166,Elodis|Abila|Tethys,environment,2,The minister of the health Will stop Nespola announced today that her organization would be investigating demands of abnormal editions of the health in the areas that surround the site by drill of the curve of Tiskele. Said Minister...,C:/Users/17971/Desktop/HomeWork/数据可视化/MC1/MC1/News Articles/The Guide/330.txt
467,News Online Today,News Online Today,aggregator,Ministry of Health Investigates Contamination Complaints,,1998/11/10,1998-11-10,ok,"ABILA, Kronos",50,Elodis,environment,2,"Minister of Health Cesare Nespola announced today that his organization would be investigating claims of abnormal health issues in areas surrounding the Tiskele Bend drill site. However, I believe it is important as Minister of Health to...",C:/Users/17971/Desktop/HomeWork/数据可视化/MC1/MC1/News Articles/News Online Today/467.txt
5,Worldwise,Worldwise,derivative_international,The ministry for health studies complaints of contamination,,1998/11/10,1998-11-10,ok,"ABILA, Kronos",154,Elodis|Abila|Tethys,environment,2,"The Minister for health Cesare Nespola announced today that its organization would study complaints of the abnormal questions of health in the sectors surrounding the site of drill of curve of Tiskele. Said Nespola minister, ""we do not...",C:/Users/17971/Desktop/HomeWork/数据可视化/MC1/MC1/News Articles/Worldwise/5.txt
305,The World,The World,derivative_international,WELLNESS FOR ALL (WFA) BLASTS GASTECH AND KRONOS GOVT,,13 November 1998,1998-11-13,ok,"ABILA, Kronos",99,GAStech|Government,environment,2,"The healthy water awareness group, Wellness for All (WFA), has condemned both GAStech International and the Government of Kronos. WFA's statement claims widespread groundwater contamination, a lack of adequate safeguards, clean-up demands...",C:/Users/17971/Desktop/HomeWork/数据可视化/MC1/MC1/News Articles/The World/305.txt
206,The Tulip,The Tulip,derivative_international,WELLNESS FOR ALL DEFLAGRATIONS GASTECH AND KRONOS GOVT (OF WFA),,1998/11/14,1998-11-14,ok,"ABILA, Kronos",103,GAStech|Government,environment|security,2,"The healthy group of the water information, Wellness has all (WFA), both international GAStech and the government of Kronos condemned. Wfa- the declaration requires widespread groundwater pollution, a lack of adequate protections, cleaning...",C:/Users/17971/Desktop/HomeWork/数据可视化/MC1/MC1/News Articles/The Tulip/206.txt
316,The General Post,The General Post,primary_local,HEALTH FOR ALL (WFA) BURSTS GASTECH AND KRONOS GOVT,,1998/11/14,1998-11-14,ok,"ABILA, Kronos",120,GAStech|Government,environment|security,2,"The health group of the knowledge of the water, health for all (WFA), has condemned international GAStech and the government of Kronos. The WFA declaration demands the extensive contamination of the underground water, a deficiency of...",C:/Users/17971/Desktop/HomeWork/数据可视化/MC1/MC1/News Articles/The General Post/316.txt
399,Homeland Illumination,Homeland Illumination,primary_local,POK REPRESENTATIVES MEET WITH KRONOS MINISTER OF HEALTH,Maha Salo,14 November 1998,1998-11-14,ok,"ABILA, Kronos",127,POK|Government|Henk Bodrogi|Elodis,environment,2|3,"Representatives from the social activist group Protectors of Kronos (POK) met earlier this week with Cesare Nespola, Minister of Health to discuss resolutions to the water contamination that has plagued Elodis since the late 1990s. ""This...",C:/Users/17971/Desktop/HomeWork/数据可视化/MC1/MC1/News Articles/Homeland Illumination/399.txt
574,News Online Today,News Online Today,aggregator,WELLNESS FOR ALL (WFA) BLASTS GASTECH AND KRONOS GOVT,,1998/11/14,1998-11-14,ok,"ABILA, Kronos",19,GAStech|Government,,2,"The healthy water awareness group, Wellness for All (WFA), has condemned both GAStech International and the Government of Kronos.",C:/Users/17971/Desktop/HomeWork/数据可视化/MC1/MC1/News Articles/News Online Today/574.txt
694,Who What News,Who What News,derivative_international,WELLNESS FOR ALL (WFA) BLASTS GASTECH AND KRONOS GOVT,,1998/11/14,1998-11-14,ok,"ABILA, Kronos",82,GAStech|Government|Abila,environment,2,"ABILA, Kronos - The healthy water awareness group, Wellness for All (WFA), has condemned both GAStech International and the Government of Kronos. WFA's statement claims widespread groundwater contamination, a lack of adequate safeguards,...",C:/Users/17971/Desktop/HomeWork/数据可视化/MC1/MC1/News Articles/Who What News/694.txt
408,The Wrap,The Wrap,derivative_international,THE REPRESENTATIVES POK COME TOGETHER WITH MINISTER KRONOS HEALTH,,1998/11/15,1998-11-15,ok,"ABILA, Kronos",128,POK|Government|Henk Bodrogi|Elodis,environment,2|3,"The representatives of the social guards of the activist group of Kronos (POK) met in former days these yielded with Cesare Nespola, minister of health to discuss resolutions to water pollution to which Elodis have infested for the recent...",C:/Users/17971/Desktop/HomeWork/数据可视化/MC1/MC1/News Articles/The Wrap/408.txt
420,All News Today,All News Today,aggregator,POK REPRESENTATIVES MEET WITH KRONOS MINISTER OF HEALTH,,1998/11/15,1998-11-15,ok,"ABILA, Kronos",96,POK|Elodis,environment,2|3,"Representatives from the social activist group Protectors of Kronos (POK) met earlier this week with Cesare Nespola, Minister of Health to discuss resolutions to the water contamination that has plagued Elodis since the late 1990s. He...",C:/Users/17971/Desktop/HomeWork/数据可视化/MC1/MC1/News Articles/All News Today/420.txt
619,The Abila Post,The Abila Post,primary_local,WELLNESS FOR ALL ISSUES STATEMENT ON ELODIS,,15 November 1998,1998-11-15,ok,"ELODIS, Kronos",125,GAStech|POK|Government|Elodis|Tethys,environment,2|3,"The international healthy water awareness group Wellness for All (WFA) have performed testing on the local water in Elodis finding high level of hazardous materials in residential water wells. In a statement released by WFA, the group...",C:/Users/17971/Desktop/HomeWork/数据可视化/MC1/MC1/News Articles/The Abila Post/619.txt
68,News Online Today,News Online Today,aggregator,WELLNESS FOR ALL ISSUES STATEMENT ON ELODIS,,1998/11/15,1998-11-15,ok,"ELODIS, Kronos",29,Elodis,,2,The international healthy water awareness group Wellness for All (WFA) have performed testing on the local water in Elodis finding high level of hazardous materials in residential water wells.,C:/Users/17971/Desktop/HomeWork/数据可视化/MC1/MC1/News Articles/News Online Today/68.txt
779,News Online Today,News Online Today,aggregator,POK REPRESENTATIVES MEET WITH KRONOS MINISTER OF HEALTH,,1998/11/15,1998-11-15,ok,"ABILA, Kronos",35,POK|Elodis,environment,2|3,"Representatives from the social activist group Protectors of Kronos (POK) met earlier this week with Cesare Nespola, Minister of Health to discuss resolutions to the water contamination that has plagued Elodis since the late 1990s.",C:/Users/17971/Desktop/HomeWork/数据可视化/MC1/MC1/News Articles/News Online Today/779.txt
823,The Light of Truth,The Light of Truth,derivative_international,HEALTH FOR ALL BREATHS (WFA) GASTECH AND GOVERNMENT OF KRONOS,,1998/11/15,1998-11-15,ok,"ABILA, Kronos",112,GAStech|Government,environment,2,"The group in good health of conscience of water, health for all (WFA), condemned international GAStech and the government of Kronos. The report/ratio of WFA claims the widespread subsoil water contamination, a lack of with proportioned...",C:/Users/17971/Desktop/HomeWork/数据可视化/MC1/MC1/News Articles/The Light of Truth/823.txt
211,The Orb,The Orb,derivative_international,TO MEET REPRESENTATIVES OF POK THE MINISTER OF KRONOS OF HEALTH,,1998/11/16,1998-11-16,ok,"ABILA, Kronos",135,POK|Government|Henk Bodrogi|Elodis,environment,2|3,"The representatives of the social activist group guards of Kronos (POK) met earlier this week with Cesare Nespola, minister of health to discuss the resolutions to the contamination of the water which infested Elodis since the Nineties...",C:/Users/17971/Desktop/HomeWork/数据可视化/MC1/MC1/News Articles/The Orb/211.txt
401,Central Bulletin,Central Bulletin,primary_local,WELLNESS FOR ALL ISSUES STATEMENT ON ELODIS,,1998/11/16,1998-11-16,ok,"ELODIS, Kronos",102,GAStech|POK|Government|Elodis|Tethys,environment,2|3,"The international healthy water awareness group Wellness for All (WFA) have performed testing on the local water in Elodis finding high level of hazardous materials in residential water wells. In a statement released by WFA, the group...",C:/Users/17971/Desktop/HomeWork/数据可视化/MC1/MC1/News Articles/Central Bulletin/401.txt
628,Daily Pegasus,Daily Pegasus,primary_local,MEETING OF THE REPRESENTATIVES OF POK WITH THE MINISTER OF KRONOS OF THE HEALTH,,1998/11/16,1998-11-16,ok,"ABILA, Kronos",148,POK|Government|Henk Bodrogi|Elodis,environment|protest,2|3,"Rhe representatives of the social activist group the protectors of Kronos (POK) solved at the beginning of this week with Will stop Nespola, minister of the health to discuss resolutions to the contamination of the water that has plagued...",C:/Users/17971/Desktop/HomeWork/数据可视化/MC1/MC1/News Articles/Daily Pegasus/628.txt
442,The Explainer,The Explainer,derivative_international,HEALTH FOR ALL THE DECLARATION OF EDITIONS ON ELODIS,,1998/11/17,1998-11-17,ok,"ELODIS, Kronos",148,GAStech|Government|Elodis|Tethys,environment,2,"The health heals international of the group of the knowledge of the water for all (WFA) has made the test in the local water in Elodis that found of high level of dangerous residential water well materials. In a declaration sent by WFA,...",C:/Users/17971/Desktop/HomeWork/数据可视化/MC1/MC1/News Articles/The Explainer/442.txt
519,Athena Speaks,Athena Speaks,primary_local,HEALTH FOR ALL THE REPORT/RATIO OF QUESTIONS ABOUT ELODIS,,1998/11/17,1998-11-17,ok,"ELODIS, Kronos",136,GAStech|Government|Elodis|Tethys,environment,2,"The international health of group of conscience of water for all (WFA) carried out the test on local water in finding Elodis on high level of dangerous materials in the residential water wells. In a reportreleased by WFA, the group directs...",C:/Users/17971/Desktop/HomeWork/数据可视化/MC1/MC1/News Articles/Athena Speaks/519.txt
605,News Desk,News Desk,aggregator,WELLNESS FOR ALREADY DECLARATION OF QUESTIONS CONCERNING ELODIS,,1998/11/17,1998-11-17,ok,"ELODIS, Kronos",123,GAStech|Government|Elodis|Tethys,environment,2,"The international healthy group Wellness of the water information all (WFA) testing on local water has carried out finding high level of dangerous material in Elodis in woonwaterputten. In a declaration which is released by WFA, the group...",C:/Users/17971/Desktop/HomeWork/数据可视化/MC1/MC1/News Articles/News Desk/605.txt
517,The World,The World,derivative_international,GASTECH REPORTS RECORD EARNINGS,,18 February 1999,1999-02-18,ok,"CENTRUM, Tethys",129,GAStech|Government|Sten Sanjorge,environment|business,1|2,"GAStech International, as projected earlier this month, reported record fiscal 1998 profit of $110 million. GAStech issued a full-year earnings preview February 4 as part of its latest attempts to drown out the accusations of groundwater...",C:/Users/17971/Desktop/HomeWork/数据可视化/MC1/MC1/News Articles/The World/517.txt
449,Who What News,Who What News,derivative_international,GASTECH REPORTS RECORD EARNINGS,,1999/02/19,1999-02-19,ok,"CENTRUM, Tethys",92,GAStech|Sten Sanjorge,environment|business,1|2,"GAStech International, as projected earlier this month, reported record fiscal 1998 profit of $110 million. GAStech issued a full-year earnings preview February 4 as part of its latest attempts to drown out the accusations of groundwater...",C:/Users/17971/Desktop/HomeWork/数据可视化/MC1/MC1/News Articles/Who What News/449.txt
702,News Online Today,News Online Today,aggregator,GASTECH REPORTS RECORD EARNINGS,,1999/02/19,1999-02-19,ok,"CENTRUM, Tethys",45,GAStech|Sten Sanjorge,business,1,"GAStech International, as projected earlier this month, reported record fiscal 1998 profit of $110 million. ""GAStech International has delivered another year of superior financial performance achieved through a consistent vision and expert...",C:/Users/17971/Desktop/HomeWork/数据可视化/MC1/MC1/News Articles/News Online Today/702.txt
284,The General Post,The General Post,primary_local,GAINS OF THE FILE OF GASTECH INFORMATION,,1999/02/20,1999-02-20,ok,"CENTRUM, Tethys",152,GAStech|Government|Sten Sanjorge,environment,2,"GAStech international, according to projected the previous east month, disclosed 1998 benefits fiscal of registry of $110 million. GAStech published a previous inspection the 4 of February of the gains of the full-year as it leaves from...",C:/Users/17971/Desktop/HomeWork/数据可视化/MC1/MC1/News Articles/The General Post/284.txt
319,The Tulip,The Tulip,derivative_international,GASTECH THE INCOMES OF THE REPORT OF REPORTS,,1999/02/20,1999-02-20,ok,"CENTRUM, Tethys",142,GAStech|Government|Sten Sanjorge,environment|business,1|2,"GAStech, devised like in former days this month, communicated report tax 1998 profits of $110 millions. GAStech gave a first impression 4 of full-year earnings February as part of its most recent attempts from the charges of groundwater...",C:/Users/17971/Desktop/HomeWork/数据可视化/MC1/MC1/News Articles/The Tulip/319.txt
706,The Light of Truth,The Light of Truth,derivative_international,INCOMES OF DISC OF REPORTS/RATIOS OF GASTECH,,1999/02/20,1999-02-20,ok,"CENTRUM, Tethys",148,GAStech|Government|Sten Sanjorge,environment|business,1|2,"GAStech international, as earlier projected this month, brought back of the 1998 pre-tax profits record of $110 million. GAStech published a forecast of the whole year on February 4 of incomes as an element of its last attempts to drown...",C:/Users/17971/Desktop/HomeWork/数据可视化/MC1/MC1/News Articles/The Light of Truth/706.txt
488,Kronos Star,Kronos Star,primary_local,"Minister Nespola Champions Added Taxes on Oil, Gas Development",Donato Petri,3 July 1999,1999-07-03,ok,"ABILA, Kronos",128,Abila,business,1|2,"Minister of Health Cesare Nespola announced that he would sponsor a bill to increase taxes on oil and gas development by an additional 10%. The raise in taxes on foreign gas and oil development is earmarked specifically for health care,...",C:/Users/17971/Desktop/HomeWork/数据可视化/MC1/MC1/News Articles/Kronos Star/488.txt
327,The Guide,The Guide,derivative_international,"Minister Nespola Champions Added Tax Oil , Gas Development",,1999/07/04,1999-07-04,ok,"ABILA, Kronos",124,Abila,business,1|2,"Health Minister Cesare Nespola announced he would sponsor a bill to raise taxes on the oil and gas in an additional 10%. Increasing taxes on the exploitation of gas and foreign oil is specifically designed for health care, clean water...",C:/Users/17971/Desktop/HomeWork/数据可视化/MC1/MC1/News Articles/The Guide/327.txt
640,News Online Today,News Online Today,aggregator,"Minister Nespola Champions Added Taxes on Oil, Gas Development",,1999/07/04,1999-07-04,ok,"ABILA, Kronos",49,,business,1|2,"Minister of Health Cesare Nespola announced that he would sponsor a bill to increase taxes on oil and gas development by an additional 10%. The raise in taxes on foreign gas and oil development is earmarked specifically for health care,...",C:/Users/17971/Desktop/HomeWork/数据可视化/MC1/MC1/News Articles/News Online Today/640.txt
724,The Truth,The Truth,derivative_international,"The added taxes of Nespola of the minister Champions on oil, development of the gas",,1999/07/04,1999-07-04,ok,"ABILA, Kronos",141,Abila,business,1|2,The minister of health Cesare Nespola he kondigde an account would sponsor to raise the development taxes at oil and gas with extra 10% to that. The increase in taxes at the foreign gas and oil development has been intended specifically...,C:/Users/17971/Desktop/HomeWork/数据可视化/MC1/MC1/News Articles/The Truth/724.txt
821,International News,International News,derivative_international,"Minister Nespola Champions Added Taxes on Oil, Gas Development",,1999/07/04,1999-07-04,ok,"ABILA, Kronos",106,Abila,business,1|2,"Minister of Health Cesare Nespola announced that he would sponsor a bill to increase taxes on oil and gas development by an additional 10%. The raise in taxes on foreign gas and oil development is earmarked specifically for health care,...",C:/Users/17971/Desktop/HomeWork/数据可视化/MC1/MC1/News Articles/International News/821.txt
659,Worldwise,Worldwise,derivative_international,"Additional taxes by champions of Nespola of minister on oil, formation of gas",,1999/07/05,1999-07-05,ok,"ABILA, Kronos",142,Abila,business,1|2,The Minister for health Cesare Nespola announced that it would finance an invoice to increase taxes on the development of oil and gas of one 10% additional. To increase in the taxes on the foreign development of gas and oil is affected...,C:/Users/17971/Desktop/HomeWork/数据可视化/MC1/MC1/News Articles/Worldwise/659.txt
468,Homeland Illumination,Homeland Illumination,primary_local,MINISTER OF HEALTH TO PROPOSE SOLUTION TO TOWN POISONING,Maha Salo,7 July 1999,1999-07-07,ok,"ABILA, Kronos",150,POK|Elodis,environment|business,1|2|3,Prime Minister of Health Cesare Nespola announced he would sponsor a bill to increase taxes on foreign energy development in Kronos intended to fund environmental cleanup and improved healthcare for rural towns. Following a series of...,C:/Users/17971/Desktop/HomeWork/数据可视化/MC1/MC1/News Articles/Homeland Illumination/468.txt
267,News Online Today,News Online Today,aggregator,MINISTER OF HEALTH TO PROPOSE SOLUTION TO TOWN POISONING,,1999/07/08,1999-07-08,ok,"ABILA, Kronos",53,POK,environment|business,1|2|3,Prime Minister of Health Cesare Nespola announced he would sponsor a bill to increase taxes on foreign energy development in Kronos intended to fund environmental cleanup and improved healthcare for rural towns. Following a series of...,C:/Users/17971/Desktop/HomeWork/数据可视化/MC1/MC1/News Articles/News Online Today/267.txt
482,Daily Pegasus,Daily Pegasus,primary_local,MINISTER OF THE HEALTH TO PROPOSE THE SOLUTION TO THE ENVIRONMENT OF THE CITY,,1999/07/08,1999-07-08,ok,"ABILA, Kronos",181,POK|Elodis,environment|business,1|2|3,Prime minister of the health Will stop announced it to Nespola would sponsor an account to increase taxes on the foreign development of the energy in anticipated Kronos to finance environmental cleaning and improved healthcare for the...,C:/Users/17971/Desktop/HomeWork/数据可视化/MC1/MC1/News Articles/Daily Pegasus/482.txt
612,All News Today,All News Today,aggregator,MINISTER OF HEALTH TO PROPOSE SOLUTION TO TOWN POISONING,,1999/07/08,1999-07-08,ok,"ABILA, Kronos",131,POK|Elodis,environment|business,1|2|3,Minister of Health Cesare Nespola announced he would sponsor a bill to increase taxes on foreign energy development in Kronos intended to fund environmental cleanup and improved healthcare for rural towns. Following a series of meetings...,C:/Users/17971/Desktop/HomeWork/数据可视化/MC1/MC1/News Articles/All News Today/612.txt
248,The Orb,The Orb,derivative_international,MINISTER FOR HEALTH TO PROPOSE THE SOLUTION WITH THE POISONING OF CITY,,1999/07/09,1999-07-09,ok,"ABILA, Kronos",165,POK|Elodis,environment|business,1|2|3,The Minister for health Cesare Nespola announced would finance an invoice to increase taxes on the foreign development of energy in Kronos designed to place environmental cleaning and improved of the care of health for the rural cities....,C:/Users/17971/Desktop/HomeWork/数据可视化/MC1/MC1/News Articles/The Orb/248.txt
740,The Wrap,The Wrap,derivative_international,MINISTER OF HEALTH TO PROPOSE SOLUTION TO THE POISONING OF THE CITY,,1999/07/09,1999-07-09,ok,"ABILA, Kronos",149,POK|Elodis,environment|business,1|2|3,The minister of health Cesare Nespola announced to he an account would sponsor to raise taxes at the foreign energy development in Kronos to finance environment cleaning turn and health care for rural cities improved. After a range...,C:/Users/17971/Desktop/HomeWork/数据可视化/MC1/MC1/News Articles/The Wrap/740.txt
443,International Times,International Times,derivative_international,Global disasters drain charity coffers,,14 November 1999,1999-11-14,ok,,382,Government,security,2,New appeals campaigns on the horizon to maintain liquidity. Aid agencies have warned that the monetary and food needs have increased worldwide and that they may not be able to meet basic needs. The UN Office for Coordination of...,C:/Users/17971/Desktop/HomeWork/数据可视化/MC1/MC1/News Articles/International Times/443.txt
762,World Source,World Source,derivative_international,Charity Funds Limited,,1999/11/14,1999-11-14,ok,,279,Government,security,2,Aid agencies have warned that the monetary and food needs have increased worldwide and that they may not be able to meet basic needs. The UN Office for Coordination of Humanitarian Affairs says that 15 million people remain in need of...,C:/Users/17971/Desktop/HomeWork/数据可视化/MC1/MC1/News Articles/World Source/762.txt
117,News Online Today,News Online Today,aggregator,Charity Funds Exhausted,,1999/11/15,1999-11-15,ok,,119,,security,,"We soon ran out of medicines and funds to support our aid teams and had to return home."" While the global press reported over 2500 people were killed and 100,000 buildings were destroyed, local press reported people felt they were being...",C:/Users/17971/Desktop/HomeWork/数据可视化/MC1/MC1/News Articles/News Online Today/117.txt
701,World Journal,World Journal,derivative_international,Total trunks of charity of drain of disasters,,1999/11/15,1999-11-15,ok,,421,Government,,2,The new calls fact countryside on the horizon to maintain the liquidity. The agencies of assistance informed that the monetary needs and for food increased in the whole world and that they can not be able to satisfy the basic needs. The...,C:/Users/17971/Desktop/HomeWork/数据可视化/MC1/MC1/News Articles/World Journal/701.txt
2,Everyday News,Everyday News,primary_local,Global boxes of the charity of dren of the disasters,,1999/11/16,1999-11-16,ok,,461,Government,business,1|2,The new pleas campaign in the horizon to maintain liquidity. The agencies of the aid have noticed that the monetary necessities and of the food have increased everywhere and that they can not be able to solve basic necessities. The office...,C:/Users/17971/Desktop/HomeWork/数据可视化/MC1/MC1/News Articles/Everyday News/2.txt
302,The Continent,The Continent,derivative_international,Overall the benevolence trunks of the calamity evacuation canal,,1999/11/16,1999-11-16,ok,,412,Government,security,2,New profession campaign on the horizon to maintain fluidity. The agencies of the aid have warned that the monetary and food needs have increased worldwide and they cannot be able that satisfy to basic needs. The office of the ministry for...,C:/Users/17971/Desktop/HomeWork/数据可视化/MC1/MC1/News Articles/The Continent/302.txt
278,The World,The World,derivative_international,KRONOS GDP ON THE RISE,,15 January 2000,2000-01-15,ok,"ABILA, Kronos",78,GAStech|Government,,,"The real gross domestic product - the output of goods and services produced by labor and property located in Kronos - increased at an annual rate of 5.4% in the fourth quarter of 1999, according to the advance estimate released by the...",C:/Users/17971/Desktop/HomeWork/数据可视化/MC1/MC1/News Articles/The World/278.txt
789,News Online Today,News Online Today,aggregator,KRONOS GDP ON THE RISE,,2000/01/15,2000-01-15,ok,"ABILA, Kronos",44,,,,"The real gross domestic product - the output of goods and services produced by labor and property located in Kronos - increased at an annual rate of 5.4% in the fourth quarter of 1999, according to the advance estimate released by the...",C:/Users/17971/Desktop/HomeWork/数据可视化/MC1/MC1/News Articles/News Online Today/789.txt
216,The Light of Truth,The Light of Truth,derivative_international,GDP OF KRONOS ON RISE,,2000/01/16,2000-01-16,ok,"ABILA, Kronos",88,GAStech|Government,,,"The domestic gross product - the production of goods and the services produced by the work and the property located in Kronos - increased atan annual rate of 5.4% in the fourth quarter of 1999, according to the anticipated evaluation...",C:/Users/17971/Desktop/HomeWork/数据可视化/MC1/MC1/News Articles/The Light of Truth/216.txt
471,Who What News,Who What News,derivative_international,KRONOS GDP ON THE RISE,,2000/01/16,2000-01-16,ok,"ABILA, Kronos",62,GAStech|Government,,,"The real gross domestic product - the output of goods and services produced by labor and property located in Kronos - increased at an annual rate of 5.4% in the fourth quarter of 1999, according to the advance estimate released by the...",C:/Users/17971/Desktop/HomeWork/数据可视化/MC1/MC1/News Articles/Who What News/471.txt
515,The Tulip,The Tulip,derivative_international,KRONOS THE GDP ON THE INCREASE,,2000/01/16,2000-01-16,ok,"ABILA, Kronos",91,GAStech|Government,,,"The real Gross Domestic Product - the output of goods and the services which are caused by labor and have that in Kronos are established - lane to an annual tariff from 5.4% in the fourth trimester of 1999, according to the progress...",C:/Users/17971/Desktop/HomeWork/数据可视化/MC1/MC1/News Articles/The Tulip/515.txt
131,The General Post,The General Post,primary_local,GDP OF KRONOS IN THE ASCENT,,2000/01/17,2000-01-17,ok,"ABILA, Kronos",85,GAStech|Government|Abila,,,"ABILA, Kronos - the true gross internal product - the exit of merchandize and services produced by the work and the characteristic located in Kronos - increasing in an annual index of 5.4% in the fourth trimester of 1999, according to the...",C:/Users/17971/Desktop/HomeWork/数据可视化/MC1/MC1/News Articles/The General Post/131.txt
254,Homeland Illumination,Homeland Illumination,primary_local,ELODIS PUBLIC HEALTH FACT SHEET - UPDATE,Maha Salo,31 May 2000,2000-05-31,ok,"ELODIS, Kronos",94,Elodis|Abila,environment,2,"The environmental consequences of Hyper Acidic Substrate Removal (HASR), a controversial drilling technique have taken a huge toll on the health of Elodis residents. An update to the 1998 Wellness for All report will soon be posted on the...",C:/Users/17971/Desktop/HomeWork/数据可视化/MC1/MC1/News Articles/Homeland Illumination/254.txt
188,News Online Today,News Online Today,aggregator,ELODIS PUBLIC HEALTH FACT SHEET - UPDATE,,2000/06/01,2000-06-01,ok,"ELODIS, Kronos",24,Elodis,environment,2,"The environmental consequences of Hyper Acidic Substrate Removal (HASR), a controversial drilling technique have taken a huge toll on the health of Elodis residents.",C:/Users/17971/Desktop/HomeWork/数据可视化/MC1/MC1/News Articles/News Online Today/188.txt
672,The Orb,The Orb,derivative_international,DOCUMENTARY CARD OF PUBLIC HEALTH Of ELODIS - UPDATE,,2000/06/01,2000-06-01,ok,"ELODIS, Kronos",105,Elodis|Abila,environment,2,"The environmental consequences of acid displacement hyper of substrate (HASR), a technique of drilling discussed took an enormous toll on the health of the residents of Elodis. An update with health 1998 for all the report will be...",C:/Users/17971/Desktop/HomeWork/数据可视化/MC1/MC1/News Articles/The Orb/672.txt
72,Daily Pegasus,Daily Pegasus,primary_local,LEAF OF THE FACT OF THE PUBLIC HEALTH OF ELODIS - UPDATE,,2000/06/01,2000-06-01,ok,"ELODIS, Kronos",115,Elodis|Abila,environment,2,"The environmental consequences of the hyperactive acid retirement of the substratum (HASR), a technique that perforated controversy have taken an enormous toll in the health from the residents of Elodis. An update to health 1998 for all...",C:/Users/17971/Desktop/HomeWork/数据可视化/MC1/MC1/News Articles/Daily Pegasus/72.txt
271,The Wrap,The Wrap,derivative_international,THE SHEET OF THE PUBLIC HEALTH ELODIS - UPDATE,,2000/06/02,2000-06-02,ok,"ELODIS, Kronos",101,Elodis|Abila,environment,2,"The environment impact of the Hyper Acidic has disposal of the substrate (HASR), controversial boring technique a giant toll taken on the health of residents Elodis. Update up to 1998 Wellness for already report will shortly be posted on...",C:/Users/17971/Desktop/HomeWork/数据可视化/MC1/MC1/News Articles/The Wrap/271.txt
413,News Online Today,News Online Today,aggregator,EXPLOSION ROCKS GASTECH'S TISKELE BEND SITE,,2000/08/15,2000-08-15,ok,"ABILA, Kronos",51,GAStech|Elodis|Abila,,,"An explosion at a nearby gas drilling well pad woke Rebecca Cato around 3 a.m. on Sunday morning. When she left her home in Elodis, Kronos - a rural township outside the capital Abila - to investigate the noise she noticed a large fire...",C:/Users/17971/Desktop/HomeWork/数据可视化/MC1/MC1/News Articles/News Online Today/413.txt
498,The World,The World,derivative_international,EXPLOSION ROCKS GASTECH'S TISKELE BEND SITE,,15 August 2000,2000-08-15,ok,"ABILA, Kronos",203,GAStech|Government|Sten Sanjorge|Elodis|Abila,business,1,"An explosion at a nearby gas drilling well pad woke Rebecca Cato around 3 a.m. on Sunday morning. When she left her home in Elodis, Kronos - a rural township outside the capital Abila - to investigate the noise she noticed a large fire...",C:/Users/17971/Desktop/HomeWork/数据可视化/MC1/MC1/News Articles/The World/498.txt
626,Who What News,Who What News,derivative_international,EXPLOSION ROCKS GASTECH'S TISKELE BEND SITE,,2000/08/15,2000-08-15,ok,"ABILA, Kronos",146,GAStech|Government|Sten Sanjorge|Elodis|Abila,business,1,"An explosion at a nearby gas drilling well pad woke Rebecca Cato around 3 a.m. on Sunday morning. When she left her home in Elodis, Kronos - a rural township outside the capital Abila - to investigate the noise she noticed a large fire...",C:/Users/17971/Desktop/HomeWork/数据可视化/MC1/MC1/News Articles/Who What News/626.txt
235,The General Post,The General Post,primary_local,SITE OF THE CURVE OF TISKELE OF ROCKS GASTECH OF THE EXPLOSION,,2000/08/16,2000-08-16,ok,"ABILA, Kronos",237,GAStech|Government|Sten Sanjorge|Elodis,business,1,"An explosion in a next cushion of the well that it perforated of the gas woke up Rebecca Cato 3 in the morning of Sunday. When she left her home in Elodis, Kronos - a rural municipality outside capital Avila - to investigate the noise she...",C:/Users/17971/Desktop/HomeWork/数据可视化/MC1/MC1/News Articles/The General Post/235.txt
277,The Light of Truth,The Light of Truth,derivative_international,SITE OF CURVE OF TISKELE OF ROCKS GASTECH Of EXPLOSION,,2000/08/16,2000-08-16,ok,"ABILA, Kronos",226,GAStech|Government|Sten Sanjorge|Elodis|Abila,business,1,"An explosion with a trimming close to well of gas drilling awoke Rebecca Cato around 3 hours the morning Sunday morning. When it left its house in Elodis, Kronos - rural black suburbs apart from capital Abila - to study the noise it noted...",C:/Users/17971/Desktop/HomeWork/数据可视化/MC1/MC1/News Articles/The Light of Truth/277.txt
504,The Tulip,The Tulip,derivative_international,THE PLACE OF THE BEND TISKELE OF THE ROCKS GASTECH OF THE EXPLOSION,,2000/08/16,2000-08-16,ok,"ABILA, Kronos",202,GAStech|Government|Sten Sanjorge|Elodis|Abila,business,1,"An explosion at surrounding the well pad of the gasboring woke Rebecca Cato around 3 a.m on Sunday morning. When she left its house in Elodis, Kronos - a rural municipality outside Abila - to examine the crash saw they a large fire on...",C:/Users/17971/Desktop/HomeWork/数据可视化/MC1/MC1/News Articles/The Tulip/504.txt
663,The Abila Post,The Abila Post,primary_local,TISKELE BEND EXPLOSION AND FIRE,,16 August 2000,2000-08-16,ok,"ABILA, Kronos",162,GAStech|Government|Elodis,environment|kidnapping|business,1|4,"A spark at the GAStech International-owned well at the Tiskele Bend site ignited methane gas several hundred feet underground, causing a fireball and fire that burned for about an hour is the findings from a dual GAStech - government...",C:/Users/17971/Desktop/HomeWork/数据可视化/MC1/MC1/News Articles/The Abila Post/663.txt
256,News Online Today,News Online Today,aggregator,TISKELE BEND EXPLOSION AND FIRE,,2000/08/17,2000-08-17,ok,"ABILA, Kronos",48,GAStech|Government,,,"A spark at the GAStech International-owned well at the Tiskele Bend site ignited methane gas several hundred feet underground, causing a fireball and fire that burned for about an hour is the findings from a dual GAStech - government...",C:/Users/17971/Desktop/HomeWork/数据可视化/MC1/MC1/News Articles/News Online Today/256.txt
734,Central Bulletin,Central Bulletin,primary_local,TISKELE BEND EXPLOSION AND FIRE,,2000/08/17,2000-08-17,ok,"ABILA, Kronos",122,GAStech|Government|Elodis,environment|business,1,"A spark at the GAStech International-owned well at the Tiskele Bend site ignited methane gas several hundred feet underground, causing a fireball and fire that burned for about an hour is the findings from a dual GAStech - government...",C:/Users/17971/Desktop/HomeWork/数据可视化/MC1/MC1/News Articles/Central Bulletin/734.txt
177,The Explainer,The Explainer,derivative_international,EXPLOSION AND FIRE OF THE TISKELE CURVE,,2000/08/18,2000-08-18,ok,"ABILA, Kronos",191,GAStech|Government|Elodis|Abila,business,1,"ABILA, Kronos - a spark in the GAStech International-had well in the site of the curve of Tiskele ignited the methane gas several hundreds of underground feet, causing a fire ball and the fire that was burned by around one hour is the...",C:/Users/17971/Desktop/HomeWork/数据可视化/MC1/MC1/News Articles/The Explainer/177.txt
295,Athena Speaks,Athena Speaks,primary_local,EXPLOSION AND FIRE OF CURVE OF TISKELE,,2000/08/18,2000-08-18,ok,"ABILA, Kronos",161,GAStech|Government|Elodis|Abila,environment|business,1,"ABILA, Kronos - a spark at GAStech International well with the site of curve of Tiskele fired gas methane several hundreds of feet at the bottom, involving an aerolite and the fire which burned during approximately an hour is the results...",C:/Users/17971/Desktop/HomeWork/数据可视化/MC1/MC1/News Articles/Athena Speaks/295.txt
91,News Desk,News Desk,aggregator,TISKELE THE EXPLOSION AND THE FIRE OF THE BEND,,2000/08/18,2000-08-18,ok,"ABILA, Kronos",168,GAStech|Government|Elodis,business,1,"A spark in GAStech which becomes well at the place of bending Tiskele put underground methane gas to hundreds foot, a causing fire ball and the fire which burned for an approximately hour are the findings of double GAStech - government...",C:/Users/17971/Desktop/HomeWork/数据可视化/MC1/MC1/News Articles/News Desk/91.txt
403,Central Bulletin,Central Bulletin,primary_local,LANDSLIDE VICTORY FOR PRESIDENT KAPELOU,,2000/10/02,2000-10-02,ok,"ABILA, Kronos",75,Government|President Kapelou,,,The people of Kronos have overwhelmingly elected new President Dorel Kapelou II. Former President Luis Araullo conceded defeat yesterday when early returns came in strong for Kapelou II. The results for the 1 October election are as...,C:/Users/17971/Desktop/HomeWork/数据可视化/MC1/MC1/News Articles/Central Bulletin/403.txt
410,News Online Today,News Online Today,aggregator,LANDSLIDE VICTORY FOR PRESIDENT KAPELOU,,2000/10/02,2000-10-02,ok,"ABILA, Kronos",28,Government|President Kapelou,,,The people of Kronos have overwhelmingly elected new President Dorel Kapelou II. Former President Luis Araullo conceded defeat yesterday when early returns came in strong for Kapelou II.,C:/Users/17971/Desktop/HomeWork/数据可视化/MC1/MC1/News Articles/News Online Today/410.txt
477,The Abila Post,The Abila Post,primary_local,LANDSLIDE VICTORY FOR PRESIDENT KAPELOU,,2 October 2000,2000-10-02,ok,"ABILA, Kronos",93,Government|President Kapelou,,,The people of Kronos have overwhelmingly elected new President Dorel Kapelou II. Former President Luis Araullo conceded defeat yesterday when early returns came in strong for Kapelou II. Today marks a new dawn for the people of Kronos and...,C:/Users/17971/Desktop/HomeWork/数据可视化/MC1/MC1/News Articles/The Abila Post/477.txt
311,News Desk,News Desk,aggregator,THE VICTORY OF THE LANDSLIDE FOR PRESIDENT KAPELOU,,2000/10/03,2000-10-03,ok,"ABILA, Kronos",94,Government|President Kapelou,business,1,People of Kronos have overwhelming new president Dorel Kapelou II. the permitted defeat of former president delouses Araullo yesterday preferred then the early profit in strongly for Kapelou II. came. Today a new paddle for people of...,C:/Users/17971/Desktop/HomeWork/数据可视化/MC1/MC1/News Articles/News Desk/311.txt
747,The Explainer,The Explainer,derivative_international,VICTORY OF THE COLLAPSE FOR PRESIDENT KAPELOU,,2000/10/03,2000-10-03,ok,"ABILA, Kronos",104,Government|President Kapelou,,,The people of Kronos of overwhelming form have chosen new president Dorel Kapelou II. granted defeat Araullo of president Anterior Luis yesterday when the early returns came in fort for Kapelou II. Mark today a new dawn for the people of...,C:/Users/17971/Desktop/HomeWork/数据可视化/MC1/MC1/News Articles/The Explainer/747.txt
270,Athena Speaks,Athena Speaks,primary_local,VICTOIRE Of CRUMBLING FOR PRESIDENT KAPELOU,,2000/10/04,2000-10-04,ok,"ABILA, Kronos",97,Government|President Kapelou,,,the people of Kronos elected new President Dorel Kapelou II. defeat conceded by Araullo of Former President Luis yesterday when the returns early came in fort for Kapelou II. Mark today a new start for the people of Kronos and a luminous...,C:/Users/17971/Desktop/HomeWork/数据可视化/MC1/MC1/News Articles/Athena Speaks/270.txt
246,Kronos Star,Kronos Star,primary_local,"Added Taxes on Oil, Gas Development Defeated in General Assembly",Eva Thayer,17 March 2001,2001-03-17,ok,"ABILA, Kronos",149,Government|President Kapelou,business,1|2,"A motion to increase taxes on oil and gas development by an additional 10% was defeated today in the General Assembly by a vote of 77 to 23. The proposed tax increase, championed by Minister of Health Cesare Nespola, was to provide...",C:/Users/17971/Desktop/HomeWork/数据可视化/MC1/MC1/News Articles/Kronos Star/246.txt
296,The Guide,The Guide,derivative_international,"The taxes added on the oil, development of the gas defeated in general to assembly",,2001/03/18,2001-03-18,ok,"ABILA, Kronos",180,Government|President Kapelou,business,1|2,"A movement to increase taxes on the development of the oil and the gas in an additional 10% was defeated today in the General Assembly by a vote from 77 to 23. The proposed increase of the tax, defended by Minister of the health Will stop...",C:/Users/17971/Desktop/HomeWork/数据可视化/MC1/MC1/News Articles/The Guide/296.txt
41,The Truth,The Truth,derivative_international,"Added taxes on oil, the reports in general assembly of the gas development",,2001/03/18,2001-03-18,ok,"ABILA, Kronos",150,Government|President Kapelou,business,1|2,"A motion became taxes at oil and gas the development with extra 10% raise reports today at the general meeting by a voice of 77 to 23. The presented tax increase, which by minister of health Cesare Nespola is defended, had specific...",C:/Users/17971/Desktop/HomeWork/数据可视化/MC1/MC1/News Articles/The Truth/41.txt
636,International News,International News,derivative_international,"Added Taxes on Oil, Gas Development Defeated in General Assembly",,2001/03/18,2001-03-18,ok,"ABILA, Kronos",114,Government|President Kapelou,business,1|2,"A motion to increase taxes on oil and gas development by an additional 10% was defeated today in the General Assembly by a vote of 77 to 23. The proposed tax increase, championed by Minister of Health Cesare Nespola, was to provide...",C:/Users/17971/Desktop/HomeWork/数据可视化/MC1/MC1/News Articles/International News/636.txt
707,News Online Today,News Online Today,aggregator,"Added Taxes on Oil, Gas Development Defeated in General Assembly",,2001/03/18,2001-03-18,ok,"ABILA, Kronos",56,,business,1|2,"A motion to increase taxes on oil and gas development by an additional 10% was defeated today in the General Assembly by a vote of 77 to 23. The proposed tax increase, championed by Minister of Health Cesare Nespola, was to provide...",C:/Users/17971/Desktop/HomeWork/数据可视化/MC1/MC1/News Articles/News Online Today/707.txt
765,Worldwise,Worldwise,derivative_international,"The additional taxes on oil, formation of gas have demolishes the Parliament in general",,2001/03/18,2001-03-18,ok,"ABILA, Kronos",165,Government|President Kapelou,business,1|2,"A movement to increase taxes on the development of oil and gas of one 10% additional was demolished today in the General meeting by a voice from 77 to 23. The increase suggested in taxes, supported by Minister of health Cesare Nespola, was...",C:/Users/17971/Desktop/HomeWork/数据可视化/MC1/MC1/News Articles/Worldwise/765.txt
134,Homeland Illumination,Homeland Illumination,primary_local,"TAX MEASURE DEFEATED, POK EFFORTS STALLED",Maha Salo,22 March 2001,2001-03-22,ok,"Abila, Kronos",128,POK|Henk Bodrogi|Elodis,environment|business,1|2|3,"A measure to increase taxes on foreign oil and gas development proposed by Minister of Health Cesare Nespola was defeated by a wide margin last week in the General Assembly. This defeat is a harsh blow to the Protectors of Kronos, an...",C:/Users/17971/Desktop/HomeWork/数据可视化/MC1/MC1/News Articles/Homeland Illumination/134.txt
391,All News Today,All News Today,aggregator,"TAX MEASURE DEFEATED, POK EFFORTS STALLED",,2001/03/22,2001-03-22,ok,"Abila, Kronos",107,POK|Henk Bodrogi|Elodis,environment|business,1|2|3,"A measure to increase taxes on foreign oil and gas development proposed by Minister of Health Cesare Nespola was defeated by a wide margin last week in the General Assembly. This defeat is a harsh blow to the Protectors of Kronos, an...",C:/Users/17971/Desktop/HomeWork/数据可视化/MC1/MC1/News Articles/All News Today/391.txt
606,News Online Today,News Online Today,aggregator,"TAX MEASURE DEFEATED, POK EFFORTS STALLED",,2001/03/22,2001-03-22,ok,"Abila, Kronos",30,POK,business,1|2|3,A measure to increase taxes on foreign oil and gas development proposed by Minister of Health Cesare Nespola was defeated by a wide margin last week in the General Assembly.,C:/Users/17971/Desktop/HomeWork/数据可视化/MC1/MC1/News Articles/News Online Today/606.txt
465,Daily Pegasus,Daily Pegasus,primary_local,"THE DEFEATED MEASUREMENT, EFFORTS OF THE TAX OF POK WAS CLOGGED",,2001/03/23,2001-03-23,ok,"Abila, Kronos",152,POK|Henk Bodrogi|Elodis,environment|business,1|2|3,A measurement to increase taxes on the foreign development of the oil and the gas proposed in Minister of the health Will stop Nespola was defeated by a wide margin the week last in the General Assembly. This defeat is a rough blow to the...,C:/Users/17971/Desktop/HomeWork/数据可视化/MC1/MC1/News Articles/Daily Pegasus/465.txt
187,The Wrap,The Wrap,derivative_international,"REPORTS THE MEASURE OF THE TAX, BLOCKED EFFORTS POK",,2001/03/24,2001-03-24,ok,"Abila, Kronos",136,POK|Henk Bodrogi|Elodis,environment|business,1|2|3,"A measure became taxes at foreign oil and raise gas development which by minister of health Cesare Nespola is presented covered by a broad fork last week at the general meeting. This defeat is a harsh battle to the guards of Kronos, a...",C:/Users/17971/Desktop/HomeWork/数据可视化/MC1/MC1/News Articles/The Wrap/187.txt
459,The Orb,The Orb,derivative_international,"The MEASUREMENT Of TAXES DEMOLISHED, EFFORTS OF FIXED POK",,2001/03/24,2001-03-24,ok,"Abila, Kronos",142,POK|Henk Bodrogi|Elodis,environment|business,1|2|3,A measurement to increase taxes on the foreign development of oil and gas proposed by Minister of health Cesare Nespola was demolished by a broad margin last week in the General meeting. This defeat is a hard blow with the guards of...,C:/Users/17971/Desktop/HomeWork/数据可视化/MC1/MC1/News Articles/The Orb/459.txt
306,Kronos Star,Kronos Star,primary_local,Minister of Health Dies Suddenly,Eva Thayer,14 June 2001,2001-06-14,ok,"ABILA, Kronos",123,Government|President Kapelou|Tethys,,2,"It is with great sorrow that we announce the death of Minister of Health Cesare Nespola. Minister Nespola, 62, died peacefully in his sleep yesterday of a suspected heart attack. A tireless champion for the welfare of our people, Nespola...",C:/Users/17971/Desktop/HomeWork/数据可视化/MC1/MC1/News Articles/Kronos Star/306.txt
668,The Truth,The Truth,derivative_international,The minister of health dies suddenly,,2001/06/15,2001-06-15,ok,"ABILA, Kronos",121,Government|President Kapelou|Tethys,,2,"It is with sorrow which we announce the death of minister of health Cesare Nespola. The minister Nespola, 62, died peacefully in its sleep yesterday of an assumed heart attack. A continuous champion for the well-being of our people,...",C:/Users/17971/Desktop/HomeWork/数据可视化/MC1/MC1/News Articles/The Truth/668.txt
746,News Online Today,News Online Today,aggregator,Minister of Health Dies Suddenly,,2001/06/15,2001-06-15,ok,"ABILA, Kronos",43,Government|President Kapelou|Abila,,2,"ABILA, Kronos - It is with great sorrow that we announce the death of Minister of Health Cesare Nespola. Shortly after hearing of Nespola's death, President Kapelou announced that his nephew Vincent Kapelou would serve as his...",C:/Users/17971/Desktop/HomeWork/数据可视化/MC1/MC1/News Articles/News Online Today/746.txt
780,Worldwise,Worldwise,derivative_international,The Minister for health dies suddenly,,2001/06/15,2001-06-15,ok,"ABILA, Kronos",125,Government|President Kapelou|Tethys,,2,"It is with great pain that we announce the death of the Minister for health Cesare Nespola. minister Nespola, 62, peacefully dead in its sleep yesterday of a suspected heart attack. An tireless champion for the wellbeing of our people,...",C:/Users/17971/Desktop/HomeWork/数据可视化/MC1/MC1/News Articles/Worldwise/780.txt
363,The Guide,The Guide,derivative_international,The minister of the health dies suddenly,,2001/06/16,2001-06-16,ok,"ABILA, Kronos",135,Government|President Kapelou|Abila|Tethys,,2,"ABILA, Kronos - it is with great pain that we announced the death of the minister of the health Cesare Nespola. Ministrar Nespola, 62, died peacefully in his dreams yesterday of an attack of the suspected heart. An untiring champion for...",C:/Users/17971/Desktop/HomeWork/数据可视化/MC1/MC1/News Articles/The Guide/363.txt
273,Kronos Star,Kronos Star,primary_local,Activists Disrupt Traffic Near Tiskele Bend Fields,Marcella Trapani,30 August 2001,2001-08-30,ok,"ABILA, Kronos",185,GAStech|POK|Government,environment|protest|security,2|3,"Five young people were arrested yesterday for protesting near the entrance to the Tiskele Bend fields as they called for government action to address their environmental concerns about GAStech's operations at the site. The protestors,...",C:/Users/17971/Desktop/HomeWork/数据可视化/MC1/MC1/News Articles/Kronos Star/273.txt
129,International News,International News,derivative_international,Activists Disrupt Traffic Near Tiskele Bend Fields,,2001/08/31,2001-08-31,ok,"ABILA, Kronos",144,GAStech|POK|Government,environment|protest|security,2|3,"Five young people were arrested yesterday for protesting near the entrance to the Tiskele Bend fields as they called for government action to address their environmental concerns about GAStech's operations at the site. The protestors,...",C:/Users/17971/Desktop/HomeWork/数据可视化/MC1/MC1/News Articles/International News/129.txt
544,News Online Today,News Online Today,aggregator,Activists Disrupt Traffic Near Tiskele Bend Fields,,2001/08/31,2001-08-31,ok,"ABILA, Kronos",76,GAStech|POK|Government,environment|protest|security,2|3,"Five young people were arrested yesterday for protesting near the entrance to the Tiskele Bend fields as they called for government action to address their environmental concerns about GAStech's operations at the site. The protestors,...",C:/Users/17971/Desktop/HomeWork/数据可视化/MC1/MC1/News Articles/News Online Today/544.txt
658,Homeland Illumination,Homeland Illumination,primary_local,POK MEMBERS ARRESTED,Petrus Gerhard,31 August 2001,2001-08-31,ok,"ELODIS, Kronos",347,GAStech|POK|Government|Elodis|Abila,protest|security,2|3,Government heavies obstructed the free speech - yet again - of members of the activist group Protectors of Kronos yesterday at a lawful demonstration at the Tiskele Bend fields. The five POK activists had gathered in front of the gates to...,C:/Users/17971/Desktop/HomeWork/数据可视化/MC1/MC1/News Articles/Homeland Illumination/658.txt
794,The Truth,The Truth,derivative_international,The activists interrupt movement near the areas of bending Tiskele,,2001/08/31,2001-08-31,ok,"ABILA, Kronos",186,GAStech|POK|Government,environment|protest|business|security,1|2|3,Five young people were arrested yesterday for protesting near the entrance to the areas of bending Tiskele since they requested government action their aim environment questions concerning the verrichtingen of GAStech at the place....,C:/Users/17971/Desktop/HomeWork/数据可视化/MC1/MC1/News Articles/The Truth/794.txt
328,The Guide,The Guide,derivative_international,The activists interrupt traffic near fields of the curve of Tiskele,,2001/09/01,2001-09-01,ok,"ABILA, Kronos",183,GAStech|POK|Government,environment|protest|security,2|3,They arrested five young people to protest yesterday near the entrance to the fields of the curve of Tiskele whereas they called for the action of the government to treat its environmental preoccupations by the operations about GAStech in...,C:/Users/17971/Desktop/HomeWork/数据可视化/MC1/MC1/News Articles/The Guide/328.txt
511,News Online Today,News Online Today,aggregator,POK MEMBERS ARRESTED,,2001/09/01,2001-09-01,ok,"ELODIS, Kronos",110,GAStech|POK|Government|Elodis,protest|security,2|3,Government heavies obstructed the free speech - yet again - of members of the activist group Protectors of Kronos yesterday at a lawful demonstration at the Tiskele Bend fields. The five POK activists had gathered in front of the gates to...,C:/Users/17971/Desktop/HomeWork/数据可视化/MC1/MC1/News Articles/News Online Today/511.txt
593,Worldwise,Worldwise,derivative_international,The activists disturb the traffic close to the fields of curve of Tiskele,,2001/09/01,2001-09-01,ok,"ABILA, Kronos",197,GAStech|POK|Government,environment|protest|security,2|3,Five young people were stopped yesterday to protest close to the entry to the fields of curve of Tiskele while they claimed the action of government to address their environmental concern concerning the operations of GAStech to the site....,C:/Users/17971/Desktop/HomeWork/数据可视化/MC1/MC1/News Articles/Worldwise/593.txt
778,The Orb,The Orb,derivative_international,MEMBERS OF POK STOPPED,,2001/09/01,2001-09-01,ok,"ELODIS, Kronos",380,GAStech|POK|Government|Elodis|Abila,protest|security,2|3,Heavies of government blocked the free speech - once again - members of the guards of group of activist of Kronos yesterday to a legal demonstration with the fields of curve of Tiskele. The five activists of POK had met in front of the...,C:/Users/17971/Desktop/HomeWork/数据可视化/MC1/MC1/News Articles/The Orb/778.txt
22,Daily Pegasus,Daily Pegasus,primary_local,THE MEMBERS OF POK ARRESTED,,2001/09/02,2001-09-02,ok,"ELODIS, Kronos",388,GAStech|POK|Government|Elodis|Abila,environment|protest|security,2|3,Heavies of the government obstructed the free speech - yet again - of the members of the protectors of the group of the activist of Kronos yesterday in a legal demonstration in the fields of the curve of Tiskele. The five activists of POK...,C:/Users/17971/Desktop/HomeWork/数据可视化/MC1/MC1/News Articles/Daily Pegasus/22.txt
680,The Wrap,The Wrap,derivative_international,ARRESTED MEMBERS POK,,2001/09/02,2001-09-02,ok,"ELODIS, Kronos",351,GAStech|POK|Government|Elodis|Abila,protest|security,2|3,Government heavies obstructed the free speech - once again - of members of the guards of the activist group of Kronos yesterday at a legitimate demonstration at the areas of bending Tiskele. The five activists POK had collected themselves...,C:/Users/17971/Desktop/HomeWork/数据可视化/MC1/MC1/News Articles/The Wrap/680.txt
297,Homeland Illumination,Homeland Illumination,primary_local,ELODIS PUBLIC HEALTH FACT SHEET 2002,Maha Salo,25 May 2002,2002-05-25,ok,"ELODIS, Kronos",87,Elodis|Abila,,2,"The Elodis Community Health Center has published an update to the Wellness for All study performed in 1998. The effects of Hyper Acidic Substrate Removal (HASR), a controversial drilling technique continue to ravage the health of Elodis...",C:/Users/17971/Desktop/HomeWork/数据可视化/MC1/MC1/News Articles/Homeland Illumination/297.txt
688,News Online Today,News Online Today,aggregator,ELODIS PUBLIC HEALTH FACT SHEET 2002,,2002/05/25,2002-05-25,ok,"ELODIS, Kronos",18,Elodis,,2,The Elodis Community Health Center has published an update to the Wellness for All study performed in 1998.,C:/Users/17971/Desktop/HomeWork/数据可视化/MC1/MC1/News Articles/News Online Today/688.txt
109,The Orb,The Orb,derivative_international,DOCUMENTARY CARD OF PUBLIC HEALTH Of ELODIS 2002,,2002/05/26,2002-05-26,ok,"ELODIS, Kronos",106,Elodis|Abila,,2,"The center of health of the Community of Elodis published an update with health for all the study carried out in 1998. The effects of acid displacement hyper of substrate (HASR), a technique of drilling discussed continue to devastate the...",C:/Users/17971/Desktop/HomeWork/数据可视化/MC1/MC1/News Articles/The Orb/109.txt
115,Daily Pegasus,Daily Pegasus,primary_local,LEAF 2002 OF THE FACT OF THE PUBLIC HEALTH OF ELODIS,,2002/05/27,2002-05-27,ok,"ELODIS, Kronos",114,Elodis|Abila,,2,"The center of the health of the community of Elodis has published an update to the health for all the study made in 1998. The effects of the hyperactive acid retirement of the substratum (HASR), a technique that perforates controversy...",C:/Users/17971/Desktop/HomeWork/数据可视化/MC1/MC1/News Articles/Daily Pegasus/115.txt
349,The Wrap,The Wrap,derivative_international,SHEET 2002 OF THE PUBLIC HEALTH ELODIS,,2002/05/27,2002-05-27,ok,"ELODIS, Kronos",97,Elodis|Abila,,2,"The Community center of health Elodis have already published update to Wellness for study which is carried out in 1998. The impact of the Hyper Acidic disposal of the substrate (HASR), controversial boring technique continues devastate the...",C:/Users/17971/Desktop/HomeWork/数据可视化/MC1/MC1/News Articles/The Wrap/349.txt
371,News Online Today,News Online Today,aggregator,HANK FLUSS GASTECH COO DIES AT 73,,2003/05/17,2003-05-17,ok,"CENTRUM, Tethys",39,GAStech|Centrum,,,"Hank Fluss, COO of GAStech International, died of a heart attack at his desk in the company's downtown Centrum headquarters. Hank Fluss is survived by his wife of 54 years, Beatriz Fluss, his 5 children, and 12 grandchildren.",C:/Users/17971/Desktop/HomeWork/数据可视化/MC1/MC1/News Articles/News Online Today/371.txt
587,The World,The World,derivative_international,HANK FLUSS GASTECH COO DIES AT 73,,17 May 2003,2003-05-17,ok,"CENTRUM, Tethys",163,GAStech|Sten Sanjorge|Tethys|Centrum,environment,2,"Hank Fluss, COO of GAStech International, died of a heart attack at his desk in the company's downtown Centrum headquarters. Though Fluss was 73 years old, his death came as a shock. Hank Fluss spent 40 years with GAStech, befriending Sten...",C:/Users/17971/Desktop/HomeWork/数据可视化/MC1/MC1/News Articles/The World/587.txt
59,Who What News,Who What News,derivative_international,HANK FLUSS GASTECH COO DIES AT 73,,2003/05/18,2003-05-18,ok,"CENTRUM, Tethys",126,GAStech|Sten Sanjorge|Centrum,environment,2,"Hank Fluss, COO of GAStech International, died of a heart attack at his desk in the company's downtown Centrum headquarters. Though Fluss was 73 years old, his death came as a shock. Hank Fluss spent 40 years with GAStech, befriending Sten...",C:/Users/17971/Desktop/HomeWork/数据可视化/MC1/MC1/News Articles/Who What News/59.txt
164,The Light of Truth,The Light of Truth,derivative_international,"HANK FLUSS, FOUNDER OF GASTECH, DIES IN 73",,2003/05/19,2003-05-19,ok,"CENTRUM, Tethys",179,GAStech|Sten Sanjorge|Tethys|Centrum,environment,2,"Hank Fluss, co-founder of international GAStech, died of a heart attack at its office in the registered offices of the center of the centrum of the company. Although Fluss was 73 years, his death came like shock. Hank Fluss spent 40 years...",C:/Users/17971/Desktop/HomeWork/数据可视化/MC1/MC1/News Articles/The Light of Truth/164.txt
493,The General Post,The General Post,primary_local,THE COO OF GAStech DIES IN 73,,2003/05/19,2003-05-19,ok,"CENTRUM, Tethys",187,GAStech|Sten Sanjorge|Tethys,environment,2,"Sten Sanjorge Sr., COO of international GAStech, died of an attack of the heart in its writing-desk in the centric headquarters of the center of the company. Although Sanjorge was 73 years, its death came like shock. The Sanjorge spent 40...",C:/Users/17971/Desktop/HomeWork/数据可视化/MC1/MC1/News Articles/The General Post/493.txt
686,The Tulip,The Tulip,derivative_international,COO GASTECH OF THE HANK FLUSS DIES at 73,,2003/05/19,2003-05-19,ok,"CENTRUM, Tethys",178,GAStech|Sten Sanjorge|Tethys,environment,2,"Hank Fluss, international COO of GAStech, died to a heart attack at its office in the headquarters of the inner city of the center of the company. Although Fluss 73 were years old, came be dead. Hank Fluss brought 40 years which with...",C:/Users/17971/Desktop/HomeWork/数据可视化/MC1/MC1/News Articles/The Tulip/686.txt
251,All News Today,All News Today,aggregator,ELODIS PUBLIC HEALTH FACT SHEET 2004,,2004/05/29,2004-05-29,ok,"ELODIS, Kronos",30,Elodis,,2,The Elodis Community Health Center has published an update to the Wellness for All study performed in 1998. The full report will soon be posted on the Elodis municipal website.,C:/Users/17971/Desktop/HomeWork/数据可视化/MC1/MC1/News Articles/All News Today/251.txt
737,Homeland Illumination,Homeland Illumination,primary_local,ELODIS PUBLIC HEALTH FACT SHEET 2004,Petrus Gerhard,29 May 2004,2004-05-29,ok,"ELODIS, Kronos",44,Elodis,,2,The Elodis Community Health Center has published an update to the Wellness for All study performed in 1998. The mortality rate and incidence of chronic illness increased over 252% from prior years. The full report will soon be posted on...,C:/Users/17971/Desktop/HomeWork/数据可视化/MC1/MC1/News Articles/Homeland Illumination/737.txt
243,The Wrap,The Wrap,derivative_international,SHEET 2004 OF THE PUBLIC HEALTH ELODIS,,2004/05/30,2004-05-30,ok,"ELODIS, Kronos",50,Elodis,,2,The Community center of health Elodis have already published update to Wellness for study which is carried out in 1998. Raised the mortality rate and the by-effect of chronic sickness more than 252% of former years. The elaborate report...,C:/Users/17971/Desktop/HomeWork/数据可视化/MC1/MC1/News Articles/The Wrap/243.txt
786,News Online Today,News Online Today,aggregator,ELODIS PUBLIC HEALTH FACT SHEET 2004,,2004/05/30,2004-05-30,ok,"ELODIS, Kronos",18,Elodis,,2,The Elodis Community Health Center has published an update to the Wellness for All study performed in 1998.,C:/Users/17971/Desktop/HomeWork/数据可视化/MC1/MC1/News Articles/News Online Today/786.txt
272,Daily Pegasus,Daily Pegasus,primary_local,LEAF 2004 OF THE FACT OF THE PUBLIC HEALTH OF ELODIS,,2004/05/31,2004-05-31,ok,"ELODIS, Kronos",56,Elodis,,2,The center of the health of the community of Elodis has published an update to the health for all the study made in 1998. The index of mortality and the incidence of the chronic disease increased on 252% as of previous years. The report...,C:/Users/17971/Desktop/HomeWork/数据可视化/MC1/MC1/News Articles/Daily Pegasus/272.txt
546,The Orb,The Orb,derivative_international,DOCUMENTARY CARD OF PUBLIC HEALTH Of ELODIS 2004,,2004/05/31,2004-05-31,ok,"ELODIS, Kronos",54,Elodis,,2,The center of health of the Community of Elodis published an update with health for all the study carried out in 1998. The death rate and the incidence of the chronic disease increased more than 252% of the former years. The detailed...,C:/Users/17971/Desktop/HomeWork/数据可视化/MC1/MC1/News Articles/The Orb/546.txt
221,Homeland Illumination,Homeland Illumination,primary_local,POK PROTESTS END IN ARRESTS,Maha Salo,05 April 2005,2005-04-05,ok,"ELODIS, Kronos",106,GAStech|POK,protest|security,3,Fifteen members of the Protectors of Kronos (POK) activist organization were arrested by Kronos federal police yesterday following an dispute at the gates of the Tiskele Bend GAStech facility. Protesters arrived pre-dawn to lock arms and...,C:/Users/17971/Desktop/HomeWork/数据可视化/MC1/MC1/News Articles/Homeland Illumination/221.txt
121,All News Today,All News Today,aggregator,POK PROTESTS END IN ARRESTS,,2005/04/06,2005-04-06,ok,"ELODIS, Kronos",76,GAStech|POK,protest|security,3,"Fifteen members of the Protectors of Kronos (POK) activist organization were arrested by Kronos federal police yesterday following an dispute at the gates of the Tiskele Bend GAStech facility. Swaying, the protesters sang well-known...",C:/Users/17971/Desktop/HomeWork/数据可视化/MC1/MC1/News Articles/All News Today/121.txt
17,The Wrap,The Wrap,derivative_international,THE END OF PROTESTS POK IN ARRESTS,,2005/04/06,2005-04-06,ok,"ELODIS, Kronos",111,GAStech|POK,protest|security,3,Fifteen members of the guards of Kronos the activist organization (of POK) was arrested Kronos federal police force yesterday after a dispute at the ports of the facility of GAStech of bending Tiskele. Protesters came close weapons to...,C:/Users/17971/Desktop/HomeWork/数据可视化/MC1/MC1/News Articles/The Wrap/17.txt
179,News Online Today,News Online Today,aggregator,Protestors Block Traffic to Tiskele Bend Fields,,2005/04/06,2005-04-06,ok,"ABILA, Kronos",56,POK,protest|security,3,More than a dozen POK protesters were handcuffed and taken into custody by police Tuesday for blocking access to the Tiskele Bend fields. The protesters arrived at the entrance to the Tiskele Bend site about 5:30 a.m. and locked arms...,C:/Users/17971/Desktop/HomeWork/数据可视化/MC1/MC1/News Articles/News Online Today/179.txt
247,News Online Today,News Online Today,aggregator,POK PROTESTS END IN ARRESTS,,2005/04/06,2005-04-06,ok,"ELODIS, Kronos",29,GAStech|POK,protest|security,3,Fifteen members of the Protectors of Kronos (POK) activist organization were arrested by Kronos federal police yesterday following an dispute at the gates of the Tiskele Bend GAStech facility.,C:/Users/17971/Desktop/HomeWork/数据可视化/MC1/MC1/News Articles/News Online Today/247.txt
423,International News,International News,derivative_international,Protestors Block Traffic to Tiskele Bend Fields,,2005/04/06,2005-04-06,ok,"ABILA, Kronos",158,POK|Government,protest|security,3,"More than a dozen POK protesters were handcuffed and taken into custody by police Tuesday for blocking access to the Tiskele Bend fields. Before police made the arrests shortly after 9 a.m., the protesters were told they were breaking the...",C:/Users/17971/Desktop/HomeWork/数据可视化/MC1/MC1/News Articles/International News/423.txt
781,Kronos Star,Kronos Star,primary_local,Protestors Block Traffic to Tiskele Bend Fields,Marcella Trapani,6 April 2005,2005-04-06,ok,"ABILA, Kronos",207,POK|Government,environment|protest|security,2|3,"More than a dozen POK protesters were handcuffed and taken into custody by police Tuesday for blocking access to the Tiskele Bend fields. Before police made the arrests shortly after 9 a.m., the protesters were told they were breaking the...",C:/Users/17971/Desktop/HomeWork/数据可视化/MC1/MC1/News Articles/Kronos Star/781.txt
832,The Orb,The Orb,derivative_international,POK PROTESTS the END IN the ARRESTS,,2005/04/06,2005-04-06,ok,"ELODIS, Kronos",129,GAStech|POK,protest|security,3,Fifteen members of the guards of the organization of activist of Kronos (POK) were stopped by the federal police force of Kronos following yesterday a conflict to the doors of the service of GAStech of curve of Tiskele. The protesters...,C:/Users/17971/Desktop/HomeWork/数据可视化/MC1/MC1/News Articles/The Orb/832.txt
760,Daily Pegasus,Daily Pegasus,primary_local,POK PROTESTS THE END IN HALTINGS,,2005/04/07,2005-04-07,ok,"ELODIS, Kronos",134,GAStech|POK,protest|security,3,To the federal police of Kronos they arrested fifteen members of the protectors of the organization of the activist of Kronos (POK) that followed yesterday a conflict in the doors of the facility of GAStech of the curve of Tiskele. The...,C:/Users/17971/Desktop/HomeWork/数据可视化/MC1/MC1/News Articles/Daily Pegasus/760.txt
595,The Guide,The Guide,derivative_international,Traffic of the block from Protestors to the fields of the curve of Tiskele,,2005/04/08,2005-04-08,ok,"ABILA, Kronos",187,POK|Government,environment|protest|security,2|3,More than dozen demonstrators POK handle and seizures in safekeeping by the police were put Tuesday to block the access to the fields of the curve of Tiskele. The demonstrators tomorrow arrived the entrance to the site from the curve of...,C:/Users/17971/Desktop/HomeWork/数据可视化/MC1/MC1/News Articles/The Guide/595.txt
621,The Truth,The Truth,derivative_international,The movement of the block-system of Protestors to the areas of bending Tiskele,,2005/04/08,2005-04-08,ok,TITLE: The movement of the block,216,POK|Government,environment|protest|security,2|3,"A lake than the handcuffs for: to pass protesters dozen POK and was taken in preservation police force Tuesday for blocking access to the areas of bending Tiskele. Before the police force the arrests shortly after 9 a.m made, protesters...",C:/Users/17971/Desktop/HomeWork/数据可视化/MC1/MC1/News Articles/The Truth/621.txt
730,Worldwise,Worldwise,derivative_international,Traffic of block of protesters to the fields of curve of Tiskele,,2005/04/08,2005-04-08,ok,"ABILA, Kronos",252,POK|Government,environment|protest|security,2|3,More than of the dozen protesters POK were handcuffed and taken in the guard by the police force Tuesday to block the access to the fields of curve of Tiskele. Before the police force made the arrests little time after 9 hours of the...,C:/Users/17971/Desktop/HomeWork/数据可视化/MC1/MC1/News Articles/Worldwise/730.txt
439,The Abila Post,The Abila Post,primary_local,ELODIS PROTESTS TURN TO RIOTS AND ARRESTS,,24 September 2005,2005-09-24,ok,"ELODIS, Kronos",154,GAStech|POK|Government|Elodis,environment|protest|security,2|3,"The Protectors of Kronos (POK) continue to protest against the Kronos Government and GAStech International alleging pollution, water contamination and a lack of a government response. Lately the protests have turned violent escalating into...",C:/Users/17971/Desktop/HomeWork/数据可视化/MC1/MC1/News Articles/The Abila Post/439.txt
113,Central Bulletin,Central Bulletin,primary_local,ELODIS PROTESTS TURN TO RIOTS AND ARRESTS,,2005/09/25,2005-09-25,ok,"ELODIS, Kronos",119,GAStech|POK|Government|Elodis,environment|protest|security,2|3,"The Protectors of Kronos (POK) continue to protest against the Kronos Government and GAStech International alleging pollution, water contamination and a lack of a government response. Lately the protests have turned violent escalating into...",C:/Users/17971/Desktop/HomeWork/数据可视化/MC1/MC1/News Articles/Central Bulletin/113.txt
285,News Online Today,News Online Today,aggregator,ELODIS PROTESTS TURN TO RIOTS AND ARRESTS,,2005/09/25,2005-09-25,ok,"ELODIS, Kronos",46,GAStech|POK|Government|Elodis,environment|protest|security,2|3,"The Protectors of Kronos (POK) continue to protest against the Kronos Government and GAStech International alleging pollution, water contamination and a lack of a government response. After the recent rioting, government officials had no...",C:/Users/17971/Desktop/HomeWork/数据可视化/MC1/MC1/News Articles/News Online Today/285.txt
464,News Desk,News Desk,aggregator,THE TURN OF PROTESTS ELODIS TO BABBLE AND ARRESTS,,2005/09/25,2005-09-25,ok,"ELODIS, Kronos",167,GAStech|POK|Government|Elodis,environment|protest|security,2|3,"The guards of Kronos (POK) continue protest the government Kronos and, water pollution and a lack of a government response against international claiming GAStech pollution. Recently the protests have violent increasing in noise kick mainly...",C:/Users/17971/Desktop/HomeWork/数据可视化/MC1/MC1/News Articles/News Desk/464.txt
383,Athena Speaks,Athena Speaks,primary_local,TURN OF PROTESTS Of ELODIS TO the RIOTS AND the ARRESTS,,2005/09/26,2005-09-26,ok,"ELODIS, Kronos",187,GAStech|POK|Government|Elodis,environment|protest|security,2|3,"The guards of Kronos (POK) continue to protest against the pollution of international allegation of government and GAStech de Kronos, the contamination of water and a lack of a response of government. Recently the protests transformed the...",C:/Users/17971/Desktop/HomeWork/数据可视化/MC1/MC1/News Articles/Athena Speaks/383.txt
491,The Explainer,The Explainer,derivative_international,RETURN OF THE PROTESTS OF ELODIS TO THE UPROARS AND THE HALTINGS,,2005/09/26,2005-09-26,ok,"ELODIS, Kronos",208,GAStech|POK|Government|Elodis,environment|protest|security,2|3,"The protectors of Kronos (POK) continue protesting against the contamination that alleges international of the government and GAStech de Kronos, the contamination of the water and a deficiency of an answer of the government. The protests...",C:/Users/17971/Desktop/HomeWork/数据可视化/MC1/MC1/News Articles/The Explainer/491.txt
550,International Times,International Times,derivative_international,Four people have died in a fiery road crash near Elodis,,18 March 2007,2007-03-18,ok,,138,GAStech|Elodis|Abila,security,,"A nine-year old boy initially survived the crash and had been flown to Abila Children's Hospital, but was declared dead on arrival. Police say they have a 25 year old truck driver in custody at the Elodis jail. Officers say a car burst...",C:/Users/17971/Desktop/HomeWork/数据可视化/MC1/MC1/News Articles/International Times/550.txt
100,The Continent,The Continent,derivative_international,Four people have died in a discharge near Elodis,,2007/03/19,2007-03-19,ok,,155,GAStech|Elodis|Abila,security,,"Of nine years - the old boy initially survived the discharge and flown to the hospital of children Abila, but had been explained on arrival. The police force says they 25 to an one person whose birthday it is truck driver in preservation...",C:/Users/17971/Desktop/HomeWork/数据可视化/MC1/MC1/News Articles/The Continent/100.txt
12,News Online Today,News Online Today,aggregator,Four people have died in a fiery road crash near Elodis,,2007/03/19,2007-03-19,ok,,40,Elodis|Abila,security,,"A nine-year old boy initially survived the crash and had been flown to Abila Children's Hospital, but was declared dead on arrival. Police say they have a 25 year old truck driver in custody at the Elodis jail.",C:/Users/17971/Desktop/HomeWork/数据可视化/MC1/MC1/News Articles/News Online Today/12.txt
332,Everyday News,Everyday News,primary_local,Four people have died in a crash of the way near Elodis,,2007/03/19,2007-03-19,ok,,166,GAStech|Elodis|Abila,security,,"Of nine years - the old boy survived initially the crash and had been flown to the hospital of the children of Abila, but he was declared dead in arrival. The police says that it has a driver of the car of 25 years in safekeeping in the...",C:/Users/17971/Desktop/HomeWork/数据可视化/MC1/MC1/News Articles/Everyday News/332.txt
6,World Journal,World Journal,derivative_international,Four people died in a burning accident of road close to Elodis,,2007/03/20,2007-03-20,ok,,163,GAStech|Elodis|Abila,security,,"One nine years - the old boy at the beginning survived the accident and had been stolen at the hospital of the children of Abila, but was declared deceased on the arrival. The police force says that they have a driver of 25 year old truck...",C:/Users/17971/Desktop/HomeWork/数据可视化/MC1/MC1/News Articles/World Journal/6.txt
684,Homeland Illumination,Homeland Illumination,primary_local,"GASTECH TRUCK HITS AUTOMOBILE NEAR ELODIS, FAMILY OF FOUR DEAD",Maha Salo,20 March 2007,2007-03-20,ok,"ELODIS, Kronos",153,GAStech|Elodis|Abila,security|legal,,"A vehicle collision claimed the lives of an Elodis family, including two children Tuesday afternoon. The family was traveling home from a school program where one of the children had performed in the Spring Program at Elodis Primary...",C:/Users/17971/Desktop/HomeWork/数据可视化/MC1/MC1/News Articles/Homeland Illumination/684.txt
182,Daily Pegasus,Daily Pegasus,primary_local,"THE GASTECH CAR STRIKES THE AUTOMOBILE NEAR ELODIS, FAMILY OF FOUR DEAD ONES",,2007/03/21,2007-03-21,ok,"ELODIS, Kronos",177,GAStech|Elodis|Abila,security|legal,,"A collision of the vehicle demanded the lives of a family of Elodis, including two children. The family traveled to house of a program of the school where one of the children had been made in the program of the means in the primary school...",C:/Users/17971/Desktop/HomeWork/数据可视化/MC1/MC1/News Articles/Daily Pegasus/182.txt
483,News Online Today,News Online Today,aggregator,"GASTECH TRUCK HITS AUTOMOBILE NEAR ELODIS, FAMILY OF FOUR DEAD",,2007/03/21,2007-03-21,ok,"ELODIS, Kronos",39,GAStech|Elodis,,,"A vehicle collision claimed the lives of an Elodis family, including two children Tuesday afternoon. The family was traveling home from a school program where one of the children had performed in the Spring Program at Elodis Primary School.",C:/Users/17971/Desktop/HomeWork/数据可视化/MC1/MC1/News Articles/News Online Today/483.txt
603,All News Today,All News Today,aggregator,"GASTECH TRUCK HITS AUTOMOBILE NEAR ELODIS, FAMILY OF FOUR DEAD",,2007/03/21,2007-03-21,ok,"ELODIS, Kronos",108,GAStech|Elodis,security,,"ELODIS, Kronos - A vehicle collision claimed the lives of an Elodis family, including two children Tuesday afternoon. The family was traveling home from a school program where one of the children had performed in the Spring Program at...",C:/Users/17971/Desktop/HomeWork/数据可视化/MC1/MC1/News Articles/All News Today/603.txt
236,The Wrap,The Wrap,derivative_international,"GASTECH TOUCH THE TRUCK CAR NEAR ELODIS, FAMILY OF DEAD FOUR",,2007/03/22,2007-03-22,ok,"ELODIS, Kronos",161,GAStech|Elodis|Abila,security|legal,,"A vehicle collision required living a family Elodis, including two children Tuesday afternoon. The family traveled to house of a school program where one of the children in the program of spring on primary school Elodis had performed. The...",C:/Users/17971/Desktop/HomeWork/数据可视化/MC1/MC1/News Articles/The Wrap/236.txt
390,The Orb,The Orb,derivative_international,"The TRUCK OF GASTECH RUNS UP AGAINST the CAR CLOSE To ELODIS, FAMILY OF FOUR DEAD",,2007/03/22,2007-03-22,ok,"ELODIS, Kronos",177,GAStech|Elodis|Abila,security|legal,,"A collision of vehicle claimed the lives of a family of Elodis, including two children Tuesday afternoon. The family travelled to the house of a program of school where one of the children had carried out in spring the program at the...",C:/Users/17971/Desktop/HomeWork/数据可视化/MC1/MC1/News Articles/The Orb/390.txt
756,The Abila Post,The Abila Post,primary_local,TRAFFIC ACCIDENT NEAR ELODIS,,10 April 2007,2007-04-10,ok,"ABILA, Kronos",131,GAStech|Government|Elodis|Abila,,,A government investigation has concluded a traffic accident involving a GAStech International vehicle and the vehicle of a family from Elodis resulting in the deaths of the four family members was the result of driver error on the part of...,C:/Users/17971/Desktop/HomeWork/数据可视化/MC1/MC1/News Articles/The Abila Post/756.txt
377,The Explainer,The Explainer,derivative_international,TRAFFIC ACCIDENT NEAR ELODIS,,2007/04/11,2007-04-11,ok,"ABILA, Kronos",160,GAStech|Government|Elodis|Abila,protest,3,An investigation of the government has concluded a traffic accident that implied an international vehicle of GAStech and the vehicle of a family of Elodis giving by result the deaths of the four members of the family was the result of the...,C:/Users/17971/Desktop/HomeWork/数据可视化/MC1/MC1/News Articles/The Explainer/377.txt
48,Athena Speaks,Athena Speaks,primary_local,ACCIDENT OF TRAFFIC CLOSE TO ELODIS,,2007/04/11,2007-04-11,ok,"ABILA, Kronos",132,GAStech|Government|Elodis|Abila,,,"A government investigation concluded that an accident between a GAStech vehicle and an Elodis family, which killed all four members of the Elodis family, was caused by driver error by the Elodis driver. The spokesman Rufus Drymiau of the...",C:/Users/17971/Desktop/HomeWork/数据可视化/MC1/MC1/News Articles/Athena Speaks/48.txt
578,Central Bulletin,Central Bulletin,primary_local,TRAFFIC ACCIDENT NEAR ELODIS,,2007/04/11,2007-04-11,ok,"ABILA, Kronos",96,GAStech|Government|Elodis,,,A government investigation has concluded a traffic accident involving a GAStech International vehicle and the vehicle of a family from Elodis resulting in the deaths of the four family members was the result of driver error on the part of...,C:/Users/17971/Desktop/HomeWork/数据可视化/MC1/MC1/News Articles/Central Bulletin/578.txt
690,News Online Today,News Online Today,aggregator,TRAFFIC ACCIDENT NEAR ELODIS,,2007/04/11,2007-04-11,ok,"ABILA, Kronos",43,GAStech|Government|Elodis,,,A government investigation has concluded a traffic accident involving a GAStech International vehicle and the vehicle of a family from Elodis resulting in the deaths of the four family members was the result of driver error on the part of...,C:/Users/17971/Desktop/HomeWork/数据可视化/MC1/MC1/News Articles/News Online Today/690.txt
241,News Desk,News Desk,aggregator,THE ACCIDENT OF THE MOVEMENT NEAR ELODIS,,2007/04/12,2007-04-12,ok,"ABILA, Kronos",139,GAStech|Government|Elodis|Abila,,,A government research has decided a traffic accident that an international vehicle involves GAStech and the vehicle of a family of Elodis which was in the sterfgevallen of the four family members the result of drivers wrong results on...,C:/Users/17971/Desktop/HomeWork/数据可视化/MC1/MC1/News Articles/News Desk/241.txt
168,Kronos Star,Kronos Star,primary_local,POK Protest at GAStech Headquarters Ends in Arrests,Marcella Trapani,18 February 2009,2009-02-18,ok,"ABILA, Kronos",245,GAStech|POK|Government|Elian Karel|President Kapelou|Elodis|Abila,environment|protest|business|security,1|2|3,Dozens of protesters attending a Protectors of Kronos (POK) rally in front of the GAStech regional headquarters in Abila were arrested for trespassing this morning. The POK rally was intended to draw attention to their claims of...,C:/Users/17971/Desktop/HomeWork/数据可视化/MC1/MC1/News Articles/Kronos Star/168.txt
742,International News,International News,derivative_international,POK Protest at GAStech Headquarters Ends in Arrests,,2009/02/18,2009-02-18,ok,"ABILA, Kronos",171,GAStech|POK|Government|Abila,environment|protest|business|security,1|2|3,Dozens of protesters attending a Protectors of Kronos (POK) rally in front of the GAStech regional headquarters in Abila were arrested for trespassing this morning. The POK rally was intended to draw attention to their claims of...,C:/Users/17971/Desktop/HomeWork/数据可视化/MC1/MC1/News Articles/International News/742.txt
165,The Truth,The Truth,derivative_international,Protest POK on GAStech Headquarters in arrests,,2009/02/19,2009-02-19,ok,"ABILA, Kronos",246,GAStech|POK|Government|Elian Karel|President Kapelou|Elodis|Abila,environment|protest|business|security,1|2|3,Dozens protesters which guards of the collection Kronos (POK) attend for the regional GAStech headquarters in Abila arrested this morning. The collection POK had been meant the attention on their requirements of environment damage which is...,C:/Users/17971/Desktop/HomeWork/数据可视化/MC1/MC1/News Articles/The Truth/165.txt
335,News Online Today,News Online Today,aggregator,POK Protest at GAStech Headquarters Ends in Arrests,,2009/02/19,2009-02-19,ok,"ABILA, Kronos",86,GAStech|POK|Government|Abila,environment|protest|security,2|3,Dozens of protesters attending a Protectors of Kronos (POK) rally in front of the GAStech regional headquarters in Abila were arrested for trespassing this morning. The POK rally was intended to draw attention to their claims of...,C:/Users/17971/Desktop/HomeWork/数据可视化/MC1/MC1/News Articles/News Online Today/335.txt
476,News Online Today,News Online Today,aggregator,GASTECH HEADQUARTERS BLOCKED BY POK,,2009/02/19,2009-02-19,ok,"ABILA, Kronos",56,GAStech|POK,environment|protest|business|security,1|2|3,A POK rally designed to bring attention to claims of environmental damage have done more damage to their image. The rally outside of GAStech International's headquarters resulted in multiple arrests for trespassing. Ten of the protestors...,C:/Users/17971/Desktop/HomeWork/数据可视化/MC1/MC1/News Articles/News Online Today/476.txt
565,Central Bulletin,Central Bulletin,primary_local,GASTECH HEADQUARTERS BLOCKED BY POK,,2009/02/19,2009-02-19,ok,"ABILA, Kronos",145,GAStech|POK,environment|protest|business|security,1|2|3,A POK rally designed to bring attention to claims of environmental damage have done more damage to their image. The rally outside of GAStech International's headquarters resulted in multiple arrests for trespassing. About two hundred...,C:/Users/17971/Desktop/HomeWork/数据可视化/MC1/MC1/News Articles/Central Bulletin/565.txt
807,The Abila Post,The Abila Post,primary_local,GASTECH HEADQUARTERS BLOCKED BY POK,,19 February 2009,2009-02-19,ok,"ABILA, Kronos",201,GAStech|POK|Government,environment|protest|business|security,1|2|3,A POK rally designed to bring attention to claims of environmental damage have done more damage to their image. The rally outside of GAStech International's headquarters resulted in multiple arrests for trespassing. About two hundred...,C:/Users/17971/Desktop/HomeWork/数据可视化/MC1/MC1/News Articles/The Abila Post/807.txt
837,The Guide,The Guide,derivative_international,The protest of POK in GAStech establishes headquarters of ends in haltings,,2009/02/19,2009-02-19,ok,"ABILA, Kronos",281,GAStech|POK|Government|Elian Karel|President Kapelou|Elodis|Abila,environment|protest|business|security,1|2|3,The protectors of Kronos (POK) met in front of the district headquarterses of GAStech in Abila arrested to the dozens of demonstrators taking care of to violate this morning. The POK meeting was thought to draw the attention to its demands...,C:/Users/17971/Desktop/HomeWork/数据可视化/MC1/MC1/News Articles/The Guide/837.txt
340,The Explainer,The Explainer,derivative_international,HEADQUARTERS OF GASTECH BLOCKED BY POK,,2009/02/20,2009-02-20,ok,"ABILA, Kronos",237,GAStech|POK|Government,environment|protest|business|security,1|2|3,A designed meeting of POK to bring the attention to the demands of the environmental damage has made more damage to its image. The meeting outside the international headquarters of GAStech gave rise to the multiple haltings to violate....,C:/Users/17971/Desktop/HomeWork/数据可视化/MC1/MC1/News Articles/The Explainer/340.txt
808,Worldwise,Worldwise,derivative_international,The protest of POK at GAStech sits of the ends in the arrests,,2009/02/20,2009-02-20,ok,"ABILA, Kronos",272,GAStech|POK|Government|Elian Karel|President Kapelou|Elodis|Abila,environment|protest|business|security,1|2|3,Dozen protesters being present guards of gathering of Kronos (POK) in front of the regional registered offices of GAStech in Abila was stopped for enfreindre this morning. The gathering of POK was designed to call the attention to their...,C:/Users/17971/Desktop/HomeWork/数据可视化/MC1/MC1/News Articles/Worldwise/808.txt
141,Athena Speaks,Athena Speaks,primary_local,REGISTERED OFFICES OF GASTECH BLOCKED BY POK,,2009/02/21,2009-02-21,ok,"ABILA, Kronos",225,GAStech|POK|Government,environment|protest|business|security,1|2|3,A gathering of POK conceived to give the attention to the complaints of the environmental damage made more damage. The gathering apart from international registered offices of GAStech had like consequence of the multiple arrests for the...,C:/Users/17971/Desktop/HomeWork/数据可视化/MC1/MC1/News Articles/Athena Speaks/141.txt
146,News Desk,News Desk,aggregator,GASTECH HOOFDKWARTIER THAT POK ARE BLOCKED,,2009/02/21,2009-02-21,ok,"ABILA, Kronos",205,GAStech|POK|Government,environment|protest|business|security,1|2|3,A collection POK which is devised has caused to bring attention to requirements of environment damage more damage to their picture. The collection outside international headquarters GAStech resulted in multiple arrests for violating....,C:/Users/17971/Desktop/HomeWork/数据可视化/MC1/MC1/News Articles/News Desk/146.txt
675,The Light of Truth,The Light of Truth,derivative_international,SANJORGE JR CONDEMNS POK LIKE TERRORISTS,,2009/02/21,2009-02-21,ok,"CENTRUM, Tethys",305,GAStech|POK|Government|Sten Sanjorge,environment|protest|business,1|2|3,"An official report released by Sten Sanjorge Jr., president and CEO of international GASTech, condemns the guards of Kronos as ""illegitimate"" and organization of ""terrorists"". The report came in response to the gathering from the protest...",C:/Users/17971/Desktop/HomeWork/数据可视化/MC1/MC1/News Articles/The Light of Truth/675.txt
716,Who What News,Who What News,derivative_international,SANJORGE JR CONDEMNS POK AS TERRORISTS,,2009/02/21,2009-02-21,ok,"CENTRUM, Tethys",202,GAStech|POK|Government|Sten Sanjorge,environment|protest,2|3,"An official statement released by Sten Sanjorge, Jr. President and CEO of GASTech International, condemns the Protectors of Kronos as both an ""illegitimate"" and a ""terrorist"" organization. The statement came in response to a Wednesday's...",C:/Users/17971/Desktop/HomeWork/数据可视化/MC1/MC1/News Articles/Who What News/716.txt
23,The General Post,The General Post,primary_local,SANJORGE JR CONDEMNS POK LIKE TERRORISTS,,2009/02/22,2009-02-22,ok,"CENTRUM, Tethys",317,GAStech|POK|Government|Sten Sanjorge,environment|protest|business|security,1|2|3,"An official declaration sent by Sten Sanjorge, president of the Jr and the CEO of international GASTech, condemns the protectors of Kronos like ""ilegítimate"" and organization of the ""terrorist"". The declaration came in answer to the...",C:/Users/17971/Desktop/HomeWork/数据可视化/MC1/MC1/News Articles/The General Post/23.txt
514,International Times,International Times,derivative_international,Kronos's Protectors of Kronos declared 'terrorist group',,22 February 2009,2009-02-22,ok,,311,POK|Government|Abila|Tethys,environment|protest|security,2|3,<<Deleted image: POK has held numerous demonstrations in Kronos's capital of Abila>> Continue reading the main story The government of Kronos has declared the Protectors of Kronos a terrorist group after blaming it for a deadly attack on...,C:/Users/17971/Desktop/HomeWork/数据可视化/MC1/MC1/News Articles/International Times/514.txt
529,The Tulip,The Tulip,derivative_international,SANJORGE JR CONDEMN POK AS TERRORISTS,,2009/02/22,2009-02-22,ok,"CENTRUM, Tethys",288,GAStech|POK|Government|Sten Sanjorge,environment|protest|business|security,1|2|3,"An official declaration which by Sten Sanjorge Jr., the international President and CEO of GASTech are released, condemn the guards of Kronos as both illegitimate and terrorists organization. The declaration passed GAStech in reply to the...",C:/Users/17971/Desktop/HomeWork/数据可视化/MC1/MC1/News Articles/The Tulip/529.txt
201,Everyday News,Everyday News,primary_local,"The protectors of Kronos de Kronos declared ""group of the terrorist""",,2009/02/23,2009-02-23,ok,,363,POK|Government|Abila|Tethys,environment|protest|security,2|3,<<Deleted image: POK has celebrated numerous demonstrations in the capital of Kronos de Abila>> To continue reading main history The government of Kronos has declared the protectors of Kronos that a terrorist groups after blaming it by a...,C:/Users/17971/Desktop/HomeWork/数据可视化/MC1/MC1/News Articles/Everyday News/201.txt
36,The Continent,The Continent,derivative_international,The guards of Kronos van Kronos explained terrorist group,,2009/02/23,2009-02-23,ok,,344,POK|Government|Abila|Tethys,environment|protest|security,2|3,<<Deleted picture: POK many demonstrations in the capital of Kronos van Abila>> have kept Most important tale remains the reading The government of Kronos has explained the guards of Kronos a terrorist after in former days accusing of a...,C:/Users/17971/Desktop/HomeWork/数据可视化/MC1/MC1/News Articles/The Continent/36.txt
631,News Online Today,News Online Today,aggregator,Kronos's Protectors of Kronos declared 'terrorist group',,2009/02/23,2009-02-23,ok,,89,POK|Government|Abila,protest|security,3,<<Deleted image: POK has held numerous demonstrations in Kronos's capital of Abila>> Continue reading the main story The government of Kronos has declared the Protectors of Kronos a terrorist group after blaming it for a deadly attack on...,C:/Users/17971/Desktop/HomeWork/数据可视化/MC1/MC1/News Articles/News Online Today/631.txt
643,World Source,World Source,derivative_international,Kronos's Protectors of Kronos declared 'terrorist group',,2009/02/23,2009-02-23,ok,,218,POK|Government|Abila,environment|protest|security,2|3,<<Deleted image: POK has held numerous demonstrations in Kronos's capital of Abila>> Continue reading the main story The government of Kronos has declared the Protectors of Kronos a terrorist group after blaming it for a deadly attack on...,C:/Users/17971/Desktop/HomeWork/数据可视化/MC1/MC1/News Articles/World Source/643.txt
646,World Journal,World Journal,derivative_international,"The guards of Kronos de Kronos declared the ""group of terrorist""",,2009/02/23,2009-02-23,ok,,355,POK|Government|Abila|Tethys,environment|protest|security,2|3,<<Deleted the image: POK held of many demonstrations in the capital of Kronos d' Abila>> To continue to read the principal history The government of Kronos declared the guards of Kronos which a terrorist earlier group after having blamed...,C:/Users/17971/Desktop/HomeWork/数据可视化/MC1/MC1/News Articles/World Journal/646.txt
743,Homeland Illumination,Homeland Illumination,primary_local,POK RALLY DRAWS THOUSANDS OF SUPPORTERS,Petrus Gerhard,7 March 2009,2009-03-07,ok,"ABILA, Kronos",380,GAStech|POK|Government|Elian Karel|Henk Bodrogi|Abila,environment|protest|business,1|2|3,"Thousands of protesters carrying banners reading ""Remember Juliana!"" and chanting ""We want truth!"" rallied in front of the Kronos government offices Saturday morning. Protesters were demanding an accounting of the government revenues from...",C:/Users/17971/Desktop/HomeWork/数据可视化/MC1/MC1/News Articles/Homeland Illumination/743.txt
447,News Online Today,News Online Today,aggregator,POK RALLY DRAWS THOUSANDS OF SUPPORTERS,,2009/03/08,2009-03-08,ok,"ABILA, Kronos",108,POK|Government|Henk Bodrogi,protest|business,1|2|3,"Thousands of protesters carrying banners reading ""Remember Juliana!"" rallied in front of the Kronos government offices Saturday morning. She has become the heart-rending icon of a movement that has gained support from one end of Kronos to...",C:/Users/17971/Desktop/HomeWork/数据可视化/MC1/MC1/News Articles/News Online Today/447.txt
217,The Wrap,The Wrap,derivative_international,THE COLLECTION POK DRAWS THOUSANDS OF PROTESTERS,,2009/03/09,2009-03-09,ok,"ABILA, Kronos",400,GAStech|POK|Government|Elian Karel|Henk Bodrogi|Abila,protest|business,1|2|3,Thousands of protesters which carry banners that read remind Juliana! and chanting we want truth! collected for the Kronos government offices Saturday morning. Protesters required an accountancy of the government turnovers of then the tax...,C:/Users/17971/Desktop/HomeWork/数据可视化/MC1/MC1/News Articles/The Wrap/217.txt
51,Daily Pegasus,Daily Pegasus,primary_local,THE POK MEETING DRAWS THOUSANDS OF THOSE IN FAVOR,,2009/03/09,2009-03-09,ok,"ABILA, Kronos",437,GAStech|POK|Government|Elian Karel|Henk Bodrogi|Abila,environment|protest|business,1|2|3,"The thousands of demonstrators who take the flags that read ""remember Julian"" and singing ""we wished truth"" reunited in front of the morning of Saturday of the governmental offices of Kronos. The demonstrators demanded an accounting of the...",C:/Users/17971/Desktop/HomeWork/数据可视化/MC1/MC1/News Articles/Daily Pegasus/51.txt
735,The Orb,The Orb,derivative_international,THE GATHERING OF POK DRAWS THOUSANDS OF DEFENDERS,,2009/03/09,2009-03-09,ok,"ABILA, Kronos",421,GAStech|POK|Government|Elian Karel|Henk Bodrogi|Abila,protest|business,1|2|3,"The thousands of protesters carrying of the banners reading ""remember Juliana!"" and singing ""we want the truth!"" gathered in front of Kronos of government of offices Saturday morning. The protesters required an accountancy of the incomes...",C:/Users/17971/Desktop/HomeWork/数据可视化/MC1/MC1/News Articles/The Orb/735.txt
294,Homeland Illumination,Homeland Illumination,primary_local,POK LEADER KAREL ARRESTED,Petrus Gerhard,12 March 2009,2009-03-12,ok,"ABILA, Kronos",265,GAStech|POK|Government|Elian Karel|Elodis|Abila,environment|protest|business|security,1|2|3,"In another unconscionable move against the citizens of Kronos, earlier today police arrested POK leader Elian Karel on spurious tax evasion charges. He was led - manacled  from a meeting of the Protectors of Kronos in Elodis, a rural...",C:/Users/17971/Desktop/HomeWork/数据可视化/MC1/MC1/News Articles/Homeland Illumination/294.txt
398,The Abila Post,The Abila Post,primary_local,POK LEADER ARRESTED,,12 March 2009,2009-03-12,ok,"ABILA, Kronos",117,GAStech|POK|Elian Karel|Sten Sanjorge,business|security,1|3,"Elian Karel, the charismatic leader of the Protectors of Kronos, was arrested today on charges of tax evasion. Michale Kraft, Karel's lawyer, released a statement asserting that the charges leveled against his client were ""false"" and that...",C:/Users/17971/Desktop/HomeWork/数据可视化/MC1/MC1/News Articles/The Abila Post/398.txt
437,Homeland Illumination,Homeland Illumination,primary_local,POK LEADER KAREL ARRESTED,Petrus Gerhard,12 March 2009,2009-03-12,ok,"ABILA, Kronos",266,GAStech|POK|Government|Elian Karel|Elodis|Abila,environment|protest|business|security,1|2|3,"In another unconscionable move against the citizens of Kronos, earlier today police arrested POK leader Elian Karel on spurious tax evasion charges. He was led - manacled - from a meeting of the Protectors of Kronos in Elodis, a rural...",C:/Users/17971/Desktop/HomeWork/数据可视化/MC1/MC1/News Articles/Homeland Illumination/437.txt
451,News Online Today,News Online Today,aggregator,Activist Leader Karel Arrested for Tax Evasion,,2009/03/12,2009-03-12,ok,"ABILA, Kronos",43,Elian Karel,business|security,1,"Kronos police arrested Elian Karel today on charges of tax evasion. Karel's lawyer, Michale Kraft, released a statement declaring that the charges against his client were false and that he hoped to have Karel released from police custody...",C:/Users/17971/Desktop/HomeWork/数据可视化/MC1/MC1/News Articles/News Online Today/451.txt
683,All News Today,All News Today,aggregator,POK LEADER KAREL ARRESTED,,2009/03/12,2009-03-12,ok,"ABILA, Kronos",179,GAStech|POK|Government|Elian Karel|Elodis,environment|protest|business|security,1|2|3,"In another unconscionable move against the citizens of Kronos, earlier today police arrested POK leader Elian Karel on spurious tax evasion charges. Demonstrating his trademark humor, Karel lifted his wrists and joked to his supporters as...",C:/Users/17971/Desktop/HomeWork/数据可视化/MC1/MC1/News Articles/All News Today/683.txt
820,Kronos Star,Kronos Star,primary_local,Activist Leader Karel Arrested for Tax Evasion,Marcella Trapani,12 March 2009,2009-03-12,ok,"ABILA, Kronos",145,POK|Elian Karel,business|security,1|3,"Kronos police arrested Elian Karel today on charges of tax evasion. Karel, the leader of the activist group ""Protectors of Kronos"", was conducting a meeting with his supporters when he was arrested. Karel tried to make light of the...",C:/Users/17971/Desktop/HomeWork/数据可视化/MC1/MC1/News Articles/Kronos Star/820.txt
836,International News,International News,derivative_international,Activist Leader Karel Arrested for Tax Evasion,,2009/03/12,2009-03-12,ok,"ABILA, Kronos",98,POK|Elian Karel,business|security,1|3,"Kronos police arrested Elian Karel today on charges of tax evasion. Karel, the leader of the activist group ""Protectors of Kronos"", was conducting a meeting with his supporters when he was arrested. Karel's lawyer, Michale Kraft, released...",C:/Users/17971/Desktop/HomeWork/数据可视化/MC1/MC1/News Articles/International News/836.txt
157,Daily Pegasus,Daily Pegasus,primary_local,ARRESTED LEADER KAREL OF POK,,2009/03/13,2009-03-13,ok,"ABILA, Kronos",299,GAStech|POK|Government|Elian Karel|Elodis|Abila,environment|protest|security,2|3,"In another unconscionable movement against the citizens of Kronos, the previous police of today arrested leader Elian Karel of POK in false loads of the fiscal evasion. They lead him - manacled - of a meeting of the protectors of Kronos in...",C:/Users/17971/Desktop/HomeWork/数据可视化/MC1/MC1/News Articles/Daily Pegasus/157.txt
19,News Desk,News Desk,aggregator,ARRESTED LEADER POK,,2009/03/13,2009-03-13,ok,"ABILA, Kronos",130,GAStech|POK|Elian Karel|Sten Sanjorge|Abila,business|security,1|3,"ABILA, Kronos - Elian Karel, the charismatic LEADER of the guards of Kronos, was arrested today on charges of tax evaluation. Michale Kraft, the lawyer of Karel, released a declaration claiming that the charges which are levelled against...",C:/Users/17971/Desktop/HomeWork/数据可视化/MC1/MC1/News Articles/News Desk/19.txt
229,The Guide,The Guide,derivative_international,Karel leader of the activist arrested for the fiscal evasion,,2009/03/13,2009-03-13,ok,"ABILA, Kronos",163,Elian Karel,security,,"The police of Kronos arrested Elian Karel for fiscal evasion today. Karel, the protective leader of the group ""of the activist of Kronos"", lead a meeting with its those in favor they arrested when it. Karel tried to make the light of the...",C:/Users/17971/Desktop/HomeWork/数据可视化/MC1/MC1/News Articles/The Guide/229.txt
505,News Online Today,News Online Today,aggregator,POK LEADER ARRESTED,,2009/03/13,2009-03-13,ok,"ABILA, Kronos",52,POK|Elian Karel,business|security,1|3,"Elian Karel, the charismatic leader of the Protectors of Kronos, was arrested today on charges of tax evasion. Michale Kraft, Karel's lawyer, released a statement asserting that the charges leveled against his client were ""false"" and that...",C:/Users/17971/Desktop/HomeWork/数据可视化/MC1/MC1/News Articles/News Online Today/505.txt
577,News Online Today,News Online Today,aggregator,POK LEADER KAREL ARRESTED,,2009/03/13,2009-03-13,ok,"ABILA, Kronos",125,POK|Government|Elian Karel|Elodis,environment|protest|business|security,1|2|3,"In another unconscionable move against the citizens of Kronos, earlier today police arrested POK leader Elian Karel on spurious tax evasion charges. Demonstrating his trademark humor, Karel lifted his wrists and joked to his supporters as...",C:/Users/17971/Desktop/HomeWork/数据可视化/MC1/MC1/News Articles/News Online Today/577.txt
667,The Explainer,The Explainer,derivative_international,ARRESTED LEADER OF POK,,2009/03/13,2009-03-13,ok,"ABILA, Kronos",136,GAStech|POK|Elian Karel|Sten Sanjorge,security,3,"Elian Karel, the charismatic leader of the protectors of Kronos, was arrested today in loads of fiscal evasion. Michale Kraft, lawyer of Karel, sent a declaration affirming that the loads made level against their client were ""false"" and...",C:/Users/17971/Desktop/HomeWork/数据可视化/MC1/MC1/News Articles/The Explainer/667.txt
788,The Wrap,The Wrap,derivative_international,POK THE LEADER ARRESTED KAREL,,2009/03/13,2009-03-13,ok,"ABILA, Kronos",262,GAStech|POK|Government|Elian Karel|Elodis|Abila,business|security,1|3,"In another unconscionable movement against the former citizens of Kronos, check POK today arrested LEADER Elian Karel on unauthentic tax evasion charges. He was conducted - manacled - of a meeting of the guards of Kronos in Elodis, a rural...",C:/Users/17971/Desktop/HomeWork/数据可视化/MC1/MC1/News Articles/The Wrap/788.txt
798,Central Bulletin,Central Bulletin,primary_local,POK LEADER ARRESTED,,2009/03/13,2009-03-13,ok,"ABILA, Kronos",95,GAStech|POK|Elian Karel,business|security,1|3,"Elian Karel, the charismatic leader of the Protectors of Kronos, was arrested today on charges of tax evasion. Michale Kraft, Karel's lawyer, released a statement asserting that the charges leveled against his client were ""false"" and that...",C:/Users/17971/Desktop/HomeWork/数据可视化/MC1/MC1/News Articles/Central Bulletin/798.txt
815,Worldwise,Worldwise,derivative_international,The Karel Chief of activist stopped for tax avoidance,,2009/03/13,2009-03-13,ok,"ABILA, Kronos",159,Elian Karel,business|security|legal,1,"The police force of Kronos stopped Elian Karel today on expenses of tax avoidance. Karel, the chief of the group ""guards of activist of Kronos"", led a meeting with its defenders when it was stopped. Karel tried to make the light of the...",C:/Users/17971/Desktop/HomeWork/数据可视化/MC1/MC1/News Articles/Worldwise/815.txt
354,Athena Speaks,Athena Speaks,primary_local,THE CHIEF OF STOPPED POK,,2009/03/14,2009-03-14,ok,"ABILA, Kronos",135,GAStech|POK,business|security|legal,1|3,"Elan Carol, the charismatic chief of the guards of Kronos, was stopped today on expenses of tax avoidance. Michale Kraft, the lawyer of Carol, released a report/ratio affirming that the expenses levelled against its customer were ""false""...",C:/Users/17971/Desktop/HomeWork/数据可视化/MC1/MC1/News Articles/Athena Speaks/354.txt
455,The Orb,The Orb,derivative_international,CHIEF KAREL OF POK STOPPED,,2009/03/14,2009-03-14,ok,"ABILA, Kronos",289,GAStech|POK|Government|Elian Karel|Elodis|Abila,business|security|legal,1|3,"In another unjust movement against the citizens of Kronos, a police force earlier of today stopped the Chief of POK Elian Karel on incidental expense of tax avoidance. He was carried out - manacled - starting from a meeting of the guards...",C:/Users/17971/Desktop/HomeWork/数据可视化/MC1/MC1/News Articles/The Orb/455.txt
561,The Truth,The Truth,derivative_international,The LEADER Karel Arrested of the activist for tax evasion,,2009/03/14,2009-03-14,ok,"ABILA, Kronos",153,Elian Karel,business|security,1,"The police force Kronos arrested today Elian Karel on charges of tax evasion. Karel, the LEADER of the activist group guards Kronos, led a meeting with its defenders then he were arrested. Karel tried slightly of the situation make, but...",C:/Users/17971/Desktop/HomeWork/数据可视化/MC1/MC1/News Articles/The Truth/561.txt
195,The World,The World,derivative_international,GASTECH ADOPTS NEW LOGO,,15 May 2009,2009-05-15,ok,"CENTRUM, Tethys",264,GAStech|Government|Sten Sanjorge|Abila,environment|protest|security,2|3,"With great fanfare GAStech International's President and CEO Sten Sanjorge, Jr. revealed the company's new logo, part of the company's rebranding process. During the press conference Sanjorge, Jr. spoke of the new logo - a tri-part blue...",C:/Users/17971/Desktop/HomeWork/数据可视化/MC1/MC1/News Articles/The World/195.txt
422,Who What News,Who What News,derivative_international,GASTECH ADOPTS NEW LOGO,,2009/05/16,2009-05-16,ok,"CENTRUM, Tethys",183,GAStech|Government|Sten Sanjorge|Abila,environment|protest|security,2|3,"With great fanfare GAStech International's President and CEO Sten Sanjorge, Jr. spoke of the new logo - a tri-part blue flame - that is reminiscent of a leaf to ""help position GAStech and its products as a clean fuel alternative."" He also...",C:/Users/17971/Desktop/HomeWork/数据可视化/MC1/MC1/News Articles/Who What News/422.txt
65,News Online Today,News Online Today,aggregator,GASTECH ADOPTS NEW LOGO,,2009/05/16,2009-05-16,ok,"CENTRUM, Tethys",87,GAStech|Sten Sanjorge,protest|security,3,"With great fanfare GAStech International's President and CEO Sten Sanjorge, Jr. spoke of the new logo - a tri-part blue flame - that is reminiscent of a leaf to ""help position GAStech and its products as a clean fuel alternative."" This...",C:/Users/17971/Desktop/HomeWork/数据可视化/MC1/MC1/News Articles/News Online Today/65.txt
810,The Tulip,The Tulip,derivative_international,GASTECH APPROVE NEW EMBLEM,,2009/05/16,2009-05-16,ok,"CENTRUM, Tethys",277,GAStech|Government|Sten Sanjorge|Abila,environment|protest|security,2|3,"With large fanfare international President and CEO Sten Sanjorge Jr. of GAStech, revealed the new emblem of the company, a part of the rebranding process of the company. During the press conference Sanjorge Jr. spoke of the new emblem -...",C:/Users/17971/Desktop/HomeWork/数据可视化/MC1/MC1/News Articles/The Tulip/810.txt
560,The Light of Truth,The Light of Truth,derivative_international,GASTECH ADOPTS NEW LOGO,,2009/05/17,2009-05-17,ok,"CENTRUM, Tethys",294,GAStech|Government|Sten Sanjorge|Abila,environment|protest|security,2|3,"With international president and CEO Sten Sanjorge Jr. of GAStech and a large brass band, the new logo of the company indicated, part of the process rebranding of the company. During the press conference, Sten Sanjorge Jr. said the new...",C:/Users/17971/Desktop/HomeWork/数据可视化/MC1/MC1/News Articles/The Light of Truth/560.txt
826,The General Post,The General Post,primary_local,GASTECH ADOPTS NEW STANDARD,,2009/05/17,2009-05-17,ok,"CENTRUM, Tethys",304,GAStech|Government|Sten Sanjorge|Abila,environment|protest,2|3,"International president and CEO Sten Sanjorge Jr., with great fanfare, revealed the new standard of the company, leaves from the process rebranding of the company. During the press conference Sanjorge, ray of the new standard - a blue...",C:/Users/17971/Desktop/HomeWork/数据可视化/MC1/MC1/News Articles/The General Post/826.txt
73,Homeland Illumination,Homeland Illumination,primary_local,ELIAN KAREL DEAD IN KRONOS JAIL,Petrus Gerhard,19 June 2009,2009-06-19,ok,"ABILA, Kronos",264,GAStech|POK|Elian Karel|Elodis|Abila,protest|business|security|legal,1|2|3,"Elian Karel, age 28, died Friday while unlawfully incarcerated at the Abila City Prison. Karel was being held on fraudulent tax evasion charges after his arrest on March 12 earlier this year. His attorney, Michale Kraft made the...",C:/Users/17971/Desktop/HomeWork/数据可视化/MC1/MC1/News Articles/Homeland Illumination/73.txt
185,The Abila Post,The Abila Post,primary_local,SPONTANEOUS PROTESTS ERUPT AROUND ABILA,,20 June 2009,2009-06-20,ok,"ABILA, Kronos",180,POK|Government|Elian Karel|Elodis|Abila,environment|protest|business|security,1|2|3,"Protests erupted around the Kronos government buildings, downtown, and elsewhere around Abila eventually escalating into riots and violence. The activists are protesting the death yesterday of Elian Karel, a Protector of Kronos (POK)...",C:/Users/17971/Desktop/HomeWork/数据可视化/MC1/MC1/News Articles/The Abila Post/185.txt
445,The Wrap,The Wrap,derivative_international,ELIAN KAREL DEAD IN PRISON KRONOS,,2009/06/20,2009-06-20,ok,"ABILA, Kronos",272,GAStech|POK|Elian Karel|Elodis|Abila,protest|business|security|legal,1|2|3,"Elian Karel, age 28, died Friday whereas illegitimate incarcerated at the prison of the city Abila. Karel were in former days kept on the year on fraudulent tax avoidance charges after its arrest on 12 March. Its solicitor, Michale Kraft...",C:/Users/17971/Desktop/HomeWork/数据可视化/MC1/MC1/News Articles/The Wrap/445.txt
554,All News Today,All News Today,aggregator,ELIAN KAREL DEAD IN KRONOS JAIL,,2009/06/20,2009-06-20,ok,"ABILA, Kronos",198,GAStech|POK|Elian Karel|Elodis|Abila,protest|business|security|legal,1|2|3,"Elian Karel, age 28, died Friday while unlawfully incarcerated at the Abila City Prison. A Protectors of Kronos official made the following statment: ""Karel was being held on fraudulent tax evasion charges after his arrest on March 12...",C:/Users/17971/Desktop/HomeWork/数据可视化/MC1/MC1/News Articles/All News Today/554.txt
623,Kronos Star,Kronos Star,primary_local,Protest Turns Violent in Abila,Marcella Trapani,20 June 2009,2009-06-20,ok,"ABILA, Kronos",186,POK|Government|Elian Karel|President Kapelou|Abila,protest|business|security,1|3,"A rally of hundreds of protestors allied with the ""Protectors of Kronos"" movement turned to violence today as angry activists vented their displeasure on the innocent citizens of Abila after hearing the news of POK leader Elian Karel's...",C:/Users/17971/Desktop/HomeWork/数据可视化/MC1/MC1/News Articles/Kronos Star/623.txt
95,News Online Today,News Online Today,aggregator,ELIAN KAREL DEAD IN KRONOS JAIL,,2009/06/20,2009-06-20,ok,"ABILA, Kronos",76,POK|Elian Karel|Abila,security,3,"Elian Karel, age 28, died Friday while unlawfully incarcerated at the Abila City Prison. He was expecting to be released in the next few days and return to his work with the Protectors of Kronos, and was excited to continue the Protectors...",C:/Users/17971/Desktop/HomeWork/数据可视化/MC1/MC1/News Articles/News Online Today/95.txt
14,News Online Today,News Online Today,aggregator,Protest Turns Violent in Abila,,2009/06/21,2009-06-21,ok,"ABILA, Kronos",72,POK|Elian Karel|Abila,protest,3,"A rally of hundreds of protestors allied with the ""Protectors of Kronos"" movement turned to violence today as angry activists vented their displeasure on the innocent citizens of Abila after hearing the news of POK leader Elian Karel's...",C:/Users/17971/Desktop/HomeWork/数据可视化/MC1/MC1/News Articles/News Online Today/14.txt
162,The Guide,The Guide,derivative_international,The protest gives violent return in Abila,,2009/06/21,2009-06-21,ok,"ABILA, Kronos",220,POK|Government|Elian Karel|President Kapelou|Abila,protest|security,3,"A meeting of hundreds of protestors allied with ""protectors the movement of Kronos"" given return to the violence today as the angry activists expressed their displeasure in the innocent citizens of Abila after hearing the news of the death...",C:/Users/17971/Desktop/HomeWork/数据可视化/MC1/MC1/News Articles/The Guide/162.txt
191,Athena Speaks,Athena Speaks,primary_local,THE SPONTANEOUS PROTESTS BURST AROUND ABILA,,2009/06/21,2009-06-21,ok,"ABILA, Kronos",208,POK|Government|Elodis|Abila,environment|protest|business|legal,1|2|3,"the protests burst around the buildings of government of Kronos, the center town, and elsewhere around Abila climbing thereafter in riots and violence. The activists protest yesterday the death of Elan Carol, a guard of activist of Kronos...",C:/Users/17971/Desktop/HomeWork/数据可视化/MC1/MC1/News Articles/Athena Speaks/191.txt
20,The Truth,The Truth,derivative_international,Protest becomes violent in Abila,,2009/06/21,2009-06-21,ok,"ABILA, Kronos",189,POK|Government|Elian Karel|President Kapelou|Abila,protest|business|security,1|3,A collection of hundreds of protestors which is united with the guards of movement Kronos which is twisted today to violence since the angry activists their dissatisfaction on the innocent citizens of Abila after hearing the news of POK...,C:/Users/17971/Desktop/HomeWork/数据可视化/MC1/MC1/News Articles/The Truth/20.txt
204,News Online Today,News Online Today,aggregator,SPONTANEOUS PROTESTS ERUPT AROUND ABILA,,2009/06/21,2009-06-21,ok,"ABILA, Kronos",59,Government|Elian Karel|Elodis|Abila,environment|protest,2|3,"Protests erupted around the Kronos government buildings, downtown, and elsewhere around Abila eventually escalating into riots and violence. A unifying theme of the protesters was the chanted slogans including ""Justice for Elian"" in...",C:/Users/17971/Desktop/HomeWork/数据可视化/MC1/MC1/News Articles/News Online Today/204.txt
269,Daily Pegasus,Daily Pegasus,primary_local,ELIAN KAREL DIED IN KRONOS JAIL,,2009/06/21,2009-06-21,ok,"ABILA, Kronos",289,GAStech|POK|Elian Karel|Elodis|Abila,environment|protest|security|legal,2|3,"Elian Karel, age 28, died Friday whereas incarcerated illegally in the prison of the city of Abila. Karel was jailed in fraudulent charges of the fiscal evasion after its halting the 12 of March earlier this year. His lawyer, Michale Kraft...",C:/Users/17971/Desktop/HomeWork/数据可视化/MC1/MC1/News Articles/Daily Pegasus/269.txt
309,Worldwise,Worldwise,derivative_international,The protest turns violent one in Abila,,2009/06/21,2009-06-21,ok,"ABILA, Kronos",207,POK|Government|Elian Karel|President Kapelou|Abila,protest|business|security|legal,1|3,"A gathering of the hundreds of protestateurs combined with ""guards the movement of Kronos"" turned to violence today as the annoyed activists exhaled their dissatisfaction on the innocent citizens with Abila after having heard the news of...",C:/Users/17971/Desktop/HomeWork/数据可视化/MC1/MC1/News Articles/Worldwise/309.txt
357,The Orb,The Orb,derivative_international,ELIAN KAREL DIED IN PRISON OF KRONOS,,2009/06/21,2009-06-21,ok,"ABILA, Kronos",280,GAStech|POK|Elian Karel|Elodis|Abila,protest|business|security|legal,1|2|3,"Elian Karel, age 28, died Friday while illegally imprisoned with the prison of town of Abila. Karel was held on the fraudulent expenses of tax avoidance after its arrest on March 12 earlier this year. Its agent, Michale Kraft made the...",C:/Users/17971/Desktop/HomeWork/数据可视化/MC1/MC1/News Articles/The Orb/357.txt
454,News Online Today,News Online Today,aggregator,LEADERSHIP CHANGE FOR POK,,21 June 2009,2009-06-21,ok,"ABILA, Kronos",30,POK|Elian Karel,security,3,"Following the unexpected death of Elian Karel, Silvia Marek has taken over the leadership role of the Protectors of Kronos. Elian Karel died while in police custody on 19 June.",C:/Users/17971/Desktop/HomeWork/数据可视化/MC1/MC1/News Articles/News Online Today/454.txt
745,Central Bulletin,Central Bulletin,primary_local,SPONTANEOUS PROTESTS ERUPT AROUND ABILA,,2009/06/21,2009-06-21,ok,"ABILA, Kronos",131,POK|Government|Elian Karel|Elodis|Abila,environment|protest|business|security,1|2|3,"Protests erupted around the Kronos government buildings, downtown, and elsewhere around Abila eventually escalating into riots and violence. The activists are protesting the death yesterday of Elian Karel, a Protector of Kronos (POK)...",C:/Users/17971/Desktop/HomeWork/数据可视化/MC1/MC1/News Articles/Central Bulletin/745.txt
801,News Desk,News Desk,aggregator,THE SPONTANEOUS PROTESTS BURST ROUND ABILA SEPARATELY,,2009/06/21,2009-06-21,ok,"ABILA, Kronos",189,POK|Government|Elian Karel|Elodis|Abila,environment|protest|business|security,1|2|3,"The protests burst around the Kronos government bldg. separately, the city in, and elsewhere round Abila which babbles eventually in and violence increase. The activists protest death yesterday of Elian Karel, a guard of the activist...",C:/Users/17971/Desktop/HomeWork/数据可视化/MC1/MC1/News Articles/News Desk/801.txt
155,News Online Today,News Online Today,aggregator,Profile:  Elian Karel,,2009/06/22,2009-06-22,ok,,93,GAStech|POK|Government|Elian Karel|Abila,protest|security,2|3,"<<deleted image of Elian Karel speaking at a rally in Abila>> Voice of protest for some, popularist demagogue for others, Protectors of Kronos leader Elian Karel became a martyr and a rallying point for some; Resurrecting the embers of the...",C:/Users/17971/Desktop/HomeWork/数据可视化/MC1/MC1/News Articles/News Online Today/155.txt
24,International Times,International Times,derivative_international,Profile:  Elian Karel,,22 June 2009,2009-06-22,ok,,305,GAStech|POK|Government|Elian Karel|Sten Sanjorge|Abila,environment|protest|security,2|3,"<<deleted image of Elian Karel speaking at a rally in Abila>> Voice of protest for some, popularist demagogue for others, Protectors of Kronos leader Elian Karel became a martyr and a rallying point for some; a figure of disdain and...",C:/Users/17971/Desktop/HomeWork/数据可视化/MC1/MC1/News Articles/International Times/24.txt
353,World Source,World Source,derivative_international,Profile:  Elian Karel,,2009/06/22,2009-06-22,ok,,221,GAStech|POK|Government|Elian Karel|Abila,environment|protest|security,2|3,"<<deleted image of Elian Karel speaking at a rally in Abila>> Voice of protest for some, popularist demagogue for others, Protectors of Kronos leader Elian Karel became a martyr and a rallying point for some; a figure of disdain and...",C:/Users/17971/Desktop/HomeWork/数据可视化/MC1/MC1/News Articles/World Source/353.txt
385,The Explainer,The Explainer,derivative_international,THE SPONTANEOUS PROTESTS ENTER ERUPTION AROUND ABILA,,2009/06/22,2009-06-22,ok,"ABILA, Kronos",217,POK|Government|Elian Karel|Elodis|Abila,environment|protest|security,2|3,"The protests entered eruption around the buildings of the government of Kronos, towards downtown, and another part around Abila that extended possible in uproars and violence. The activists are protesting the death yesterday of Elian...",C:/Users/17971/Desktop/HomeWork/数据可视化/MC1/MC1/News Articles/The Explainer/385.txt
149,World Journal,World Journal,derivative_international,Profile:  Elian Karel,,2009/06/23,2009-06-23,ok,,340,GAStech|POK|Government|Elian Karel|Sten Sanjorge|Abila,environment|protest,2|3,"<<deleted the image of Elian Karel speaking with a gathering in Abila>> The voice of the protest for some, the demagogue of popularist for others, guards of the Chief Elian Karel of Kronos became a gathering martyrdom and point for some; a...",C:/Users/17971/Desktop/HomeWork/数据可视化/MC1/MC1/News Articles/World Journal/149.txt
268,The Continent,The Continent,derivative_international,Profile:  Elian Karel,,2009/06/23,2009-06-23,ok,,319,GAStech|POK|Government|Elian Karel|Sten Sanjorge|Abila,environment|protest|security,2|3,"<<deleted picture of Elian Karel speaking at a collection in Abila>> The voice of protest what, populist demagogue became others, guards of Kronos LEADER Elian Karel a martyr and collecting point for what; a figure of contempt and the...",C:/Users/17971/Desktop/HomeWork/数据可视化/MC1/MC1/News Articles/The Continent/268.txt
387,Everyday News,Everyday News,primary_local,Profile:  Elian Karel,,2009/06/23,2009-06-23,ok,,341,GAStech|POK|Government|Elian Karel|Sten Sanjorge|Abila,environment|protest|security,2|3,"<<deleted the image of Elian Karel that spoke in a meeting in Abila>> The voice of the protest for some, demagog for others, protective of popularist of the leader Elian Karel de Kronos became martyr and a point of the meeting for some; a...",C:/Users/17971/Desktop/HomeWork/数据可视化/MC1/MC1/News Articles/Everyday News/387.txt
566,News Online Today,News Online Today,aggregator,NO PROGRESS ON INVESTIGATION OF POK LEADER DEATH,,12 August 2009,2009-08-12,ok,"ABILA, Kronos",72,POK|Elian Karel,security,3,When the official coroners report was released last month about the death of POK leader Elian Karel there was no mention of the wounds observed on Karels body by eyewitnesses. The official cause of death is sudden cardiac arrest. It...,C:/Users/17971/Desktop/HomeWork/数据可视化/MC1/MC1/News Articles/News Online Today/566.txt
180,World Journal,World Journal,derivative_international,The race of boat stopped before starting,,2010/03/05,2010-03-05,ok,,326,Government|President Kapelou|Abila,protest,3,"10th Kapalou cup was given to later less than one hour before it was due to the beginning after the capsized presidential ship and is descended. It is the first incident of its kind in the history of the famous race of boat of the world,...",C:/Users/17971/Desktop/HomeWork/数据可视化/MC1/MC1/News Articles/World Journal/180.txt
242,The Continent,The Continent,derivative_international,Race of the boat stopped before starting,,2010/03/05,2010-03-05,ok,,303,Government|President Kapelou|Abila,protest,3,"The head of 10th Kapalou has been postponed less than hour before it had after the presidential capped box ship start and decreased. It is the first incident of its type in the history of the world famous boat race, in which hurries of...",C:/Users/17971/Desktop/HomeWork/数据可视化/MC1/MC1/News Articles/The Continent/242.txt
812,The Abila Post,The Abila Post,primary_local,ANNIVERSARY OF PROTESTS,,13June 2010,2010-06-13,ok,"ABILA, Kronos",176,POK|Government|Elian Karel|Abila,protest,3,"Last year spontaneous protests and riots broke out around Abila in response to the death of Elian Karel, a Protectors of Kronos (POK) activist. Officials fear a repeat of last year's violent activities around the city on the upcoming...",C:/Users/17971/Desktop/HomeWork/数据可视化/MC1/MC1/News Articles/The Abila Post/812.txt
334,The Explainer,The Explainer,derivative_international,ANNIVERSARY OF PROTESTS,,2010/06/14,2010-06-14,ok,"ABILA, Kronos",199,POK|Government|Elian Karel|Abila,protest|business|security,1|3,"The spontaneous protests and uproars the last year exploded around Abila in answer to the death of Elian Karel, the protectors of the activist of Kronos (POK). The civil employees fear a repetition of the violent activities of the year...",C:/Users/17971/Desktop/HomeWork/数据可视化/MC1/MC1/News Articles/The Explainer/334.txt
34,Central Bulletin,Central Bulletin,primary_local,ANNIVERSARY OF PROTESTS,,2010/06/14,2010-06-14,ok,"ABILA, Kronos",138,POK|Government|Elian Karel|Abila,protest,3,"Last year spontaneous protests and riots broke out around Abila in response to the death of Elian Karel, a Protectors of Kronos (POK) activist. Officials fear a repeat of last year's violent activities around the city on the upcoming...",C:/Users/17971/Desktop/HomeWork/数据可视化/MC1/MC1/News Articles/Central Bulletin/34.txt
378,News Online Today,News Online Today,aggregator,ANNIVERSARY OF PROTESTS,,2010/06/14,2010-06-14,ok,"ABILA, Kronos",58,POK|Government|Elian Karel|Abila,protest,3,"Last year spontaneous protests and riots broke out around Abila in response to the death of Elian Karel, a Protectors of Kronos (POK) activist. Hagar Awelon, a shop-owner in Siopa district of Abila heavily impacted by last year's events,...",C:/Users/17971/Desktop/HomeWork/数据可视化/MC1/MC1/News Articles/News Online Today/378.txt
190,News Desk,News Desk,aggregator,ANNIVERSARY OF PROTESTS,,2010/06/15,2010-06-15,ok,"ABILA, Kronos",180,POK|Government|Elian Karel|Abila,protest|security,3,"Previous year the spontaneous protests and babble around Abila in reply to the death of Elian Karel from, guards of the activist Kronos (of POK). The civil servants fear a recurrence of the violent activities of previous year around the...",C:/Users/17971/Desktop/HomeWork/数据可视化/MC1/MC1/News Articles/News Desk/190.txt
405,Athena Speaks,Athena Speaks,primary_local,BIRTHDAY OF THE PROTESTS,,2010/06/15,2010-06-15,ok,"ABILA, Kronos",198,POK|Government|Abila,protest,3,"The spontaneous protests and riots last year burst around Abila in answer to died of Elan Carol, of the guards of activist of Kronos (POK). The civils servant fear a repetition of the violent activities of last year around the city on the...",C:/Users/17971/Desktop/HomeWork/数据可视化/MC1/MC1/News Articles/Athena Speaks/405.txt
286,News Online Today,News Online Today,aggregator,"IN REMEMBRANCE:  THE DEATH OF ELIAN KAREL, A YEAR LATER",,2010/06/19,2010-06-19,ok,"ABILA, Kronos",75,Elian Karel,,,"One year ago today a young man in search of a brighter future for his countrymen died in a cold, cement prison. Instead, sometime in the early morning hours of 19 June, Elian Karel died with injuries inexplicable with the official cause of...",C:/Users/17971/Desktop/HomeWork/数据可视化/MC1/MC1/News Articles/News Online Today/286.txt
770,Homeland Illumination,Homeland Illumination,primary_local,"IN REMEMBRANCE:  THE DEATH OF ELIAN KAREL, A YEAR LATER",Petrus Gerhard,19 June 2010,2010-06-19,ok,"ABILA, Kronos",225,POK|Government|Elian Karel|Abila,environment|business|security,1|2|3,"One year ago today a young man in search of a brighter future for his countrymen died in a cold, cement prison. He was attended only by apathetic guards who had been charged with detaining him pending an investigation for tax fraud....",C:/Users/17971/Desktop/HomeWork/数据可视化/MC1/MC1/News Articles/Homeland Illumination/770.txt
475,The Abila Post,The Abila Post,primary_local,GOVERNMENT RESPONDS TO ANOTHER ROUND OF PROTESTS,,20 June 2010,2010-06-20,ok,"ABILA, Kronos",156,POK|Government|Abila,protest|security,3,Protesters aligned with the Protectors of Kronos (POK) activist group surrounded government buildings chanting and carry images of their so-called martyrs. Kronos government security forces in concert with Abila police suppressed the...,C:/Users/17971/Desktop/HomeWork/数据可视化/MC1/MC1/News Articles/The Abila Post/475.txt
508,Kronos Star,Kronos Star,primary_local,POK Protest at Abila Police Headquarters,Marcella Trapani,20 June 2010,2010-06-20,ok,"ABILA, Kronos",262,POK|Elian Karel|Abila,protest|security,3,"A Protectors of Kronos demonstration was held in front of Abila police headquarters yesterday morning. The POK had gathered in memorialize their former leader, Elian Karel, who died of natural causes in jail last year. POK supporters...",C:/Users/17971/Desktop/HomeWork/数据可视化/MC1/MC1/News Articles/Kronos Star/508.txt
158,The Wrap,The Wrap,derivative_international,"IN MEMORY:  THE DEATH OF ELIAN KAREL, A LATER YEAR",,2010/06/21,2010-06-21,ok,"ABILA, Kronos",244,POK|Government|Elian Karel|Abila,protest|business|security,1|3,"One year suffered young people died today in search of a rosier future for its compatriots in cold, cement prison. He was attended only by apathetic guards which had been charged with holding him awaiting a research for tax fraud. In place...",C:/Users/17971/Desktop/HomeWork/数据可视化/MC1/MC1/News Articles/The Wrap/158.txt
257,Daily Pegasus,Daily Pegasus,primary_local,"IN REMEMBRANCE:  THE DEATH OF ELIAN KAREL, A YEAR LATER",,2010/06/21,2010-06-21,ok,"ABILA, Kronos",243,POK|Government|Elian Karel|Abila,environment|business|security,1|2|3,"A young man in search of a more shining future for his died countrymen does today of the year in a cold, prison of the cement. The protectors he only took care of apathetic it that they had been loaded with stopping it until finalizes an...",C:/Users/17971/Desktop/HomeWork/数据可视化/MC1/MC1/News Articles/Daily Pegasus/257.txt
523,The Orb,The Orb,derivative_international,"IN MEMORY:  The DEATH Of ELIAN KAREL, ONE YEAR AFTERWARDS",,2010/06/21,2010-06-21,ok,"ABILA, Kronos",259,POK|Government|Elian Karel|Abila,protest|business|security,1|3,"One year today a young man in the search of a more luminous future for its compatriots died in a cold, prison of cement. It was been useful only by the apathetic guards which had been charged to hold it while waiting for a research for the...",C:/Users/17971/Desktop/HomeWork/数据可视化/MC1/MC1/News Articles/The Orb/523.txt
604,Central Bulletin,Central Bulletin,primary_local,GOVERNMENT RESPONDS TO ANOTHER ROUND OF PROTESTS,,2010/06/21,2010-06-21,ok,"ABILA, Kronos",115,POK|Government|Abila,protest|security,3,Protesters aligned with the Protectors of Kronos (POK) activist group surrounded government buildings chanting and carry images of their so-called martyrs. Kronos government security forces in concert with Abila police suppressed the...,C:/Users/17971/Desktop/HomeWork/数据可视化/MC1/MC1/News Articles/Central Bulletin/604.txt
615,Athena Speaks,Athena Speaks,primary_local,THE GOVERNMENT ANSWERS ANOTHER ROUND OF THE PROTESTS,,2010/06/21,2010-06-21,ok,"ABILA, Kronos",185,POK|Government|Abila,protest|security,3,The protesters aligned with the guards of the buildings of government surrounded by group of activist of Kronos (POK) singing and carry images of their alleged martyrs. The forces of safety of government of Kronos in liaison with the...,C:/Users/17971/Desktop/HomeWork/数据可视化/MC1/MC1/News Articles/Athena Speaks/615.txt
71,News Online Today,News Online Today,aggregator,GOVERNMENT RESPONDS TO ANOTHER ROUND OF PROTESTS,,2010/06/21,2010-06-21,ok,"ABILA, Kronos",40,POK|Government|Abila,protest|security,3,Protesters aligned with the Protectors of Kronos (POK) activist group surrounded government buildings chanting and carry images of their so-called martyrs. Kronos government security forces in concert with Abila police suppressed the...,C:/Users/17971/Desktop/HomeWork/数据可视化/MC1/MC1/News Articles/News Online Today/71.txt
766,News Online Today,News Online Today,aggregator,POK Protest at Abila Police Headquarters,,2010/06/21,2010-06-21,ok,"ABILA, Kronos",78,POK|Abila,protest|security,3,"A Protectors of Kronos demonstration was held in front of Abila police headquarters yesterday morning. Abila police attempted to gain control of the situation by using bullhorns to call for the peaceful dispersal of the crowd, but the...",C:/Users/17971/Desktop/HomeWork/数据可视化/MC1/MC1/News Articles/News Online Today/766.txt
767,International News,International News,derivative_international,POK Protest at Abila Police Headquarters,,2010/06/21,2010-06-21,ok,"ABILA, Kronos",195,POK|Elian Karel|Abila,protest|security,3,"A Protectors of Kronos demonstration was held in front of Abila police headquarters yesterday morning. The POK had gathered in memorialize their former leader, Elian Karel, who died of natural causes in jail last year. POK supporters...",C:/Users/17971/Desktop/HomeWork/数据可视化/MC1/MC1/News Articles/International News/767.txt
581,The Truth,The Truth,derivative_international,Protest POK at the Headquarters of the police force Abila,,2010/06/22,2010-06-22,ok,"ABILA, Kronos",268,POK|Elian Karel|Abila,protest|security,3,"The guards were loved demonstration Kronos for Abila the morning the police headquarters yesterday. POK within memorialize their former LEADER, Elian Karel had collected himself, who died previous year to natural causes in prison. Chanted...",C:/Users/17971/Desktop/HomeWork/数据可视化/MC1/MC1/News Articles/The Truth/581.txt
620,Worldwise,Worldwise,derivative_international,Protest of POK to the registered offices of police force of Abila,,2010/06/22,2010-06-22,ok,"ABILA, Kronos",291,POK|Elian Karel|Abila,protest|security,3,"Guards of the demonstration of Kronos were held in front of registered offices of police force of Abila yesterday morning. The POK had collected inside memorialize their former chief, Elian Karel, which died last year of the normal causes...",C:/Users/17971/Desktop/HomeWork/数据可视化/MC1/MC1/News Articles/Worldwise/620.txt
644,News Desk,News Desk,aggregator,THE GOVERNMENT ANSWERS TO ANOTHER ROUND OF PROTESTS,,2010/06/22,2010-06-22,ok,"ABILA, Kronos",163,POK|Government|Abila,protest|security,3,Protesters which at the guards of Kronos the activist group (of POK) is aimed surrounded government bldg. the chanting and carry pictures of their so-called martyrs. The strengths of the government security of Kronos in consultation...,C:/Users/17971/Desktop/HomeWork/数据可视化/MC1/MC1/News Articles/News Desk/644.txt
670,The Guide,The Guide,derivative_international,Protest of POK in the headquarters of the police of Abila,,2010/06/22,2010-06-22,ok,"ABILA, Kronos",309,POK|Elian Karel|Abila,protest|security,3,"The protectors of the demonstration of Kronos were carried out in front of headquarters of the police of Abila yesterday in the morning. The POK had collected inside memorialize to their previous leader, Elian Karel, that died of natural...",C:/Users/17971/Desktop/HomeWork/数据可视化/MC1/MC1/News Articles/The Guide/670.txt
691,The Explainer,The Explainer,derivative_international,THE GOVERNMENT RESPONDS TO ANOTHER REDONDO OF PROTESTS,,2010/06/22,2010-06-22,ok,"ABILA, Kronos",193,POK|Government|Abila,protest|security,3,The demonstrators aligned with the protectors of the buildings surrounded group by the government of the activist of Kronos (POK) that sang and take to supposed images of his martyrs. The forces of the security of government of Kronos in...,C:/Users/17971/Desktop/HomeWork/数据可视化/MC1/MC1/News Articles/The Explainer/691.txt
233,The Abila Post,The Abila Post,primary_local,PRESIDENT KAPELOU II ELECTED BY RECORD MARGIN,,2 October 2010,2010-10-02,ok,"ABILA, Kronos",130,Government|President Kapelou,,,President Dorel Kapelou II has won re-election with the largest margin ever in a Kronesian election. The people of Kronos have stood together and announced a bright new day with a resounding vote of confidence for the President. President...,C:/Users/17971/Desktop/HomeWork/数据可视化/MC1/MC1/News Articles/The Abila Post/233.txt
244,Central Bulletin,Central Bulletin,primary_local,PRESIDENT KAPELOU II ELECTED BY RECORD MARGIN,,2010/10/03,2010-10-03,ok,"ABILA, Kronos",91,Government|President Kapelou,,,President Dorel Kapelou II has won re-election with the largest margin ever in a Kronesian election. President Kapelou II of the Democratic Party of Kronos captured 98.7% of the vote with Ren Touvi of the Organization of Business and...,C:/Users/17971/Desktop/HomeWork/数据可视化/MC1/MC1/News Articles/Central Bulletin/244.txt
489,News Online Today,News Online Today,aggregator,PRESIDENT KAPELOU II ELECTED BY RECORD MARGIN,,2010/10/03,2010-10-03,ok,"ABILA, Kronos",54,Government|President Kapelou,,,"President Dorel Kapelou II has won re-election with the largest margin ever in a Kronesian election. With all the votes counted the President's Democratic Party of Kronos now holds 85 seats in the General Assembly, 13 for the Organization...",C:/Users/17971/Desktop/HomeWork/数据可视化/MC1/MC1/News Articles/News Online Today/489.txt
588,News Desk,News Desk,aggregator,PRESIDENT KAPELOU II THAT BY THE FORK OF THE REPORT ARE PREFERRED,,2010/10/03,2010-10-03,ok,"ABILA, Kronos",128,Government|President Kapelou,,,President Dorel Kapelou II re-election with the largest fork has ever won Kronesian in an election. People of Kronos have united themselves a clear new day with resounding voice of faith for the President and have announced. President...,C:/Users/17971/Desktop/HomeWork/数据可视化/MC1/MC1/News Articles/News Desk/588.txt
382,The Explainer,The Explainer,derivative_international,PRESIDENT KAPELOU II CHOSE BY THE REGISTRY MARGIN,,2010/10/04,2010-10-04,ok,"ABILA, Kronos",148,Government|President Kapelou,,,President Dorel Kapelou II has gained the re-election with the greatest margin always of an election of Kronesian. The people of Kronos been have stopped together and have announced a new day shining with a vote resounding of the...,C:/Users/17971/Desktop/HomeWork/数据可视化/MC1/MC1/News Articles/The Explainer/382.txt
601,Athena Speaks,Athena Speaks,primary_local,PRESIDENT KAPELOU II A ELECTED BY THE MARGIN RECORD,,2010/10/04,2010-10-04,ok,"ABILA, Kronos",125,Government|President Kapelou,,,President Dorel Kapelou II gained the re-election with the greatest margin never in an election of Kronesian. The people of Kronos were held together and announced a new day with a resounding voice of confidence for the president. The...,C:/Users/17971/Desktop/HomeWork/数据可视化/MC1/MC1/News Articles/Athena Speaks/601.txt
345,The General Post,The General Post,primary_local,PREOCCUPATIONS OF THE INVESTMENT OF BUSINESS IN KRONOS,,2010/12/18,2010-12-18,ok,"DAVOS, Switzerland",154,GAStech|Government,business,1,"A survey of the straw of assistants in the economic forum in Davos, Switzerland of the world indicates that the international leaders of business are not interested in making business with the government of Kronos that mentions increasing...",C:/Users/17971/Desktop/HomeWork/数据可视化/MC1/MC1/News Articles/The General Post/345.txt
432,The Light of Truth,The Light of Truth,derivative_international,PREOCCUPATIONS With a PRODUCTIVE INVESTMENT IN KRONOS,,2010/12/18,2010-12-18,ok,"DAVOS, Switzerland",145,GAStech|Government,business,1,"A poll of straw of the participants in the economic forum of the world in Davos, Switzerland indicates that the international leaders of the businesses are not interested to make deals with the government of Kronos quoting the increased...",C:/Users/17971/Desktop/HomeWork/数据可视化/MC1/MC1/News Articles/The Light of Truth/432.txt
370,The Tulip,The Tulip,derivative_international,THE CARE OF TRADE INVESTMENTS IN KRONOS,,2010/12/19,2010-12-19,ok,"DAVOS, Switzerland",143,GAStech|Government,business,1,"A straw opinion poll of attendees at the economic forum of the world in Davos, Switzerland indicates that the international managers not interested in doing matter with the government which quotes raised drug trafficking, laundering money,...",C:/Users/17971/Desktop/HomeWork/数据可视化/MC1/MC1/News Articles/The Tulip/370.txt
576,The Abila Post,The Abila Post,primary_local,DRUG RELATED ARRESTS ON THE RISE,,14 May 2011,2011-05-14,ok,"ABILA, Kronos",124,POK|Abila,security,3,An alarming new trend is sweeping Abila. Police point out a dramatic increase in drug related arrests that may be linked to violent activist groups. The port of Abila is known to be a transshipment point for drugs coming from the Middle...,C:/Users/17971/Desktop/HomeWork/数据可视化/MC1/MC1/News Articles/The Abila Post/576.txt
389,News Online Today,News Online Today,aggregator,DRUG RELATED ARRESTS ON THE RISE,,2011/05/15,2011-05-15,ok,"ABILA, Kronos",41,POK|Abila,security,3,"An alarming new trend is sweeping Abila. The concerns over the increase of drug related arrests are two-fold: first, violent activist groups such as the Protectors of Kronos could be using drug sales as a means to fund their activities;",C:/Users/17971/Desktop/HomeWork/数据可视化/MC1/MC1/News Articles/News Online Today/389.txt
433,Athena Speaks,Athena Speaks,primary_local,ARRESTS CONNECTED BY DRUG ON RISE,,2011/05/15,2011-05-15,ok,"ABILA, Kronos",141,Abila,business|security,1,A new alarming tendency sweeps Abila. The police force specifies a dramatic increase in the arrests connected by drug which can be related to the violent one groups of activist. The port of Abila is known to be a point of transshipment for...,C:/Users/17971/Desktop/HomeWork/数据可视化/MC1/MC1/News Articles/Athena Speaks/433.txt
571,News Desk,News Desk,aggregator,DRUG RELATED ARRESTS ON THE INCREASE,,2011/05/15,2011-05-15,ok,"ABILA, Kronos",130,Abila,security,,An alarming new tendency sweeps Abila. The police force indicates related arrests which can be linked with violent activist groups on a dramatic increase of drug. The port of Abila is have known for drugs which come from the Middle East...,C:/Users/17971/Desktop/HomeWork/数据可视化/MC1/MC1/News Articles/News Desk/571.txt
661,The Explainer,The Explainer,derivative_international,RELATED HALTINGS DRUG IN THE ASCENT,,2011/05/16,2011-05-16,ok,"ABILA, Kronos",147,POK|Abila,security,3,A new alarming tendency is sweeping Abila. The police needs a dramatic increase in the related haltings drug that can be bound to the violent groups of the activist. The port of Abila is known to be a point of the transfer for the drugs...,C:/Users/17971/Desktop/HomeWork/数据可视化/MC1/MC1/News Articles/The Explainer/661.txt
161,Homeland Illumination,Homeland Illumination,primary_local,A LOOK BACK AT A LIFE CUT TRAGICAL SHORT: ELIAN KAREL,Petrus Gerhard,20 June 2011,2011-06-20,ok,"ABILA, Kronos",439,GAStech|POK|Government|Elian Karel|Elodis|Abila,business|security|legal,1|3,"Two years ago yesterday Elian Karel died at age 28 in an Abila jail cell, purportedly of cardiac arrest. He had been arrested three months prior for spurious charges of tax evasion and left to linger in a jail cell without further legal...",C:/Users/17971/Desktop/HomeWork/数据可视化/MC1/MC1/News Articles/Homeland Illumination/161.txt
225,Homeland Illumination,Homeland Illumination,primary_local,A LOOK BACK AT A LIFE CUT TRAGICAL SHORT: ELIAN KAREL,Petrus Gerhard,20 June 2011,2011-06-20,ok,"ABILA, Kronos",439,GAStech|POK|Government|Elian Karel|Elodis|Abila,business|security|legal,1|3,"Two years ago yesterday Elian Karel died at age 28 in an Abila jail cell, purportedly of cardiac arrest. He had been arrested three months prior for spurious charges of tax evasion and left to linger in a jail cell without further legal...",C:/Users/17971/Desktop/HomeWork/数据可视化/MC1/MC1/News Articles/Homeland Illumination/225.txt
28,Kronos Star,Kronos Star,primary_local,POK Protesters Vandalize Siopa District,Marcella Trapani,20 June 2011,2011-06-20,ok,"ABILA, Kronos",63,POK|Abila,protest|security,3,A Protectors of Kronos demonstration in the streets of the Siopa district in downtown Abila resulted in numerous incidents of vandalism and opportunistic looting yesterday. Crowd members spray painted the new POK logo on buildings and...,C:/Users/17971/Desktop/HomeWork/数据可视化/MC1/MC1/News Articles/Kronos Star/28.txt
175,Daily Pegasus,Daily Pegasus,primary_local,A GLANCE BEHIND IN A CUT TRAGICAL OF THE LIFE PUTS IN SHORT CIRCUIT: ELIAN KAREL,,2011/06/21,2011-06-21,ok,"ABILA, Kronos",449,GAStech|POK|Government|Elian Karel|Elodis|Abila,protest|business|security|legal,1|3,"For two years of Elian Karel died yesterday in age 28 in a cell of the jail of Abila, presumably of the failure cardiac. They had arrested it three months previous for the false loads of left fiscal evasion and falling behind in a cell of...",C:/Users/17971/Desktop/HomeWork/数据可视化/MC1/MC1/News Articles/Daily Pegasus/175.txt
288,News Online Today,News Online Today,aggregator,A LOOK BACK AT A LIFE CUT TRAGICAL SHORT: ELIAN KAREL,,2011/06/21,2011-06-21,ok,"ABILA, Kronos",143,POK|Elian Karel|Elodis|Abila,security,3,"Two years ago yesterday Elian Karel died at age 28 in an Abila jail cell, purportedly of cardiac arrest. After Karel's body was cremated and sent to his family in Elodis, the Abila Chief of Police closed the case and has declined to answer...",C:/Users/17971/Desktop/HomeWork/数据可视化/MC1/MC1/News Articles/News Online Today/288.txt
416,News Online Today,News Online Today,aggregator,POK Protesters Vandalize Siopa District,,2011/06/21,2011-06-21,ok,"ABILA, Kronos",25,POK|Abila,protest,3,A Protectors of Kronos demonstration in the streets of the Siopa district in downtown Abila resulted in numerous incidents of vandalism and opportunistic looting yesterday.,C:/Users/17971/Desktop/HomeWork/数据可视化/MC1/MC1/News Articles/News Online Today/416.txt
77,All News Today,All News Today,aggregator,A LOOK BACK AT A LIFE CUT TRAGICAL SHORT: ELIAN KAREL,,2011/06/21,2011-06-21,ok,"ABILA, Kronos",313,GAStech|POK|Government|Elian Karel|Elodis|Abila,security,3,"Two years ago yesterday Elian Karel died at age 28 in an Abila jail cell, purportedly of cardiac arrest. Kraft had reached an agreement with the government that charges would be reduced and the Karel be released pending a trial, but Karel...",C:/Users/17971/Desktop/HomeWork/数据可视化/MC1/MC1/News Articles/All News Today/77.txt
774,Worldwise,Worldwise,derivative_international,Zone of Vandalize Siopa of protesters of POK,,2011/06/21,2011-06-21,ok,"ABILA, Kronos",75,POK|Abila,protest|security,3,The guards of the demonstration of Kronos in the streets of the zone of Siopa in Abila of the center had like consequence of many incidents of vandalism and opportunist plundering yesterday. Crowd that the members pulverize painted the new...,C:/Users/17971/Desktop/HomeWork/数据可视化/MC1/MC1/News Articles/Worldwise/774.txt
249,The Orb,The Orb,derivative_international,A GLANCE BEHIND TRAGEDY OF CUT OF THE LIFE: ELIAN KAREL,,2011/06/22,2011-06-22,ok,"ABILA, Kronos",473,GAStech|POK|Government|Elian Karel|Elodis|Abila,business|security|legal,1|3,"Two years ago yesterday Elian Karel died at age 28 in a cell of prison of Abila, supposedly of heart stop. He had been stopped three months former for incidental expense of tax avoidance and left to be delayed in a cell of prison without...",C:/Users/17971/Desktop/HomeWork/数据可视化/MC1/MC1/News Articles/The Orb/249.txt
361,The Truth,The Truth,derivative_international,Protesters POK the district of Vandalize Siopa,,2011/06/22,2011-06-22,ok,"ABILA, Kronos",65,POK|Abila,protest|security,3,The guards of demonstration Kronos resulted in the streets of the district Siopa in Abila of the inner city in many incidents of vandalism and the opportunistic plunder yesterday. The new emblem POK painted the mob rise plundered on bldg....,C:/Users/17971/Desktop/HomeWork/数据可视化/MC1/MC1/News Articles/The Truth/361.txt
754,The Guide,The Guide,derivative_international,The POK demonstrators destroy districto of Siopa,,2011/06/22,2011-06-22,ok,"ABILA, Kronos",81,POK|Abila,protest|security,3,The protectors of Kronos demonstrated in the streets of district of Siopa in centric Abila gave rise to numerous incidents of the vandalism and the sacking opportunistic yesterday. The crowd that the members there are dew painted the new...,C:/Users/17971/Desktop/HomeWork/数据可视化/MC1/MC1/News Articles/The Guide/754.txt
799,The Wrap,The Wrap,derivative_international,A CAN ON LIVING CUT TRAGICAL SHORT: ELIAN KAREL,,2011/06/22,2011-06-22,ok,"ABILA, Kronos",455,GAStech|POK|Government|Elian Karel|Elodis|Abila,business|security|legal,1|3,"Two years suffered yesterday Elian Karel on age 28 died in Abila prison cell, apparently of cardiac arrest. He arrested three months in former days for unauthentic charges of tax evasion had been and in a prison cell without further...",C:/Users/17971/Desktop/HomeWork/数据可视化/MC1/MC1/News Articles/The Wrap/799.txt
548,Kronos Star,Kronos Star,primary_local,"POK Labeled a ""Public Threat""",Eva Thayer,27 July 2011,2011-07-27,ok,"ABILA, Kronos",77,POK|Government|President Kapelou,protest|security,3,"In a statement to the press today, government spokesman Rufus Drymiau said of the POK: ""they are justifiably a public threat due to violent demonstrations, opportunistic vandalism, and clashes with the police."" Violence and vandalism have...",C:/Users/17971/Desktop/HomeWork/数据可视化/MC1/MC1/News Articles/Kronos Star/548.txt
705,The Abila Post,The Abila Post,primary_local,GOVERNMENT LABELS POK 'PUBLIC THREAT',,27 July 2011,2011-07-27,ok,"ABILA, Kronos",155,POK|Government,protest|security,3,"The Kronos Government has labeled the Protectors of Kronos (POK) as a threat to the public. In a statement by government spokesman Rufus Drymiau the POK are described as ""justifiably a public threat due to violent demonstrations,...",C:/Users/17971/Desktop/HomeWork/数据可视化/MC1/MC1/News Articles/The Abila Post/705.txt
123,Central Bulletin,Central Bulletin,primary_local,GOVERNMENT LABELS POK 'PUBLIC THREAT',,2011/07/28,2011-07-28,ok,"ABILA, Kronos",123,POK|Government|Abila,protest|security,3,"ABILA, Kronos - The Kronos Government has labeled the Protectors of Kronos (POK) as a threat to the public. In a statement by government spokesman Rufus Drymiau the POK are described as ""justifiably a public threat due to violent...",C:/Users/17971/Desktop/HomeWork/数据可视化/MC1/MC1/News Articles/Central Bulletin/123.txt
224,The Guide,The Guide,derivative_international,"POK a ""public threat""",,2011/07/28,2011-07-28,ok,"ABILA, Kronos",89,POK|Government|President Kapelou,protest|security,3,"In a declaration to the press today, the spokesman Rufus Drymiau of the government said of the POK: ""a public threat due to the violent demonstrations, opportunistic vandalism, and shocks with the police are justifiable."" The violence and...",C:/Users/17971/Desktop/HomeWork/数据可视化/MC1/MC1/News Articles/The Guide/224.txt
45,News Online Today,News Online Today,aggregator,"POK Labeled a ""Public Threat""",,2011/07/28,2011-07-28,ok,"ABILA, Kronos",32,POK|Government,protest|security,3,"In a statement to the press today, government spokesman Rufus Drymiau said of the POK: ""they are justifiably a public threat due to violent demonstrations, opportunistic vandalism, and clashes with the police.""",C:/Users/17971/Desktop/HomeWork/数据可视化/MC1/MC1/News Articles/News Online Today/45.txt
499,International News,International News,derivative_international,"POK Labeled a ""Public Threat""",,2011/07/28,2011-07-28,ok,"ABILA, Kronos",66,POK|Government,protest|security,3,"In a statement to the press today, government spokesman Rufus Drymiau said of the POK: ""they are justifiably a public threat due to violent demonstrations, opportunistic vandalism, and clashes with the police."" Violence and vandalism have...",C:/Users/17971/Desktop/HomeWork/数据可视化/MC1/MC1/News Articles/International News/499.txt
527,The Explainer,The Explainer,derivative_international,"THE GOVERNMENT LABELS POK ""THREATENS PUBLIC""",,2011/07/28,2011-07-28,ok,"ABILA, Kronos",175,POK|Government,protest|security,3,"The government of Kronos has labeled the protectors of Kronos (POK) as he threatens the public. In a declaration of the spokesman Rufus Drymiau of the government the POK are described as ""justifiable public threat due to the violent...",C:/Users/17971/Desktop/HomeWork/数据可视化/MC1/MC1/News Articles/The Explainer/527.txt
757,News Desk,News Desk,aggregator,THE LABELS POK PUBLIC THREAT OF THE GOVERNMENT,,2011/07/28,2011-07-28,ok,"ABILA, Kronos",153,POK|Government,protest|security,3,The government Kronos has the guards of Kronos (POK) as a threat to the public labeled. In a declaration by government spokesman Rufus Drymiau POK is described as justified public threat opportunistic to attribute to violent...,C:/Users/17971/Desktop/HomeWork/数据可视化/MC1/MC1/News Articles/News Desk/757.txt
96,The Truth,The Truth,derivative_international,POK Labeled a public threat,,2011/07/28,2011-07-28,ok,"ABILA, Kronos",79,POK|Government|President Kapelou,protest|security,3,"In a declaration to the press today, government spokesman Rufus Drymiau aforesaid of POK: they are justified a public threat to violent demonstrations, attribute opportunistic vandalism, and conflicts with the police force. Violence and...",C:/Users/17971/Desktop/HomeWork/数据可视化/MC1/MC1/News Articles/The Truth/96.txt
629,Worldwise,Worldwise,derivative_international,"POK marked ""a public threat""",,2011/07/29,2011-07-29,ok,"ABILA, Kronos",88,POK|Government|President Kapelou,protest|security,3,"In a report with the pressure today, the spokesman Rufus Drymiau of government said POK: ""they are in a justifiable way a public threat due to the violent demonstrations, opportunist vandalism, and dissensions with the police force.""...",C:/Users/17971/Desktop/HomeWork/数据可视化/MC1/MC1/News Articles/Worldwise/629.txt
64,Athena Speaks,Athena Speaks,primary_local,"THE GOVERNMENT MARKS POK ""PUBLIC THREAT""",,2011/07/29,2011-07-29,ok,"ABILA, Kronos",158,POK|Government,protest|security,3,"The government of Kronos marked the Protectors of Kronos (POK) as threats the public. In a report of spokesman Rufus Drymiau of government the POK are described like ""clear public threats due to the violent demonstrations, opportunist...",C:/Users/17971/Desktop/HomeWork/数据可视化/MC1/MC1/News Articles/Athena Speaks/64.txt
696,The Abila Post,The Abila Post,primary_local,KRONOS POLICE ARREST BLOTTER - ABILA,,22 November 2011,2011-11-22,ok,,224,Abila,environment|security,2,"AWELON, CYNTHE / DOB: 3/20/1981 / Time of Arrest: 0003 hrs / Accused of: DRUG PARAPHERNALIA BLUMIAU, WILLEM / DOB: 2/15/1995 / Time of Arrest: 2215 hrs / Accused of: POSSESSION OF CONTROLLED SUBSTANCE (HASHISH); FOREIGN WARRANT BODROGI,...",C:/Users/17971/Desktop/HomeWork/数据可视化/MC1/MC1/News Articles/The Abila Post/696.txt
205,The Explainer,The Explainer,derivative_international,DRYING PAPER OF THE HALTING OF THE POLICE OF KRONOS - ABILA,,2011/11/23,2011-11-23,ok,TITLE: DRYING PAPER OF THE HALTING OF THE POLICE OF KRONOS,334,Abila,security,,"AWELON, CYNTHE/DOB: 3/20/1981/Tiempo of the halting: 0003 hours/accused of: EQUIPMENT OF THE DRUG BLUMIAU, WILLEM/DOB: 2/15/1995/Tiempo of the halting: 2215 hours/accused of: POSSESSION OF THE CONTROLLED SUBSTANCE (HASHISH); FOREIGN...",C:/Users/17971/Desktop/HomeWork/数据可视化/MC1/MC1/News Articles/The Explainer/205.txt
255,Athena Speaks,Athena Speaks,primary_local,BLOTTER Of ARREST OF POLICE FORCE OF KRONOS - ABILA,,2011/11/23,2011-11-23,ok,,238,Abila,environment|business|security,1|2,"AWELON, CYNTHE/DOB: 3/20/1981/Temps of the arrest: 0003 hours/shown: IMPLEMENTS OF DRUG BLUMIAU, WILLEM/DOB: 2/15/1995/Temps of the arrest: 2215 hours/shown: POSSESSION OF ORDERED SUBSTANCE (HACHISH); FOREIGN GUARANTEE BODROGI,...",C:/Users/17971/Desktop/HomeWork/数据可视化/MC1/MC1/News Articles/Athena Speaks/255.txt
323,News Online Today,News Online Today,aggregator,KRONOS POLICE ARREST BLOTTER - ABILA,,2011/11/23,2011-11-23,ok,TITLE: KRONOS POLICE ARREST BLOTTER,89,Abila,security,,"AWELON, CYNTHE / DOB: 3/20/1981 / Time of Arrest: 0003 hrs / Accused of: DRUG PARAPHERNALIA BLUMIAU, WILLEM / DOB: 2/15/1995 / Time of Arrest: 2215 hrs / Accused of: POSSESSION OF CONTROLLED SUBSTANCE (HASHISH); PEDESTRN SUBJECT TO SIGNAL...",C:/Users/17971/Desktop/HomeWork/数据可视化/MC1/MC1/News Articles/News Online Today/323.txt
37,Central Bulletin,Central Bulletin,primary_local,KRONOS POLICE ARREST BLOTTER - ABILA,,2011/11/23,2011-11-23,ok,TITLE: KRONOS POLICE ARREST BLOTTER,193,Abila,environment|security,2,"AWELON, CYNTHE / DOB: 3/20/1981 / Time of Arrest: 0003 hrs / Accused of: DRUG PARAPHERNALIA BLUMIAU, WILLEM / DOB: 2/15/1995 / Time of Arrest: 2215 hrs / Accused of: POSSESSION OF CONTROLLED SUBSTANCE (HASHISH); PEDESTRN SUBJECT TO SIGNAL...",C:/Users/17971/Desktop/HomeWork/数据可视化/MC1/MC1/News Articles/Central Bulletin/37.txt
839,News Desk,News Desk,aggregator,ARREST BLOTTER OF THE POLICE FORCE KRONOS - ABILA,,2011/11/24,2011-11-24,ok,TITLE: ARREST BLOTTER OF THE POLICE FORCE KRONOS,238,Abila,environment|security,2,"AWELON, CYNTHE/DOB: 3/20/1981/Time of arrest: 0003 accused u/van: THE UNIT OF THE DRUG BLUMIAU, WILLEM/DOB: 2/15/1995/Time of arrest: 2215 accused u/van: POSSESSION OF CHECKED SUBSTANCE (HASHISH); FOREIGN GUARANTEE BODROGI,...",C:/Users/17971/Desktop/HomeWork/数据可视化/MC1/MC1/News Articles/News Desk/839.txt
266,News Online Today,News Online Today,aggregator,POK MEMBERS TARGETED BY ABILA POLICE,,5 February 2012,2012-02-05,ok,"ABILA, Kronos",57,POK|Government|Abila,security,3,"Four Protectors of Kronos members were arrested by Abila police last week on false drug charges. The four citizens were attending evening poetry readings at a local café. Witnesses report that police stormed the café, ignoring everyone but...",C:/Users/17971/Desktop/HomeWork/数据可视化/MC1/MC1/News Articles/News Online Today/266.txt
238,International Times,International Times,derivative_international,"Kronos' oil and gas industry has warned it faces its ""biggest challenge in 20 years"" due to the low levels of exploration.",,20 February 2012,2012-02-20,ok,,286,GAStech|Government,business,1,"Government energy officials said only 15 wells were drilled last year. That was despite strong levels of investment, reaching a record last year and sustained this year. Exploration drilling was down from 26 wells six years ago, only...",C:/Users/17971/Desktop/HomeWork/数据可视化/MC1/MC1/News Articles/International Times/238.txt
457,The Continent,The Continent,derivative_international,Oil and the gas the industry has warned of Kronos it for its most formidable challenge in 20 years because of the low levels of exploration stands.,,2012/02/21,2012-02-21,ok,,308,GAStech|Government,business,1,"The energy civil servants of the government said previous year to only 15 wells were bored. That was in spite of strong levels of investment, which a report reaches previous year and supported this year. Drilling of the exploration had...",C:/Users/17971/Desktop/HomeWork/数据可视化/MC1/MC1/News Articles/The Continent/457.txt
739,World Journal,World Journal,derivative_international,"The gas and oil industry of Kronos informed that it takes up its ""greater challenge in 20 years"" of due to the bottom grades of exploration.",,2012/02/21,2012-02-21,ok,,328,GAStech|Government,business,1,"The civils servant of energy of government declared that only 15 wells were drilled last year. It was in spite of the strong levels of the investment, reaching one year last record and supported this year. The structural test drilling was...",C:/Users/17971/Desktop/HomeWork/数据可视化/MC1/MC1/News Articles/World Journal/739.txt
819,News Online Today,News Online Today,aggregator,Gas Industry Challenged,,2012/02/21,2012-02-21,ok,,112,,,,"Kronos' oil and gas industry has warned it faces its ""biggest challenge in 20 years"" due to the low levels of exploration. ""Kronos' fields contain an abundance of oil and gas yet to be found and it is critical we find the means to turn the...",C:/Users/17971/Desktop/HomeWork/数据可视化/MC1/MC1/News Articles/News Online Today/819.txt
80,Everyday News,Everyday News,primary_local,"The industry of the oil and the gas of Kronos has noticed that it faces his ""greater challenge of 20 years"" of due to the low levels of the exploration.",,2012/02/22,2012-02-22,ok,,354,GAStech|Government,business,1,"The civil employees of the energy of the government said that only 15 wells were perforated the last year. That was in spite of strong levels of the investment, reaching a year last of registry and maintained east year. Perforating of the...",C:/Users/17971/Desktop/HomeWork/数据可视化/MC1/MC1/News Articles/Everyday News/80.txt
379,Kronos Star,Kronos Star,primary_local,Minister of Health Receives Threats from POK,Marcella Trapani,7 March 2012,2012-03-07,ok,"ABILA, Kronos",101,POK|President Kapelou,security,2|3,"Police sources have informed the Kronos Star that Vincent Kapelou, Minister of Health, has received several threatening letters purporting to come from the POK. ""I guess they're getting desperate for attention,"" Vincent Kapelou said in a...",C:/Users/17971/Desktop/HomeWork/数据可视化/MC1/MC1/News Articles/Kronos Star/379.txt
228,Worldwise,Worldwise,derivative_international,The Minister for health receives threats of POK,,2012/03/08,2012-03-08,ok,"ABILA, Kronos",109,POK|President Kapelou,security,2|3,"The sources of police force informed that Kronos hold the first role this Vincent Kapelou, minister of health, received several threatening letters to come from the POK. ""I guess that they become desperate for the attention,"" Vincent...",C:/Users/17971/Desktop/HomeWork/数据可视化/MC1/MC1/News Articles/Worldwise/228.txt
265,The Abila Post,The Abila Post,primary_local,THREATS ISSUED BY POK,,8 March 2012,2012-03-08,ok,"ABILA, Kronos",93,POK|Government|President Kapelou,security,2|3,"Letters purported to be from the Protectors of Kronos (POK) have been received by Vincent Kapelou, Minister of Health and nephew of President Kapelou. The threatening letters appear to be the empty threats of an attention-seeking...",C:/Users/17971/Desktop/HomeWork/数据可视化/MC1/MC1/News Articles/The Abila Post/265.txt
584,The Truth,The Truth,derivative_international,The minister of health receives threats of POK,,2012/03/08,2012-03-08,ok,"ABILA, Kronos",97,POK|President Kapelou,security,2|3,"The police force have communicated that Vincent Kapelou, minister of health, different has received those letters threaten claiming from POK come. I assume they for attention desperate become, Vincent Kapelou aforesaid in a telephone...",C:/Users/17971/Desktop/HomeWork/数据可视化/MC1/MC1/News Articles/The Truth/584.txt
797,News Online Today,News Online Today,aggregator,Minister of Health Receives Threats from POK,,2012/03/08,2012-03-08,ok,"ABILA, Kronos",21,POK|President Kapelou,security,2|3,"Police sources have stated that Vincent Kapelou, Minister of Health, has received several threatening letters purporting to come from the POK.",C:/Users/17971/Desktop/HomeWork/数据可视化/MC1/MC1/News Articles/News Online Today/797.txt
258,The Explainer,The Explainer,derivative_international,THE THREATS PUBLISHED BY POK,,2012/03/09,2012-03-09,ok,"ABILA, Kronos",105,POK|Government|President Kapelou,security,2|3,"The tried letters to be of the protectors of Kronos (POK) have been received by Vincent Kapelou, minister of the health and nephew of president Kapelou. The threatening letters nothing else appear to be the empty threats of an organization...",C:/Users/17971/Desktop/HomeWork/数据可视化/MC1/MC1/News Articles/The Explainer/258.txt
373,The Guide,The Guide,derivative_international,The minister of the health receives POK threats,,2012/03/09,2012-03-09,ok,"ABILA, Kronos",118,POK|President Kapelou,security,2|3,"The sources of the police have informed that Vincent Kapelou, minister of the health, has received several threatening letters that they tried to come from the POK. ""I conjecture that they are obtaining desperate for the attention,""...",C:/Users/17971/Desktop/HomeWork/数据可视化/MC1/MC1/News Articles/The Guide/373.txt
549,News Online Today,News Online Today,aggregator,THREATS ISSUED BY POK,,2012/03/09,2012-03-09,ok,"ABILA, Kronos",24,POK|Government|President Kapelou,,2|3,"Letters purported to be from the Protectors of Kronos (POK) have been received by Vincent Kapelou, Minister of Health and nephew of President Kapelou.",C:/Users/17971/Desktop/HomeWork/数据可视化/MC1/MC1/News Articles/News Online Today/549.txt
104,News Desk,News Desk,aggregator,THREATS WHICH ARE SPENT BY POK,,2012/03/10,2012-03-10,ok,"ABILA, Kronos",89,POK|Government|President Kapelou,security,2|3,"The letters which are claimed have been received for of the guards of Kronos (POK) its Vincent Kapelou, minister of health and cousin of president Kapelou. Threatening letters seems be the more empty threats of attention-aandacht-zoekende...",C:/Users/17971/Desktop/HomeWork/数据可视化/MC1/MC1/News Articles/News Desk/104.txt
610,Athena Speaks,Athena Speaks,primary_local,THE THREATS PUBLISHED BY POK,,2012/03/10,2012-03-10,ok,"ABILA, Kronos",93,POK|Government|President Kapelou|Abila,,2|3,"ABILA, Kronos - letters claimed to be from guards of Kronos (POK) were received by Vincent Kapelou, minister of health and nephew of President Kapelou. The menacing letters seem to be the empty threats of a attention-seeking organization...",C:/Users/17971/Desktop/HomeWork/数据可视化/MC1/MC1/News Articles/Athena Speaks/610.txt
135,All News Today,All News Today,aggregator,RALLY SCHEDULED IN SUPPORT OF INCREASED GOVERNMENT ACCOUNTABILITY,,2012/04/09,2012-04-09,ok,"ABILA, Kronos",76,POK|Government,protest,3,"Silvia Marek, leader of the Protectors of Kronos social action organization is appealing to the citizens of Kronos to join her for a day of peaceful protest tomorrow. Marek asks all concerned citizens to join her to bring awareness to the...",C:/Users/17971/Desktop/HomeWork/数据可视化/MC1/MC1/News Articles/All News Today/135.txt
358,Homeland Illumination,Homeland Illumination,primary_local,RALLY SCHEDULED IN SUPPORT OF INCREASED GOVERNMENT ACCOUNTABILITY,Maha Salo,9 April 2012,2012-04-09,ok,"ABILA, Kronos",103,POK|Government|Elodis,protest,3,"Silvia Marek, leader of the Protectors of Kronos social action organization is appealing to the citizens of Kronos to join her for a day of peaceful protest tomorrow. Marek asks all concerned citizens to join her to bring awareness to the...",C:/Users/17971/Desktop/HomeWork/数据可视化/MC1/MC1/News Articles/Homeland Illumination/358.txt
239,The Orb,The Orb,derivative_international,GATHERING PROGRAMMED IN SUPPORT OF THE RESPONSIBILITY INCREASED FOR GOVERNMENT,,2012/04/10,2012-04-10,ok,"ABILA, Kronos",108,Government|Elodis,protest,3,"Silvia Marek, chief of the guards of the social organization of action of Kronos calls upon the citizens of Kronos to join it during one day of peaceful protest tomorrow. Marek requires of all the interested citizens to join it to bring...",C:/Users/17971/Desktop/HomeWork/数据可视化/MC1/MC1/News Articles/The Orb/239.txt
414,News Online Today,News Online Today,aggregator,RALLY SCHEDULED IN SUPPORT OF INCREASED GOVERNMENT ACCOUNTABILITY,,2012/04/10,2012-04-10,ok,"ABILA, Kronos",28,POK|Government,protest,3,"Silvia Marek, leader of the Protectors of Kronos social action organization is appealing to the citizens of Kronos to join her for a day of peaceful protest tomorrow.",C:/Users/17971/Desktop/HomeWork/数据可视化/MC1/MC1/News Articles/News Online Today/414.txt
773,Daily Pegasus,Daily Pegasus,primary_local,MEETING TO PROGRAM IN SUPPORT OF INCREASING RESPONSIBILITY OF THE GOVERNMENT,,2012/04/10,2012-04-10,ok,"ABILA, Kronos",114,Government|Elodis,protest|business,1|3,"Silvia Marek, leader of the protectors of the social organization of the action of Kronos is repealing the citizens of Kronos to assemble it by a day of the pacific protest morning. Marek requests that all the citizens assemble at issue it...",C:/Users/17971/Desktop/HomeWork/数据可视化/MC1/MC1/News Articles/Daily Pegasus/773.txt
207,The Wrap,The Wrap,derivative_international,COLLECTION WHICH IS PLANNED TO SUPPORT OF THE RAISED DUTY OF RESPONSIBILITY OF THE GOVERNMENT,,2012/04/11,2012-04-11,ok,"ABILA, Kronos",105,Government|Elodis,protest,3,"Silvia Marek, LEADER of the guards of Kronos social action organization is connect himself appealing on the citizens of Kronos at her for a day of peaceful protest tomorrow. Marek ask all connect itself citizens concerned at her to bring...",C:/Users/17971/Desktop/HomeWork/数据可视化/MC1/MC1/News Articles/The Wrap/207.txt
132,World Source,World Source,derivative_international,Abila police break up sit-in turned violent at the presidential manor,,2012/06/20,2012-06-20,ok,,207,GAStech|POK|Government|Elian Karel|Abila,environment|protest|security,2|3,"Traffic snarled around the city as Abilians struggle to get to work amid vandalism and looting Early on Tuesday police stormed the front of the presidential mansion and the capital building, breaking up a sit in by the Protectors of...",C:/Users/17971/Desktop/HomeWork/数据可视化/MC1/MC1/News Articles/World Source/132.txt
18,Homeland Illumination,Homeland Illumination,primary_local,POK REMEMBERS MARTYRED LEADER,Petrus Gerhard,20 June 2012,2012-06-20,ok,"ABILA, Kronos",317,POK|Elian Karel|Henk Bodrogi|Elodis|Abila,environment|protest|security|legal,2|3,"In a touching ceremony Wednesday leaders of the activist group Protectors of Kronos paid tribute to their fallen leader, Elian Karel, who was murdered on 19 June 2009 while being illegally detained in a Kronos jail. ""Today we gather to...",C:/Users/17971/Desktop/HomeWork/数据可视化/MC1/MC1/News Articles/Homeland Illumination/18.txt
282,International Times,International Times,derivative_international,Abila police break up sit-in turned violent at the presidential manor,,20 June 2012,2012-06-20,ok,,276,GAStech|POK|Government|Elian Karel|Abila,environment|protest|security,2|3,"Traffic snarled around the city as Abilians struggle to get to work amid vandalism and looting Early on Tuesday police stormed the front of the presidential mansion and the capital building, breaking up a sit in by the Protectors of...",C:/Users/17971/Desktop/HomeWork/数据可视化/MC1/MC1/News Articles/International Times/282.txt
364,Kronos Star,Kronos Star,primary_local,POK Anniversary Rally Ends in Riot,Marcella Trapani,20 June 2012,2012-06-20,ok,"ABILA, Kronos",178,POK|Government|Abila,protest|security,3,"POK members held a large demonstration in Abila yesterday. Several dozen of their supporters held sit-ins in front of the capitol building and the presidential manor, while others took to the streets with their signs and chants. Protestors...",C:/Users/17971/Desktop/HomeWork/数据可视化/MC1/MC1/News Articles/Kronos Star/364.txt
570,News Online Today,News Online Today,aggregator,POK REMEMBERS MARTYRED LEADER,,2012/06/20,2012-06-20,ok,"ABILA, Kronos",156,POK|Elian Karel,legal,2|3,"In a touching ceremony Wednesday leaders of the activist group Protectors of Kronos paid tribute to their fallen leader, Elian Karel, who was murdered on 19 June 2009 while being illegally detained in a Kronos jail. LOCATION: ""Today we...",C:/Users/17971/Desktop/HomeWork/数据可视化/MC1/MC1/News Articles/News Online Today/570.txt
698,All News Today,All News Today,aggregator,POK REMEMBERS MARTYRED LEADER,,2012/06/20,2012-06-20,ok,"ABILA, Kronos",236,POK|Elian Karel|Henk Bodrogi|Elodis,environment|security|legal,2|3,"In a touching ceremony Wednesday leaders of the activist group Protectors of Kronos paid tribute to their fallen leader, Elian Karel, who was murdered on 19 June 2009 while being illegally detained in a Kronos jail. ""Today we gather to...",C:/Users/17971/Desktop/HomeWork/数据可视化/MC1/MC1/News Articles/All News Today/698.txt
785,News Online Today,News Online Today,aggregator,POK Anniversary Rally Ends in Riot,,2012/06/20,2012-06-20,ok,"ABILA, Kronos",56,POK|Abila,protest|security,3,"POK members held a large demonstration in Abila yesterday. The violence escalated into a full blown riot and police were forced to use tear gas, pepper spray, water cannons, and beanbags shot from shotguns to control the crowd. Several...",C:/Users/17971/Desktop/HomeWork/数据可视化/MC1/MC1/News Articles/News Online Today/785.txt
89,International News,International News,derivative_international,POK Anniversary Rally Ends in Riot,,2012/06/20,2012-06-20,ok,"ABILA, Kronos",136,POK|Government|Abila,protest|security,3,"POK members held a large demonstration in Abila yesterday. Several dozen of their supporters held sit-ins in front of the capitol building and the presidential manor, while others took to the streets with their signs and chants. Police...",C:/Users/17971/Desktop/HomeWork/数据可视化/MC1/MC1/News Articles/International News/89.txt
116,The Wrap,The Wrap,derivative_international,POK REMIND LEADER MARTYRED,,2012/06/21,2012-06-21,ok,"ABILA, Kronos",330,POK|Elian Karel|Henk Bodrogi|Elodis|Abila,security,2|3,"In LEADERs of moving ceramics Wednesday of activist the group guards of Kronos homage paid to their cases LEADER, Elian Karel, who on 19 June 2009 whereas resistance worker is held in a prison Kronos assassination. We collect us today to...",C:/Users/17971/Desktop/HomeWork/数据可视化/MC1/MC1/News Articles/The Wrap/116.txt
318,The Continent,The Continent,derivative_international,To sit in divide the police force of Abila twisted violently at presidential manor,,2012/06/21,2012-06-21,ok,,296,GAStech|POK|Government|Elian Karel|Abila,environment|protest|security,2|3,"Movement that around the city if fight Abilians is snarled gets to work amid vandalism and plundering Early Tuesday the police force stormed the front of the presidential lord house and, divide the head bldg. is by the guards of Kronos...",C:/Users/17971/Desktop/HomeWork/数据可视化/MC1/MC1/News Articles/The Continent/318.txt
343,Everyday News,Everyday News,primary_local,The police of Abila breaks itself for above will seat dice returned violent in presidential,,2012/06/21,2012-06-21,ok,,342,GAStech|POK|Government|Elian Karel|Abila,environment|protest|security,2|3,"The traffic around the city as fight of Abilians to be able to work in the middle of vandalism and of the sacking. At the beginning of the Tuesday police stormed the front of the presidential mansion and the capital building, breaking...",C:/Users/17971/Desktop/HomeWork/数据可视化/MC1/MC1/News Articles/Everyday News/343.txt
351,World Journal,World Journal,derivative_international,The police force of Abila breaks upwards rest-in turned violent one with the presidential manor,,2012/06/21,2012-06-21,ok,,318,GAStech|POK|Government|Elian Karel|Abila,environment|protest|business|security,1|2|3,"The traffic thundered around the city like fights of Abilians to obtain to work among vandalism and plundering. As of the access the police force of Tuesday gave the attack in front of the presidential manor and of the capital building,...",C:/Users/17971/Desktop/HomeWork/数据可视化/MC1/MC1/News Articles/World Journal/351.txt
541,Kronos Star,Kronos Star,primary_local,"Kapelou Calls POK ""A Gang of Criminals""",Eva Thayer,21 June 2012,2012-06-21,ok,"ABILA, Kronos",80,POK|Government|President Kapelou|Elodis,protest|security,3,"In a press release today, President Kapelou today called the POK ""a gang of criminals, thugs, and malcontents who have become a pestilence to our peaceful way of life."" President Kapelou's comments come after a POK demonstration turned...",C:/Users/17971/Desktop/HomeWork/数据可视化/MC1/MC1/News Articles/Kronos Star/541.txt
57,News Online Today,News Online Today,aggregator,Abila police break up sit-in turned violent at the presidential manor,,2012/06/21,2012-06-21,ok,TITLE: Abila police break up sit,84,POK|Government|Abila,protest|security,3,"Traffic snarled around the city as Abilians struggle to get to work amid vandalism and looting. Early on Tuesday police stormed the front of the presidential mansion and the capital building, breaking up a sit in by the Protectors of...",C:/Users/17971/Desktop/HomeWork/数据可视化/MC1/MC1/News Articles/News Online Today/57.txt
645,The Truth,The Truth,derivative_international,The ends of the collection of the anniversary POK in babble,,2012/06/21,2012-06-21,ok,"ABILA, Kronos",191,POK|Government|Abila,protest|security,3,"The members POK kept a large demonstration yesterday in Abila. Different dozen of their defenders kept sit-ins for the capitol building and presidential manor, whereas others to the streets with their signs and chants names. Protestors...",C:/Users/17971/Desktop/HomeWork/数据可视化/MC1/MC1/News Articles/The Truth/645.txt
664,The Guide,The Guide,derivative_international,Ends of the meeting of the anniversary of POK in uproar,,2012/06/21,2012-06-21,ok,"ABILA, Kronos",212,POK|Government|Abila,protest|security,3,"The members of POK celebrated a great demonstration in Abila yesterday. It varies dozen of his those in favor carried out seating-ins in front of the building of capitol and señorío presidential, whereas others took the streets with their...",C:/Users/17971/Desktop/HomeWork/数据可视化/MC1/MC1/News Articles/The Guide/664.txt
816,Worldwise,Worldwise,derivative_international,gathering of birthday of POK Ends  in the riot,,2012/06/21,2012-06-21,ok,"ABILA, Kronos",199,POK|Government|Abila,protest|security,3,"The members of POK held a great demonstration in Abila yesterday. Several dozen their defenders held central rest-Institute of the statistics in front of the building of capitol and the presidential manor, whereas others took with the...",C:/Users/17971/Desktop/HomeWork/数据可视化/MC1/MC1/News Articles/Worldwise/816.txt
337,News Online Today,News Online Today,aggregator,"Kapelou Calls POK ""A Gang of Criminals""",,2012/06/22,2012-06-22,ok,"ABILA, Kronos",29,POK|Government|President Kapelou,,3,"In a press release today, President Kapelou today called the POK ""a gang of criminals, thugs, and malcontents who have become a pestilence to our peaceful way of life.""",C:/Users/17971/Desktop/HomeWork/数据可视化/MC1/MC1/News Articles/News Online Today/337.txt
572,Daily Pegasus,Daily Pegasus,primary_local,POK REMEMBERS MARTYRED LEADER,,2012/06/22,2012-06-22,ok,"ABILA, Kronos",348,POK|Elian Karel|Henk Bodrogi|Elodis|Abila,environment|business|security|legal,1|2|3,"In the stirring leaders of Wednesday of the ceremony of the protectors of the group of the activist of Kronos the tribute paid to its fallen leader, Elian Karel, that was assassinated the 19 of June of 2009 whereas illegal one being...",C:/Users/17971/Desktop/HomeWork/数据可视化/MC1/MC1/News Articles/Daily Pegasus/572.txt
662,The Orb,The Orb,derivative_international,POK POINTS OUT THE CHIEF OF MARTYRED,,2012/06/22,2012-06-22,ok,"ABILA, Kronos",342,POK|Elian Karel|Henk Bodrogi|Elodis|Abila,environment|protest|security|legal,2|3,"In the chiefs moving one Wednesday of ceremony of the guards of group of activist of Kronos poured the homage on their fallen chief, Elian Karel, which was assassinated on June 19, 2009 while being illegally held in prison of Kronos....",C:/Users/17971/Desktop/HomeWork/数据可视化/MC1/MC1/News Articles/The Orb/662.txt
75,International News,International News,derivative_international,"Kapelou Calls POK ""A Gang of Criminals""",,2012/06/22,2012-06-22,ok,"ABILA, Kronos",56,POK|Government|President Kapelou|Elodis,protest|security,3,"In a press release today, President Kapelou today called the POK ""a gang of criminals, thugs, and malcontents who have become a pestilence to our peaceful way of life."" President Kapelou has called for increased police patrols of the...",C:/Users/17971/Desktop/HomeWork/数据可视化/MC1/MC1/News Articles/International News/75.txt
792,Worldwise,Worldwise,derivative_international,"Kapelou calls POK ""a troop of the criminals""",,2012/06/22,2012-06-22,ok,"ABILA, Kronos",93,POK|Government|President Kapelou|Elodis,protest|security,3,"In a press release today today, President Kapelou called the POK ""a troop of the criminals, gangsters, and the dissatisfied ones who became a plague with our peaceful way of life."" The comments of the President Kapelou come after a...",C:/Users/17971/Desktop/HomeWork/数据可视化/MC1/MC1/News Articles/Worldwise/792.txt
156,The Truth,The Truth,derivative_international,The question POK of Kapelou a troop of criminals,,2012/06/23,2012-06-23,ok,"ABILA, Kronos",81,POK|Government|President Kapelou|Elodis,protest|security,3,"In a press communication today, president Kapelou today called POK a troop of criminals, criminals, and malcontents who pestilence to our peaceful manner of living. have become the comments of president Kapelou's come after a demonstration...",C:/Users/17971/Desktop/HomeWork/数据可视化/MC1/MC1/News Articles/The Truth/156.txt
194,The Guide,The Guide,derivative_international,"Kapelou calls POK ""one group of criminals""",,2012/06/23,2012-06-23,ok,"ABILA, Kronos",93,POK|Government|President Kapelou|Elodis,protest|security,3,"In a press launching today, president Kapelou today called the POK ""one group of criminals, the hooligans, and malcontents that has done pestilence to our way of the pacific life."" The commentaries of president Kapelou come after a given...",C:/Users/17971/Desktop/HomeWork/数据可视化/MC1/MC1/News Articles/The Guide/194.txt
184,News Online Today,News Online Today,aggregator,WHO ARE THE PROTESTERS,,2012/08/22,2012-08-22,ok,"ABILA, Kronos",113,POK|Government|Elian Karel|Elodis,environment|protest|business|security,1|2|3,With the third anniversary of Elian Karel's death approaching - former member of the Protectors of Kronos - the question is: who are the protesters? The POK was initiated to bring attention to the clean water issues surrounding Elodis to...,C:/Users/17971/Desktop/HomeWork/数据可视化/MC1/MC1/News Articles/News Online Today/184.txt
54,The Abila Post,The Abila Post,primary_local,WHO ARE THE PROTESTERS,,22 August 2012,2012-08-22,ok,"ABILA, Kronos",407,GAStech|POK|Government|Elian Karel|Elodis|Abila,environment|protest|business|security,1|2|3,"With the third anniversary of Elian Karel's death approaching - former member of the Protectors of Kronos - the question is: who are the protesters? But not only who are they, what and why are they protesting? The Protectors of Kronos or...",C:/Users/17971/Desktop/HomeWork/数据可视化/MC1/MC1/News Articles/The Abila Post/54.txt
213,Central Bulletin,Central Bulletin,primary_local,WHO ARE THE PROTESTERS,,2012/08/23,2012-08-23,ok,"ABILA, Kronos",296,GAStech|POK|Government|Elian Karel|Elodis|Abila,environment|protest|business|security,1|2|3,"ABILA, Kronos - With the third anniversary of Elian Karel's death approaching - former member of the Protectors of Kronos - the question is: who are the protesters? The Protectors of Kronos or POK were founded in 1997 by residents of rural...",C:/Users/17971/Desktop/HomeWork/数据可视化/MC1/MC1/News Articles/Central Bulletin/213.txt
709,News Desk,News Desk,aggregator,WHO ARE PROTESTERS,,2012/08/23,2012-08-23,ok,"ABILA, Kronos",414,GAStech|POK|Government|Elian Karel|Elodis|Abila,environment|protest|business|security,1|2|3,"With the third anniversary of the death of Elian Karel closer coming - former member of the guards of Kronos - the question is: who are protesters? But not only who she, what are and why do they protest? The guards of Kronos or POK were...",C:/Users/17971/Desktop/HomeWork/数据可视化/MC1/MC1/News Articles/News Desk/709.txt
300,The Explainer,The Explainer,derivative_international,THE WHO IS THE DEMONSTRATORS,,2012/08/24,2012-08-24,ok,"ABILA, Kronos",474,GAStech|POK|Government|Elian Karel|Elodis|Abila,environment|protest|security,2|3,"With the third anniversary to approach of the death of Elian Karel - previous member of the protectors of Kronos - the question is: who are the demonstrators. But not only who are they, which and because they are protesting? The protectors...",C:/Users/17971/Desktop/HomeWork/数据可视化/MC1/MC1/News Articles/The Explainer/300.txt
74,Athena Speaks,Athena Speaks,primary_local,WHO ARE the PROTESTERS,,2012/08/24,2012-08-24,ok,"ABILA, Kronos",434,GAStech|POK|Government|Elian Karel|Elodis|Abila,environment|protest|business|legal,1|2|3,"With the approaching third birthday of the death of of Elian Karel - former member of the Protectors of Kronos - the question is: who are the protesters? But not only which is they, which and why they protest? The Protectors of Kronos or...",C:/Users/17971/Desktop/HomeWork/数据可视化/MC1/MC1/News Articles/Athena Speaks/74.txt
33,Homeland Illumination,Homeland Illumination,primary_local,Maha Salo,,7 September 2012,2012-09-07,ok,"ABILA, Kronos",199,POK|Government|Elian Karel,environment|protest,2|3,"Thousands of people lined the roads on Thursday in a display of antigovernment solidarity. Among the demonstrators was Mestache Vardshvna, 23, from the west coast of Kronos. ""We're trying to get the attention of our government,"" he told...",C:/Users/17971/Desktop/HomeWork/数据可视化/MC1/MC1/News Articles/Homeland Illumination/33.txt
0,The Orb,The Orb,derivative_international,BUMP OF PROTESTS IN ABILA IN RESPONSE TO THE CALLS TO THE ACTION,,2012/09/08,2012-09-08,ok,"ABILA, Kronos",194,Government|Elian Karel|Abila,environment|protest,2|3,"The thousands of people striped the roads Thursday in a posting of solidarity anti-government. Among the demonstrators was Mestache Vardshvna, 23, of the Western coast of Kronos. ""We try to obtain the attention of our government,"" it said....",C:/Users/17971/Desktop/HomeWork/数据可视化/MC1/MC1/News Articles/The Orb/0.txt
346,News Online Today,News Online Today,aggregator,PROTESTS SWELL IN ABILA IN RESPONSE TO CALLS TO ACTION,,2012/09/08,2012-09-08,ok,"ABILA, Kronos",54,POK|Abila,protest,3,"Thousands of people lined the roads on Thursday in a display of antigovernment solidarity. Karel was the prior leader of the Protectors of Kronos before his premature death in 2009. His death, thought to be a murder by many, prompted annul...",C:/Users/17971/Desktop/HomeWork/数据可视化/MC1/MC1/News Articles/News Online Today/346.txt
520,The Wrap,The Wrap,derivative_international,THE PROTESTS SWELL IN ABILA IN REPLY TO QUESTION TO ACTION,,2012/09/08,2012-09-08,ok,"ABILA, Kronos",200,Government|Elian Karel|Abila,environment|protest,2|3,"Thousands of people conducted the ways on Thursday in a show of antigovernment solidarity. Under the demonstration systems Mestache Vardshvna were, 23, of the west coast of Kronos. We try get the attention of our government, he said. This...",C:/Users/17971/Desktop/HomeWork/数据可视化/MC1/MC1/News Articles/The Wrap/520.txt
753,All News Today,All News Today,aggregator,PROTESTS SWELL IN ABILA IN RESPONSE TO CALLS TO ACTION,,2012/09/08,2012-09-08,ok,"ABILA, Kronos",148,POK|Government|Elian Karel|Abila,environment|protest,2|3,"Thousands of people lined the roads on Thursday in a display of antigovernment solidarity. Among the demonstrators was Mestache Vardshvna, 23, from the west coast of Kronos. ""This is important, so I took time off from work to be a part of...",C:/Users/17971/Desktop/HomeWork/数据可视化/MC1/MC1/News Articles/All News Today/753.txt
101,Daily Pegasus,Daily Pegasus,primary_local,THE DEMONSTRATION ATTRACTS THOUSANDS IN SPITE OF RAIN,,2012/11/11,2012-11-11,ok,"ABILA, Kronos",207,POK|Government,environment|protest|business,1|2|3,A heavy rain did not stop to thousands of citizens to assure its voices was heard last Wednesday. An open microphone was installed in the common fields of the city with the loudspeakers installed around the area. The POK leader Silvia...,C:/Users/17971/Desktop/HomeWork/数据可视化/MC1/MC1/News Articles/Daily Pegasus/101.txt
108,News Online Today,News Online Today,aggregator,POK DEMONSTRATIONS ON THE INCREASE,,12 November 2012,2012-11-12,ok,"ABILA, Kronos",40,POK|Government,protest,3,"An increase in the frequency of demonstrations by the Protectors of Kronos have given rise to concerns from the Government of Kronos. Three recent demonstrations, in as many weeks, have drawn crowds of thousands in front of the capitol...",C:/Users/17971/Desktop/HomeWork/数据可视化/MC1/MC1/News Articles/News Online Today/108.txt
840,The Orb,The Orb,derivative_international,THE DEMONSTRATION ATTRACTS THOUSANDS IN SPITE OF RAIN,,2012/11/12,2012-11-12,ok,"ABILA, Kronos",196,POK|Government,protest|business,1|3,A strong rain did not stop thousands of citizens ensuring their voices was heard last Wednesday. An open microphone was established in the communal grounds of city with loudspeakers established around the sector. The Chief Silvia Marek of...,C:/Users/17971/Desktop/HomeWork/数据可视化/MC1/MC1/News Articles/The Orb/840.txt
843,The Wrap,The Wrap,derivative_international,DEMONSTRATION ATTRACTS THOUSANDS IN SPITE OF RAIN,,2012/11/12,2012-11-12,ok,"ABILA, Kronos",185,POK|Government,protest|business,1|3,A heavy rain loved no thousands of citizens insuring against their votes previous Wednesday was heard. An open microphone was set up in the town lower house with participants set up around the area. POK LEADER Silvia Marek opened the...,C:/Users/17971/Desktop/HomeWork/数据可视化/MC1/MC1/News Articles/The Wrap/843.txt
651,International Times,International Times,derivative_international,Abila Hospitals Seeing Influx of Designer Drug Users,,7 February 2013,2013-02-07,ok,,749,APA|Government|Elodis|Abila,environment|protest|business|security|legal,1|2|3,"The Emergency Department at Abila General Hospital in Kronos has been swamped in the last month by people suffering medical complications from designer drugs such as ""cotton candy"" and synthetic marijuana, a hospital official said. ""We...",C:/Users/17971/Desktop/HomeWork/数据可视化/MC1/MC1/News Articles/International Times/651.txt
124,News Online Today,News Online Today,aggregator,Abila Hospitals Seeing Influx of Designer Drug Users,,2013/02/08,2013-02-08,ok,,234,APA|Government|Abila,business|legal,1|3,"The Emergency Department at Abila General Hospital in Kronos has been swamped in the last month by people suffering medical complications from designer drugs such as ""cotton candy"" and synthetic marijuana, a hospital official said....",C:/Users/17971/Desktop/HomeWork/数据可视化/MC1/MC1/News Articles/News Online Today/124.txt
530,The Continent,The Continent,derivative_international,The hospitals which see Influx of the users of the drug of the designer of Abila,,2013/02/08,2013-02-08,ok,,799,Government|Elodis|Abila,environment|protest|business|security|legal,1|2|3,The department of the emergency situation at the general hospital Abila in Kronos has been under water put in previous month by people who suffer from medical complications from designer drugs such as cotton candy and the synthetic...,C:/Users/17971/Desktop/HomeWork/数据可视化/MC1/MC1/News Articles/The Continent/530.txt
81,World Journal,World Journal,derivative_international,Hospital of Abila seeing the surge of the users of drug of originator,,2013/02/09,2013-02-09,ok,,838,Government|Elodis|Abila,environment|protest|security|legal,2|3,"The department of help at the hospital general of Abila in Kronos was flooded in last month by people suffering from the medical complications of drugs of originator such as the ""cotton sugar"" and the synthetic marijuana, a civil servant...",C:/Users/17971/Desktop/HomeWork/数据可视化/MC1/MC1/News Articles/World Journal/81.txt
93,Everyday News,Everyday News,primary_local,Hospitals of Abila that see the affluence of the designer drug users,,2013/02/09,2013-02-09,ok,,880,Government|Elodis|Abila,environment|protest|business|security|legal,1|2|3,"The department of the emergency in the general hospital of Abila in Kronos has been sunk in the month last through the people who underwent medical complications of designer drugs such as ""caramel of cotton"" and synthetic marijuana, civil...",C:/Users/17971/Desktop/HomeWork/数据可视化/MC1/MC1/News Articles/Everyday News/93.txt
150,International Times,International Times,derivative_international,GAStech,,22 February 2013,2013-02-22,ok,,414,GAStech|Government|Sten Sanjorge|Tethys,environment|business,1|2,"It is the biggest company in Kronos, the third largest gas company on the planet, and it is fifty-three years old. In the past it has had a reputation as corrupt and environmentally harmful, but nowadays GAStech, the former Tethys-only...",C:/Users/17971/Desktop/HomeWork/数据可视化/MC1/MC1/News Articles/International Times/150.txt
303,News Online Today,News Online Today,aggregator,GAStech Profile,,2013/02/22,2013-02-22,ok,,153,GAStech|Sten Sanjorge|Tethys,business,1,"It is the biggest company in Kronos, the third largest gas company on the planet, and it is fifty-three years old. This is the heart of Kronos's pipeline business, where gas from the eastern gas fields is piped west towards the rest of...",C:/Users/17971/Desktop/HomeWork/数据可视化/MC1/MC1/News Articles/News Online Today/303.txt
393,World Source,World Source,derivative_international,GAStech Profile,,2013/02/22,2013-02-22,ok,,286,GAStech|Government|Sten Sanjorge|Tethys,environment|business,1|2,"It is the biggest company in Kronos, the third largest gas company on the planet, and it is fifty-three years old. In the past it has had a reputation as corrupt and environmentally harmful, but nowadays GAStech, the former Tethys-only...",C:/Users/17971/Desktop/HomeWork/数据可视化/MC1/MC1/News Articles/World Source/393.txt
147,Everyday News,Everyday News,primary_local,GAStech,,2013/02/24,2013-02-24,ok,,488,GAStech|Government|Sten Sanjorge|Tethys,environment|business,1|2,"It is the biggest company of Kronos, the third bigger company of the gas in the planet, and is years of fifty-three. In the past it has had a corrupt reputation like and environmentally harmful, but nowadays GAStech, the previous business...",C:/Users/17971/Desktop/HomeWork/数据可视化/MC1/MC1/News Articles/Everyday News/147.txt
580,The Continent,The Continent,derivative_international,GAStech,,2013/02/24,2013-02-24,ok,,430,GAStech|Government|Sten Sanjorge|Tethys,environment|business,1|2,"It is the largest company in Kronos, the third largest gas company on the planet, and it is fifty-three years old. In the past it has had a reputation corrupt and ecologically detrimental, but nowadays tries GAStech, former tethys-only the...",C:/Users/17971/Desktop/HomeWork/数据可视化/MC1/MC1/News Articles/The Continent/580.txt
648,World Journal,World Journal,derivative_international,GAStech,,2013/02/24,2013-02-24,ok,,460,GAStech|Government|Sten Sanjorge|Tethys,protest|business|legal,1,"It is the largest company in Kronos, the third larger company of gas on planet, and they is years of fifty-three. In the past it had a reputation as corrupted and ambient harmful, but nowadays GAStech, the old businesses of Tethys-only,...",C:/Users/17971/Desktop/HomeWork/数据可视化/MC1/MC1/News Articles/World Journal/648.txt
130,Kronos Star,Kronos Star,primary_local,"Annual POK Rally Ends in Riot, Again",Marcella Trapani,20 June 2013,2013-06-20,ok,"ABILA, Kronos",168,GAStech|POK|Government|Elian Karel|President Kapelou|Abila|Tethys,protest|security,3,"POK members held their annual demonstration in Abila yesterday. A larger than usual crowd gathered in front of the Capitol building, waving signs holding pictures of Elian Karel and Juliana Vann, who were painted as POK ""martyrs"". The...",C:/Users/17971/Desktop/HomeWork/数据可视化/MC1/MC1/News Articles/Kronos Star/130.txt
252,News Online Today,News Online Today,aggregator,"Annual POK Rally Ends in Riot, Again",,2013/06/20,2013-06-20,ok,"ABILA, Kronos",42,POK|Government|Abila,protest|security,3,"POK members held their annual demonstration in Abila yesterday. Police and government security forces set up between the protestors and the Capitol building in a show of force, hoping to prevent the kind of chaos that occurred during last...",C:/Users/17971/Desktop/HomeWork/数据可视化/MC1/MC1/News Articles/News Online Today/252.txt
290,Homeland Illumination,Homeland Illumination,primary_local,WHO BRINGS A GUN TO A SIT IN?,Petrus Gerhard,20 June 2013,2013-06-20,ok,"ABILA, Kronos",310,POK|Government|President Kapelou|Elodis|Abila,environment|protest|security,2|3,"Yesterday, as they have each June 19th for the past three years supporters of Protectors of Kronos rallied demanding much the same as they have in the past fourteen years: an end to the corruption of the Kronos government officials and the...",C:/Users/17971/Desktop/HomeWork/数据可视化/MC1/MC1/News Articles/Homeland Illumination/290.txt
374,International News,International News,derivative_international,"Annual POK Rally Ends in Riot, Again",,2013/06/20,2013-06-20,ok,"ABILA, Kronos",133,POK|Government|Elian Karel|Abila,protest|security,3,"POK members held their annual demonstration in Abila yesterday. A larger than usual crowd gathered in front of the Capitol building, waving signs holding pictures of Elian Karel and Juliana Vann, who were painted as POK ""martyrs"". Police...",C:/Users/17971/Desktop/HomeWork/数据可视化/MC1/MC1/News Articles/International News/374.txt
341,All News Today,All News Today,aggregator,WHO BRINGS A GUN TO A SIT IN?,,2013/06/21,2013-06-21,ok,"ABILA, Kronos",221,POK|Government|Elodis|Abila,environment|protest|security,2|3,"ABILA, Kronos - Yesterday, as they have each June 19th for the past three years supporters, of Protectors of Kronos rallied demanding much the same as they have in the past fourteen years: an end to the corruption of the Kronos government...",C:/Users/17971/Desktop/HomeWork/数据可视化/MC1/MC1/News Articles/All News Today/341.txt
394,The Truth,The Truth,derivative_international,"The annual ends of the collection POK in babble, again",,2013/06/21,2013-06-21,ok,"ABILA, Kronos",174,GAStech|POK|Government|Elian Karel|President Kapelou|Abila|Tethys,protest|security,3,"The members POK kept their annual demonstration yesterday in Abila. Larger than usual mob which is collected for the Capitol bldg., undulating signs of Elian Karel and Juliana Vann, which was painted as POK martyrs, sign. The mob chanted...",C:/Users/17971/Desktop/HomeWork/数据可视化/MC1/MC1/News Articles/The Truth/394.txt
769,The Wrap,The Wrap,derivative_international,THE WGO BRING IN A GUN TO A FIT?,,2013/06/21,2013-06-21,ok,"ABILA, Kronos",329,POK|Government|President Kapelou|Elodis|Abila,environment|protest|security,2|3,"Yesterday, since they have collected each 19 June for the past three years defenders of guards of Kronos much requiring same if they have in the past the fourteen years: an end to the corruption of the Kronos government civil servants and...",C:/Users/17971/Desktop/HomeWork/数据可视化/MC1/MC1/News Articles/The Wrap/769.txt
833,News Online Today,News Online Today,aggregator,KAREL DEATH ANNIVERSARY,,2013/06/21,2013-06-21,ok,"ABILA, Kronos",91,POK|Government|Elodis,environment,2|3,"Yesterday, as they have each June 19th for the past three years supporters of Protectors of Kronos rallied demanding much the same as they have in the past fourteen years: an end to the corruption of the Kronos government officials and the...",C:/Users/17971/Desktop/HomeWork/数据可视化/MC1/MC1/News Articles/News Online Today/833.txt
189,The Guide,The Guide,derivative_international,"Annual ends of the meeting of POK in uproar, again",,2013/06/22,2013-06-22,ok,"ABILA, Kronos",207,GAStech|POK|Government|Elian Karel|President Kapelou|Abila|Tethys,protest|security,3,"Rhe members of POK celebrated their annual demonstration in Abila yesterday. Greater of the crowd it generally collected in front of the building of the Capitol, shaking the samples that carried out the pictures of Elian Karel and Julian...",C:/Users/17971/Desktop/HomeWork/数据可视化/MC1/MC1/News Articles/The Guide/189.txt
538,Worldwise,Worldwise,derivative_international,"Annual ends of gathering of POK in the riot, still",,2013/06/22,2013-06-22,ok,"ABILA, Kronos",192,GAStech|POK|Government|Elian Karel|President Kapelou|Abila|Tethys,protest|business|security,1|3,"The members of POK held their annual demonstration in Abila yesterday. A crowd larger than usual met in front of the building of capitol, undulating of the signs holding the images of Elian Karel and Juliana Vann, which were painted like...",C:/Users/17971/Desktop/HomeWork/数据可视化/MC1/MC1/News Articles/Worldwise/538.txt
575,The Orb,The Orb,derivative_international,Does WHO BRING a GUN TO ONE TO REST INSIDE?,,2013/06/22,2013-06-22,ok,"ABILA, Kronos",352,POK|Government|President Kapelou|Elodis|Abila,environment|protest|security,2|3,"Yesterday, because they more or less even have each June 19 during the three last years of defenders of the guards of Kronos gathered requiring as they have in fourteen last years: an end with the corruption of the civils servant of...",C:/Users/17971/Desktop/HomeWork/数据可视化/MC1/MC1/News Articles/The Orb/575.txt
700,Daily Pegasus,Daily Pegasus,primary_local,THE WHO BRINGS A WEAPON TO SEATING INSIDE?,,2013/06/22,2013-06-22,ok,"ABILA, Kronos",353,POK|Government|President Kapelou|Elodis|Abila,environment|protest|business|security,1|2|3,"Yesterday, because they have each 19 of June by last the three years of those in favor of the reunited protectors of Kronos demanding much just as they are in the last fourteen years old: a end to the corruption of the officials of the...",C:/Users/17971/Desktop/HomeWork/数据可视化/MC1/MC1/News Articles/Daily Pegasus/700.txt
82,News Online Today,News Online Today,aggregator,GOVERNMENT DECLARES POK TO BE TERRORIST GROUP,,30 June 2013,2013-06-30,ok,,48,POK|Government|President Kapelou,security,3,"In an announcement released earlier today by President Kapelous office, the Protectors of Kronos were declared to be a terrorist group. The release stated that any further violence or criminal activity will be prosecuted under the...",C:/Users/17971/Desktop/HomeWork/数据可视化/MC1/MC1/News Articles/News Online Today/82.txt
809,The World,The World,derivative_international,SANJORGE JR. TAKING GASTECH INTERNATIONAL PUBLIC,,2 September 2013,2013-09-02,ok,"CENTRUM, Tethys",90,GAStech|Sten Sanjorge,ipo,1,"After 52 years of being privately owned, Sten Sanjorge, Jr. is taking the natural gas exploration and production company GAStech International public. With an eye toward becoming even more of a world player in the gas industry, Sanjorge,...",C:/Users/17971/Desktop/HomeWork/数据可视化/MC1/MC1/News Articles/The World/809.txt
119,The Tulip,The Tulip,derivative_international,SANJORGE JR. THAT INTERNATIONALLY PUBLIC GASTECH TAKE,,2013/09/03,2013-09-03,ok,"CENTRUM, Tethys",90,GAStech|Sten Sanjorge,ipo,1,"After 52 years of private it are, Sten Sanjorge, Jr. take of the gas exploration and production company GAStech the international public. With an eye to even of a world player in the gas industry, Sanjorge still more, will Jr. in public...",C:/Users/17971/Desktop/HomeWork/数据可视化/MC1/MC1/News Articles/The Tulip/119.txt
46,News Online Today,News Online Today,aggregator,SANJORGE JR. TAKING GASTECH INTERNATIONAL PUBLIC,,2013/09/03,2013-09-03,ok,"CENTRUM, Tethys",42,GAStech|Sten Sanjorge,,,"After 52 years of being privately owned, Sten Sanjorge, Jr. is taking GAStech public. The company, founded in 1961 by Sten Sanjorge, Sr., said Monday it plans a stock offering that could place its value in the neighborhood of $3.75 billion.",C:/Users/17971/Desktop/HomeWork/数据可视化/MC1/MC1/News Articles/News Online Today/46.txt
102,The Light of Truth,The Light of Truth,derivative_international,JR. SANJORGE TAKING INTERNATIONAL GASTECH PUBLIC,,2013/09/04,2013-09-04,ok,"CENTRUM, Tethys",94,GAStech|Sten Sanjorge,ipo,1,"After 52 years into private of possession, Sten Sanjorge, Jr. takes public the GAStech company of exploration and production of international natural gas. With an eye towards becoming even bigger in the world in gas industry, Sanjorge, Jr....",C:/Users/17971/Desktop/HomeWork/数据可视化/MC1/MC1/News Articles/The Light of Truth/102.txt
336,The General Post,The General Post,primary_local,JR OF SANJORGE THAT TAKES TO GASTECH THE PUBLIC INTERNATIONAL,,2013/09/04,2013-09-04,ok,"CENTRUM, Tethys",95,GAStech|Sten Sanjorge,,,"After 52 years prevailed to be had, Sten Sanjorge Jr it is taking the GAStech company of the exploration and the production of international public the natural gas. With an eye towards becoming still more of a player of the world the...",C:/Users/17971/Desktop/HomeWork/数据可视化/MC1/MC1/News Articles/The General Post/336.txt
234,Everyday News,Everyday News,primary_local,2014/03/26,,21 October 2013,2013-10-21,ok,,327,APA|Tethys,business,1|2|3,Interpol has announced the formation of a detachment of forces of the new multi-country to fight the more and more ample distribution of cathinone of methyldimethyl of the drug (MDMC). To direct the detachment of forces is inspector...,C:/Users/17971/Desktop/HomeWork/数据可视化/MC1/MC1/News Articles/Everyday News/234.txt
287,International Times,International Times,derivative_international,Interpol has announced the formation of a new multi-country task force,,21 October 2013,2013-10-21,ok,,289,APA|Tethys,,2|3,"Interpol has announced the formation of a new multi-country task force to combat the increasingly wide distribution of the drug methyldimethyl cathinone (MDMC). Heading the task force is Senior Inspector Robert Loblaw, a veteran officer...",C:/Users/17971/Desktop/HomeWork/数据可视化/MC1/MC1/News Articles/International Times/287.txt
687,World Journal,World Journal,derivative_international,2014/03/26,,"October 21, 2013",2013-10-21,ok,,312,APA|Tethys,,2|3,"Interpol announced the formation of a new working group of multi-country to fight the increasingly broad distribution of the cathinone of methyldimethyl of drug (MDMC). To direct the working group is an elder inspector Robert Loblaw, a...",C:/Users/17971/Desktop/HomeWork/数据可视化/MC1/MC1/News Articles/World Journal/687.txt
513,The Continent,The Continent,derivative_international,,,2013/10/22,2013-10-22,ok,,0,,,,,C:/Users/17971/Desktop/HomeWork/数据可视化/MC1/MC1/News Articles/The Continent/513.txt
590,News Online Today,News Online Today,aggregator,Multi-Country Task Force Formed,,2013/10/22,2013-10-22,ok,TITLE: Multi,99,Tethys,,2,"Interpol has announced the formation of a new multi-country task force to combat the increasingly wide distribution of the drug methyldimethyl cathinone (MDMC). This particular blend of the drug MDMC, also known by its street names ""cotton...",C:/Users/17971/Desktop/HomeWork/数据可视化/MC1/MC1/News Articles/News Online Today/590.txt
775,World Source,World Source,derivative_international,Multi-Country Task Force Formed,,2013/10/22,2013-10-22,ok,,203,APA|Tethys,,2|3,"Interpol has announced the formation of a new multi-country task force to combat the increasingly wide distribution of the drug methyldimethyl cathinone (MDMC). Heading the task force is Senior Inspector Robert Loblaw, a veteran officer...",C:/Users/17971/Desktop/HomeWork/数据可视化/MC1/MC1/News Articles/World Source/775.txt
506,International Times,International Times,derivative_international,Kronos protests break out in violence,,12 November 2013,2013-11-12,ok,,363,GAStech|POK|Government|President Kapelou|Abila|Tethys,environment|protest|business|security,1|2|3,"Journalist Shawn Pastorini says ""lack of respect"" is fuelling the protests << Continue reading the main story >> Demonstrators in Abilia, Kronos have set fire to government buildings, in another round of unrest in this torn city Dozens of...",C:/Users/17971/Desktop/HomeWork/数据可视化/MC1/MC1/News Articles/International Times/506.txt
126,World Journal,World Journal,derivative_international,The protests of Kronos burst in violence,,2013/11/13,2013-11-13,ok,,411,GAStech|Government|President Kapelou|Abila|Tethys,environment|protest|business|security,1|2|3,"The journalist Shawn Pastorini says that the ""lack of respect"" fills of fuel the protests << to continue to read the principal history >> The demonstrators in Abilia, Kronos put fire at the buildings of government, in another round of...",C:/Users/17971/Desktop/HomeWork/数据可视化/MC1/MC1/News Articles/World Journal/126.txt
446,News Online Today,News Online Today,aggregator,Kronos protests break out in violence,,2013/11/13,2013-11-13,ok,,108,GAStech|Government|Abila,protest,2|3,"Journalist Shawn Pastorini says ""lack of respect"" is fuelling the protests << Continue reading the main story >> Demonstrators in Abilia, Kronos have set fire to government buildings, in another round of unrest in this torn city Dozens of...",C:/Users/17971/Desktop/HomeWork/数据可视化/MC1/MC1/News Articles/News Online Today/446.txt
608,Everyday News,Everyday News,primary_local,The protests of Kronos explode in violence,,2013/11/13,2013-11-13,ok,,429,GAStech|Government|President Kapelou|Abila|Tethys,environment|protest|business|security,1|2|3,"Journalist Shawn Pastorini says that the ""deficiency of the respect"" is supplying of fuel the protests << to continue reading main history >> The demonstrators in Abilia, Kronos have fixed the fire to the buildings of the government, in...",C:/Users/17971/Desktop/HomeWork/数据可视化/MC1/MC1/News Articles/Everyday News/608.txt
88,The Continent,The Continent,derivative_international,The protests of Kronos break out in violence,,2013/11/13,2013-11-13,ok,,377,GAStech|Government|President Kapelou|Abila|Tethys,environment|protest|business|security,1|2|3,"The journalist Shawn Pastorini says to the lack of respect the protests of fuel foresees << remain the reading most important tale >> The demonstration systems in Abilia, Kronos have placed fire to government bldg., in another round of...",C:/Users/17971/Desktop/HomeWork/数据可视化/MC1/MC1/News Articles/The Continent/88.txt
181,Kronos Star,Kronos Star,primary_local,POK Assault Police in Abila,Marcella Trapani,15 December 2013,2013-12-15,ok,"ABILA, Kronos",114,POK|Government|Abila,security,3,"Police spokesman Adrien Carmen informed the media today that members of the POK assaulted a police patrol in Abila early this morning. The POK thugs crept up on two patrol officers who were sitting in their vehicle and ambushed the men,...",C:/Users/17971/Desktop/HomeWork/数据可视化/MC1/MC1/News Articles/Kronos Star/181.txt
25,News Online Today,News Online Today,aggregator,BRAZEN DAY TIME ASSAULT BY POK,,2013/12/16,2013-12-16,ok,"ABILA, Kronos",25,POK,,3,"The brazen day time assault on two peace officers by the POK is just another violent, terroristic act in a long string of such acts.",C:/Users/17971/Desktop/HomeWork/数据可视化/MC1/MC1/News Articles/News Online Today/25.txt
333,International News,International News,derivative_international,POK Assault Police in Abila,,2013/12/16,2013-12-16,ok,"ABILA, Kronos",83,POK|Government|Abila,security,3,"Police spokesman Adrien Carmen informed the media today that members of the POK assaulted a police patrol in Abila early this morning. The POK thugs crept up on two patrol officers who were sitting in their vehicle and ambushed the men,...",C:/Users/17971/Desktop/HomeWork/数据可视化/MC1/MC1/News Articles/International News/333.txt
388,The Guide,The Guide,derivative_international,Police of the assault of POK in Abila,,2013/12/16,2013-12-16,ok,"ABILA, Kronos",131,POK|Abila,security,3,To clean to spokesman who the Carmen Adrien informed to average the today that the members of the POK assaulted police patrol in early Abila this morning. The hooligans of POK crawled for above in two officials of the patrol who seated in...,C:/Users/17971/Desktop/HomeWork/数据可视化/MC1/MC1/News Articles/The Guide/388.txt
480,The Truth,The Truth,derivative_international,The police force of the attack POK in Abila,,2013/12/16,2013-12-16,ok,"ABILA, Kronos",122,POK|Government|Abila,security,3,The spokesman Adrien Carmen of the police force informed today the media that the members of POK a police force patrol asked in Abila this morning attacked. The criminals POK crawled up on two patrol civil servants who sat in their vehicle...,C:/Users/17971/Desktop/HomeWork/数据可视化/MC1/MC1/News Articles/The Truth/480.txt
553,Worldwise,Worldwise,derivative_international,Attack of POK in Abila organizes,,2013/12/16,2013-12-16,ok,"ABILA, Kronos",132,POK|Government|Abila,security,3,To maintain to the order the spokesman that Adrien Carmen informed the media today that the members of the POK attacked police force early patrol in Abila this morning. The gangsters of POK crawled upwards on two leaders of patrol who sat...,C:/Users/17971/Desktop/HomeWork/数据可视化/MC1/MC1/News Articles/Worldwise/553.txt
559,The World,The World,derivative_international,HUGE IPO MAKES SANJORGE BILLIONAIRE,,16 December 2013,2013-12-16,ok,"CENTRUM, Tethys",159,GAStech|Sten Sanjorge,environment|ipo,1|2,"President and CEO of GAStech International Sten Sanjorge, Jr. can add another description to his name: billionaire. And not only a billionaire, nearly a billionaire two times over as GAStech International sold shares in an initial public...",C:/Users/17971/Desktop/HomeWork/数据可视化/MC1/MC1/News Articles/The World/559.txt
777,News Online Today,News Online Today,aggregator,POK Assault Police in Abila,,2013/12/16,2013-12-16,ok,"ABILA, Kronos",57,POK|Abila,security,3,"Police spokesman Adrien Carmen informed the media today that members of the POK assaulted a police patrol in Abila early this morning. The POK thugs crept up on two patrol officers who were sitting in their vehicle and ambushed the men,...",C:/Users/17971/Desktop/HomeWork/数据可视化/MC1/MC1/News Articles/News Online Today/777.txt
83,The Abila Post,The Abila Post,primary_local,BRAZEN DAY TIME ASSAULT BY POK,,16 December 2013,2013-12-16,ok,"ABILA, Kronos",109,POK|Government,protest|security,3,"The brazen day time assault on two peace officers by the POK is just another violent, terroristic act in a long string of such acts. The two officers were left bloody and beaten, and tied up in the trunk of their vandalized vehicle. Police...",C:/Users/17971/Desktop/HomeWork/数据可视化/MC1/MC1/News Articles/The Abila Post/83.txt
86,News Online Today,News Online Today,aggregator,HUGE IPO MAKES SANJORGE BILLIONAIRE,,2013/12/16,2013-12-16,ok,"CENTRUM, Tethys",45,GAStech|Sten Sanjorge,ipo,1,"President and CEO of GAStech International Sten Sanjorge, Jr. The filings show that the GAStech - Kronos executives earned a collective $327.25 million from the newly vested shares including $96.25 million each for CFO Ingrid Barranco, CIO...",C:/Users/17971/Desktop/HomeWork/数据可视化/MC1/MC1/News Articles/News Online Today/86.txt
209,News Online Today,News Online Today,aggregator,GOVERNMENT STANDS UP ANTI-TERRORIST TASK FORCE,,17 December 2013,2013-12-17,ok,TITLE: GOVERNMENT STANDS UP ANTI,54,Government|President Kapelou,security,,"President Kapelous office announced today the formation of a State security anti-terrorist task force. A spokesman for the office said Considering the increased incidents of terrorist acts around the world, we felt it was time to...",C:/Users/17971/Desktop/HomeWork/数据可视化/MC1/MC1/News Articles/News Online Today/209.txt
231,Athena Speaks,Athena Speaks,primary_local,BRONZE ATTACK OF TIME OF DAY BY POK,,2013/12/17,2013-12-17,ok,"ABILA, Kronos",130,POK|Government,protest|security,3,"The bronze attack of time of day on two leaders of peace by the POK is right another act violate and terrorist in a long cord of such acts. The two leaders were left bloody and beaten, and attach upwards in the trunk of the their...",C:/Users/17971/Desktop/HomeWork/数据可视化/MC1/MC1/News Articles/Athena Speaks/231.txt
260,The Explainer,The Explainer,derivative_international,ASSAULT BEHAVED SHAMELESSLY OF TIME OF THE DAY BY POK,,2013/12/17,2013-12-17,ok,"ABILA, Kronos",136,POK,security,3,"The assault behaved shamelessly of the time of the day in two officials of La Paz by the POK is right another violent act, terroristic in a long chain of such acts. They left bloody and they were milkshakes, and both tied officials for...",C:/Users/17971/Desktop/HomeWork/数据可视化/MC1/MC1/News Articles/The Explainer/260.txt
360,The Tulip,The Tulip,derivative_international,GIANT IPO MAKE SANJORGE BILLIONAIRE,,2013/12/17,2013-12-17,ok,"CENTRUM, Tethys",166,GAStech|Sten Sanjorge,environment|ipo|business|security,1|2,"President and CEO of GAStech international Sten Sanjorge, Jr. can add another description to its name: billionaire. And not only a billionaire, almost a billionaire two times if international sold shares GAStech in the first offer public....",C:/Users/17971/Desktop/HomeWork/数据可视化/MC1/MC1/News Articles/The Tulip/360.txt
375,Who What News,Who What News,derivative_international,HUGE IPO MAKES SANJORGE BILLIONAIRE,,2013/12/17,2013-12-17,ok,"CENTRUM, Tethys",106,GAStech|Sten Sanjorge|Tethys|Centrum,ipo,1,"CENTRUM, Tethys - President and CEO of GAStech International Sten Sanjorge, Jr. And not only a billionaire, nearly a billionaire two times over as GAStech International sold shares in an initial public offering. GAStech International,...",C:/Users/17971/Desktop/HomeWork/数据可视化/MC1/MC1/News Articles/Who What News/375.txt
800,Central Bulletin,Central Bulletin,primary_local,BRAZEN DAY TIME ASSAULT BY POK,,2013/12/17,2013-12-17,ok,"ABILA, Kronos",76,POK|Government|Abila,security,3,"ABILA, Kronos - The brazen day time assault on two peace officers by the POK is just another violent, terroristic act in a long string of such acts. Police spokesman Adrien Carman said of the attack, ""Assaulting a police officer and...",C:/Users/17971/Desktop/HomeWork/数据可视化/MC1/MC1/News Articles/Central Bulletin/800.txt
1,The Light of Truth,The Light of Truth,derivative_international,ENORMOUS IPO MAKES THE BILLIONAIRE OF SANJORGE,,2013/12/18,2013-12-18,ok,"CENTRUM, Tethys",178,GAStech|Sten Sanjorge,environment|ipo,1|2,"The president and CEO of GAStech international Sten Sanjorge, Jr. can add another description to his name: billionaire. And not only one billionaire, almost a billionaire surplus of twice like international sold shares of GAStech in a...",C:/Users/17971/Desktop/HomeWork/数据可视化/MC1/MC1/News Articles/The Light of Truth/1.txt
223,The General Post,The General Post,primary_local,ENORMOUS IPO MAKES MULTIMILLIONAIRE OF SANJORGE,,2013/12/18,2013-12-18,ok,"CENTRUM, Tethys",181,GAStech|Sten Sanjorge,environment|protest|ipo|security,1|2|3,"President and CEO of GAStech international Sten Sanjorge Jr can add another description to his name: multimillionaire. And not only a multimillionaire, almost multimillionaire excessive of like parts twice sold international of GAStech in...",C:/Users/17971/Desktop/HomeWork/数据可视化/MC1/MC1/News Articles/The General Post/223.txt
61,News Desk,News Desk,aggregator,THE ATTACK OF TIME OF THE DAY POK,,2013/12/18,2013-12-18,ok,"ABILA, Kronos",124,POK|Government,protest|security,3,"The attack of the day time on two peace civil servants POK are only another violent, terroristic operation in a long tie of such operations. The two civil servants were left bloodily and were beaten, and were linked in the tree-tame of...",C:/Users/17971/Desktop/HomeWork/数据可视化/MC1/MC1/News Articles/News Desk/61.txt
127,The Explainer,The Explainer,derivative_international,TO SATISFY THE SYSTEM FOR TOMORROW MORNING,,2014/01/19,2014-01-19,ok,"ABILA, Kronos",138,GAStech|Sten Sanjorge|Abila,ipo,1,"ABILA, Kronos - with a meeting to fix tomorrow to 8, the recent initial public offer, and the CEO Sten Sanjorge, Jr in reporters of the city will be descendant in the headquarters of GAStech - of Kronos in droves with a pile of questions....",C:/Users/17971/Desktop/HomeWork/数据可视化/MC1/MC1/News Articles/The Explainer/127.txt
128,Homeland Illumination,Homeland Illumination,primary_local,A CELEBRATION OF UNFETTERED KLEPTOCRACY,Petrus Gerhard,19 January 2014,2014-01-19,ok,,75,GAStech|Government|Sten Sanjorge|President Kapelou|Abila,,,"ABILA, Kronos - Following the annual GAStech-Kronos corporate meeting GAStech executives and several high-ranking Kronos government officials will attend a soiree at the Kronos capital building to celebrate the unfettered kleptocracy that...",C:/Users/17971/Desktop/HomeWork/数据可视化/MC1/MC1/News Articles/Homeland Illumination/128.txt
148,The Orb,The Orb,derivative_international,A CELEBRATION OF RELEASED KLEPTOCRACY,,2014/01/19,2014-01-19,ok,"ABILA, Kronos",85,GAStech|Government|Sten Sanjorge|President Kapelou,business,1,To follow the annual executives of GAStech of meeting of the company of GAStech-Kronos and several civils servant of government of the high row of Kronos will deal with one evening with the capital building of Kronos to celebrate the...,C:/Users/17971/Desktop/HomeWork/数据可视化/MC1/MC1/News Articles/The Orb/148.txt
160,Athena Speaks,Athena Speaks,primary_local,TO MEET the WHOLE FOR Tomorrow morning,,2014/01/19,2014-01-19,ok,"ABILA, Kronos",102,GAStech|Abila,ipo,1,"With a meeting to place tomorrow at 8 AM, the public call to the saving initial recent, and PRESIDENT Sten St George, Jr. in journalists of city will be downward on the registered offices of GAStech - of Kronos in the droves with the...",C:/Users/17971/Desktop/HomeWork/数据可视化/MC1/MC1/News Articles/Athena Speaks/160.txt
174,Kronos Star,Kronos Star,primary_local,GAStech and Kronos Celebrate Partnership,Cato Rossini,19 January 2014,2014-01-19,ok,"ABILA, Kronos",124,GAStech|Government|Sten Sanjorge|President Kapelou|Abila|Tethys,business,1,"Local GAStech executives Ingrid Barranco, Ada Campo-Corrente, Orhan Strum, and Willem Vasco-Pais will attend a reception with government officials tomorrow following a business meeting at their headquarters building. Government spokesman...",C:/Users/17971/Desktop/HomeWork/数据可视化/MC1/MC1/News Articles/Kronos Star/174.txt
240,The Truth,The Truth,derivative_international,GAStech and Kronos celebrate company,,2014/01/19,2014-01-19,ok,"ABILA, Kronos",132,GAStech|Government|Sten Sanjorge|President Kapelou|Abila|Tethys,business,1,"The local GAStech staff employees Ingrid Barranco, Ada Campo-Corrente, Orhan Strum, and Willem Vasco-Pais tomorrow a reception with government civil servants will attend construction after a commercial meeting on the their headquarters....",C:/Users/17971/Desktop/HomeWork/数据可视化/MC1/MC1/News Articles/The Truth/240.txt
259,News Desk,News Desk,aggregator,MEETING WHO IS PLACED FOR THE MORNING,,2014/01/19,2014-01-19,ok,"ABILA, Kronos",82,GAStech|Abila,ipo,1,"ABILA, Kronos - with a meeting who at 8 AM, the recent initial public, and CEO Sten which Sanjorge are placed tomorrow offer, Jr. in town report donors on the hoofdkwartier GAStech will decrease - Kronos in droves with abundance of...",C:/Users/17971/Desktop/HomeWork/数据可视化/MC1/MC1/News Articles/News Desk/259.txt
352,News Online Today,News Online Today,aggregator,A CELEBRATION OF UNFETTERED KLEPTOCRACY,,2014/01/19,2014-01-19,ok,"ABILA, Kronos",41,GAStech|Government,,,Following the annual GAStech-Kronos corporate meeting GAStech executives and several high-ranking Kronos government officials will attend a soiree at the Kronos capital building to celebrate the unfettered kleptocracy that has kept Kronos...,C:/Users/17971/Desktop/HomeWork/数据可视化/MC1/MC1/News Articles/News Online Today/352.txt
40,News Online Today,News Online Today,aggregator,GAStech and Kronos Celebrate Partnership,,2014/01/19,2014-01-19,ok,"ABILA, Kronos",35,GAStech|Government|Sten Sanjorge,business,1,"Local GAStech executives Ingrid Barranco, Ada Campo-Corrente, Orhan Strum, and Willem Vasco-Pais and CEO Sten Sanjorge Jr. will attend a reception with government officials tomorrow following a business meeting at their headquarters...",C:/Users/17971/Desktop/HomeWork/数据可视化/MC1/MC1/News Articles/News Online Today/40.txt
436,International News,International News,derivative_international,GAStech and Kronos Celebrate Partnership,,2014/01/19,2014-01-19,ok,"ABILA, Kronos",108,GAStech|Government|Sten Sanjorge|President Kapelou|Abila|Tethys,business,1,"Local GAStech executives Ingrid Barranco, Ada Campo-Corrente, Orhan Strum, and Willem Vasco-Pais will attend a reception with government officials tomorrow following a business meeting at their headquarters building. Government spokesman...",C:/Users/17971/Desktop/HomeWork/数据可视化/MC1/MC1/News Articles/International News/436.txt
589,Worldwise,Worldwise,derivative_international,GAStech and Kronos celebrate association,,2014/01/19,2014-01-19,ok,"ABILA, Kronos",150,GAStech|Government|Sten Sanjorge|President Kapelou|Abila|Tethys,business,1,"The local executives Ingrid Barranco, Ada Campo-Corrente, Orhan Strum, and Willem Vasco-Pais will be used a reception with civils servant as government following tomorrow a meeting of businesses to their construction of registered offices....",C:/Users/17971/Desktop/HomeWork/数据可视化/MC1/MC1/News Articles/Worldwise/589.txt
602,Daily Pegasus,Daily Pegasus,primary_local,A CELEBRATION OF KLEPTOCRACY UNFETTERED,,2014/01/19,2014-01-19,ok,"ABILA, Kronos",84,GAStech|Government|Sten Sanjorge|President Kapelou,business,1,Following the annual executives and several of GAStech of the corporative meeting of GAStech-Kronos the officials of the government of Kronos of the high-graduation will take care of soiree in the capital building of Kronos to celebrate...,C:/Users/17971/Desktop/HomeWork/数据可视化/MC1/MC1/News Articles/Daily Pegasus/602.txt
614,The Guide,The Guide,derivative_international,GAStech and Kronos celebrate society,,2014/01/19,2014-01-19,ok,"ABILA, Kronos",146,GAStech|Government|Sten Sanjorge|President Kapelou|Abila|Tethys,business,1,"Tthe local GAStech executives Ingrid Barranco, Ada Campo-Corren, Orhan Strum, and Willem Vasco-Pais will attend a reception with the officials of the government who tomorrow follow a business meeting in their construction of the...",C:/Users/17971/Desktop/HomeWork/数据可视化/MC1/MC1/News Articles/The Guide/614.txt
618,Central Bulletin,Central Bulletin,primary_local,MEETING SET FOR TOMORROW MORNING,,2014/01/19,2014-01-19,ok,"ABILA, Kronos",55,GAStech|Sten Sanjorge,ipo,1,"With a meeting set tomorrow at 8 AM, the recent Initial Public Offering, and CEO Sten Sanjorge, Jr. in town reporters will be descending on the GAStech - Kronos headquarters in droves with plenty of questions. and his GAStech - Kronos...",C:/Users/17971/Desktop/HomeWork/数据可视化/MC1/MC1/News Articles/Central Bulletin/618.txt
704,The Wrap,The Wrap,derivative_international,A CELEBRATION OF DELIVERED KLEPTOCRACY,,2014/01/19,2014-01-19,ok,"ABILA, Kronos",78,GAStech|Government|Sten Sanjorge|President Kapelou,business,1,After annual gAStech-Kronos the collective staff employees of GAStech meetings and different high-ranking government Kronos the civil servants a soiree on the head bldg. will attend Kronos to celebrate delivered kleptocracy which kept...,C:/Users/17971/Desktop/HomeWork/数据可视化/MC1/MC1/News Articles/The Wrap/704.txt
711,News Online Today,News Online Today,aggregator,MEETING SET FOR TOMORROW MORNING,,2014/01/19,2014-01-19,ok,"ABILA, Kronos",18,Sten Sanjorge,ipo,1,"With a meeting set tomorrow at 8 AM, the recent Initial Public Offering, and CEO Sten Sanjorge, Jr.",C:/Users/17971/Desktop/HomeWork/数据可视化/MC1/MC1/News Articles/News Online Today/711.txt
714,All News Today,All News Today,aggregator,A CELEBRATION OF UNFETTERED KLEPTOCRACY,,2014/01/19,2014-01-19,ok,"ABILA, Kronos",41,GAStech|Government,,,Following the annual GAStech-Kronos corporate meeting GAStech executives and several high-ranking Kronos government officials will attend a celebration at the Kronos capital building to celebrate the unfettered kleptocracy that has kept...,C:/Users/17971/Desktop/HomeWork/数据可视化/MC1/MC1/News Articles/All News Today/714.txt
764,The Abila Post,The Abila Post,primary_local,MEETING SET FOR TOMORROW MORNING,,19 January 2014,2014-01-19,ok,"ABILA, Kronos",83,GAStech|Sten Sanjorge|Abila,ipo,1,"With a meeting set tomorrow at 8 AM, the recent Initial Public Offering, and CEO Sten Sanjorge, Jr. in town reporters will be descending on the GAStech - Kronos headquarters in droves with plenty of questions. The Abila Post will be...",C:/Users/17971/Desktop/HomeWork/数据可视化/MC1/MC1/News Articles/The Abila Post/764.txt
10,Homeland Illumination,Homeland Illumination,primary_local,VOICES - a blog about what is important to the people,Maha Salo,20 January 2014,2014-01-20,ok,,62,GAStech,,,"1018 - A fire alarm has gone off at GAStech headquarters. People are evacuating the building, and so far no sign of Sanjorge or his executive staff. Officials have asked reporters to move away from the building to allow the fire department...",C:/Users/17971/Desktop/HomeWork/数据可视化/MC1/MC1/News Articles/Homeland Illumination/10.txt
107,The General Post,The General Post,primary_local,KIDNAPPING IN GASTECH KRONOS,,2014/01/20,2014-01-20,ok,"ABILA, Kronos",292,GAStech|POK|Government|Sten Sanjorge|Abila,ipo|kidnapping|business|security,1|3|4,"After a long day to be in conflict and the confused information of information continue being incomplete, only history is beginning to come clearly: a source of the government of Kronos has confirmed up to fourteen of GAStech that the...",C:/Users/17971/Desktop/HomeWork/数据可视化/MC1/MC1/News Articles/The General Post/107.txt
11,Tethys News,Tethys News,primary_institutional,To break off itself: The emergency to GAStech quarters construction [updates],,20 January 2014,2014-01-20,ok,,48,GAStech,security,,"Update, 3:05 PM: A police P2o has left the scene, but others remain to the external part to fix the construction while others are still in the construction. There is much speculation approximately their activities, but the police has still...",C:/Users/17971/Desktop/HomeWork/数据可视化/MC1/MC1/News Articles/Tethys News/11.txt
118,Centrum Sentinel,Centrum Sentinel,primary_institutional,VOICES - a blog on what is important to people,,20 January 2014,2014-01-20,ok,,49,Abila|Tethys,business|security,1,"2232 - There are relationships that the civil employees of the airport have confirmed the arrival of a classified jet from Tethys. Several passengers have left in an attending limousine. The reporter they have followed the limousine, that...",C:/Users/17971/Desktop/HomeWork/数据可视化/MC1/MC1/News Articles/Centrum Sentinel/118.txt
122,Tethys News,Tethys News,primary_institutional,To break off itself: The emergency to GAStech quarters construction [updates],,20 January 2014,2014-01-20,ok,,66,GAStech|Sten Sanjorge,,,"Update, 12:25 PM: We have relationships not confirmed that the leaders of GAStech have still not arrived to the reception to the capitol. The reporter that they regard the reception to the relationship of the capitol that sees the...",C:/Users/17971/Desktop/HomeWork/数据可视化/MC1/MC1/News Articles/Tethys News/122.txt
125,Central Bulletin,Central Bulletin,primary_local,"GASTECH EMPLOYEE INTERROGATED, RELEASED",,2014/01/20,2014-01-20,ok,"ABILA, Kronos",124,GAStech|POK|Government|Abila,business|security,1|3,For roughly 6 hours GAStech - Kronos employee Edvard Vann was interrogated by Kronos Police and Government officials before being released at 17:00 this evening. The apparent confusion stems from the similarity between his name and that of...,C:/Users/17971/Desktop/HomeWork/数据可视化/MC1/MC1/News Articles/Central Bulletin/125.txt
13,Centrum Sentinel,Centrum Sentinel,primary_institutional,VOICES - a blog on what is important to people,,20 January 2014,2014-01-20,ok,,23,,,,1025 - Up to now no test of smoke or fire has been marked. The fire unit has to arrive hardly. 20 gen. 2014,C:/Users/17971/Desktop/HomeWork/数据可视化/MC1/MC1/News Articles/Centrum Sentinel/13.txt
133,Modern Rubicon,Modern Rubicon,primary_local,ON SCENE BLOG,,20 January 2014,2014-01-20,ok,,23,Abila,,,1255 - the calls to the hospitals of the Abila and the Morgue of the city have not covered the new information with nets.,C:/Users/17971/Desktop/HomeWork/数据可视化/MC1/MC1/News Articles/Modern Rubicon/133.txt
138,Athena Speaks,Athena Speaks,primary_local,DISAPPEARED CONFIRMED BY CONTROL FROM GASTECH,Haneson Ngohebo,2014/01/20,2014-01-20,ok,"ABILA, Kronos",230,GAStech|Government|Tethys|Centrum,environment|protest|ipo|kidnapping|business,1|2|4,"Miriam Avila, an administrative assistant at international GAStech, confirmed that the members of the control of GAStech are in fact missing. One expected that arrives at the reception of government following the meeting of this morning to...",C:/Users/17971/Desktop/HomeWork/数据可视化/MC1/MC1/News Articles/Athena Speaks/138.txt
139,The Abila Post,The Abila Post,primary_local,ON THE SCENE BLOG,Haneson Ngohebo,20 January 2014,2014-01-20,ok,,100,GAStech|Abila,kidnapping|security,4,"1947 UPDATE - From the Abila Police news conference: ""There are approximately fourteen individuals unaccounted for among the GAStech staff. It has not yet been determined if all of these individuals are in fact missing."" Though it was...",C:/Users/17971/Desktop/HomeWork/数据可视化/MC1/MC1/News Articles/The Abila Post/139.txt
140,Athena Speaks,Athena Speaks,primary_local,TOP EVENTS WITH GASTECH,,2014/01/20,2014-01-20,ok,"ABILA, Kronos",203,GAStech|Government|Abila|Tethys,kidnapping|business|security,1|3|4,"A long day of the contradictory reports and muddling information finished. What we know for certain that 14 employees of GAStech missing, as confirmed by a source of government of Kronos. Currently it is not very clear how they disappeared...",C:/Users/17971/Desktop/HomeWork/数据可视化/MC1/MC1/News Articles/Athena Speaks/140.txt
144,Homeland Illumination,Homeland Illumination,primary_local,VOICES - a blog about what is important to the people,Maha Salo,20 January 2014,2014-01-20,ok,,52,GAStech|Government,business|security,1,1251 - The police who just arrived went immediately into GAStech headquarters. At the same time the policemen that have been on site are now reconstructing the yellow tape perimeter. Still no word on the location of the GAStech officials...,C:/Users/17971/Desktop/HomeWork/数据可视化/MC1/MC1/News Articles/Homeland Illumination/144.txt
145,The Guide,The Guide,derivative_international,POK kidnaps to employees of GAStech,,2014/01/20,2014-01-20,ok,"ABILA, Kronos",146,GAStech|POK|Abila|Tethys|Centrum,kidnapping|business|security,1|3|4,The protectors of Kronos (POK) suspect themselves to kidnap to up to fourteen employees of GAStech of their construction of the headquarters previous today. The police of Abila quickly assured the remaining building and interviewed with a...,C:/Users/17971/Desktop/HomeWork/数据可视化/MC1/MC1/News Articles/The Guide/145.txt
15,Centrum Sentinel,Centrum Sentinel,primary_institutional,VOICES - a blog on what is important to people,,20 January 2014,2014-01-20,ok,,41,GAStech|Abila,business,1,1744 - The means relationships are coming in how much a sure number of employees of GAStech have been rob you. The identity of the passengers on the mystery jet that has left today more from the airport of Abila remains unknown.,C:/Users/17971/Desktop/HomeWork/数据可视化/MC1/MC1/News Articles/Centrum Sentinel/15.txt
163,Kronos Star,Kronos Star,primary_local,Breaking: Emergency at GAStech Headquarters Building [Updates],"Cato Rossini, Marcella Trapani",20 January 2014,2014-01-20,ok,,51,GAStech|Abila,security,,"Update, 12:20 PM: The Abila police have been called to respond to GAStech headquarters for an unspecified emergency. (editor's note - The call was overheard on a police scanner. The Abila police know this channel is monitored by the media...",C:/Users/17971/Desktop/HomeWork/数据可视化/MC1/MC1/News Articles/Kronos Star/163.txt
169,The Abila Post,The Abila Post,primary_local,ON THE SCENE BLOG,Haneson Ngohebo,20 January 2014,2014-01-20,ok,,112,GAStech|Government,kidnapping|business,1|4,"2021 UPDATE - A Kronos Government official who asked not to be identified but was present at the government reception has gone on the record stating, ""Investigators are working around the clock to ensure that the kidnapped GAStech...",C:/Users/17971/Desktop/HomeWork/数据可视化/MC1/MC1/News Articles/The Abila Post/169.txt
170,Central Bulletin,Central Bulletin,primary_local,GASTECH LEADERSHIP CONFIRMED MISSING,,2014/01/20,2014-01-20,ok,"ABILA, Kronos",133,GAStech|Government|Tethys|Centrum,ipo|kidnapping|business,1|4,"Miriam Avila, an administrative assistant at GAStech International, has confirmed that members of the GAStech leadership are in fact missing. The group was expected to arrive at the Government reception following this morning's meeting at...",C:/Users/17971/Desktop/HomeWork/数据可视化/MC1/MC1/News Articles/Central Bulletin/170.txt
171,Modern Rubicon,Modern Rubicon,primary_local,ON SCENE BLOG,,20 January 2014,2014-01-20,ok,,52,GAStech,,,"1020 - people are leaving from the centers of Kronos - of GAStech approximately 5 minutes ago. It has seemed to be much confusion and data today the great corporative reunion, this producer has doubts that was a fire practice. Perhaps a...",C:/Users/17971/Desktop/HomeWork/数据可视化/MC1/MC1/News Articles/Modern Rubicon/171.txt
172,Homeland Illumination,Homeland Illumination,primary_local,VOICES - a blog about what is important to the people,Maha Salo,20 January 2014,2014-01-20,ok,,75,GAStech|Government,kidnapping|business,1|4,2020 - Media outlets are reporting that a government spokesman who asked not to be named because he was not authorized to speak to the press stated that the GAStech employees had been kidnapped and the Kronos government was working hard to...,C:/Users/17971/Desktop/HomeWork/数据可视化/MC1/MC1/News Articles/Homeland Illumination/172.txt
173,Tethys News,Tethys News,primary_institutional,To break off itself: The emergency to GAStech quarters construction [updates],,20 January 2014,2014-01-20,ok,,32,GAStech|POK,kidnapping|security,3|4,The customer of the Vann confirmation the unofficial declaration of the police who the POK are thought suspicion like the kidnappers. Not there are still the information on who has been taken.,C:/Users/17971/Desktop/HomeWork/数据可视化/MC1/MC1/News Articles/Tethys News/173.txt
176,Modern Rubicon,Modern Rubicon,primary_local,ON SCENE BLOG,,20 January 2014,2014-01-20,ok,,36,GAStech,business,1,"1100 - still no indication from the AFD if some thing is happened; however, there are relationships that the GAStech - it employs you of Kronos re-united outside of the construction have felt the fire fire signaler.",C:/Users/17971/Desktop/HomeWork/数据可视化/MC1/MC1/News Articles/Modern Rubicon/176.txt
193,Tethys News,Tethys News,primary_institutional,To break off itself: The emergency to GAStech quarters construction [updates],,20 January 2014,2014-01-20,ok,,41,GAStech,business|security,1,"1:00 PM update: The police has come and gone from the building of GAStech, but until this point no employee of GAStech she has left the construction. Still we do not have official word on because the police is present.",C:/Users/17971/Desktop/HomeWork/数据可视化/MC1/MC1/News Articles/Tethys News/193.txt
197,The Explainer,The Explainer,derivative_international,"INTERROGATED, SENT EMPLOYEE OF GASTECH",,2014/01/20,2014-01-20,ok,,149,GAStech|POK|Government|Elodis|Abila,business|security,1|3,"The evident confusion comes the similarity between its name and the one from a protector of the member of Kronos. Vann, protector of security for GAStech, was furious, indicating, ""I do not have anything to do nobodies with no members of...",C:/Users/17971/Desktop/HomeWork/数据可视化/MC1/MC1/News Articles/The Explainer/197.txt
199,Centrum Sentinel,Centrum Sentinel,primary_institutional,VOICES - a blog on what is important to people,,20 January 2014,2014-01-20,ok,,50,GAStech|Government,business|security,1,1251 - The police who has arrived has entered immediately in the centers of GAStech. At the same time the policemen are reconstructing the yellow perimeter of the tape. Still no word on the position of the civil employees of GAStech or the...,C:/Users/17971/Desktop/HomeWork/数据可视化/MC1/MC1/News Articles/Centrum Sentinel/199.txt
202,Athena Speaks,Athena Speaks,primary_local,The AIRPORT Of ABILA CONFIRMS TWO PRIVATE TRAVELS OUT OF LEFT JET TODAY,,2014/01/20,2014-01-20,ok,"ABILA, Kronos",180,GAStech|Abila,,,"ABILA, Kronos - the fueler Ravi Danisliau of airport of Abila confirmed that two voyage out of jet separated today after being filled with fuel. According to Danisliau, the seven or eight passengers of the first plane were ""businesses...",C:/Users/17971/Desktop/HomeWork/数据可视化/MC1/MC1/News Articles/Athena Speaks/202.txt
203,Centrum Sentinel,Centrum Sentinel,primary_institutional,VOICES - a blog on what is important to people,,20 January 2014,2014-01-20,ok,,32,GAStech,business,1,"1130 - Some of the civil employees of the fire have removed the construction and are communicating with civil employees, but no announcement has been made approximately the events the centers of GAStech.",C:/Users/17971/Desktop/HomeWork/数据可视化/MC1/MC1/News Articles/Centrum Sentinel/203.txt
208,Centrum Sentinel,Centrum Sentinel,primary_institutional,VOICES - a blog on what is important to people,,20 January 2014,2014-01-20,ok,,35,,business,1,"1146 - Captain Federigo Accardi of the fire has given apparently the all-free one because several civil employees are entering in the construction, the perimeter is dismantling and the fire unit is packing their gear.",C:/Users/17971/Desktop/HomeWork/数据可视化/MC1/MC1/News Articles/Centrum Sentinel/208.txt
21,Modern Rubicon,Modern Rubicon,primary_local,ON SCENE BLOG,,20 January 2014,2014-01-20,ok,,69,GAStech,business|security,1,1506 - the police has begun to leave the centers of GAStech. The officials have refused to answer to the questions of all the reporter that they leave the scene. Some vehicles of the police are remained behind. Presumablly the remaining...,C:/Users/17971/Desktop/HomeWork/数据可视化/MC1/MC1/News Articles/Modern Rubicon/21.txt
212,The Abila Post,The Abila Post,primary_local,ON THE SCENE BLOG,Haneson Ngohebo,20 January 2014,2014-01-20,ok,,30,GAStech|Tethys,kidnapping|business,1|4,1345 UPDATE - Confirmed report of missing GAStech employees from GAStech administrative assistant in Tethys headquarters; GAStech - Kronos still not responding. The mystery of whom and how many are missing remains.,C:/Users/17971/Desktop/HomeWork/数据可视化/MC1/MC1/News Articles/The Abila Post/212.txt
215,Homeland Illumination,Homeland Illumination,primary_local,VOICES - a blog about what is important to the people,Maha Salo,20 January 2014,2014-01-20,ok,,24,,business,1,1155 - The fire department spokesman announced the building is clear and it was a false alarm. Employees return to the building. 20 Jan 2014,C:/Users/17971/Desktop/HomeWork/数据可视化/MC1/MC1/News Articles/Homeland Illumination/215.txt
232,Centrum Sentinel,Centrum Sentinel,primary_institutional,VOICES - a blog on what is important to people,,20 January 2014,2014-01-20,ok,,51,GAStech,business,1,1018 - A fire signaler has been extinguished to the centers of GAStech. People are not evacuating the construction and up to now no sign of Sanjorge or its executive staff. The civil employees have asked the reporter to move via from the...,C:/Users/17971/Desktop/HomeWork/数据可视化/MC1/MC1/News Articles/Centrum Sentinel/232.txt
253,Tethys News,Tethys News,primary_institutional,To break off itself: The emergency to GAStech quarters construction [updates],,20 January 2014,2014-01-20,ok,,47,GAStech,business,1,"Update, 3:40 PM: An employee of GAStech, that he has refused of being identified, relates that see much people dressed in the black one in the construction before the fire signaler. This people were not employ you of GAStech are ""were...",C:/Users/17971/Desktop/HomeWork/数据可视化/MC1/MC1/News Articles/Tethys News/253.txt
26,Tethys News,Tethys News,primary_institutional,To break off itself: The emergency to GAStech quarters construction [Updates],,20 January 2014,2014-01-20,ok,,53,GAStech|Sten Sanjorge|Abila|Tethys,business,1,"Update, 6:10 PM: The executive jet of GAStech according to as reported it has arrived in Tethys bearing Sten Sanjorge Jr. some hours ago. The jet has been resupplied of fuel quickly and then it has been left for the international airport...",C:/Users/17971/Desktop/HomeWork/数据可视化/MC1/MC1/News Articles/Tethys News/26.txt
262,Modern Rubicon,Modern Rubicon,primary_local,ON SCENE BLOG,,20 January 2014,2014-01-20,ok,,111,GAStech|Abila,kidnapping|security,4,"1947 - from the news conference of the police of Abila: ""There are approximately fourteen individuals missing between the staff of GAStech. Still it has not been determined if all these individuals in effects are lacking."" Although she is...",C:/Users/17971/Desktop/HomeWork/数据可视化/MC1/MC1/News Articles/Modern Rubicon/262.txt
280,Centrum Sentinel,Centrum Sentinel,primary_institutional,VOICES - a blog on what is important to people,,20 January 2014,2014-01-20,ok,,31,GAStech,business,1,1232 - There is the speculation that the leaders of GAStech and the civil employees of Kronos have escaped the country with their fortune and the monies from the cowlings of Kronos.,C:/Users/17971/Desktop/HomeWork/数据可视化/MC1/MC1/News Articles/Centrum Sentinel/280.txt
281,Kronos Star,Kronos Star,primary_local,Breaking: Emergency at GAStech Headquarters Building [Updates],"Cato Rossini, Marcella Trapani",20 January 2014,2014-01-20,ok,,26,GAStech|Tethys,security,,"Update, 6:40 PM: There is speculation that the GAStech personnel who have arrived from Tethys are security experts who are assisting police with the investigation.",C:/Users/17971/Desktop/HomeWork/数据可视化/MC1/MC1/News Articles/Kronos Star/281.txt
283,Homeland Illumination,Homeland Illumination,primary_local,VOICES - a blog about what is important to the people,Maha Salo,20 January 2014,2014-01-20,ok,,17,,,,1027 - There is speculation that this evacuation was caused due to a bomb threat. 20 Jan 2014,C:/Users/17971/Desktop/HomeWork/数据可视化/MC1/MC1/News Articles/Homeland Illumination/283.txt
289,Kronos Star,Kronos Star,primary_local,Breaking: Emergency at GAStech Headquarters Building [Updates],"Cato Rossini, Marcella Trapani",20 January 2014,2014-01-20,ok,,27,GAStech|Government,security,,"Update, 2:00 PM: A government car was allowed through the police perimeter. The occupant, who appears to be a security official, was let into the building.",C:/Users/17971/Desktop/HomeWork/数据可视化/MC1/MC1/News Articles/Kronos Star/289.txt
29,International News,International News,derivative_international,POK Kidnaps GAStech Employees,,2014/01/20,2014-01-20,ok,"ABILA, Kronos",91,GAStech|POK|Abila,kidnapping|business|security,1|3|4,The Protectors of Kronos (POK) are suspected of kidnapping up to fourteen GAStech employees from their headquarters building earlier today. Abila police quickly secured the building and interviewed the remaining GAStech employees. One...,C:/Users/17971/Desktop/HomeWork/数据可视化/MC1/MC1/News Articles/International News/29.txt
291,News Online Today,News Online Today,aggregator,KIDNAPPING AT GASTECH KRONOS,,2014/01/20,2014-01-20,ok,"ABILA, Kronos",70,GAStech|Government|Abila,kidnapping|business,1|4,"After a long day of conflicting and confusing information reports are still sketchy, but the story is beginning to come clear: a Kronos Government source has confirmed up to fourteen of GAStech International's employees may have been...",C:/Users/17971/Desktop/HomeWork/数据可视化/MC1/MC1/News Articles/News Online Today/291.txt
292,The Abila Post,The Abila Post,primary_local,ON THE SCENE BLOG,Haneson Ngohebo,20 January 2014,2014-01-20,ok,,76,GAStech|Abila,business,1,1158 UPDATE - The Abila Fire Department finished a thorough search of the GAStech building finding evidence of fire. At 11:45 AM they gave the all clear for the GAStech employees to re-enter the building. An AFD spokesman stated that the...,C:/Users/17971/Desktop/HomeWork/数据可视化/MC1/MC1/News Articles/The Abila Post/292.txt
298,Kronos Star,Kronos Star,primary_local,Breaking: Emergency at GAStech Headquarters Building [Updates],"Cato Rossini, Marcella Trapani",20 January 2014,2014-01-20,ok,,71,GAStech,kidnapping|business|security,1|4,"Update, 5:50 PM: According to a GAStech employee, the GAStech executives left the building after their meeting this morning and were headed to the reception at the capitol building. When asked about why we were unable to reach them by...",C:/Users/17971/Desktop/HomeWork/数据可视化/MC1/MC1/News Articles/Kronos Star/298.txt
299,Centrum Sentinel,Centrum Sentinel,primary_institutional,VOICES - a blog aon what is important to people,,20 January 2014,2014-01-20,ok,,24,,business,1,1155 - The megaphone of fire unit has announced the construction is clear and was a false alarm. Employs are send back to the construction.,C:/Users/17971/Desktop/HomeWork/数据可视化/MC1/MC1/News Articles/Centrum Sentinel/299.txt
307,Modern Rubicon,Modern Rubicon,primary_local,ON SCENE BLOG,,20 January 2014,2014-01-20,ok,,37,GAStech|Tethys,kidnapping|business,1|4,1345 - the relationship confirmed of missing of employs of GAStech from the administrative assistant of GAStech in Tethys quarters; GAStech - Kronos still that they do not answer. The mystery which and of quantity they are remains lacking.,C:/Users/17971/Desktop/HomeWork/数据可视化/MC1/MC1/News Articles/Modern Rubicon/307.txt
308,Centrum Sentinel,Centrum Sentinel,primary_institutional,VOICES - a blog on what is important to people,,20 January 2014,2014-01-20,ok,,26,GAStech|Government,,,"1157 - There are relationships that the leaders of GAStech have not arrived to the government reception, neither has Sanjorge has seemed to speak to the pressure.",C:/Users/17971/Desktop/HomeWork/数据可视化/MC1/MC1/News Articles/Centrum Sentinel/308.txt
31,Kronos Star,Kronos Star,primary_local,Breaking: Emergency at GAStech Headquarters Building [Updates],"Cato Rossini, Marcella Trapani",20 January 2014,2014-01-20,ok,,22,GAStech,,,"Update, 6:30 PM: The GAStech executive jet arrived at the airport. The occupants were taken by limousine to the GAStech building.",C:/Users/17971/Desktop/HomeWork/数据可视化/MC1/MC1/News Articles/Kronos Star/31.txt
313,Homeland Illumination,Homeland Illumination,primary_local,VOICES - a blog about what is important to the people,Maha Salo,20 January 2014,2014-01-20,ok,,63,GAStech|Abila,kidnapping|business|security,1|4,"1942 - BREAKING NEWS - Kronos police spokesman has released a statement. ""There are approximately fourteen individuals unaccounted for among the GAStech staff. It has not yet been determined if all of these individuals are in fact...",C:/Users/17971/Desktop/HomeWork/数据可视化/MC1/MC1/News Articles/Homeland Illumination/313.txt
32,Tethys News,Tethys News,primary_institutional,To break off itself: The emergency to GAStech quarters construction [updates],,20 January 2014,2014-01-20,ok,,32,GAStech|Tethys,security,,"Update, 6:40 PM: There is the speculation that the personal of GAStech that they have arrived from Tethys are expert of emergency that they are helping the police with the search.",C:/Users/17971/Desktop/HomeWork/数据可视化/MC1/MC1/News Articles/Tethys News/32.txt
320,Centrum Sentinel,Centrum Sentinel,primary_institutional,VOICES - a blog on what is important to people,,20 January 2014,2014-01-20,ok,,25,GAStech,security,,1512 - Two vehicles with an inner part of the two policemen within has just centers of left of GAStech without the lights or the sirene.,C:/Users/17971/Desktop/HomeWork/数据可视化/MC1/MC1/News Articles/Centrum Sentinel/320.txt
321,Kronos Star,Kronos Star,primary_local,Breaking: Emergency at GAStech Headquarters Building [Updates],"Cato Rossini, Marcella Trapani",20 January 2014,2014-01-20,ok,,13,GAStech,business,1,"Update, 3:20 PM: GAStech employees are being allowed to leave the building.",C:/Users/17971/Desktop/HomeWork/数据可视化/MC1/MC1/News Articles/Kronos Star/321.txt
322,The Abila Post,The Abila Post,primary_local,ON THE SCENE BLOG,Haneson Ngohebo,20 January 2014,2014-01-20,ok,,84,GAStech,protest|ipo|business,1,1721 UPDATE - GAStech employees have continued to trickle out over the past two hours. A few have agreed to communicate with members of the press indicating that they were instructed not to say anything. They also declined to be named....,C:/Users/17971/Desktop/HomeWork/数据可视化/MC1/MC1/News Articles/The Abila Post/322.txt
324,The Explainer,The Explainer,derivative_international,THE ABILA AIRPORT TODAY CONFIRMS TWO JETS DEPRIVED TO THE LEFT,,2014/01/20,2014-01-20,ok,"ABILA, Kronos",179,GAStech|Abila,,,"Fueler Ravi Danisliau of the airport of Abila confirmed that two jets private removed today after being supplied of fuel. According to Danisliau, the seven or eight passengers of the first plane were ""business type"" and appeared to be in a...",C:/Users/17971/Desktop/HomeWork/数据可视化/MC1/MC1/News Articles/The Explainer/324.txt
325,Centrum Sentinel,Centrum Sentinel,primary_institutional,VOICES - a blog on what is important to people,,20 January 2014,2014-01-20,ok,,36,Abila,business,1,1840 - The civil employees of the airport have freed the information that a classified jet has arrived today to the airport of Abila and that the jet has been come to contact of in attending limousine.,C:/Users/17971/Desktop/HomeWork/数据可视化/MC1/MC1/News Articles/Centrum Sentinel/325.txt
326,The Abila Post,The Abila Post,primary_local,WRAP UP OF EVENTS AT GASTECH,,20 January 2014,2014-01-20,ok,"ABILA, Kronos",233,GAStech|POK|Government|Sten Sanjorge|Abila|Tethys,ipo|kidnapping|business|security,1|3|4,"A long tense day of conflicting reports and confusing information has come to an end. What we know for certain is that 14 GAStech employees are not only missing, but kidnapped as confirmed by a Kronos Government source. At this time it is...",C:/Users/17971/Desktop/HomeWork/数据可视化/MC1/MC1/News Articles/The Abila Post/326.txt
329,Kronos Star,Kronos Star,primary_local,Breaking: Emergency at GAStech Headquarters Building [Updates],"Cato Rossini, Marcella Trapani",20 January 2014,2014-01-20,ok,,38,GAStech|Government,kidnapping|business|security,1|4,"Update, 8:15 PM: A government official, who declined to be identified, says that police and government investigators are working around the clock to ensure the GAStech employees are found and that the kidnappers are brought to justice.",C:/Users/17971/Desktop/HomeWork/数据可视化/MC1/MC1/News Articles/Kronos Star/329.txt
338,The Abila Post,The Abila Post,primary_local,ON THE SCENE BLOG,Haneson Ngohebo,20 January 2014,2014-01-20,ok,,61,GAStech|Government|Sten Sanjorge|Tethys,security,,"1853 UPDATE - Speculation that the 2:00 PM arrival of Kronos Government official was in fact the arrival of a senior security executive and other officials from GAStech's Tethys office including President and CEO Sten Sanjorge, Jr. This...",C:/Users/17971/Desktop/HomeWork/数据可视化/MC1/MC1/News Articles/The Abila Post/338.txt
339,Kronos Star,Kronos Star,primary_local,Breaking: Emergency at GAStech Headquarters Building [Updates],"Cato Rossini, Marcella Trapani",20 January 2014,2014-01-20,ok,,22,GAStech|Abila,security,,"Update, 7:15 PM: Abila police have announced there will be a short statement made to the press at 7:30 pm.",C:/Users/17971/Desktop/HomeWork/数据可视化/MC1/MC1/News Articles/Kronos Star/339.txt
348,Homeland Illumination,Homeland Illumination,primary_local,VOICES - a blog about what is important to the people,Maha Salo,20 January 2014,2014-01-20,ok,,115,GAStech|Government|Sten Sanjorge|President Kapelou,ipo,1|2,0926 - Welcome to our coverage of today's events. I'm standing outside the GAStech headquarters waiting for the GAStech executives who are expected to appear within the hour. GAStech CEO Sten Sanjorge is celebrating the successful initial...,C:/Users/17971/Desktop/HomeWork/数据可视化/MC1/MC1/News Articles/Homeland Illumination/348.txt
350,Homeland Illumination,Homeland Illumination,primary_local,VOICES - a blog about what is important to the people,Maha Salo,20 January 2014,2014-01-20,ok,,25,,,,1052 - I just received word from Illumination correspondent Petrus Gerhard that CEO Sanjorge arrived at the capitol building a few minutes ago. 20 Jan 2014,C:/Users/17971/Desktop/HomeWork/数据可视化/MC1/MC1/News Articles/Homeland Illumination/350.txt
355,Modern Rubicon,Modern Rubicon,primary_local,ON SCENE BLOG,,20 January 2014,2014-01-20,ok,,25,GAStech|Abila,security,,"1220 - the police of Abila has arrived to the centers of GAStech, having provoked restlessness and adding to the confusion over that what is happened.",C:/Users/17971/Desktop/HomeWork/数据可视化/MC1/MC1/News Articles/Modern Rubicon/355.txt
356,The Abila Post,The Abila Post,primary_local,ON THE SCENE BLOG,Haneson Ngohebo,20 January 2014,2014-01-20,ok,,58,GAStech|Abila,security,,1245 UPDATE - Abila Police have cordoned off the GAStech headquarters with additional officers arriving to secure the perimeter and to investigate what can only be described as a crime scene though the crime has not be revealed. The police...,C:/Users/17971/Desktop/HomeWork/数据可视化/MC1/MC1/News Articles/The Abila Post/356.txt
359,Kronos Star,Kronos Star,primary_local,Breaking: Emergency at GAStech Headquarters Building [Updates],"Cato Rossini, Marcella Trapani",20 January 2014,2014-01-20,ok,,85,GAStech|POK|Government,kidnapping|business|security,1|3|4,"Update, 5:30 PM: We have several reports from GAStech employees that confirm a kidnapping took place, but at this time there is no information on who was involved. Unofficial reports from the police indicate that they believe the...",C:/Users/17971/Desktop/HomeWork/数据可视化/MC1/MC1/News Articles/Kronos Star/359.txt
362,Modern Rubicon,Modern Rubicon,primary_local,ON SCENE BLOG,,20 January 2014,2014-01-20,ok,,80,GAStech|Abila,business,1,"1810 - as marked to the 15:20 slowly classified separated airport of Abila limits for Rome with eight people to edge; however, not there is connection with GAStech or the related ones to employs. The passengers have composed a delegation...",C:/Users/17971/Desktop/HomeWork/数据可视化/MC1/MC1/News Articles/Modern Rubicon/362.txt
365,Modern Rubicon,Modern Rubicon,primary_local,ON SCENE BLOG,,20 January 2014,2014-01-20,ok,,85,GAStech|Abila,business,1,1158 - the fire unit of Abila has done a complete search of the building of GAStech that finds the fire test. To the 11:45 they have given all the free one so that the construction employs of GAStech re-enter. A AFD megaphone has declared...,C:/Users/17971/Desktop/HomeWork/数据可视化/MC1/MC1/News Articles/Modern Rubicon/365.txt
366,Homeland Illumination,Homeland Illumination,primary_local,VOICES - a blog about what is important to the people,Maha Salo,20 January 2014,2014-01-20,ok,,34,,,,"1146 - Fire Captain Federigo Accardi has apparently given the all-clear because several officials are entering the building, the perimeter is being dismantled and the fire department is packing their gear. 20 Jan 2014",C:/Users/17971/Desktop/HomeWork/数据可视化/MC1/MC1/News Articles/Homeland Illumination/366.txt
368,Kronos Star,Kronos Star,primary_local,Breaking: Emergency at GAStech Headquarters Building [Updates],"Cato Rossini, Marcella Trapani",20 January 2014,2014-01-20,ok,,28,GAStech,,,"Update, 5:10 PM: A GAStech administrator who had been supporting the executive meeting has informed us that the ""people in black"" present that morning were the caterers.",C:/Users/17971/Desktop/HomeWork/数据可视化/MC1/MC1/News Articles/Kronos Star/368.txt
369,The Abila Post,The Abila Post,primary_local,ON THE SCENE BLOG,Haneson Ngohebo,20 January 2014,2014-01-20,ok,,16,Abila,,,1255 UPDATE - Calls to Abila's hospitals and the City Morgue have netted no new information.,C:/Users/17971/Desktop/HomeWork/数据可视化/MC1/MC1/News Articles/The Abila Post/369.txt
376,Kronos Star,Kronos Star,primary_local,Breaking: Emergency at GAStech Headquarters Building [Updates],"Cato Rossini, Marcella Trapani",20 January 2014,2014-01-20,ok,,15,GAStech,business,1,"Update, 11:45 AM: Fire department officials allow GAStech employees to re-enter the building.",C:/Users/17971/Desktop/HomeWork/数据可视化/MC1/MC1/News Articles/Kronos Star/376.txt
381,Kronos Star,Kronos Star,primary_local,Breaking: Emergency at GAStech Headquarters Building [Updates],"Cato Rossini, Marcella Trapani",20 January 2014,2014-01-20,ok,,40,GAStech,business,1,"Update, 3:40 PM: One GAStech employee, who declined to be identified, reports having seen several people dressed in black in the building before the fire alarm. These people were not GAStech employees are ""were acting odd and lurking...",C:/Users/17971/Desktop/HomeWork/数据可视化/MC1/MC1/News Articles/Kronos Star/381.txt
384,Modern Rubicon,Modern Rubicon,primary_local,ON SCENE BLOG,,20 January 2014,2014-01-20,ok,,116,GAStech|Government,kidnapping|business,1|4,"2021 - a civil employee of government of Kronos that has asked not to be identified but was present to the government reception has gone on declaring record, ""the investigators are working around to the clock in order assessing that she...",C:/Users/17971/Desktop/HomeWork/数据可视化/MC1/MC1/News Articles/Modern Rubicon/384.txt
386,Centrum Sentinel,Centrum Sentinel,primary_institutional,VOICES - a blog on what is important to people,,20 January 2014,2014-01-20,ok,,86,GAStech|Government,business,1,2020 - The means taken ones is signaling that a government megaphone who has asked not to be called because it has not been authorized to speak the declared pressed one that employs you to it of GAStech had been robs to you and the...,C:/Users/17971/Desktop/HomeWork/数据可视化/MC1/MC1/News Articles/Centrum Sentinel/386.txt
39,Kronos Star,Kronos Star,primary_local,Breaking: Emergency at GAStech Headquarters Building [Updates],"Cato Rossini, Marcella Trapani",20 January 2014,2014-01-20,ok,,34,GAStech,,,"Update, 1:50 PM: We have tried twenty more phone numbers at GAStech, but no one else has answered. We tried calling Mr. Strum's administrator again, but she did not answer the phone.",C:/Users/17971/Desktop/HomeWork/数据可视化/MC1/MC1/News Articles/Kronos Star/39.txt
392,Tethys News,Tethys News,primary_institutional,To break off itself: The emergency to GAStech quarters construction [update],,20 January 2014,2014-01-20,ok,,43,GAStech,,,"Update, 1:35 PM: We have called the office of Ingrid Barranca, the main official financial of GSAtech. Its coordinator, that it was a lot uneasy during the conversation has informs, them to you that Ms. Barranca is not available for the...",C:/Users/17971/Desktop/HomeWork/数据可视化/MC1/MC1/News Articles/Tethys News/392.txt
395,Tethys News,Tethys News,primary_institutional,To break off itself: The emergency to GAStech quarters construction [updates],,20 January 2014,2014-01-20,ok,,32,GAStech,,,"Update, 5:10 PM: A coordinator of GAStech that was supporting the executive reunion has them informs that ""people to you the present wearing in black"" who the morning was the suppliers.",C:/Users/17971/Desktop/HomeWork/数据可视化/MC1/MC1/News Articles/Tethys News/395.txt
397,The Explainer,The Explainer,derivative_international,TO BECOME INVOLVED FOR ABOVE OF EVENTS IN GASTECH,,2014/01/20,2014-01-20,ok,"ABILA, Kronos",278,GAStech|POK|Government|Sten Sanjorge|Abila|Tethys,kidnapping|business|security,1|3|4,"A long tense day of information that were in conflict and of the confused information has finished. What we know for insurance that 14 employees of GAStech lack not only, but are kidnapped according to the confirmed thing by a source of...",C:/Users/17971/Desktop/HomeWork/数据可视化/MC1/MC1/News Articles/The Explainer/397.txt
400,Tethys News,Tethys News,primary_institutional,To break off itself: The emergency to GAStech quarters construction [updates],,20 January 2014,2014-01-20,ok,,63,GAStech|POK|Abila,kidnapping|business|security,1|3|4,"Update, 7:00 PM: The last one of employs of GAStech has been allowed to leave the construction. The employee, Edvard Vann, as an example that the police has interviewed it for the hours and the accusation of the participation to kidnapping...",C:/Users/17971/Desktop/HomeWork/数据可视化/MC1/MC1/News Articles/Tethys News/400.txt
402,News Desk,News Desk,aggregator,REMOVAL AT HEADQUARTERS GASTECH,,2014/01/20,2014-01-20,ok,"ABILA, Kronos",78,GAStech|Government,kidnapping|business,1|4,In what described only as an operation of terrorism multiple international employees are possible GAStech to be taken in custody a day slightly interruption of the headquarters of GAStech Kronos. The early reports of government of civil...,C:/Users/17971/Desktop/HomeWork/数据可视化/MC1/MC1/News Articles/News Desk/402.txt
411,Kronos Star,Kronos Star,primary_local,Breaking: Emergency at GAStech Headquarters Building [Updates],"Cato Rossini, Marcella Trapani",20 January 2014,2014-01-20,ok,,28,GAStech,security,,"Update, 12:40 PM: Additional police have arrived at GAStech headquarters. They are setting up crowd control barricades around the building. Police have not commented on their activities.",C:/Users/17971/Desktop/HomeWork/数据可视化/MC1/MC1/News Articles/Kronos Star/411.txt
412,Modern Rubicon,Modern Rubicon,primary_local,ON SCENE BLOG,,20 January 2014,2014-01-20,ok,,126,GAStech|POK|Government,business|security,1|3,"1915 - to the employee Edvard Vann of GAStech ""it has been allowed to go"" after nearly six hours of the interrogation from the police, the government and the civil employees of GAStech. Vann has been interrogated and freed be approximately...",C:/Users/17971/Desktop/HomeWork/数据可视化/MC1/MC1/News Articles/Modern Rubicon/412.txt
415,Homeland Illumination,Homeland Illumination,primary_local,VOICES - a blog about what is important to the people,Maha Salo,20 January 2014,2014-01-20,ok,,31,GAStech,,,"1130 - Some of the fire officials have exited the building and are talking to the officials, but no announcements have been made about the events at GAStech headquarters. 20 Jan 2014",C:/Users/17971/Desktop/HomeWork/数据可视化/MC1/MC1/News Articles/Homeland Illumination/415.txt
417,Modern Rubicon,Modern Rubicon,primary_local,ON SCENE BLOG,,20 January 2014,2014-01-20,ok,,110,GAStech,protest|ipo|business,1,1721 - it employs of GAStech have continued to drip outside over the two slid hours. Some have agreed in order to communicate with the members of the pressed one that it indicates that they have been people in charge not to say null....,C:/Users/17971/Desktop/HomeWork/数据可视化/MC1/MC1/News Articles/Modern Rubicon/417.txt
419,Tethys News,Tethys News,primary_institutional,To break off itself: The emergency to GAStech quarters mconstruction [updates],,20 January 2014,2014-01-20,ok,,36,GAStech,security,,"Update, 12:40 PM: The additional police has arrived to the centers of GAStech. She is barricades of control of crowd of putting in work around to the construction. The police has not commented their activities.",C:/Users/17971/Desktop/HomeWork/数据可视化/MC1/MC1/News Articles/Tethys News/419.txt
425,Modern Rubicon,Modern Rubicon,primary_local,ON SCENE BLOG,,20 January 2014,2014-01-20,ok,,71,GAStech|Abila,business|security,1,1245 - the police of Abila has cordoned outside of the centers of GAStech with the additional officials who arrive in order to assure the perimeter and to study that what can be only described like crime scene however the crime has not to...,C:/Users/17971/Desktop/HomeWork/数据可视化/MC1/MC1/News Articles/Modern Rubicon/425.txt
426,Homeland Illumination,Homeland Illumination,primary_local,VOICES - a blog about what is important to the people,Maha Salo,20 January 2014,2014-01-20,ok,,23,GAStech,security,,1512 - Two police vehicles each with two policemen in inside have just left GAStech headquarters with no lights or sirens. 20 Jan 2014,C:/Users/17971/Desktop/HomeWork/数据可视化/MC1/MC1/News Articles/Homeland Illumination/426.txt
427,Homeland Illumination,Homeland Illumination,primary_local,VOICES - a blog about what is important to the people,Maha Salo,20 January 2014,2014-01-20,ok,,48,GAStech|Abila,,,"1515 - BREAKING NEWS - Homeland Illumination correspondent Petrus Gerhard has just spoken with an airport official who confirms that a private jet left Abila airport at 1430, with a number of persons on board. Reports that the GAStech...",C:/Users/17971/Desktop/HomeWork/数据可视化/MC1/MC1/News Articles/Homeland Illumination/427.txt
428,The Abila Post,The Abila Post,primary_local,ON THE SCENE BLOG,Haneson Ngohebo,20 January 2014,2014-01-20,ok,,31,GAStech,business,1,"1100 UPDATE - Still no indication from the AFD about what if anything has happened; however, there are reports that the GAStech - Kronos employees gathered outside the building heard the fire alarm.",C:/Users/17971/Desktop/HomeWork/数据可视化/MC1/MC1/News Articles/The Abila Post/428.txt
429,The Abila Post,The Abila Post,primary_local,ON THE SCENE BLOG,Haneson Ngohebo,20 January 2014,2014-01-20,ok,,40,Abila,,,"1748 UPDATE - Two private jets left Abila Airport today with fourteen to sixteen passengers between the two. The destination of one of the planes has been confirmed as Rome, Italy. The other plane's destination has yet to be confirmed.",C:/Users/17971/Desktop/HomeWork/数据可视化/MC1/MC1/News Articles/The Abila Post/429.txt
43,Modern Rubicon,Modern Rubicon,primary_local,ON SCENE BLOG,,20 January 2014,2014-01-20,ok,,125,GAStech|Abila,protest|kidnapping|business|security,1|3|4,"1732 - great part of the information has re-united from employs of GAStech that have been allowed to go from the point of the investigators of the police to a kidnapping of several employ you of GAStech. However, the civil employees have...",C:/Users/17971/Desktop/HomeWork/数据可视化/MC1/MC1/News Articles/Modern Rubicon/43.txt
430,Tethys News,Tethys News,primary_institutional,To break off itself: The emergency to GAStech quarters construction [updates],,20 January 2014,2014-01-20,ok,,49,GAStech,kidnapping|business|security,1|4,"Update, 7:45 PM: The Carman has said that the police cannot currently represent the place of fourteen employs of GAStech and not still to be able to find the suppliers. Once asked if the police thought suspicion the suppliers in the...",C:/Users/17971/Desktop/HomeWork/数据可视化/MC1/MC1/News Articles/Tethys News/430.txt
431,News Online Today,News Online Today,aggregator,POK Kidnaps GAStech Employees,,2014/01/20,2014-01-20,ok,"ABILA, Kronos",41,GAStech|POK|Abila,kidnapping|business,1|3|4,"The Protectors of Kronos (POK) are suspected of kidnapping up to fourteen GAStech employees from their headquarters building earlier today. One employee, Edvard Vann of Abila, was questioned for hours because he shares a family name with...",C:/Users/17971/Desktop/HomeWork/数据可视化/MC1/MC1/News Articles/News Online Today/431.txt
434,Centrum Sentinel,Centrum Sentinel,primary_institutional,VOICES - a blog on what is important to people,,20 January 2014,2014-01-20,ok,,74,,business|security,1,1538 - An other employee in order to speak to the reporter on the state of anonymity. He has said that the police was making the questions a lot with regard to the nonemployees that they can have approached the construction that morning....,C:/Users/17971/Desktop/HomeWork/数据可视化/MC1/MC1/News Articles/Centrum Sentinel/434.txt
435,Kronos Star,Kronos Star,primary_local,Breaking: Emergency at GAStech Headquarters Building [Updates],"Cato Rossini, Marcella Trapani",20 January 2014,2014-01-20,ok,,32,GAStech,environment,2,"Update, 1:40 PM: We contacted the office of Willem Vasco-Pais, the GAStech Environmental Safety Advisor. His administrator very tersely replied that Mr. Vasco-Pais is unavailable and disconnected the call.",C:/Users/17971/Desktop/HomeWork/数据可视化/MC1/MC1/News Articles/Kronos Star/435.txt
438,The Abila Post,The Abila Post,primary_local,ON THE SCENE BLOG,Haneson Ngohebo,20 January 2014,2014-01-20,ok,,95,GAStech|POK|Government,business|security,1|3,"1915 UPDATE - GAStech employee Edvard Vann was ""allowed to leave"" after nearly six hours of interrogation by police, government, and GAStech officials. Vann was questioned and released about fifteen minutes ago and instructed not to leave...",C:/Users/17971/Desktop/HomeWork/数据可视化/MC1/MC1/News Articles/The Abila Post/438.txt
44,Tethys News,Tethys News,primary_institutional,To break off itself: The emergency to GAStech quarters construction [updates],,20 January 2014,2014-01-20,ok,,33,GAStech|Government,business|security,1,"Update, 2:00 PM: A government automobile has been allowed with the perimeter of the police. The occupant, that she seems to be an emergency civil employee, has been left in the construction.",C:/Users/17971/Desktop/HomeWork/数据可视化/MC1/MC1/News Articles/Tethys News/44.txt
440,News Online Today,News Online Today,aggregator,"GASTECH EMPLOYEE INTERROGATED, RELEASED",,2014/01/20,2014-01-20,ok,"ABILA, Kronos",47,GAStech|Government,business|security,1,"For roughly 6 hours GAStech - Kronos employee Edvard Vann was interrogated by Kronos Police and Government officials before being released at 17:00 this evening. With some 14 GAStech employees still unaccounted for, one cannot blame the...",C:/Users/17971/Desktop/HomeWork/数据可视化/MC1/MC1/News Articles/News Online Today/440.txt
441,Kronos Star,Kronos Star,primary_local,Breaking: Emergency at GAStech Headquarters Building [Updates],"Cato Rossini, Marcella Trapani",20 January 2014,2014-01-20,ok,,37,GAStech|Sten Sanjorge|Abila|Tethys,,,"Update, 6:10 PM: The GAStech executive jet reportedly arrived in Tethys a few hours ago bearing Sten Sanjorge Jr. The jet was quickly refueled and then departed for Abila International Airport with six GAStech officials onboard.",C:/Users/17971/Desktop/HomeWork/数据可视化/MC1/MC1/News Articles/Kronos Star/441.txt
450,The Abila Post,The Abila Post,primary_local,ON THE SCENE BLOG,Haneson Ngohebo,20 January 2014,2014-01-20,ok,,99,GAStech,kidnapping,4,"1330 UPDATE - At 1315 we placed a call to GAStech headquarters. A hesitant administrative assistant to Orhan Strum, Chief Operating Officer of GAStech claimed Mr. Strum was unavailable. Linda Lagos the assistant to Mr. Strum declined to...",C:/Users/17971/Desktop/HomeWork/数据可视化/MC1/MC1/News Articles/The Abila Post/450.txt
452,Modern Rubicon,Modern Rubicon,primary_local,ON SCENE BLOG,,20 January 2014,2014-01-20,ok,,84,GAStech|Government|Sten Sanjorge|Tethys,business,1,1853 - speculation that the arrival of PM of 2:00 of the civil employee of government of Kronos was in effects the arrival of one executive greater emergency and other civil employees from the office of Tethys of the comprised GAStech the...,C:/Users/17971/Desktop/HomeWork/数据可视化/MC1/MC1/News Articles/Modern Rubicon/452.txt
453,Tethys News,Tethys News,primary_institutional,To break off itself: The emergency to GAStech quarters construction [updates],,20 January 2014,2014-01-20,ok,,22,GAStech,business,1,"Update, 10:20: It employs of GAStech evacuate the sheets of the helicopter and the construction from the roof of the construction.",C:/Users/17971/Desktop/HomeWork/数据可视化/MC1/MC1/News Articles/Tethys News/453.txt
458,The Abila Post,The Abila Post,primary_local,ON THE SCENE BLOG,Haneson Ngohebo,20 January 2014,2014-01-20,ok,,30,Abila,,,"1035 UPDATE - The Abila Fire Department arrived on the scene roughly 10 minutes ago and began searching the building. No smoke is visible, raising concerns of an actual bomb threat.",C:/Users/17971/Desktop/HomeWork/数据可视化/MC1/MC1/News Articles/The Abila Post/458.txt
461,Kronos Star,Kronos Star,primary_local,POK Kidnaps GAStech Employees,Marcella Trapani,20 January 2014,2014-01-20,ok,"ABILA, Kronos",116,GAStech|POK|Abila|Tethys|Centrum,kidnapping|business|security,1|3|4,The Protectors of Kronos (POK) are suspected of kidnapping up to fourteen GAStech employees from their headquarters building earlier today. Abila police quickly secured the building and interviewed the remaining GAStech employees. One...,C:/Users/17971/Desktop/HomeWork/数据可视化/MC1/MC1/News Articles/Kronos Star/461.txt
462,Kronos Star,Kronos Star,primary_local,Breaking: Emergency at GAStech Headquarters Building [Updates],"Cato Rossini, Marcella Trapani",20 January 2014,2014-01-20,ok,,34,GAStech,,,"Update, 1:35 PM: We called the office of Ingrid Barranco, the GSAtech Chief Financial Officer. Her administrator, who was very uneasy during the conversation, informed us that Ms. Barranco is unavailable for comment.",C:/Users/17971/Desktop/HomeWork/数据可视化/MC1/MC1/News Articles/Kronos Star/462.txt
466,Athena Speaks,Athena Speaks,primary_local,"EMPLOYEE OF QUESTIONED GASTECH, RELEASED",,2014/01/20,2014-01-20,ok,"ABILA, Kronos",180,GAStech|POK|Government|Elodis|Abila,kidnapping|business|security,1|3|4,During roughly 6 hours employed Edvard Vann de GAStech - of Kronos was questioned by Kronos Police and civils servant of government before being released with 17:00 this evening. Apparent confusion comes from the similarity between its...,C:/Users/17971/Desktop/HomeWork/数据可视化/MC1/MC1/News Articles/Athena Speaks/466.txt
469,Who What News,Who What News,derivative_international,KIDNAPPING AT GASTECH KRONOS,,2014/01/20,2014-01-20,ok,"ABILA, Kronos",190,GAStech|POK|Government|Sten Sanjorge|Abila,ipo|kidnapping|business|security,1|3|4,"After a long day of conflicting and confusing information reports are still sketchy, but the story is beginning to come clear: a Kronos Government source has confirmed up to fourteen of GAStech International's employees may have been...",C:/Users/17971/Desktop/HomeWork/数据可视化/MC1/MC1/News Articles/Who What News/469.txt
470,Homeland Illumination,Homeland Illumination,primary_local,VOICES - a blog about what is important to the people,Maha Salo,20 January 2014,2014-01-20,ok,,35,,,,"1025 - The building is being searched for signs of trouble by the fire department. There has been no confirmation of a bomb threat, but I haven't seen a bomb squad appear. 20 Jan 2014",C:/Users/17971/Desktop/HomeWork/数据可视化/MC1/MC1/News Articles/Homeland Illumination/470.txt
484,Homeland Illumination,Homeland Illumination,primary_local,VOICES - a blog about what is important to the people,Maha Salo,20 January 2014,2014-01-20,ok,,79,GAStech,business,1,"1522 - It appears that GAStech employees are being allowed to leave the headquarters. I spoke with one employee who declined to give her name who told me that at first everyone thought it was just a fire drill, but then when the firemen...",C:/Users/17971/Desktop/HomeWork/数据可视化/MC1/MC1/News Articles/Homeland Illumination/484.txt
485,Centrum Sentinel,Centrum Sentinel,primary_institutional,VOICES - a blog on what is important to people,,20 January 2014,2014-01-20,ok,,70,GAStech|Abila,kidnapping|business|security,1|4,"1942 - BREAKING OFF the NEWS - the megaphone of the police of Kronos has freed one declaration. ""There are approximately fourteen individuals missing between the staff of GAStech. Still it has not been determined if all these individuals...",C:/Users/17971/Desktop/HomeWork/数据可视化/MC1/MC1/News Articles/Centrum Sentinel/485.txt
486,Centrum Sentinel,Centrum Sentinel,primary_institutional,VOICES - a blog on what is important to people,,20 January 2014,2014-01-20,ok,,88,GAStech,business,1,"1522 - It seems that to it employs of GAStech are permetted to leave the centers. An employee who has refused of giving its name but has said that initially an antifire practice has thought all it was right, but then when the National Fire...",C:/Users/17971/Desktop/HomeWork/数据可视化/MC1/MC1/News Articles/Centrum Sentinel/486.txt
487,Modern Rubicon,Modern Rubicon,primary_local,ON SCENE BLOG,,20 January 2014,2014-01-20,ok,,44,Abila,,,"1748 - two jets it reserves have left today the airport you of Abila with fourteen - sixteen passengers between the two. The destination of one of the airplane has been confirmed like Rome, Italy. The destination of the other airplane has...",C:/Users/17971/Desktop/HomeWork/数据可视化/MC1/MC1/News Articles/Modern Rubicon/487.txt
49,The World,The World,derivative_international,KIDNAPPING AT GASTECH KRONOS,,20 January 2014,2014-01-20,ok,"ABILA, Kronos",246,GAStech|POK|Government|Sten Sanjorge|Abila,ipo|kidnapping|business|security,1|3|4,"After a long day of conflicting and confusing information reports are still sketchy, but the story is beginning to come clear: a Kronos Government source has confirmed up to fourteen of GAStech International's employees may have been...",C:/Users/17971/Desktop/HomeWork/数据可视化/MC1/MC1/News Articles/The World/49.txt
490,Centrum Sentinel,Centrum Sentinel,primary_institutional,VOICES - a blog approximately that what is important to people,,20 January 2014,2014-01-20,ok,,19,,security,,1247 - Interesting developments - two automobiles of the squad of the police have arrived with the lights and the sirene.,C:/Users/17971/Desktop/HomeWork/数据可视化/MC1/MC1/News Articles/Centrum Sentinel/490.txt
494,The Light of Truth,The Light of Truth,derivative_international,KIDNAPPING WITH GASTECH KRONOS,,2014/01/20,2014-01-20,ok,"ABILA, Kronos",270,GAStech|Government|Sten Sanjorge|Abila,ipo|kidnapping|business|security,1|3|4,"After a long day of the conflict and the muddling information papers are still not very precise, but the history starts to come clearly: a source of government of Kronos confirmed up to fourteen of GAStech international employees could be...",C:/Users/17971/Desktop/HomeWork/数据可视化/MC1/MC1/News Articles/The Light of Truth/494.txt
495,Kronos Star,Kronos Star,primary_local,Breaking: Emergency at GAStech Headquarters Building [Updates],"Cato Rossini, Marcella Trapani",20 January 2014,2014-01-20,ok,,44,GAStech,security,,"Update, 3:05 PM: Some police have left the scene, but others remain to outside to secure the building while others are still in the building. There is much speculation about their activities, but police have yet to respond to our queries...",C:/Users/17971/Desktop/HomeWork/数据可视化/MC1/MC1/News Articles/Kronos Star/495.txt
50,The Abila Post,The Abila Post,primary_local,"GASTECH EMPLOYEE INTERROGATED, RELEASED",,20 January 2014,2014-01-20,ok,"ABILA, Kronos",164,GAStech|POK|Government|Elodis|Abila,business|security,1|3,For roughly 6 hours GAStech - Kronos employee Edvard Vann was interrogated by Kronos Police and Government officials before being released at 17:00 this evening. The apparent confusion stems from the similarity between his name and that of...,C:/Users/17971/Desktop/HomeWork/数据可视化/MC1/MC1/News Articles/The Abila Post/50.txt
507,Tethys News,Tethys News,primary_institutional,To break off itself: The emergency to GAStech quarters construction [updates],,20 January 2014,2014-01-20,ok,,51,GAStech|Government,kidnapping|business|security,1|4,"Update, 8:15 PM: A government civil employee, that she has refused of being identified, as an example that the police and the investigators of government are working around to the clock in order assessing employ to you of GAStech are found...",C:/Users/17971/Desktop/HomeWork/数据可视化/MC1/MC1/News Articles/Tethys News/507.txt
510,Tethys News,Tethys News,primary_institutional,To break off itself: The emergency to GAStech quarters construction [updates],,20 January 2014,2014-01-20,ok,,44,GAStech,,,"Update, 1:40 PM: There are puttinges in contact with the office of Willem Vasco-Pais, the adviser in emergency matter acclimatizes them of GAStech. Its coordinator has answered a lot tersely that Mr. Vasco-Pais is not available and has...",C:/Users/17971/Desktop/HomeWork/数据可视化/MC1/MC1/News Articles/Tethys News/510.txt
512,News Desk,News Desk,aggregator,"GASTECH QUESTIONED EMPLOYEE, DELIVERED",,2014/01/20,2014-01-20,ok,"ABILA, Kronos",162,GAStech|POK|Government|Elodis|Abila,business|security,1|3,Kronos employee Edvard Vann were questioned Kronos police force and the civil servants of the government before are delivered at 17:00 tonight. Clear misfiring descends from the resemblance between its name and that of a guard of member...,C:/Users/17971/Desktop/HomeWork/数据可视化/MC1/MC1/News Articles/News Desk/512.txt
516,Athena Speaks,Athena Speaks,primary_local,KIDNAPPING WITH THE REGISTERED OFFICES OF GASTECH,,2014/01/20,2014-01-20,ok,"ABILA, Kronos",87,GAStech|Government,kidnapping|business,1|4,In what the can only described while a note of the multiple international employees of GAStech of terrorism were taken in a bronze incursion of day of the registered offices of GAStech Kronos. The reports early of the government of the...,C:/Users/17971/Desktop/HomeWork/数据可视化/MC1/MC1/News Articles/Athena Speaks/516.txt
518,Kronos Star,Kronos Star,primary_local,Breaking: Emergency at GAStech Headquarters Building [Updates],"Cato Rossini, Marcella Trapani",20 January 2014,2014-01-20,ok,,64,GAStech,kidnapping|business|security,1|4,"Update, 4:25 PM: GAStech employees continue to trickle out of the building. Several have declined to talk to reporters. However, one man told us that he was interviewed by police before being allowed to leave. The police mentioned to him...",C:/Users/17971/Desktop/HomeWork/数据可视化/MC1/MC1/News Articles/Kronos Star/518.txt
521,Centrum Sentinel,Centrum Sentinel,primary_institutional,VOICES - a blog on what is important to people,,20 January 2014,2014-01-20,ok,,43,GAStech|Government,kidnapping|business|security,1|4,1410 - A black government sedan has arrived to the centers of GAStech. He has pulled on the main hatches and I have obtained a short one glimpse of a man before the police closed in the hatches. Still no word on employs missing.,C:/Users/17971/Desktop/HomeWork/数据可视化/MC1/MC1/News Articles/Centrum Sentinel/521.txt
522,Homeland Illumination,Homeland Illumination,primary_local,VOICES - a blog about what is important to the people,Maha Salo,20 January 2014,2014-01-20,ok,,19,GAStech|Tethys,kidnapping|business,1|4,1356 - Media outlets have reported GAStech-Tethys have confirmed a number of GAStech employees are missing. 20 Jan 2014,C:/Users/17971/Desktop/HomeWork/数据可视化/MC1/MC1/News Articles/Homeland Illumination/522.txt
524,Kronos Star,Kronos Star,primary_local,Breaking: Emergency at GAStech Headquarters Building [Updates],"Cato Rossini, Marcella Trapani",20 January 2014,2014-01-20,ok,,28,GAStech,,,"Update, 1:30 PM: We called the office of Ada Campo-Corrente, the GSAtech Chief Information Officer. The phone was not answered and went to a voicemail system.",C:/Users/17971/Desktop/HomeWork/数据可视化/MC1/MC1/News Articles/Kronos Star/524.txt
525,News Desk,News Desk,aggregator,GASTECH CONTROL CONFIRMED MISSING,Haneson Ngohebo,2014/01/20,2014-01-20,ok,"ABILA, Kronos",209,GAStech|Government|Sten Sanjorge|Tethys,environment|ipo|kidnapping|business|security,1|2|4,"Miriam Avila, an administrative employee in international GAStech, have confirmed that the members of the control GAStech in fact missing. The group never would arrive at the reception of the government after the meeting of this morning at...",C:/Users/17971/Desktop/HomeWork/数据可视化/MC1/MC1/News Articles/News Desk/525.txt
528,The Abila Post,The Abila Post,primary_local,ON THE SCENE BLOG,Haneson Ngohebo,20 January 2014,2014-01-20,ok,,34,GAStech|Government|Abila,,,"1225 UPDATE - It is unconfirmed now, but Abila Post's Sara Tuno reported GAStech leadership has not arrived at the Government reception that was set to follow the morning meeting including CEO Sanjorge, Jr.",C:/Users/17971/Desktop/HomeWork/数据可视化/MC1/MC1/News Articles/The Abila Post/528.txt
53,The Abila Post,The Abila Post,primary_local,ON THE SCENE BLOG,Haneson Ngohebo,20 January 2014,2014-01-20,ok,,54,GAStech,kidnapping|business,1|4,"1545 UPDATE - These ""shadowy"" figures are at the center of what appears to be a kidnapping incident with the victims being the missing GAStech leadership. At this time we can only speculate on the number of people involved. In the...",C:/Users/17971/Desktop/HomeWork/数据可视化/MC1/MC1/News Articles/The Abila Post/53.txt
532,Tethys News,Tethys News,primary_institutional,To break off itself: The emergency to GAStech quarters construction [updates],,20 January 2014,2014-01-20,ok,,59,GAStech|Abila,security,,"Update, 12:20 PM: The police of Abila is called in order to answer to the centers of GAStech for a emergency not specified. (editor's note - the call was overheard on a device of the police. The police of Abila knows that this is...",C:/Users/17971/Desktop/HomeWork/数据可视化/MC1/MC1/News Articles/Tethys News/532.txt
533,Tethys News,Tethys News,primary_institutional,To break off itself: The emergency to GAStech quarters construction [updates],,20 January 2014,2014-01-20,ok,,72,GAStech,,,"Update, 1:25 PM: In the attempt to discover that what is igniting, we have called the office of the Strum di Orhan, the official of main operation of GSAtech. Its coordinator has answered to the telephone he has informs and them to you...",C:/Users/17971/Desktop/HomeWork/数据可视化/MC1/MC1/News Articles/Tethys News/533.txt
537,Homeland Illumination,Homeland Illumination,primary_local,VOICES - a blog about what is important to the people,Maha Salo,20 January 2014,2014-01-20,ok,,44,GAStech,,,"1049 - We still have no information about the evacuation of the GAStech building. There are no signs of smoke or flame, and officials are not answering questions. Firemen have entered the building - as many as a dozen in full turnout gear....",C:/Users/17971/Desktop/HomeWork/数据可视化/MC1/MC1/News Articles/Homeland Illumination/537.txt
539,Tethys News,Tethys News,primary_institutional,To break off itself: The emergency to GAStech quarters construction [updates],,20 January 2014,2014-01-20,ok,,23,GAStech|Abila,,,"Update, 10:30: The fire unit of Abila answers to the alarm. The National Fire Departments are seen to enter in the construction.",C:/Users/17971/Desktop/HomeWork/数据可视化/MC1/MC1/News Articles/Tethys News/539.txt
540,Kronos Star,Kronos Star,primary_local,Breaking: Emergency at GAStech Headquarters Building [Updates],"Cato Rossini, Marcella Trapani",20 January 2014,2014-01-20,ok,,42,GAStech|Abila,business,1,"Update, 11:55 PM: Abila Fire Captain Federigo Accardi announces that it was a false alarm and the building is safe. In response to reporter's questions, Captain Accardi says GAStech employees made no report of a bomb threat to his agency.",C:/Users/17971/Desktop/HomeWork/数据可视化/MC1/MC1/News Articles/Kronos Star/540.txt
551,Centrum Sentinel,Centrum Sentinel,primary_institutional,VOICES - a blog on what is important to people,,20 January 2014,2014-01-20,ok,,17,,,,1027 - There is the speculation that this evacuamento has been caused had a threat of the bomb.,C:/Users/17971/Desktop/HomeWork/数据可视化/MC1/MC1/News Articles/Centrum Sentinel/551.txt
555,The Abila Post,The Abila Post,primary_local,ON THE SCENE BLOG,Haneson Ngohebo,20 January 2014,2014-01-20,ok,,102,GAStech|POK|Abila,protest|kidnapping|business|security,1|3|4,"1732 UPDATE - Much of the information gathered from the GAStech employees who have been allowed to leave by police investigators point to a kidnapping of several GAStech employees. However, officials still have not confirmed a kidnapping...",C:/Users/17971/Desktop/HomeWork/数据可视化/MC1/MC1/News Articles/The Abila Post/555.txt
557,The Abila Post,The Abila Post,primary_local,ON THE SCENE BLOG,Haneson Ngohebo,20 January 2014,2014-01-20,ok,,50,GAStech,,,"1020 UPDATE - People streamed out of the GAStech - Kronos headquarters about 5 minutes ago. There seemed to be much confusion and given the large corporate gathering today, this writer has doubts that it was a fire drill. Perhaps an actual...",C:/Users/17971/Desktop/HomeWork/数据可视化/MC1/MC1/News Articles/The Abila Post/557.txt
558,Tethys News,Tethys News,primary_institutional,To break off itself: The emergency to GAStech quarters construction [updates],,20 January 2014,2014-01-20,ok,,32,GAStech|Government|President Kapelou,,,"Update, 8:00 PM: Megaphone Rufus Drymiau informs them to the government to you that the Kapelou president has been moved towards one sure position from its square of emergency like precaution.",C:/Users/17971/Desktop/HomeWork/数据可视化/MC1/MC1/News Articles/Tethys News/558.txt
56,Centrum Sentinel,Centrum Sentinel,primary_institutional,VOICES - a blog on what is important to people,,20 January 2014,2014-01-20,ok,,46,GAStech|Abila,kidnapping|business,1|4,"1515 - BREAKING OFF the NEWS - the reporter have spoken with a civil employee of the airport that confirms that a classified jet has left the airport of Abila 1430, with a number of persons to edge. The relationships to the missing GAStech...",C:/Users/17971/Desktop/HomeWork/数据可视化/MC1/MC1/News Articles/Centrum Sentinel/56.txt
562,Centrum Sentinel,Centrum Sentinel,primary_institutional,VOICES - a blog on what is important to people,,20 January 2014,2014-01-20,ok,,36,,,,1123 - The reporter to the capitol they say that Sanjorge has entered in the capitol and it has not reappeared. Moreover it has been sign of the other leaders have not been seen at the capitol.,C:/Users/17971/Desktop/HomeWork/数据可视化/MC1/MC1/News Articles/Centrum Sentinel/562.txt
563,Homeland Illumination,Homeland Illumination,primary_local,VOICES - a blog about what is important to the people,Maha Salo,20 January 2014,2014-01-20,ok,,23,,,,1025 - So far I haven't seen any evidence of smoke or fire. The fire department has have just arrived. 20 Jan 2014,C:/Users/17971/Desktop/HomeWork/数据可视化/MC1/MC1/News Articles/Homeland Illumination/563.txt
567,Homeland Illumination,Homeland Illumination,primary_local,VOICES - a blog about what is important to the people,Maha Salo,20 January 2014,2014-01-20,ok,,55,,kidnapping|security,4,"1937 - Kronos police spokesman has released a statement ""There is no indication that the missing individuals have left the island of Kronos."" When I asked if the caterers were considered persons of interest, the spokesman replied that the...",C:/Users/17971/Desktop/HomeWork/数据可视化/MC1/MC1/News Articles/Homeland Illumination/567.txt
569,Kronos Star,Kronos Star,primary_local,Breaking: Emergency at GAStech Headquarters Building [Updates],"Cato Rossini, Marcella Trapani",20 January 2014,2014-01-20,ok,,58,GAStech|Sten Sanjorge,,,"Update, 12:25 PM: We have unconfirmed reports that the GAStech executives have not yet arrived at the scheduled reception at the capitol. Kronos Star reporters covering the reception at the capitol report having seen GAStech President and...",C:/Users/17971/Desktop/HomeWork/数据可视化/MC1/MC1/News Articles/Kronos Star/569.txt
573,The Abila Post,The Abila Post,primary_local,ON THE SCENE BLOG,Haneson Ngohebo,20 January 2014,2014-01-20,ok,,70,GAStech|Abila,business,1,"1810 UPDATE - As reported at 15:20 a private plane departed Abila Airport bound for Rome with eight people on board; however, there is no connection with GAStech or its employees. The passengers made up a delegation from foreign company...",C:/Users/17971/Desktop/HomeWork/数据可视化/MC1/MC1/News Articles/The Abila Post/573.txt
582,Kronos Star,Kronos Star,primary_local,Breaking: Emergency at GAStech Headquarters Building [Updates],"Cato Rossini, Marcella Trapani",20 January 2014,2014-01-20,ok,,28,GAStech|Government|President Kapelou,security,,"Update, 8:00 PM: Government spokesman Rufus Drymiau has informed us that President Kapelou has been moved to a secure location by his security team as a precaution.",C:/Users/17971/Desktop/HomeWork/数据可视化/MC1/MC1/News Articles/Kronos Star/582.txt
585,Tethys News,Tethys News,primary_institutional,To break off itself: The emergency to GAStech quarters construction [updates],,20 January 2014,2014-01-20,ok,,26,GAStech|Abila,security,,"Update, 7:15 PM: The police of Abila has announced will be one here rilasciata short declaration to the pressed one to the 7:30 pm.",C:/Users/17971/Desktop/HomeWork/数据可视化/MC1/MC1/News Articles/Tethys News/585.txt
592,Homeland Illumination,Homeland Illumination,primary_local,VOICES - a blog about what is important to the people,Maha Salo,20 January 2014,2014-01-20,ok,,43,GAStech,,,"1807 - Airport officials have confirmed that one of the private jets carried a delegation of eight persons from a private company, and that this company was not GAStech. Officials would not confirm departure times for either jet, or a...",C:/Users/17971/Desktop/HomeWork/数据可视化/MC1/MC1/News Articles/Homeland Illumination/592.txt
594,Worldwise,Worldwise,derivative_international,POK removes employees of GAStech,,2014/01/20,2014-01-20,ok,"ABILA, Kronos",142,GAStech|POK|Abila|Tethys|Centrum,kidnapping|business|security,1|3|4,The guards of Kronos (POK) are suspected to remove to fourteen employees of GAStech of their construction of registered offices earlier today. The police force of Abila quickly fixed the building and interviewed the remaining employees of...,C:/Users/17971/Desktop/HomeWork/数据可视化/MC1/MC1/News Articles/Worldwise/594.txt
597,Centrum Sentinel,Centrum Sentinel,primary_institutional,VOICES - a blog on what is important to people,,20 January 2014,2014-01-20,ok,,91,GAStech|Sten Sanjorge|President Kapelou,,,0926 - The reporter they are standing outside of the centers of GAStech that wait for the leaders of GAStech that they are believed that they appear in the hour. The CEO Sten Sanjorge of GAStech is celebrating the public offer of its...,C:/Users/17971/Desktop/HomeWork/数据可视化/MC1/MC1/News Articles/Centrum Sentinel/597.txt
600,Tethys News,Tethys News,primary_institutional,To break off itself: The emergency to GAStech quarters the construction [updates],,20 January 2014,2014-01-20,ok,,26,GAStech,kidnapping|security,4,"Update, 7:40 PM: The Carman has informed the pressed one that the police does not believe that missing people had left the island of Kronos.",C:/Users/17971/Desktop/HomeWork/数据可视化/MC1/MC1/News Articles/Tethys News/600.txt
607,The Truth,The Truth,derivative_international,POK kidnap employees GAStech,,2014/01/20,2014-01-20,ok,"ABILA, Kronos",118,GAStech|POK|Abila|Tethys,kidnapping|business|security,1|3|4,The guards of Kronos (POK) become of kidnapping to fourteen employees from GAStech headquarters suspected that build in former days today. Police force of Abila protected rapidly the bldg. and interviewed the remaining employees GAStech....,C:/Users/17971/Desktop/HomeWork/数据可视化/MC1/MC1/News Articles/The Truth/607.txt
609,Homeland Illumination,Homeland Illumination,primary_local,VOICES - a blog about what is important to the people,Maha Salo,20 January 2014,2014-01-20,ok,,70,,business|security,1,"1538 - Another employee agreed to speak to me on the condition of anonymity. He said the police had been asking a lot of questions about nonemployees who may have had access to the building that morning. I asked him what he'd seen, and he...",C:/Users/17971/Desktop/HomeWork/数据可视化/MC1/MC1/News Articles/Homeland Illumination/609.txt
613,Tethys News,Tethys News,primary_institutional,To break off itself: The emergency to GAStech quarters construction [updates],,20 January 2014,2014-01-20,ok,,69,GAStech,kidnapping|business|security,1|4,"Update, 4:25 PM: It employs of GAStech continue to drip from the construction. Vary have refused to communicate with reporter. However, a man has said to us that he was interviewed from the police before granting itself to go. The police...",C:/Users/17971/Desktop/HomeWork/数据可视化/MC1/MC1/News Articles/Tethys News/613.txt
616,Homeland Illumination,Homeland Illumination,primary_local,VOICES - a blog about what is important to the people,Maha Salo,20 January 2014,2014-01-20,ok,,28,GAStech,,,1232 - There is speculation that the GAStech executives and the Kronos officials have fled the country with their fortune and money from the Kronos coffers. 20 Jan 2014,C:/Users/17971/Desktop/HomeWork/数据可视化/MC1/MC1/News Articles/Homeland Illumination/616.txt
625,Homeland Illumination,Homeland Illumination,primary_local,VOICES - a blog about what is important to the people,Maha Salo,20 January 2014,2014-01-20,ok,,16,,security,,1247 - Interesting developments - two police squad cars have arrived with lights and sirens. 20 Jan 2014,C:/Users/17971/Desktop/HomeWork/数据可视化/MC1/MC1/News Articles/Homeland Illumination/625.txt
63,News Online Today,News Online Today,aggregator,GASTECH LEADERSHIP CONFIRMED MISSING,,2014/01/20,2014-01-20,ok,"ABILA, Kronos",50,GAStech|Tethys|Centrum,kidnapping,4,"Miriam Avila, an administrative assistant at GAStech International, has confirmed that members of the GAStech leadership are in fact missing. maintains an office in Centrum, the capital of Tethys, most of GAStech International's operations...",C:/Users/17971/Desktop/HomeWork/数据可视化/MC1/MC1/News Articles/News Online Today/63.txt
633,News Online Today,News Online Today,aggregator,ABILA AIRPORT CONFIRMS TWO PRIVATE JETS LEFT TODAY,,2014/01/20,2014-01-20,ok,"ABILA, Kronos",51,Abila,,,"Abila Airport fueler Ravi Danisliau confirmed that two private jets took off today after being fueled. The second plane also carried seven or eight ""business types"", but seemed ""much more relaxed than the first group of passengers"". The...",C:/Users/17971/Desktop/HomeWork/数据可视化/MC1/MC1/News Articles/News Online Today/633.txt
635,Tethys News,Tethys News,primary_institutional,To break off itself: The emergency to GAStech quarters construction [updates],,20 January 2014,2014-01-20,ok,,39,GAStech|Tethys,business|security,1,"Update, 10:00 PM: The federal civil employees and the staff of application of law of Tethys from the Ministry of Tethyn of the foreign policies have arrived in Kronos in order to help the police in the search.",C:/Users/17971/Desktop/HomeWork/数据可视化/MC1/MC1/News Articles/Tethys News/635.txt
637,Kronos Star,Kronos Star,primary_local,Breaking: Emergency at GAStech Headquarters Building [Updates],"Cato Rossini, Marcella Trapani",20 January 2014,2014-01-20,ok,,28,GAStech|Tethys,security,,"Update, 10:00 PM: Tethys federal law enforcement officials and staff from the Tethyn Ministry of Foreign Affairs have arrived in Kronos to assist police in the investigation.",C:/Users/17971/Desktop/HomeWork/数据可视化/MC1/MC1/News Articles/Kronos Star/637.txt
642,Modern Rubicon,Modern Rubicon,primary_local,ON SCENE BLOG,,20 January 2014,2014-01-20,ok,,118,GAStech,,,"1330 - to 1315 we have arranged one called to the centers of GAStech. A titubante administrative assistant to the Orhan Strum, official of main operation of GAStech has exact the Mr. Strum was not available. Linda Lagos that the assistant...",C:/Users/17971/Desktop/HomeWork/数据可视化/MC1/MC1/News Articles/Modern Rubicon/642.txt
649,Centrum Sentinel,Centrum Sentinel,primary_institutional,VOICES - a blog on what is important to people,,20 January 2014,2014-01-20,ok,,25,Abila,,,1802 - Those are relationships according to classified jet on the left the airport of Abila just hours ago. The identity of the passengers is unknown.,C:/Users/17971/Desktop/HomeWork/数据可视化/MC1/MC1/News Articles/Centrum Sentinel/649.txt
653,Tethys News,Tethys News,primary_institutional,To break off itself: The emergency to GAStech quarters the construction [updates],,20 January 2014,2014-01-20,ok,,16,GAStech,business,1,"Update, 3:20 PM: To it employs you of GAStech are permettendi to leave the construction.",C:/Users/17971/Desktop/HomeWork/数据可视化/MC1/MC1/News Articles/Tethys News/653.txt
655,Centrum Sentinel,Centrum Sentinel,primary_institutional,VOICES - a blog on what is important to people,,20 January 2014,2014-01-20,ok,,87,,kidnapping|business|security,1|4,"1621 - Reporter talks with an other employee who removes the construction. She has said that the police was interrogating all and asked if she had seen some thing not usual. ""There was some people that I have not recognized, but I have not...",C:/Users/17971/Desktop/HomeWork/数据可视化/MC1/MC1/News Articles/Centrum Sentinel/655.txt
660,The Abila Post,The Abila Post,primary_local,ON THE SCENE BLOG,Haneson Ngohebo,20 January 2014,2014-01-20,ok,,66,GAStech,business,1,1532 UPDATE - A GAStech - Kronos employee departing the headquarters building who declined to provide a name said that a couple of unknown people were in the back of the conference room where the GAStech meeting took place this morning....,C:/Users/17971/Desktop/HomeWork/数据可视化/MC1/MC1/News Articles/The Abila Post/660.txt
665,Centrum Sentinel,Centrum Sentinel,primary_institutional,VOICES - a blog on what is important to people,,20 January 2014,2014-01-20,ok,,47,GAStech,business,1,1807 - The civil employees of the airport have confirmed that one of jets has transported a delegation of eight persons from a classified company and that this company was not GAStech. The civil employees would not confirm the times of...,C:/Users/17971/Desktop/HomeWork/数据可视化/MC1/MC1/News Articles/Centrum Sentinel/665.txt
669,Homeland Illumination,Homeland Illumination,primary_local,VOICES - a blog about what is important to the people,Maha Salo,20 January 2014,2014-01-20,ok,,33,,,,"1123 - Correspondent Gerhard reports that Sanjorge entered the capitol building, and has not reappeared. There has also been no sign of the other executives who were expected at the capitol. 20 Jan 2014",C:/Users/17971/Desktop/HomeWork/数据可视化/MC1/MC1/News Articles/Homeland Illumination/669.txt
67,Modern Rubicon,Modern Rubicon,primary_local,ON SCENE BLOG,,20 January 2014,2014-01-20,ok,,34,GAStech|Government,,,"1225 - hour is not confirmed, but the direction of GAStech has not arrived to the reception that is regulated in order to follow the comprised reunion of morning the CEO Sanjorge, Jr. of government.",C:/Users/17971/Desktop/HomeWork/数据可视化/MC1/MC1/News Articles/Modern Rubicon/67.txt
673,Central Bulletin,Central Bulletin,primary_local,WRAP UP OF EVENTS AT GASTECH,,2014/01/20,2014-01-20,ok,"ABILA, Kronos",171,GAStech|POK|Government|Abila|Tethys,ipo|kidnapping|business|security,1|3|4,"A long tense day of conflicting reports and confusing information has come to an end. What we know for certain is that 14 GAStech employees are not only missing, but kidnapped as confirmed by a Kronos Government source. At this time it is...",C:/Users/17971/Desktop/HomeWork/数据可视化/MC1/MC1/News Articles/Central Bulletin/673.txt
674,Kronos Star,Kronos Star,primary_local,Breaking: Emergency at GAStech Headquarters Building [Updates],"Cato Rossini, Marcella Trapani",20 January 2014,2014-01-20,ok,,25,GAStech|POK,kidnapping|security,3|4,Vann's account confirms the unofficial police statement that the POK are suspected as the kidnappers. There is still no information on who was kidnapped.,C:/Users/17971/Desktop/HomeWork/数据可视化/MC1/MC1/News Articles/Kronos Star/674.txt
677,The Abila Post,The Abila Post,primary_local,ON THE SCENE BLOG,Haneson Ngohebo,20 January 2014,2014-01-20,ok,,20,Abila,security,,1920 UPDATE - Abila Police will hold a news conference beginning shortly. We are on site to cover it for you.,C:/Users/17971/Desktop/HomeWork/数据可视化/MC1/MC1/News Articles/The Abila Post/677.txt
678,Kronos Star,Kronos Star,primary_local,Breaking: Emergency at GAStech Headquarters Building [Updates],"Cato Rossini, Marcella Trapani",20 January 2014,2014-01-20,ok,,42,GAStech,kidnapping|business|security,1|4,"Update, 7:45 PM: Carman said that police cannot currently account for the whereabouts of fourteen GAStech employees and have not yet been able to find the caterers. When asked if police suspected the caterers in the kidnapping, Carman...",C:/Users/17971/Desktop/HomeWork/数据可视化/MC1/MC1/News Articles/Kronos Star/678.txt
679,The Explainer,The Explainer,derivative_international,DISAPPEARED CONFIRMED GASTECH DIRECTION,Haneson Ngohebo,2014/01/20,2014-01-20,ok,"ABILA, Kronos",234,GAStech|Government|Sten Sanjorge|Tethys,environment|protest|ipo|kidnapping|business|security,1|2|3|4,"Miriam Avila, administrative assistant in international GAStech, has confirmed that the members of the direction of GAStech in fact are lacking. One hoped that it arrived the reception from the government who followed the meeting this...",C:/Users/17971/Desktop/HomeWork/数据可视化/MC1/MC1/News Articles/The Explainer/679.txt
682,The Abila Post,The Abila Post,primary_local,ON THE SCENE BLOG,Haneson Ngohebo,20 January 2014,2014-01-20,ok,,61,GAStech|Government,ipo|kidnapping|security,1|4,1235 UPDATE - Rumors abound in regards to the potentially missing GAStech executives. Some suggest that the newly vested executive group skipped the government reception to avoid the press and left to an unknown resort location to...,C:/Users/17971/Desktop/HomeWork/数据可视化/MC1/MC1/News Articles/The Abila Post/682.txt
685,Tethys News,Tethys News,primary_institutional,To break off itself: The emergency to GAStech quarters the construction [updates],,20 January 2014,2014-01-20,ok,,37,GAStech,,,"Update, 1:30 PM: We have called the office of Ada Campo-Corrente, the attache' to the main information of GSAtech. The telephone has not been answered to and not gone to a system of the voicemail.",C:/Users/17971/Desktop/HomeWork/数据可视化/MC1/MC1/News Articles/Tethys News/685.txt
692,Kronos Star,Kronos Star,primary_local,Breaking: Emergency at GAStech Headquarters Building [Updates],"Cato Rossini, Marcella Trapani",20 January 2014,2014-01-20,ok,,67,GAStech|Sten Sanjorge|Abila,,,"At approximately 10:15 AM this morning, the fire alarm went off at the GAStech headquarters building in downtown Abila. At the time of the alarm, the media had gathered in front of the building to cover the meeting of GAStech executives,...",C:/Users/17971/Desktop/HomeWork/数据可视化/MC1/MC1/News Articles/Kronos Star/692.txt
697,Homeland Illumination,Homeland Illumination,primary_local,VOICES - a blog about what is important to the people,Maha Salo,20 January 2014,2014-01-20,ok,,25,GAStech,,,"1157 - Correspondent Gerhard reports there has been no appearance of the GAStech executives, nor has Sanjorge appeared to speak to the press. 20 Jan 2014",C:/Users/17971/Desktop/HomeWork/数据可视化/MC1/MC1/News Articles/Homeland Illumination/697.txt
699,The Abila Post,The Abila Post,primary_local,ON THE SCENE BLOG,Haneson Ngohebo,20 January 2014,2014-01-20,ok,,67,GAStech|Government|Abila,business,1,"1520 UPDATE - A report from the Abila Airport indicates that a private plane departed with eight people around 2:30 PM. The chartered jet was reportedly headed towards Rome, Italy. This report appears to confirm earlier rumors that members...",C:/Users/17971/Desktop/HomeWork/数据可视化/MC1/MC1/News Articles/The Abila Post/699.txt
7,News Online Today,News Online Today,aggregator,WRAP UP OF EVENTS AT GASTECH,,2014/01/20,2014-01-20,ok,"ABILA, Kronos",75,GAStech|POK|Government,kidnapping|business|security,1|3|4,"A long tense day of conflicting reports and confusing information has come to an end. What we know for certain is that 14 GAStech employees are not only missing, but kidnapped as confirmed by a Kronos Government source. Edvard Vann, a...",C:/Users/17971/Desktop/HomeWork/数据可视化/MC1/MC1/News Articles/News Online Today/7.txt
70,Kronos Star,Kronos Star,primary_local,Breaking: Emergency at GAStech Headquarters Building [Updates],"Cato Rossini, Marcella Trapani",20 January 2014,2014-01-20,ok,,17,GAStech|Abila,,,"Update, 10:30 AM: Abila fire department responds to the alarm. Firemen are seen entering the building.",C:/Users/17971/Desktop/HomeWork/数据可视化/MC1/MC1/News Articles/Kronos Star/70.txt
710,Kronos Star,Kronos Star,primary_local,Breaking: Emergency at GAStech Headquarters Building [Updates],"Cato Rossini, Marcella Trapani",20 January 2014,2014-01-20,ok,,20,GAStech,business,1,"Update, 10:50 AM: A GAStech employee reports that the fire alarm was pulled in response to a bomb threat.",C:/Users/17971/Desktop/HomeWork/数据可视化/MC1/MC1/News Articles/Kronos Star/710.txt
712,The Tulip,The Tulip,derivative_international,REMOVAL AT GASTECH KRONOS,,2014/01/20,2014-01-20,ok,"ABILA, Kronos",268,GAStech|Government|Sten Sanjorge|Abila,ipo|kidnapping|business|security,1|4,"After a long day of contrary and confusing information reports still sketchy, but the tale starts come clearly: a source of the government has confirmed Kronos up to fourteen of GAStech the international employees at the headquarters of...",C:/Users/17971/Desktop/HomeWork/数据可视化/MC1/MC1/News Articles/The Tulip/712.txt
713,The Abila Post,The Abila Post,primary_local,GASTECH LEADERSHIP CONFIRMED MISSING,Haneson Ngohebo,20 January 2014,2014-01-20,ok,"ABILA, Kronos",201,GAStech|Government|Sten Sanjorge|Tethys|Centrum,environment|ipo|kidnapping|business,1|2|4,"Miriam Avila, an administrative assistant at GAStech International, has confirmed that members of the GAStech leadership are in fact missing. The group was expected to arrive at the Government reception following this morning's meeting at...",C:/Users/17971/Desktop/HomeWork/数据可视化/MC1/MC1/News Articles/The Abila Post/713.txt
715,The Explainer,The Explainer,derivative_international,KIDNAPPING IN THE GASTECH HEADQUARTERS,,2014/01/20,2014-01-20,ok,"ABILA, Kronos",96,GAStech|Government,kidnapping|business,1|4,In which only described the power whereas an act of the multiple international employees of GAStech of the terrorism was taken in an incursion behaved shamelessly of the light of the day of the headquarters of GAStech Kronos. The early...,C:/Users/17971/Desktop/HomeWork/数据可视化/MC1/MC1/News Articles/The Explainer/715.txt
717,Centrum Sentinel,Centrum Sentinel,primary_institutional,VOICES - a blog on what is important to people,,20 January 2014,2014-01-20,ok,,43,GAStech,business,1,1049 - There is still does not have information on the evacuation of the building of GAStech. Not there are signs of smoke or flame and the civil employees are not answering to the questions. The National Fire Departments have entered in...,C:/Users/17971/Desktop/HomeWork/数据可视化/MC1/MC1/News Articles/Centrum Sentinel/717.txt
718,The Abila Post,The Abila Post,primary_local,ABILA AIRPORT CONFIRMS TWO PRIVATE JETS LEFT TODAY,,20 January 2014,2014-01-20,ok,"ABILA, Kronos",172,GAStech|Abila,,,"Abila Airport fueler Ravi Danisliau confirmed that two private jets took off today after being fueled. According to Danisliau, the seven or eight passengers of the first plane were ""business types"" and appeared to be in a hurry. It was not...",C:/Users/17971/Desktop/HomeWork/数据可视化/MC1/MC1/News Articles/The Abila Post/718.txt
719,Homeland Illumination,Homeland Illumination,primary_local,VOICES - a blog about what is important to the people,Maha Salo,20 January 2014,2014-01-20,ok,,52,GAStech|Government,kidnapping|business|security,1|4,1410 - A black government sedan has just arrived at GAStech headquarters. It pulled up in front of the main doors and I got a brief glimpse of a man in a suit carrying a entering before police closed the doors behind him. Still no word on...,C:/Users/17971/Desktop/HomeWork/数据可视化/MC1/MC1/News Articles/Homeland Illumination/719.txt
721,News Desk,News Desk,aggregator,THE AIRPORT ABILA CONFIRMS TWO PRIVATE TODAY LEAVES JETS,,2014/01/20,2014-01-20,ok,"ABILA, Kronos",178,GAStech|Abila,,,"Abila confirmed to the airport fueler Ravi Danisliau that two private radiate today after becomes with fuel provide took off. According to Danisliau, seven or consider passengers of the first plane were company types and seemed for in a...",C:/Users/17971/Desktop/HomeWork/数据可视化/MC1/MC1/News Articles/News Desk/721.txt
726,Tethys News,Tethys News,primary_institutional,To break off itself: The emergency to GAStech quarters construction [updates],,20 January 2014,2014-01-20,ok,,81,GAStech|Sten Sanjorge|Abila,,,"Approximately to the 10:15 this morning, the fire signaler has been extinguished to the centers of GAStech that construct in Abila of the center. To the times of the alarm, the means had re-united the construction in order to regard the...",C:/Users/17971/Desktop/HomeWork/数据可视化/MC1/MC1/News Articles/Tethys News/726.txt
733,Homeland Illumination,Homeland Illumination,primary_local,VOICES - a blog about what is important to the people,Maha Salo,20 January 2014,2014-01-20,ok,,87,,kidnapping|business|security,1|4,"1621 - I caught up with another employee exiting the area. She told me the police were questioning everyone. I asked her if she'd seen anything usual. ""There were some people I didn't recognize, but I didn't get really close. I work on the...",C:/Users/17971/Desktop/HomeWork/数据可视化/MC1/MC1/News Articles/Homeland Illumination/733.txt
744,Homeland Illumination,Homeland Illumination,primary_local,VOICES - a blog about what is important to the people,Maha Salo,20 January 2014,2014-01-20,ok,,40,Abila|Tethys,security,,"2232 - Homeland Illumination correspondent Petrus Gerhard reports airport officials have confirmed the arrival of a private jet from Tethys. Several passengers departed into a waiting limousine. Gerhard followed the limousine, which drove...",C:/Users/17971/Desktop/HomeWork/数据可视化/MC1/MC1/News Articles/Homeland Illumination/744.txt
749,Centrum Sentinel,Centrum Sentinel,primary_institutional,VOICES - a blog approximately that what is important to people,,20 January 2014,2014-01-20,ok,,19,Government,business,1,1052 - The CEO Sanjorge has arrived to the capitol that it for one reception with the government civil employees.,C:/Users/17971/Desktop/HomeWork/数据可视化/MC1/MC1/News Articles/Centrum Sentinel/749.txt
759,Tethys News,Tethys News,primary_institutional,To break off itself: The emergency to GAStech quarters construction [updates],,20 January 2014,2014-01-20,ok,,26,GAStech,,,"Update, 6:30 PM: The executive jet of GAStech has arrived to the airport. The occupants have been taken in limousine to the building of GAStech.",C:/Users/17971/Desktop/HomeWork/数据可视化/MC1/MC1/News Articles/Tethys News/759.txt
76,Tethys News,Tethys News,primary_institutional,To break off itself: The emergency to GAStech quarters construction [updates],,20 January 2014,2014-01-20,ok,,85,GAStech|Abila,kidnapping|business|security,1|4,"Update, 7:35 PM: The Carman di Adrien of the megaphone of the police of Abila has said, ""several employs you of GasTech seems missing. Anyone that sees the activity unusual is asked to put itself in contact with the police of Abila."" In...",C:/Users/17971/Desktop/HomeWork/数据可视化/MC1/MC1/News Articles/Tethys News/76.txt
761,Kronos Star,Kronos Star,primary_local,Breaking: Emergency at GAStech Headquarters Building [Updates],"Cato Rossini, Marcella Trapani",20 January 2014,2014-01-20,ok,,57,GAStech|POK|Abila,kidnapping|business|security,1|3|4,"Update, 7:00 PM: The last of the GAStech employees has been allowed to leave the building. The employee, Edvard Vann, said that the police interviewed him for hours and accused him of involvement in the kidnapping because he shares a...",C:/Users/17971/Desktop/HomeWork/数据可视化/MC1/MC1/News Articles/Kronos Star/761.txt
763,Kronos Star,Kronos Star,primary_local,Breaking: Emergency at GAStech Headquarters Building [Updates],"Cato Rossini, Marcella Trapani",20 January 2014,2014-01-20,ok,,19,GAStech,business,1,"Update, 10:20 AM: GAStech employees evacuate the building and a helicopter leaves from the roof of the building.",C:/Users/17971/Desktop/HomeWork/数据可视化/MC1/MC1/News Articles/Kronos Star/763.txt
772,Modern Rubicon,Modern Rubicon,primary_local,ON SCENE BLOG,,20 January 2014,2014-01-20,ok,,84,GAStech|Government|Abila,business,1,"1520 - a relationship from the airport of Abila indicates that a classified airplane has left with eight people around to 2:30 PM. The jet instituted second as reported it has been directed towards Rome, Italy. This relationship seems to...",C:/Users/17971/Desktop/HomeWork/数据可视化/MC1/MC1/News Articles/Modern Rubicon/772.txt
776,Kronos Star,Kronos Star,primary_local,Breaking: Emergency at GAStech Headquarters Building [Updates],"Cato Rossini, Marcella Trapani",20 January 2014,2014-01-20,ok,,64,GAStech|Abila,kidnapping|business|security,1|4,"Update, 7:35 PM: Abila police spokesman Adrien Carman said, ""Several GasTech employees appear to be missing. Anyone seeing unusual activity is asked to contact the Abila police."" In response to question about whether a kidnapping is...",C:/Users/17971/Desktop/HomeWork/数据可视化/MC1/MC1/News Articles/Kronos Star/776.txt
78,Tethys News,Tethys News,primary_institutional,To break off itself: The emergency to GAStech quarters construction [updates],,20 January 2014,2014-01-20,ok,,50,GAStech|Abila,business,1,"Update, 11:55 PM: Captain Federigo Accardi of the fire of Abila announces that it was a false alarm and the construction is sure. In answer to the questions of the reporter, Accardi captain says employs of GAStech rendered to no...",C:/Users/17971/Desktop/HomeWork/数据可视化/MC1/MC1/News Articles/Tethys News/78.txt
783,Modern Rubicon,Modern Rubicon,primary_local,ON SCENE BLOG,,20 January 2014,2014-01-20,ok,,27,Abila,security,,1920 - the police of Abila will hold a news conference that begins soon. We find ourselves on the yard in order to cover it to it for.,C:/Users/17971/Desktop/HomeWork/数据可视化/MC1/MC1/News Articles/Modern Rubicon/783.txt
790,Kronos Star,Kronos Star,primary_local,Breaking: Emergency at GAStech Headquarters Building [Updates],"Cato Rossini, Marcella Trapani",20 January 2014,2014-01-20,ok,,55,GAStech,,,"Update, 1:25 PM: In attempt to find out what is going on, we have called the office of Orhan Strum, the GSAtech Chief Operating Officer. His administrator answered the phone and informed us that Mr. Strum is unavailable. We will continue...",C:/Users/17971/Desktop/HomeWork/数据可视化/MC1/MC1/News Articles/Kronos Star/790.txt
8,Modern Rubicon,Modern Rubicon,primary_local,ON SCENE BLOG,,20 January 2014,2014-01-20,ok,,79,GAStech,business,1,1532. An employee of Kronos - of GAStech that leaves the construction of the centers who refused in order to supply a name has said that a brace of unknown people was in the posterior part of the conference room in which the reunion of...,C:/Users/17971/Desktop/HomeWork/数据可视化/MC1/MC1/News Articles/Modern Rubicon/8.txt
803,The Abila Post,The Abila Post,primary_local,ON THE SCENE BLOG,Haneson Ngohebo,20 January 2014,2014-01-20,ok,,56,GAStech,business|security,1,1506 UPDATE - Police have begun to leave GAStech headquarters. The officers have declined to answer all of the reporters' questions leaving the scene. A few police vehicles have remained behind. Presumably the remaining officers are...,C:/Users/17971/Desktop/HomeWork/数据可视化/MC1/MC1/News Articles/The Abila Post/803.txt
804,Homeland Illumination,Homeland Illumination,primary_local,VOICES - a blog about what is important to the people,Maha Salo,20 January 2014,2014-01-20,ok,,36,Abila,,,"1840 - Homeland Illumination correspondent Petrus Gerhard reports that airport officials have released information that a private jet arrived at Abila airport earlier today, and that the jet was met by a waiting limousine. 20 Jan 2014",C:/Users/17971/Desktop/HomeWork/数据可视化/MC1/MC1/News Articles/Homeland Illumination/804.txt
805,The Abila Post,The Abila Post,primary_local,ON THE SCENE BLOG,Haneson Ngohebo,20 January 2014,2014-01-20,ok,,28,GAStech|Government,security,,1405 UPDATE - Apparent Kronos Government officials arrived at the GAStech headquarters. They arrived in an unmarked black car with tinted windows and were allowed through the police cordon.,C:/Users/17971/Desktop/HomeWork/数据可视化/MC1/MC1/News Articles/The Abila Post/805.txt
806,The Abila Post,The Abila Post,primary_local,ON THE SCENE BLOG,Haneson Ngohebo,20 January 2014,2014-01-20,ok,,19,GAStech|Abila,security,,"1220 UPDATE - Abila Police arrived at GAStech headquarters, raising concerns and adding to the confusion over what has happened.",C:/Users/17971/Desktop/HomeWork/数据可视化/MC1/MC1/News Articles/The Abila Post/806.txt
811,Modern Rubicon,Modern Rubicon,primary_local,ON SCENE BLOG,,20 January 2014,2014-01-20,ok,,40,GAStech|Government,business|security,1,1405 - the government civil employees ally by marriage of Kronos have arrived to the centers of GAStech. Inks have arrived in unmarked the black automobile with the windows and have been are concurred with through the cord of the police.,C:/Users/17971/Desktop/HomeWork/数据可视化/MC1/MC1/News Articles/Modern Rubicon/811.txt
813,Tethys News,Tethys News,primary_institutional,To break off itself: The emergency to GAStech quarters construction [updates],,20 January 2014,2014-01-20,ok,,77,GAStech,kidnapping|business,1|4,"Update, 5:50 PM: According to an employee of GAStech, the pictures of GAStech have left to the construction after their reunion this morning and head to the reception the construction of the capitol. Once asked news on because we could not...",C:/Users/17971/Desktop/HomeWork/数据可视化/MC1/MC1/News Articles/Tethys News/813.txt
817,Centrum Sentinel,Centrum Sentinel,primary_institutional,VOICES - a blog on what is important to people,,20 January 2014,2014-01-20,ok,,54,,kidnapping|security,4,"1937 - The megaphone of the police of Kronos has freed a declaration ""is indication here that the missing individuals have left the island of Kronos."" Once asked if the suppliers were consider interest persons you, the megaphone has...",C:/Users/17971/Desktop/HomeWork/数据可视化/MC1/MC1/News Articles/Centrum Sentinel/817.txt
818,News Desk,News Desk,aggregator,ENVELOPE UP OF EVENTS AT GASTECH,,2014/01/20,2014-01-20,ok,"ABILA, Kronos",259,GAStech|Government|Sten Sanjorge|Abila|Tethys,kidnapping|business|security,1|4,"ABILA, Kronos - a long stretched day of contrary is reports and finish confused information. What we for certain know is that 14 employees GAStech not only missing are confirmed, but kidnapped such as those by a source of the government...",C:/Users/17971/Desktop/HomeWork/数据可视化/MC1/MC1/News Articles/News Desk/818.txt
827,Modern Rubicon,Modern Rubicon,primary_local,ON SCENE BLOG,,20 January 2014,2014-01-20,ok,,103,GAStech|Government|Sten Sanjorge|Abila,,,"930 - approximately 1000 that the morning reunion will conclude and CEO Sten Sanjorge, to the Jr. and to the executive group - Ingrid Barranco, Ada Campo-Corrente, Orhan Strum, and Willem Vasco-Pais - they will continue to one sponsored...",C:/Users/17971/Desktop/HomeWork/数据可视化/MC1/MC1/News Articles/Modern Rubicon/827.txt
828,Centrum Sentinel,Centrum Sentinel,primary_institutional,VOICES - a blog approximately that what is important to people,,20 January 2014,2014-01-20,ok,,21,GAStech|Tethys,kidnapping|business,1|4,1356 - The means that the taken ones has marked GAStech-Tethys have confirmed a sure number of employs missing of GAStech.,C:/Users/17971/Desktop/HomeWork/数据可视化/MC1/MC1/News Articles/Centrum Sentinel/828.txt
829,Tethys News,Tethys News,primary_institutional,To break off itself: The emergency to GAStech quarters construction [updates],,20 January 2014,2014-01-20,ok,,24,GAStech,business,1,"Update, 10:50: An employee of GAStech marks it that the fire signaler has been pulled in answer to a threat of the bomb.",C:/Users/17971/Desktop/HomeWork/数据可视化/MC1/MC1/News Articles/Tethys News/829.txt
830,Modern Rubicon,Modern Rubicon,primary_local,ON SCENE BLOG,,20 January 2014,2014-01-20,ok,,77,GAStech|Government,security,,1235 - the voices abound potentially in the cares to the pictures lacking GAStech. Some suggest that the recently conferred executive group to has jumped the government reception in order to avoid the pressed one and of left to one...,C:/Users/17971/Desktop/HomeWork/数据可视化/MC1/MC1/News Articles/Modern Rubicon/830.txt
831,Modern Rubicon,Modern Rubicon,primary_local,ON SCENE BLOG,,20 January 2014,2014-01-20,ok,,37,Abila,,,"1035 - the fire unit of Abila has arrived on the scene approximately 10 minutes ago and has begun to try the construction. Note there is no visible smoke, provoking restlessness of a real threat of the bomb.",C:/Users/17971/Desktop/HomeWork/数据可视化/MC1/MC1/News Articles/Modern Rubicon/831.txt
834,The Abila Post,The Abila Post,primary_local,ON THE SCENE BLOG,Haneson Ngohebo,20 January 2014,2014-01-20,ok,,117,GAStech|Government|Sten Sanjorge|Abila,ipo,1|4,"930 20 January 2014 - This is Haneson Ngohebo here at the GAStech - Kronos headquarters live blogging the annual GAStech International meeting. At roughly 1000 the morning meeting will end and CEO Sten Sanjorge, Jr. and the executive group...",C:/Users/17971/Desktop/HomeWork/数据可视化/MC1/MC1/News Articles/The Abila Post/834.txt
838,Tethys News,Tethys News,primary_institutional,To break off itself: The emergency to GAStech quarters the construction [updates],,20 January 2014,2014-01-20,ok,,94,GAStech|POK|Government,kidnapping|business|security,1|3|4,"Update, 5:30 PM: We have several relationships from employs of GAStech that confirm a kidnapping have happened, but currently not are the information on who. The unofficial relationships from the police indicate that they believe that the...",C:/Users/17971/Desktop/HomeWork/数据可视化/MC1/MC1/News Articles/Tethys News/838.txt
841,Centrum Sentinel,Centrum Sentinel,primary_institutional,VOICES - a blog on what is important to people,,20 January 2014,2014-01-20,ok,,40,GAStech,business,1,1837 - Are relationships not confirmed that it employs of GAStech have been taken. The means taken ones is speculating that their wealth newfound could supply a reason. Perhaps someone would have to characterize the suppliers from the...,C:/Users/17971/Desktop/HomeWork/数据可视化/MC1/MC1/News Articles/Centrum Sentinel/841.txt
842,Homeland Illumination,Homeland Illumination,primary_local,VOICES - a blog about what is important to the people,Maha Salo,20 January 2014,2014-01-20,ok,,29,Abila,,,1802 - Homeland Illumination correspondent Petrus Gerhard reports that a second private jet left the Abila airport just hours ago. The identity of the passengers is unknown. 20 Jan 2014,C:/Users/17971/Desktop/HomeWork/数据可视化/MC1/MC1/News Articles/Homeland Illumination/842.txt
844,Centrum Sentinel,Centrum Sentinel,primary_institutional,VOICES - a blog on what is important to people,,20 January 2014,2014-01-20,ok,,36,,,,"1025 - The construction is showing the signs of difficulty from the fire unit. Not it has been confirmation of a threat of the bomb, but I have not seen one squad of the bomb to appear.",C:/Users/17971/Desktop/HomeWork/数据可视化/MC1/MC1/News Articles/Centrum Sentinel/844.txt
85,Kronos Star,Kronos Star,primary_local,Breaking: Emergency at GAStech Headquarters Building [Updates],"Cato Rossini, Marcella Trapani",20 January 2014,2014-01-20,ok,,22,GAStech,kidnapping|security,4,"Update, 7:40 PM: Carman informed the press that police do not believe the missing people have left the island of Kronos.",C:/Users/17971/Desktop/HomeWork/数据可视化/MC1/MC1/News Articles/Kronos Star/85.txt
87,Homeland Illumination,Homeland Illumination,primary_local,VOICES - a blog about what is important to the people,Maha Salo,20 January 2014,2014-01-20,ok,,36,GAStech,kidnapping|business,1|4,1837 - There are unconfirmed reports that the GAStech employees were kidnapped. Media outlets are speculating that their newfound wealth might provide a motive. Perhaps someone should locate the caterers from the executive breakfast? 20...,C:/Users/17971/Desktop/HomeWork/数据可视化/MC1/MC1/News Articles/Homeland Illumination/87.txt
9,Kronos Star,Kronos Star,primary_local,Breaking: Emergency at GAStech Headquarters Building [Updates],"Cato Rossini, Marcella Trapani",20 January 2014,2014-01-20,ok,,37,GAStech,business|security,1,"Update 1:00 PM: Police have come and gone from the GAStech building, but up to this point no GAStech employees have left the building. We still have no official word on why the police are present.",C:/Users/17971/Desktop/HomeWork/数据可视化/MC1/MC1/News Articles/Kronos Star/9.txt
90,Tethys News,Tethys News,primary_institutional,To break off itself: The emergency to GAStech quarters construction [updates],,20 January 2014,2014-01-20,ok,,38,GAStech,,,"Update, 1:50 PM: We have tried twenty new numbers of telephone to GAStech, but no other has answered to has tried to call the coordinator of the Mr. Strum still, but has not answered to the telephone.",C:/Users/17971/Desktop/HomeWork/数据可视化/MC1/MC1/News Articles/Tethys News/90.txt
92,Tethys News,Tethys News,primary_institutional,To break off itself: The emergency to GAStech quarters construction [updates],,20 January 2014,2014-01-20,ok,,18,GAStech,business,1,"Update, 11:45: The civil employees of fire unit allow that the construction employs of GAStech king-enter.",C:/Users/17971/Desktop/HomeWork/数据可视化/MC1/MC1/News Articles/Tethys News/92.txt
94,Homeland Illumination,Homeland Illumination,primary_local,VOICES - a blog about what is important to the people,Maha Salo,20 January 2014,2014-01-20,ok,,36,GAStech|Abila,kidnapping|business,1|4,1744 - Media reports are coming in that a number of GAStech employees were kidnapped. The identity of the passengers on the mystery jet that departed earlier today from the Abila Airport remains unknown. 20 Jan 2014,C:/Users/17971/Desktop/HomeWork/数据可视化/MC1/MC1/News Articles/Homeland Illumination/94.txt
99,Modern Rubicon,Modern Rubicon,primary_local,ON SCENE BLOG,,20 January 2014,2014-01-20,ok,,57,GAStech,business,1,"1545 - these ""dark clothed"" figures are to the center of that what seems to be a event robbing with the victims who are the direction lacking GAStech. Currently we can only speculate on the people number to be involved. In the confusion...",C:/Users/17971/Desktop/HomeWork/数据可视化/MC1/MC1/News Articles/Modern Rubicon/99.txt
106,Modern Rubicon,Modern Rubicon,primary_local,ON SCENE BLOG,,21 January 2014,2014-01-21,ok,,32,GAStech|POK,kidnapping|business,1|3|4,1245 - I REDEEM DEMANDS FROM POK - the protections of Kronos has freed a supporting responsibility of declaration of the kidnapping of employs you of GAStech that they demand I redeem $20 million.,C:/Users/17971/Desktop/HomeWork/数据可视化/MC1/MC1/News Articles/Modern Rubicon/106.txt
110,Homeland Illumination,Homeland Illumination,primary_local,VOICES - a blog about what is important to the people,Maha Salo,21 January 2014,2014-01-21,ok,,127,POK|Government,,3,"1153 - BREAKING NEWS Readers, this is correspondent Petrus Gerhard writing from an unknown location. I was contacted a short time ago by members of the Protectors of Kronos social action movement to convey a very important message to the...",C:/Users/17971/Desktop/HomeWork/数据可视化/MC1/MC1/News Articles/Homeland Illumination/110.txt
142,Centrum Sentinel,Centrum Sentinel,primary_institutional,VOICES - a blog on what is important to people,,21 January 2014,2014-01-21,ok,,107,GAStech|Abila|Tethys,kidnapping|business|security,1|4,0715 - Welcome to continuous news of the disappearing of several employs of GAStech. That what is known: The police has announced that fourteen employsof GAStech are disappeared yesterday morning. The civil employees from Tethys -...,C:/Users/17971/Desktop/HomeWork/数据可视化/MC1/MC1/News Articles/Centrum Sentinel/142.txt
159,Modern Rubicon,Modern Rubicon,primary_local,ON SCENE BLOG,,21 January 2014,2014-01-21,ok,,35,GAStech|Sten Sanjorge|Tethys,kidnapping,4,"1013 - the CEO Sten Sanjorge, Jr. it is not missing. He is in the centers of Tethys of the GAStech in the center understood them. The names of the missing have still not been shared.",C:/Users/17971/Desktop/HomeWork/数据可视化/MC1/MC1/News Articles/Modern Rubicon/159.txt
167,International Times,International Times,derivative_international,GASTech Employees Kidnapped in Kronos,,21 January 2014  1405,2014-01-21,ok,,232,GAStech|POK|APA|Sten Sanjorge|Abila|Tethys,environment|kidnapping|business|security,1|2|3|4,"Fourteen employees feared kidnapped in Kronos by a radical environmental terrorist group during a corporate gathering. Fourteen employees, including possibly five executive officers, are feared kidnapped yesterday by the ""Protectors of...",C:/Users/17971/Desktop/HomeWork/数据可视化/MC1/MC1/News Articles/International Times/167.txt
178,The Tulip,The Tulip,derivative_international,THE REQUIREMENTS OF THE RANSOM WHICH ARE MADE IN REMOVAL GASTECH,,2014/01/21,2014-01-21,ok,"ABILA, Kronos",111,GAStech|Government|Sten Sanjorge|Elodis|Abila|Tethys,protest|business,1|3,"The guards of Kronos have not only also the taken responsibility for the removal of international employees GAStech, but the ransom question of $20M of the President and CEO Sten Sanjorge, Jr. made. Reported like yesterday, one speculated...",C:/Users/17971/Desktop/HomeWork/数据可视化/MC1/MC1/News Articles/The Tulip/178.txt
218,The Abila Post,The Abila Post,primary_local,ON THE SCENE BLOG,Haneson Ngohebo,21 January 2014,2014-01-21,ok,,24,GAStech|Abila,security,4,850 UPDATE 21 January 2014 - DAY TWO of the GAStech Incident - We are awaiting the Abila Police Department news conference scheduled for 9:00.,C:/Users/17971/Desktop/HomeWork/数据可视化/MC1/MC1/News Articles/The Abila Post/218.txt
219,News Online Today,News Online Today,aggregator,RANSOM DEMANDS MADE IN GASTECH KIDNAPPING,,2014/01/21,2014-01-21,ok,"ABILA, Kronos",33,GAStech|POK|Sten Sanjorge,kidnapping|business,1|3|4,"The Protectors of Kronos have not only taken responsibility for the kidnapping of GAStech International employees, but have also made a ransom demand of $20M from the President and CEO Sten Sanjorge, Jr.",C:/Users/17971/Desktop/HomeWork/数据可视化/MC1/MC1/News Articles/News Online Today/219.txt
245,The Continent,The Continent,derivative_international,The employees of GASTech who are kidnapped in Kronos,,2014/01/21,2014-01-21,ok,,242,GAStech|POK|APA|Sten Sanjorge|Abila|Tethys,environment|kidnapping|business|security,1|2|3|4,"Fourteen employees feared kidnapped in Kronos by a radical environment terrorist group during itself collective collecting. Fourteen employees, among which executive civil servants perhaps five, feared have been kidnapped yesterday by the...",C:/Users/17971/Desktop/HomeWork/数据可视化/MC1/MC1/News Articles/The Continent/245.txt
250,The Abila Post,The Abila Post,primary_local,ON THE SCENE BLOG,Haneson Ngohebo,21 January 2014,2014-01-21,ok,,87,GAStech|Government|Abila|Tethys,kidnapping|business|security,1|4,934 UPDATE - Abila Police indicated that they are working with law enforcement and government officials from Tethys. The number of the missing has been revised from fourteen to ten. The names of the missing - and presumably kidnapped -...,C:/Users/17971/Desktop/HomeWork/数据可视化/MC1/MC1/News Articles/The Abila Post/250.txt
261,The Abila Post,The Abila Post,primary_local,ON THE SCENE BLOG,Haneson Ngohebo,21 January 2014,2014-01-21,ok,,27,GAStech|POK,kidnapping|business,1|3|4,1245 UPDATE - RANSOM DEMANDS FROM POK - The Protectors of Kronos have released a statement claiming responsibility for the kidnapping of GAStech employees demanding a $20 million ransom.,C:/Users/17971/Desktop/HomeWork/数据可视化/MC1/MC1/News Articles/The Abila Post/261.txt
274,Worldwise,Worldwise,derivative_international,Conference of news of catch of police force on the kidnapping of GAStech,,2014/01/21,2014-01-21,ok,"ABILA, Kronos",123,GAStech|POK|Abila,kidnapping|business|security,1|3|4,The police force of Abila held a press conference to nine this morning on the registered offices of removal of GAStech. To maintain to the order the journalists with the current that four of the employees of GAStech of which where were not...,C:/Users/17971/Desktop/HomeWork/数据可视化/MC1/MC1/News Articles/Worldwise/274.txt
276,International News,International News,derivative_international,Police Hold News Conference on GAStech Kidnapping,,2014/01/21,2014-01-21,ok,"ABILA, Kronos",74,GAStech|POK|Abila,kidnapping|business|security,1|3|4,"The Abila police held a press conference at nine this morning on the kidnapping GAStech headquarters. Police informed reporters that four of the GAStech employees whose whereabouts were unconfirmed yesterday were found overnight, leaving...",C:/Users/17971/Desktop/HomeWork/数据可视化/MC1/MC1/News Articles/International News/276.txt
30,Modern Rubicon,Modern Rubicon,primary_local,ON SCENE BLOG,,21 January 2014,2014-01-21,ok,,29,GAStech|Abila,security,4,850 21 January 2014 - DAY TWO of the event of GAStech - we are attending the news conference of unit of the police of Abila previewed for the 9:00.,C:/Users/17971/Desktop/HomeWork/数据可视化/MC1/MC1/News Articles/Modern Rubicon/30.txt
310,Who What News,Who What News,derivative_international,RANSOM DEMANDS MADE IN GASTECH KIDNAPPING,,2014/01/21,2014-01-21,ok,"ABILA, Kronos",78,GAStech|POK|Government|Sten Sanjorge|Elodis|Abila,protest|kidnapping|business,1|3|4,"The Protectors of Kronos have not only taken responsibility for the kidnapping of GAStech International employees, but have also made a ransom demand of $20M from the President and CEO Sten Sanjorge, Jr. however, Sanjorge, Jr. The...",C:/Users/17971/Desktop/HomeWork/数据可视化/MC1/MC1/News Articles/Who What News/310.txt
344,News Online Today,News Online Today,aggregator,GAStech's Sanjorge Escapes Kidnapping at GAStech HQ,,2014/01/21,2014-01-21,ok,"ABILA, Kronos",45,GAStech|Sten Sanjorge|Tethys|Centrum,kidnapping,4,"According to a press conference held at GAStech headquarters in Centrum, Tethys this morning, GAStech's President and CEO, Sten Sanjorge Jr. Sanjorge, who had been attending a corporate meeting, was in transit from the GAStech building to...",C:/Users/17971/Desktop/HomeWork/数据可视化/MC1/MC1/News Articles/News Online Today/344.txt
372,The Guide,The Guide,derivative_international,Conference of the news of the grasping of the police on the kidnapping of GAStech,,2014/01/21,2014-01-21,ok,"ABILA, Kronos",112,GAStech|POK|Abila,kidnapping|business|security,1|3|4,The police of Abila carried out a press conference at nine this morning in the headquarters of GAStech of the kidnapping. To clean to informed reporters who four of the employees of GAStech found that whereabouts were yesterday without...,C:/Users/17971/Desktop/HomeWork/数据可视化/MC1/MC1/News Articles/The Guide/372.txt
396,World Journal,World Journal,derivative_international,Employees of GASTech removed in Kronos,,2014/01/21,2014-01-21,ok,,258,GAStech|POK|APA|Sten Sanjorge|Abila|Tethys,environment|kidnapping|business|security,1|2|3|4,"Fourteen employees have fears removed in Kronos by a radical environmental group of terrorist during a meeting of corporation. One fears fourteen employees, probably including five executive leaders, removed yesterday by the ""guards of...",C:/Users/17971/Desktop/HomeWork/数据可视化/MC1/MC1/News Articles/World Journal/396.txt
407,Homeland Illumination,Homeland Illumination,primary_local,VOICES - a blog about what is important to the people,Maha Salo,21 January 2014,2014-01-21,ok,,150,Government,,,1200 - TO THE PEOPLE OF KRONOS: NO LONGER WILL WE ACQUIESCE TO THE UNFETTERED KLEPTOCRACY THAT HAS BECOME OUR GOVERNMENT AND TO THE IMPERIALIST ACTIVITIES OF THE FOREIGN CORPORATIONS ON OUR HOMELAND. WE HAVE TAKEN STEPS TO ENSURE OUR VOICE...,C:/Users/17971/Desktop/HomeWork/数据可视化/MC1/MC1/News Articles/Homeland Illumination/407.txt
418,Centrum Sentinel,Centrum Sentinel,primary_institutional,VOICES - a blog on what is important to people,,21 January 2014,2014-01-21,ok,,34,GAStech|Abila,kidnapping|business|security,1|4,0911 - To a news conferencesome police of Abila of minutes ago has modified the number of missing employs of GAStech to ten. It is unknown if the police has identified which employs they lack.,C:/Users/17971/Desktop/HomeWork/数据可视化/MC1/MC1/News Articles/Centrum Sentinel/418.txt
460,Everyday News,Everyday News,primary_local,Kidnapped employees of GASTech in Kronos,,2014/01/21,2014-01-21,ok,,259,GAStech|POK|APA|Sten Sanjorge|Abila|Tethys,environment|kidnapping|business|security,1|2|3|4,"Fourteen employees feared kidnapped in Kronos for radical an environmental group of the terrorist during a corporative meeting. They fear fourteen employees, including possibly to five executive officials, kidnapped yesterday by the...",C:/Users/17971/Desktop/HomeWork/数据可视化/MC1/MC1/News Articles/Everyday News/460.txt
463,The Truth,The Truth,derivative_international,Sanjorge of GAStech escape which kidnap GAStech at HQ,,2014/01/21,2014-01-21,ok,"ABILA, Kronos",127,GAStech|Government|Sten Sanjorge|President Kapelou|Abila|Tethys|Centrum,kidnapping|business,1|4,"According to a press conference which in GAStech headquarters in Centrum, Tethys announced, the President of have GAStech and CEO, Sten Sanjorge Jr. returned to Tethys after communicated kidnapping event safe the headquarters that of its...",C:/Users/17971/Desktop/HomeWork/数据可视化/MC1/MC1/News Articles/The Truth/463.txt
481,Kronos Star,Kronos Star,primary_local,GAStech's Sanjorge Escapes Kidnapping at GAStech HQ,Eva Thayer,21 January 2014,2014-01-21,ok,"ABILA, Kronos",133,GAStech|Government|Sten Sanjorge|President Kapelou|Abila|Tethys|Centrum,kidnapping|business,1|4,"According to a press conference held at GAStech headquarters in Centrum, Tethys this morning, GAStech's President and CEO, Sten Sanjorge Jr. returned safely to Tethys after a reported kidnapping event his company's headquarters building in...",C:/Users/17971/Desktop/HomeWork/数据可视化/MC1/MC1/News Articles/Kronos Star/481.txt
536,The General Post,The General Post,primary_local,DEMANDS OF THE RESCUE DONE IN THE KIDNAPPING OF GASTECH,,2014/01/21,2014-01-21,ok,"ABILA, Kronos",135,GAStech|POK|Government|Sten Sanjorge|Elodis|Tethys,protest|kidnapping|business,1|3|4,"The protectors of Kronos not only have taken the responsibility from the kidnapping of the international employees of GAStech, but also they have made a demand of the rescue of $20M of the president and the CEO Sten Sanjorge, Jr. According...",C:/Users/17971/Desktop/HomeWork/数据可视化/MC1/MC1/News Articles/The General Post/536.txt
556,Homeland Illumination,Homeland Illumination,primary_local,VOICES - a blog about what is important to the people,Maha Salo,21 January 2014,2014-01-21,ok,,44,GAStech|Sten Sanjorge|Abila|Tethys,kidnapping|business,1|4,"1016 - A GAStech spokesman just announced that CEO Sten Sanjorge is not among the missing GAStech employees, and has returned to Tethys. We can assume that he was a passenger on one of the private jets that left Abila airport yesterday. 21...",C:/Users/17971/Desktop/HomeWork/数据可视化/MC1/MC1/News Articles/Homeland Illumination/556.txt
579,Homeland Illumination,Homeland Illumination,primary_local,VOICES - a blog about what is important to the people,Maha Salo,21 January 2014,2014-01-21,ok,,25,,,,1145 - BREAKING NEWS - Homeland Illumination correspondent Petrus Gerhard has contacted me to alert readers of an important announcement coming shortly. STAY TUNED 21 Jan 2014,C:/Users/17971/Desktop/HomeWork/数据可视化/MC1/MC1/News Articles/Homeland Illumination/579.txt
583,Homeland Illumination,Homeland Illumination,primary_local,VOICES - a blog about what is important to the people,Maha Salo,21 January 2014,2014-01-21,ok,,37,GAStech|Abila,kidnapping|business|security,1|4,0911 - At a news conference just a few minutes ago Abila police revised the number of missing GAStech employees to ten. We do not know if the police have identified which employees are missing. 21 Jan 2014,C:/Users/17971/Desktop/HomeWork/数据可视化/MC1/MC1/News Articles/Homeland Illumination/583.txt
598,News Online Today,News Online Today,aggregator,GASTech Employees Kidnapped in Kronos,,2014/01/21,2014-01-21,ok,,88,GAStech|POK|Tethys,environment|kidnapping|business|security,1|2|3|4,"Fourteen employees feared kidnapped in Kronos by a radical environmental terrorist group during a corporate gathering. Fourteen employees, including possibly five executive officers, are feared kidnapped yesterday by the ""Protectors of...",C:/Users/17971/Desktop/HomeWork/数据可视化/MC1/MC1/News Articles/News Online Today/598.txt
599,The Truth,The Truth,derivative_international,The conference of the news of the seizure of the police force concerning removal GAStech,,2014/01/21,2014-01-21,ok,"ABILA, Kronos",109,GAStech|POK|Abila,kidnapping|business|security,1|3|4,The police force Abila loved a press conference at nine this morning on the GAStech headquarters kidnappings. The police force communicated report donors that celebrate of whom residence was not confirmed yesterday night was found leaving...,C:/Users/17971/Desktop/HomeWork/数据可视化/MC1/MC1/News Articles/The Truth/599.txt
62,The Guide,The Guide,derivative_international,Sanjorge of GAStech saved from the kidnapping in the HQ of GAStech,,2014/01/21,2014-01-21,ok,"ABILA, Kronos",151,GAStech|Government|Sten Sanjorge|President Kapelou|Abila|Tethys|Centrum,kidnapping|business,1|4,"According to a press conference it maintained in the headquarters of GAStech in Centrum, Tethys this morning, president and CEO, GAStech CEO Sten Sanjorge Je returned surely to Tethys after the disclosed one to kidnap to event the...",C:/Users/17971/Desktop/HomeWork/数据可视化/MC1/MC1/News Articles/The Guide/62.txt
624,Centrum Sentinel,Centrum Sentinel,primary_institutional,VOICES - a blog on what is important to people,,21 January 2014,2014-01-21,ok,,45,GAStech|Sten Sanjorge|Abila|Tethys,kidnapping|business,1|4,1016 - A megaphone of GAStech has announced hardly that the CEO Sten Sanjorge is not with the employs missing and has sent back to Tethys. It is presupposed that he has been yesterday a passenger on one of jets reserves that airport left...,C:/Users/17971/Desktop/HomeWork/数据可视化/MC1/MC1/News Articles/Centrum Sentinel/624.txt
654,The Abila Post,The Abila Post,primary_local,ON THE SCENE BLOG,Haneson Ngohebo,21 January 2014,2014-01-21,ok,,35,GAStech|Sten Sanjorge|Tethys|Centrum,kidnapping|business,1|4,"1013 UPDATE - CEO Sten Sanjorge, Jr. is not among the missing GAStech employees and is safe back in GAStech's Tethys headquarters in the capital Centrum. Names of the missing have still not been released.",C:/Users/17971/Desktop/HomeWork/数据可视化/MC1/MC1/News Articles/The Abila Post/654.txt
676,News Online Today,News Online Today,aggregator,Police Hold News Conference on GAStech Kidnapping,,2014/01/21,2014-01-21,ok,"ABILA, Kronos",40,GAStech|Abila,kidnapping|business|security,1|4,"The Abila police held a press conference at nine this morning on the kidnapping GAStech headquarters. Police informed reporters that four of the GAStech employees whose whereabouts were unconfirmed yesterday were found overnight, leaving...",C:/Users/17971/Desktop/HomeWork/数据可视化/MC1/MC1/News Articles/News Online Today/676.txt
689,International News,International News,derivative_international,GAStech's Sanjorge Escapes Kidnapping at GAStech HQ,,2014/01/21,2014-01-21,ok,"ABILA, Kronos",104,GAStech|Government|Sten Sanjorge|President Kapelou|Abila|Tethys|Centrum,kidnapping,4,"According to a press conference held at GAStech headquarters in Centrum, Tethys this morning, GAStech's President and CEO, Sten Sanjorge Jr. returned safely to Tethys after a reported kidnapping event his company's headquarters building in...",C:/Users/17971/Desktop/HomeWork/数据可视化/MC1/MC1/News Articles/International News/689.txt
693,Kronos Star,Kronos Star,primary_local,Police Hold News Conference on GAStech Kidnapping,Marcella Trapani,21 January 2014,2014-01-21,ok,"ABILA, Kronos",94,GAStech|POK|Abila,kidnapping|business|security,1|3|4,"The Abila police held a press conference at nine this morning on the kidnapping GAStech headquarters. Police informed reporters that four of the GAStech employees whose whereabouts were unconfirmed yesterday were found overnight, leaving...",C:/Users/17971/Desktop/HomeWork/数据可视化/MC1/MC1/News Articles/Kronos Star/693.txt
708,Centrum Sentinel,Centrum Sentinel,primary_institutional,VOICES - a blog on what is important to people,,21 January 2014,2014-01-21,ok,,167,Government,business,1,1200 - TO KRONOS PEOPLE: MORE WILL THAT WE CONCUR WITH KLEPTOCRACY UNFETTERED THAT HAS BEEN TRANSFORMED IN OUR GOVERNMENT AND TO ACTIVITIES IMPERIALIST OF THE FOREIGN SOCIETIES ON OUR NATIVE LAND. WE HAVE TAKEN THE MEASURES IN ORDER TO...,C:/Users/17971/Desktop/HomeWork/数据可视化/MC1/MC1/News Articles/Centrum Sentinel/708.txt
727,Modern Rubicon,Modern Rubicon,primary_local,ON SCENE BLOG,,21 January 2014,2014-01-21,ok,,102,GAStech|Government|Abila|Tethys,kidnapping|business|security,1|4,934 - the police of Abila has indicated that the application of law and the civil employees of government from Tethys are working with. The number of the missing has been modified fourteen to ten. The names of the missing - and presumably...,C:/Users/17971/Desktop/HomeWork/数据可视化/MC1/MC1/News Articles/Modern Rubicon/727.txt
738,Homeland Illumination,Homeland Illumination,primary_local,VOICES - a blog about what is important to the people,Maha Salo,21 January 2014,2014-01-21,ok,,98,GAStech|Abila|Tethys,kidnapping|business|security,1|4,0715 - Welcome to our continuing coverage of the disappearance of several GAStech employees. What we know: Police have announced that fourteen GAStech employees disappeared sometime yesterday morning. Officials from Tethys - likely GAStech...,C:/Users/17971/Desktop/HomeWork/数据可视化/MC1/MC1/News Articles/Homeland Illumination/738.txt
752,Worldwise,Worldwise,derivative_international,Sanjorge Escapes from  GAStech removing at the HQ of GAStech,,2014/01/21,2014-01-21,ok,"ABILA, Kronos",147,GAStech|Government|Sten Sanjorge|President Kapelou|Abila|Tethys|Centrum,kidnapping,4,"According to a press conference was held with the registered offices of GAStech in the centrum, Tethys this morning, president and CEO of GAStech, Sten Sanjorge Jr., returned without risk to Tethys after brought back to remove the event...",C:/Users/17971/Desktop/HomeWork/数据可视化/MC1/MC1/News Articles/Worldwise/752.txt
787,World Source,World Source,derivative_international,GASTech Employees Kidnapped in Kronos,,2014/01/21,2014-01-21,ok,,164,GAStech|POK|APA|Sten Sanjorge|Abila|Tethys,environment|kidnapping|business|security,1|2|3|4,"Fourteen employees feared kidnapped in Kronos by a radical environmental terrorist group during a corporate gathering. Fourteen employees, including possibly five executive officers, are feared kidnapped yesterday by the ""Protectors of...",C:/Users/17971/Desktop/HomeWork/数据可视化/MC1/MC1/News Articles/World Source/787.txt
793,Centrum Sentinel,Centrum Sentinel,primary_institutional,VOICES - a blog on what is important to people,,21 January 2014,2014-01-21,ok,,142,POK|Government,,3,"1153 - TO BREAK OFF the NEWS from Petrus Gerhard: The readers, this is writing correspondent of Petrus Gerhard. They are put to me in contact with in the short term one member of the protections of the social movement of action of Kronos...",C:/Users/17971/Desktop/HomeWork/数据可视化/MC1/MC1/News Articles/Centrum Sentinel/793.txt
822,The Light of Truth,The Light of Truth,derivative_international,RANSOM DEMANDS MADE IN THE KIDNAPPING OF GASTECH,,2014/01/21,2014-01-21,ok,"ABILA, Kronos",116,GAStech|Government|Sten Sanjorge|Elodis|Abila|Tethys,protest|kidnapping|business,1|3|4,"The guards of Kronos took not only the responsability for the kidnapping of the international employees of GAStech, but also made a ransom demand of $20M starting from the president and PRESIDENT Sten Sanjorge, Jr. As reported yesterday,...",C:/Users/17971/Desktop/HomeWork/数据可视化/MC1/MC1/News Articles/The Light of Truth/822.txt
824,The World,The World,derivative_international,RANSOM DEMANDS MADE IN GASTECH KIDNAPPING,,21 January 2014,2014-01-21,ok,"ABILA, Kronos",114,GAStech|POK|Government|Sten Sanjorge|Elodis|Abila|Tethys,protest|kidnapping|business,1|3|4,"The Protectors of Kronos have not only taken responsibility for the kidnapping of GAStech International employees, but have also made a ransom demand of $20M from the President and CEO Sten Sanjorge, Jr. As reported yesterday, it was...",C:/Users/17971/Desktop/HomeWork/数据可视化/MC1/MC1/News Articles/The World/824.txt
200,Everyday News,Everyday News,primary_local,4 of March of 2010,,2014/03/26,2014-03-26,ok,,272,POK|Government|President Kapelou,protest,3,"It is the first incident of his class in the history of the famous race of boat of the world, in which the yachts around the Mediterranean coast compete for the gold cup coveted. The presidential boat, had by the family of present...",C:/Users/17971/Desktop/HomeWork/数据可视化/MC1/MC1/News Articles/Everyday News/200.txt
279,World Journal,World Journal,derivative_international,The perspicacity of an expert: prosperity as foreign PRESIDENT in Kronos,,2014/03/26,2014-03-26,ok,,878,GAStech|Elodis|Tethys,environment|protest|business|security,1|2,"January 17, 1995 Hank Fluss is PRESIDENT of GAStech, the principal industry of Kronos during more than 15 years, after its discovery of its immense gas layers close to the town of Elodis. Fluss, functioned with dozen foreign Presidents...",C:/Users/17971/Desktop/HomeWork/数据可视化/MC1/MC1/News Articles/World Journal/279.txt
535,The Continent,The Continent,derivative_international,The insight of an expert: thriving as foreign CEO in Kronos,,2014/03/26,2014-03-26,ok,,830,GAStech|Elodis|Tethys,environment|protest|business,1|2,"17 January 1995 The strict Fluss are CEO of GAStech, the important industry of Krono more than 15 years, after its discovery of its immense gasvelden near the city of Elodis. Fluss, have worked with dozens of foreign CEOs in the course of...",C:/Users/17971/Desktop/HomeWork/数据可视化/MC1/MC1/News Articles/The Continent/535.txt
55,Daily Pegasus,Daily Pegasus,primary_local,INFLAMMATION OF THE PROTESTS IN ABILA IN ANSWER TO CALLS TO THE ACTION,,2014/03/26,2014-03-26,ok,,205,POK|Government|Elian Karel|Abila,environment|protest,2|3,"7 of September of 2012 LOCATION: ABILA, Kronos The thousands of people aligned the ways Thursday in an exhibition of solidarity antigovernment. Between the demonstrators it was Mestache Vardshvna, 23, of the coast of the west of Kronos....",C:/Users/17971/Desktop/HomeWork/数据可视化/MC1/MC1/News Articles/Daily Pegasus/55.txt
656,Everyday News,Everyday News,primary_local,Penetration of an expert: prospering like foreign CEO in Kronos,,2014/03/26,2014-03-26,ok,,876,GAStech|Elodis|Tethys,protest|business|security,1,"17 of January of 1995 The Fluss hank is CEO of GAStech, main industry of Krono by more than 15 years, after its discovery of its immense gas fields near the city of Elodis. Fluss, has worked with dozens of foreign CEOs on the years....",C:/Users/17971/Desktop/HomeWork/数据可视化/MC1/MC1/News Articles/Everyday News/656.txt
