email_id,from_email,from_name,from_domain,from_org,to_emails,to_names,to_count,to_domains,to_orgs,date_raw,date,subject,thread_subject,topics
1,Varja.Lagos@gastech.com.kronos,Varja Lagos,gastech.com.kronos,GAStech-Kronos,Varja.Lagos@gastech.com.kronos; Hennie.Osvaldo@gastech.com.kronos; Loreto.Bodrogi@gastech.com.kronos; Inga.Ferro@gastech.com.kronos,Varja Lagos; Hennie Osvaldo; Loreto Bodrogi; Inga Ferro,4,gastech.com.kronos,GAStech-Kronos,1/6/2014 10:28,2014-01-06 10:28,Patrol schedule changes,Patrol schedule changes,security
2,Brand.Tempestad@gastech.com.kronos,Brand Tempestad,gastech.com.kronos,GAStech-Kronos,Birgitta.Frente@gastech.com.kronos; Lars.Azada@gastech.com.kronos; Felix.Balas@gastech.com.kronos,Birgitta Frente; Lars Azada; Felix Balas,3,gastech.com.kronos,GAStech-Kronos,1/6/2014 10:35,2014-01-06 10:35,Wellhead flow rate data,Wellhead flow rate data,environment
3,Isak.Baza@gastech.com.kronos,Isak Baza,gastech.com.kronos,GAStech-Kronos,Isak.Baza@gastech.com.kronos; Lucas.Alcazar@gastech.com.kronos,Isak Baza; Lucas Alcazar,2,gastech.com.kronos,GAStech-Kronos,1/6/2014 10:43,2014-01-06 10:43,RE: GT-SeismicProcessorPro Bug Report,GT-SeismicProcessorPro Bug Report,
4,Lucas.Alcazar@gastech.com.kronos,Lucas Alcazar,gastech.com.kronos,GAStech-Kronos,Isak.Baza@gastech.com.kronos; Lucas.Alcazar@gastech.com.kronos,Isak Baza; Lucas Alcazar,2,gastech.com.kronos,GAStech-Kronos,1/6/2014 10:50,2014-01-06 10:50,RE: GT-SeismicProcessorPro Bug Report,GT-SeismicProcessorPro Bug Report,
5,Linnea.Bergen@gastech.com.kronos,Linnea Bergen,gastech.com.kronos,GAStech-Kronos,Rachel.Pantanal@gastech.com.kronos; Lars.Azada@gastech.com.kronos; Felix.Balas@gastech.com.kronos; Isande.Borrasca@gastech.com.kronos; Axel.Calzas@gastech.com.kronos; Gustav.Cazar@gastech.com.kronos; Lidelse.Dedos@gastech.com.kronos; Birgitta.Frente@gastech.com.kronos; Vira.Frente@gastech.com.kronos; Adra.Nubarron@gastech.com.kronos; Marin.Onda@gastech.com.kronos; Kare.Orilla@gastech.com.kronos; Elsa.Orilla@gastech.com.kronos; Brand.Tempestad@gastech.com.kronos; Ingrid.Barranco@gastech.com.kronos; Ada.Campo-Corrente@gastech.com.kronos; Sten.Sanjorge Jr.@gastech.com.kronos; Orhan.Strum@gastech.com.kronos; Willem.Vasco-Pais@gastech.com.kronos; Bertrand.Ovan@gastech.com.kronos; Albina.Hafon@gastech.com.kronos; Benito.Hawelon@gastech.com.kronos; Claudio.Hawelon@gastech.com.kronos; Henk.Mies@gastech.com.kronos; Valeria.Morlun@gastech.com.kronos; Adan.Morlun@gastech.com.kronos; Cecilia.Morluniau@gastech.com.kronos; Irene.Nant@gastech.com.kronos; Dylan.Scozzese@gastech.com.kronos; Lucas.Alcazar@gastech.com.kronos; Isak.Baza@gastech.com.kronos; Linnea.Bergen@gastech.com.kronos; Nils.Calixto@gastech.com.kronos; Sven.Flecha@gastech.com.kronos; Hideki.Cocinaro@gastech.com.kronos; Inga.Ferro@gastech.com.kronos; Loreto.Bodrogi@gastech.com.kronos; Isia.Vann@gastech.com.kronos; Stenig.Fusil@gastech.com.kronos; Hennie.Osvaldo@gastech.com.kronos; Kanon.Herrero@gastech.com.kronos; Varja.Lagos@gastech.com.kronos; Minke.Mies@gastech.com.kronos; Felix.Resumir@gastech.com.kronos; Edvard.Vann@gastech.com.kronos; Emile.Arpa@gastech.com.kronos; Varro.Awelon@gastech.com.kronos; Mat.Bramar@gastech.com.kronos; Dante.Coginian@gastech.com.kronos; Carla.Forluniau@gastech.com.kronos; Linda.Lagos@gastech.com.kronos; Cornelia.Lais@gastech.com.kronos; Ruscella.Mies.Haber@gastech.com.kronos; Anda.Ribera@gastech.com.kronos,Rachel Pantanal; Lars Azada; Felix Balas; Isande Borrasca; Axel Calzas; Gustav Cazar; Lidelse Dedos; Birgitta Frente; Vira Frente; Adra Nubarron; Marin Onda; Kare Orilla; Elsa Orilla; Brand Tempestad; Ingrid Barranco; Ada Campo-Corrente; Sten Sanjorge Jr ; Orhan Strum; Willem Vasco-Pais; Bertrand Ovan; Albina Hafon; Benito Hawelon; Claudio Hawelon; Henk Mies; Valeria Morlun; Adan Morlun; Cecilia Morluniau; Irene Nant; Dylan Scozzese; Lucas Alcazar; Isak Baza; Linnea Bergen; Nils Calixto; Sven Flecha; Hideki Cocinaro; Inga Ferro; Loreto Bodrogi; Isia Vann; Stenig Fusil; Hennie Osvaldo; Kanon Herrero; Varja Lagos; Minke Mies; Felix Resumir; Edvard Vann; Emile Arpa; Varro Awelon; Mat Bramar; Dante Coginian; Carla Forluniau; Linda Lagos; Cornelia Lais; Ruscella Mies Haber; Anda Ribera,54,gastech.com.kronos,GAStech-Kronos,1/6/2014 11:00,2014-01-06 11:00,RE: Upcoming birthdays,Upcoming birthdays,
6,Loreto.Bodrogi@gastech.com.kronos,Loreto Bodrogi,gastech.com.kronos,GAStech-Kronos,Ingrid.Barranco@gastech.com.kronos,Ingrid Barranco,1,gastech.com.kronos,GAStech-Kronos,1/6/2014 11:04,2014-01-06 11:04,Plants,Plants,
7,Linnea.Bergen@gastech.com.kronos,Linnea Bergen,gastech.com.kronos,GAStech-Kronos,Rachel.Pantanal@gastech.com.kronos; Lars.Azada@gastech.com.kronos; Felix.Balas@gastech.com.kronos; Isande.Borrasca@gastech.com.kronos; Axel.Calzas@gastech.com.kronos; Gustav.Cazar@gastech.com.kronos; Lidelse.Dedos@gastech.com.kronos; Birgitta.Frente@gastech.com.kronos; Vira.Frente@gastech.com.kronos; Adra.Nubarron@gastech.com.kronos; Marin.Onda@gastech.com.kronos; Kare.Orilla@gastech.com.kronos; Elsa.Orilla@gastech.com.kronos; Brand.Tempestad@gastech.com.kronos; Ingrid.Barranco@gastech.com.kronos; Ada.Campo-Corrente@gastech.com.kronos; Sten.Sanjorge Jr.@gastech.com.kronos; Orhan.Strum@gastech.com.kronos; Willem.Vasco-Pais@gastech.com.kronos; Bertrand.Ovan@gastech.com.kronos; Albina.Hafon@gastech.com.kronos; Benito.Hawelon@gastech.com.kronos; Claudio.Hawelon@gastech.com.kronos; Henk.Mies@gastech.com.kronos; Valeria.Morlun@gastech.com.kronos; Adan.Morlun@gastech.com.kronos; Cecilia.Morluniau@gastech.com.kronos; Irene.Nant@gastech.com.kronos; Dylan.Scozzese@gastech.com.kronos; Lucas.Alcazar@gastech.com.kronos; Isak.Baza@gastech.com.kronos; Linnea.Bergen@gastech.com.kronos; Nils.Calixto@gastech.com.kronos; Sven.Flecha@gastech.com.kronos; Hideki.Cocinaro@gastech.com.kronos; Inga.Ferro@gastech.com.kronos; Loreto.Bodrogi@gastech.com.kronos; Isia.Vann@gastech.com.kronos; Stenig.Fusil@gastech.com.kronos; Hennie.Osvaldo@gastech.com.kronos; Kanon.Herrero@gastech.com.kronos; Varja.Lagos@gastech.com.kronos; Minke.Mies@gastech.com.kronos; Felix.Resumir@gastech.com.kronos; Edvard.Vann@gastech.com.kronos; Emile.Arpa@gastech.com.kronos; Varro.Awelon@gastech.com.kronos; Mat.Bramar@gastech.com.kronos; Dante.Coginian@gastech.com.kronos; Carla.Forluniau@gastech.com.kronos; Linda.Lagos@gastech.com.kronos; Cornelia.Lais@gastech.com.kronos; Ruscella.Mies.Haber@gastech.com.kronos; Anda.Ribera@gastech.com.kronos,Rachel Pantanal; Lars Azada; Felix Balas; Isande Borrasca; Axel Calzas; Gustav Cazar; Lidelse Dedos; Birgitta Frente; Vira Frente; Adra Nubarron; Marin Onda; Kare Orilla; Elsa Orilla; Brand Tempestad; Ingrid Barranco; Ada Campo-Corrente; Sten Sanjorge Jr ; Orhan Strum; Willem Vasco-Pais; Bertrand Ovan; Albina Hafon; Benito Hawelon; Claudio Hawelon; Henk Mies; Valeria Morlun; Adan Morlun; Cecilia Morluniau; Irene Nant; Dylan Scozzese; Lucas Alcazar; Isak Baza; Linnea Bergen; Nils Calixto; Sven Flecha; Hideki Cocinaro; Inga Ferro; Loreto Bodrogi; Isia Vann; Stenig Fusil; Hennie Osvaldo; Kanon Herrero; Varja Lagos; Minke Mies; Felix Resumir; Edvard Vann; Emile Arpa; Varro Awelon; Mat Bramar; Dante Coginian; Carla Forluniau; Linda Lagos; Cornelia Lais; Ruscella Mies Haber; Anda Ribera,54,gastech.com.kronos,GAStech-Kronos,1/6/2014 11:16,2014-01-06 11:16,RE: Upcoming birthdays,Upcoming birthdays,
8,Lucas.Alcazar@gastech.com.kronos,Lucas Alcazar,gastech.com.kronos,GAStech-Kronos,Nils.Calixto@gastech.com.kronos; Sven.Flecha@gastech.com.kronos,Nils Calixto; Sven Flecha,2,gastech.com.kronos,GAStech-Kronos,1/6/2014 11:23,2014-01-06 11:23,GT-SeismicProcessorPro Bug Report,GT-SeismicProcessorPro Bug Report,
9,Isak.Baza@gastech.com.kronos,Isak Baza,gastech.com.kronos,GAStech-Kronos,Isak.Baza@gastech.com.kronos; Lucas.Alcazar@gastech.com.kronos,Isak Baza; Lucas Alcazar,2,gastech.com.kronos,GAStech-Kronos,1/6/2014 11:34,2014-01-06 11:34,RE: GT-SeismicProcessorPro Bug Report,GT-SeismicProcessorPro Bug Report,
10,Lucas.Alcazar@gastech.com.kronos,Lucas Alcazar,gastech.com.kronos,GAStech-Kronos,Isak.Baza@gastech.com.kronos; Lucas.Alcazar@gastech.com.kronos,Isak Baza; Lucas Alcazar,2,gastech.com.kronos,GAStech-Kronos,1/6/2014 11:40,2014-01-06 11:40,RE: GT-SeismicProcessorPro Bug Report,GT-SeismicProcessorPro Bug Report,
11,Sten.Sanjorge Jr.@gastech.com.tethys,Sten Sanjorge Jr ,gastech.com.tethys,GAStech-Tethys,Orhan.Strum@gastech.com.kronos; Willem.Vasco-Pais@gastech.com.kronos,Orhan Strum; Willem Vasco-Pais,2,gastech.com.kronos,GAStech-Kronos,1/6/2014 11:53,2014-01-06 11:53,IPO,IPO,ipo
12,Mat.Bramar@gastech.com.kronos,Mat Bramar,gastech.com.kronos,GAStech-Kronos,Mat.Bramar@gastech.com.kronos; Anda.Ribera@gastech.com.kronos; Rachel.Pantanal@gastech.com.kronos; Linda.Lagos@gastech.com.kronos; Ruscella.Mies.Haber@gastech.com.kronos; Carla.Forluniau@gastech.com.kronos; Cornelia.Lais@gastech.com.kronos,Mat Bramar; Anda Ribera; Rachel Pantanal; Linda Lagos; Ruscella Mies Haber; Carla Forluniau; Cornelia Lais,7,gastech.com.kronos,GAStech-Kronos,1/6/2014 12:05,2014-01-06 12:05,Craft night,Craft night,
13,Lucas.Alcazar@gastech.com.kronos,Lucas Alcazar,gastech.com.kronos,GAStech-Kronos,Isak.Baza@gastech.com.kronos; Lucas.Alcazar@gastech.com.kronos,Isak Baza; Lucas Alcazar,2,gastech.com.kronos,GAStech-Kronos,1/6/2014 12:05,2014-01-06 12:05,RE: GT-SeismicProcessorPro Bug Report,GT-SeismicProcessorPro Bug Report,
14,Ingrid.Barranco@gastech.com.kronos,Ingrid Barranco,gastech.com.kronos,GAStech-Kronos,Loreto.Bodrogi@gastech.com.kronos,Loreto Bodrogi,1,gastech.com.kronos,GAStech-Kronos,1/6/2014 12:15,2014-01-06 12:15,RE: Plants,Plants,
15,Axel.Calzas@gastech.com.kronos,Axel Calzas,gastech.com.kronos,GAStech-Kronos,Felix.Balas@gastech.com.kronos; Lars.Azada@gastech.com.kronos; Elsa.Orilla@gastech.com.kronos; Birgitta.Frente@gastech.com.kronos; Kare.Orilla@gastech.com.kronos; Isande.Borrasca@gastech.com.kronos; Gustav.Cazar@gastech.com.kronos; Axel.Calzas@gastech.com.kronos; Vira.Frente@gastech.com.kronos,Felix Balas; Lars Azada; Elsa Orilla; Birgitta Frente; Kare Orilla; Isande Borrasca; Gustav Cazar; Axel Calzas; Vira Frente,9,gastech.com.kronos,GAStech-Kronos,1/6/2014 12:15,2014-01-06 12:15,Wellhead flow rate data,Wellhead flow rate data,environment
16,Lars.Azada@gastech.com.kronos,Lars Azada,gastech.com.kronos,GAStech-Kronos,Birgitta.Frente@gastech.com.kronos; Lars.Azada@gastech.com.kronos; Felix.Balas@gastech.com.kronos,Birgitta Frente; Lars Azada; Felix Balas,3,gastech.com.kronos,GAStech-Kronos,1/6/2014 12:21,2014-01-06 12:21,RE: Wellhead flow rate data,Wellhead flow rate data,environment
17,Stenig.Fusil@gastech.com.kronos,Stenig Fusil,gastech.com.kronos,GAStech-Kronos,Orhan.Strum@gastech.com.kronos,Orhan Strum,1,gastech.com.kronos,GAStech-Kronos,1/6/2014 12:28,2014-01-06 12:28,RE: Service anniversary,Service anniversary,
18,Orhan.Strum@gastech.com.kronos,Orhan Strum,gastech.com.kronos,GAStech-Kronos,Stenig.Fusil@gastech.com.kronos,Stenig Fusil,1,gastech.com.kronos,GAStech-Kronos,1/6/2014 12:28,2014-01-06 12:28,RE: Service anniversary,Service anniversary,
19,Albina.Hafon@gastech.com.kronos,Albina Hafon,gastech.com.kronos,GAStech-Kronos,Dante.Coginian@gastech.com.kronos; Irene.Nant@gastech.com.kronos; Dylan.Scozzese@gastech.com.kronos; Benito.Hawelon@gastech.com.kronos; Valeria.Morlun@gastech.com.kronos; Adan.Morlun@gastech.com.kronos; Emile.Arpa@gastech.com.kronos,Dante Coginian; Irene Nant; Dylan Scozzese; Benito Hawelon; Valeria Morlun; Adan Morlun; Emile Arpa,7,gastech.com.kronos,GAStech-Kronos,1/6/2014 12:30,2014-01-06 12:30,RE: New refueling policies - Effective February 1,New refueling policies - Effective February 1,
20,Nils.Calixto@gastech.com.kronos,Nils Calixto,gastech.com.kronos,GAStech-Kronos,Nils.Calixto@gastech.com.kronos; Sven.Flecha@gastech.com.kronos,Nils Calixto; Sven Flecha,2,gastech.com.kronos,GAStech-Kronos,1/6/2014 12:34,2014-01-06 12:34,RE: GT-SeismicProcessorPro Bug Report,GT-SeismicProcessorPro Bug Report,
21,Felix.Balas@gastech.com.kronos,Felix Balas,gastech.com.kronos,GAStech-Kronos,Birgitta.Frente@gastech.com.kronos; Lars.Azada@gastech.com.kronos; Felix.Balas@gastech.com.kronos,Birgitta Frente; Lars Azada; Felix Balas,3,gastech.com.kronos,GAStech-Kronos,1/6/2014 12:36,2014-01-06 12:36,RE: Wellhead flow rate data,Wellhead flow rate data,environment
22,Felix.Balas@gastech.com.kronos,Felix Balas,gastech.com.kronos,GAStech-Kronos,Birgitta.Frente@gastech.com.kronos; Lars.Azada@gastech.com.kronos; Felix.Balas@gastech.com.kronos,Birgitta Frente; Lars Azada; Felix Balas,3,gastech.com.kronos,GAStech-Kronos,1/6/2014 12:37,2014-01-06 12:37,RE: Wellhead flow rate data,Wellhead flow rate data,environment
23,Lars.Azada@gastech.com.kronos,Lars Azada,gastech.com.kronos,GAStech-Kronos,Birgitta.Frente@gastech.com.kronos; Lars.Azada@gastech.com.kronos; Felix.Balas@gastech.com.kronos,Birgitta Frente; Lars Azada; Felix Balas,3,gastech.com.kronos,GAStech-Kronos,1/6/2014 12:39,2014-01-06 12:39,RE: Wellhead flow rate data,Wellhead flow rate data,environment
24,Loreto.Bodrogi@gastech.com.kronos,Loreto Bodrogi,gastech.com.kronos,GAStech-Kronos,Varja.Lagos@gastech.com.kronos; Hennie.Osvaldo@gastech.com.kronos; Loreto.Bodrogi@gastech.com.kronos; Inga.Ferro@gastech.com.kronos,Varja Lagos; Hennie Osvaldo; Loreto Bodrogi; Inga Ferro,4,gastech.com.kronos,GAStech-Kronos,1/6/2014 12:44,2014-01-06 12:44,RE: Patrol schedule changes,Patrol schedule changes,security
25,Loreto.Bodrogi@gastech.com.kronos,Loreto Bodrogi,gastech.com.kronos,GAStech-Kronos,Ingrid.Barranco@gastech.com.kronos,Ingrid Barranco,1,gastech.com.kronos,GAStech-Kronos,1/6/2014 12:48,2014-01-06 12:48,RE: Plants,Plants,
26,Willem.Vasco-Pais@gastech.com.kronos,Willem Vasco-Pais,gastech.com.kronos,GAStech-Kronos,Orhan.Strum@gastech.com.kronos; Willem.Vasco-Pais@gastech.com.kronos,Orhan Strum; Willem Vasco-Pais,2,gastech.com.kronos,GAStech-Kronos,1/6/2014 12:56,2014-01-06 12:56,RE: IPO,IPO,ipo
27,Anda.Ribera@gastech.com.kronos,Anda Ribera,gastech.com.kronos,GAStech-Kronos,Valeria.Morlun@gastech.com.kronos,Valeria Morlun,1,gastech.com.kronos,GAStech-Kronos,1/6/2014 13:01,2014-01-06 13:01,Favor - borrow hedge trimmer,Favor - borrow hedge trimmer,
28,Orhan.Strum@gastech.com.kronos,Orhan Strum,gastech.com.kronos,GAStech-Kronos,Orhan.Strum@gastech.com.kronos; Willem.Vasco-Pais@gastech.com.kronos,Orhan Strum; Willem Vasco-Pais,2,gastech.com.kronos,GAStech-Kronos,1/6/2014 13:05,2014-01-06 13:05,RE: IPO,IPO,ipo
29,Benito.Hawelon@gastech.com.kronos,Benito Hawelon,gastech.com.kronos,GAStech-Kronos,Adan.Morlun@gastech.com.kronos; Claudio.Hawelon@gastech.com.kronos; Valeria.Morlun@gastech.com.kronos; Varro.Awelon@gastech.com.kronos; Albina.Hafon@gastech.com.kronos; Emile.Arpa@gastech.com.kronos; Irene.Nant@gastech.com.kronos; Benito.Hawelon@gastech.com.kronos; Dante.Coginian@gastech.com.kronos,Adan Morlun; Claudio Hawelon; Valeria Morlun; Varro Awelon; Albina Hafon; Emile Arpa; Irene Nant; Benito Hawelon; Dante Coginian,9,gastech.com.kronos,GAStech-Kronos,1/6/2014 13:07,2014-01-06 13:07,RE: New refueling policies - Effective February 1,New refueling policies - Effective February 1,
30,Felix.Resumir@gastech.com.kronos,Felix Resumir,gastech.com.kronos,GAStech-Kronos,Felix.Resumir@gastech.com.kronos; Hideki.Cocinaro@gastech.com.kronos; Inga.Ferro@gastech.com.kronos; Varja.Lagos@gastech.com.kronos; Kanon.Herrero@gastech.com.kronos; Stenig.Fusil@gastech.com.kronos; Hennie.Osvaldo@gastech.com.kronos; Isia.Vann@gastech.com.kronos; Edvard.Vann@gastech.com.kronos; Loreto.Bodrogi@gastech.com.kronos,Felix Resumir; Hideki Cocinaro; Inga Ferro; Varja Lagos; Kanon Herrero; Stenig Fusil; Hennie Osvaldo; Isia Vann; Edvard Vann; Loreto Bodrogi,10,gastech.com.kronos,GAStech-Kronos,1/6/2014 13:08,2014-01-06 13:08,RE: Inspection request for site,Inspection request for site,
31,Bertrand.Ovan@gastech.com.kronos,Bertrand Ovan,gastech.com.kronos,GAStech-Kronos,Emile.Arpa@gastech.com.kronos; Varro.Awelon@gastech.com.kronos; Dante.Coginian@gastech.com.kronos; Albina.Hafon@gastech.com.kronos; Benito.Hawelon@gastech.com.kronos; Claudio.Hawelon@gastech.com.kronos; Henk.Mies@gastech.com.kronos; Valeria.Morlun@gastech.com.kronos; Adan.Morlun@gastech.com.kronos; Cecilia.Morluniau@gastech.com.kronos; Irene.Nant@gastech.com.kronos; Dylan.Scozzese@gastech.com.kronos,Emile Arpa; Varro Awelon; Dante Coginian; Albina Hafon; Benito Hawelon; Claudio Hawelon; Henk Mies; Valeria Morlun; Adan Morlun; Cecilia Morluniau; Irene Nant; Dylan Scozzese,12,gastech.com.kronos,GAStech-Kronos,1/6/2014 13:14,2014-01-06 13:14,Facilities preparations for VIP visit,Facilities preparations for VIP visit,security
32,Felix.Balas@gastech.com.kronos,Felix Balas,gastech.com.kronos,GAStech-Kronos,Birgitta.Frente@gastech.com.kronos; Lars.Azada@gastech.com.kronos; Felix.Balas@gastech.com.kronos,Birgitta Frente; Lars Azada; Felix Balas,3,gastech.com.kronos,GAStech-Kronos,1/6/2014 13:16,2014-01-06 13:16,RE: Wellhead flow rate data,Wellhead flow rate data,environment
33,Ingrid.Barranco@gastech.com.kronos,Ingrid Barranco,gastech.com.kronos,GAStech-Kronos,Loreto.Bodrogi@gastech.com.kronos,Loreto Bodrogi,1,gastech.com.kronos,GAStech-Kronos,1/6/2014 13:21,2014-01-06 13:21,RE: Plants,Plants,
34,Birgitta.Frente@gastech.com.kronos,Birgitta Frente,gastech.com.kronos,GAStech-Kronos,Birgitta.Frente@gastech.com.kronos; Lars.Azada@gastech.com.kronos; Felix.Balas@gastech.com.kronos,Birgitta Frente; Lars Azada; Felix Balas,3,gastech.com.kronos,GAStech-Kronos,1/6/2014 13:23,2014-01-06 13:23,RE: Wellhead flow rate data,Wellhead flow rate data,environment
35,Carla.Forluniau@gastech.com.kronos,Carla Forluniau,gastech.com.kronos,GAStech-Kronos,Mat.Bramar@gastech.com.kronos; Anda.Ribera@gastech.com.kronos; Rachel.Pantanal@gastech.com.kronos; Linda.Lagos@gastech.com.kronos; Ruscella.Mies.Haber@gastech.com.kronos; Carla.Forluniau@gastech.com.kronos; Cornelia.Lais@gastech.com.kronos,Mat Bramar; Anda Ribera; Rachel Pantanal; Linda Lagos; Ruscella Mies Haber; Carla Forluniau; Cornelia Lais,7,gastech.com.kronos,GAStech-Kronos,1/6/2014 13:24,2014-01-06 13:24,Question - Protocol for VIP visit,Question - Protocol for VIP visit,security
36,Loreto.Bodrogi@gastech.com.kronos,Loreto Bodrogi,gastech.com.kronos,GAStech-Kronos,Ingrid.Barranco@gastech.com.kronos,Ingrid Barranco,1,gastech.com.kronos,GAStech-Kronos,1/6/2014 13:26,2014-01-06 13:26,RE: Plants,Plants,
37,Anda.Ribera@gastech.com.kronos,Anda Ribera,gastech.com.kronos,GAStech-Kronos,Mat.Bramar@gastech.com.kronos; Anda.Ribera@gastech.com.kronos; Rachel.Pantanal@gastech.com.kronos; Linda.Lagos@gastech.com.kronos; Ruscella.Mies.Haber@gastech.com.kronos; Carla.Forluniau@gastech.com.kronos; Cornelia.Lais@gastech.com.kronos,Mat Bramar; Anda Ribera; Rachel Pantanal; Linda Lagos; Ruscella Mies Haber; Carla Forluniau; Cornelia Lais,7,gastech.com.kronos,GAStech-Kronos,1/6/2014 13:29,2014-01-06 13:29,RE: Craft night,Craft night,
38,Claudio.Hawelon@gastech.com.kronos,Claudio Hawelon,gastech.com.kronos,GAStech-Kronos,Irene.Nant@gastech.com.kronos; Cecilia.Morluniau@gastech.com.kronos; Dylan.Scozzese@gastech.com.kronos,Irene Nant; Cecilia Morluniau; Dylan Scozzese,3,gastech.com.kronos,GAStech-Kronos,1/6/2014 13:35,2014-01-06 13:35,Route suggestion for next shift,Route suggestion for next shift,
39,Hennie.Osvaldo@gastech.com.kronos,Hennie Osvaldo,gastech.com.kronos,GAStech-Kronos,Kanon.Herrero@gastech.com.kronos,Kanon Herrero,1,gastech.com.kronos,GAStech-Kronos,1/6/2014 13:42,2014-01-06 13:42,Concert tickets,Concert tickets,
40,Cornelia.Lais@gastech.com.kronos,Cornelia Lais,gastech.com.kronos,GAStech-Kronos,Mat.Bramar@gastech.com.kronos; Anda.Ribera@gastech.com.kronos; Rachel.Pantanal@gastech.com.kronos; Linda.Lagos@gastech.com.kronos; Ruscella.Mies.Haber@gastech.com.kronos; Carla.Forluniau@gastech.com.kronos; Cornelia.Lais@gastech.com.kronos,Mat Bramar; Anda Ribera; Rachel Pantanal; Linda Lagos; Ruscella Mies Haber; Carla Forluniau; Cornelia Lais,7,gastech.com.kronos,GAStech-Kronos,1/6/2014 13:48,2014-01-06 13:48,RE: Craft night,Craft night,
41,Valeria.Morlun@gastech.com.kronos,Valeria Morlun,gastech.com.kronos,GAStech-Kronos,Anda.Ribera@gastech.com.kronos,Anda Ribera,1,gastech.com.kronos,GAStech-Kronos,1/6/2014 13:49,2014-01-06 13:49,RE: Favor - borrow hedge trimmer,Favor - borrow hedge trimmer,
42,Cecilia.Morluniau@gastech.com.kronos,Cecilia Morluniau,gastech.com.kronos,GAStech-Kronos,Ingrid.Barranco@gastech.com.kronos,Ingrid Barranco,1,gastech.com.kronos,GAStech-Kronos,1/6/2014 13:54,2014-01-06 13:54,Supplies,Supplies,
43,Anda.Ribera@gastech.com.kronos,Anda Ribera,gastech.com.kronos,GAStech-Kronos,Valeria.Morlun@gastech.com.kronos,Valeria Morlun,1,gastech.com.kronos,GAStech-Kronos,1/6/2014 13:59,2014-01-06 13:59,RE: Favor - borrow hedge trimmer,Favor - borrow hedge trimmer,
44,Adan.Morlun@gastech.com.kronos,Adan Morlun,gastech.com.kronos,GAStech-Kronos,Claudio.Hawelon@gastech.com.kronos; Benito.Hawelon@gastech.com.kronos; Henk.Mies@gastech.com.kronos; Dylan.Scozzese@gastech.com.kronos; Valeria.Morlun@gastech.com.kronos; Irene.Nant@gastech.com.kronos; Dante.Coginian@gastech.com.kronos; Emile.Arpa@gastech.com.kronos; Adan.Morlun@gastech.com.kronos; Varro.Awelon@gastech.com.kronos,Claudio Hawelon; Benito Hawelon; Henk Mies; Dylan Scozzese; Valeria Morlun; Irene Nant; Dante Coginian; Emile Arpa; Adan Morlun; Varro Awelon,10,gastech.com.kronos,GAStech-Kronos,1/6/2014 13:59,2014-01-06 13:59,RE: New refueling policies - Effective February 1,New refueling policies - Effective February 1,
45,Varro.Awelon@gastech.com.kronos,Varro Awelon,gastech.com.kronos,GAStech-Kronos,Benito.Hawelon@gastech.com.kronos; Cecilia.Morluniau@gastech.com.kronos; Varro.Awelon@gastech.com.kronos; Albina.Hafon@gastech.com.kronos; Dante.Coginian@gastech.com.kronos; Claudio.Hawelon@gastech.com.kronos,Benito Hawelon; Cecilia Morluniau; Varro Awelon; Albina Hafon; Dante Coginian; Claudio Hawelon,6,gastech.com.kronos,GAStech-Kronos,1/6/2014 14:01,2014-01-06 14:01,RE: Don't text and drive!,Don't text and drive!,
46,Dante.Coginian@gastech.com.kronos,Dante Coginian,gastech.com.kronos,GAStech-Kronos,Lucas.Alcazar@gastech.com.kronos,Lucas Alcazar,1,gastech.com.kronos,GAStech-Kronos,1/6/2014 14:05,2014-01-06 14:05,Congratulations on your service anniversary,Congratulations on your service anniversary,
47,Nils.Calixto@gastech.com.kronos,Nils Calixto,gastech.com.kronos,GAStech-Kronos,Nils.Calixto@gastech.com.kronos; Sven.Flecha@gastech.com.kronos,Nils Calixto; Sven Flecha,2,gastech.com.kronos,GAStech-Kronos,1/6/2014 14:16,2014-01-06 14:16,RE: GT-SeismicProcessorPro Bug Report,GT-SeismicProcessorPro Bug Report,
48,Willem.Vasco-Pais@gastech.com.kronos,Willem Vasco-Pais,gastech.com.kronos,GAStech-Kronos,Orhan.Strum@gastech.com.kronos; Willem.Vasco-Pais@gastech.com.kronos,Orhan Strum; Willem Vasco-Pais,2,gastech.com.kronos,GAStech-Kronos,1/6/2014 14:19,2014-01-06 14:19,RE: IPO,IPO,ipo
49,Benito.Hawelon@gastech.com.kronos,Benito Hawelon,gastech.com.kronos,GAStech-Kronos,Claudio.Hawelon@gastech.com.kronos; Dante.Coginian@gastech.com.kronos; Valeria.Morlun@gastech.com.kronos; Albina.Hafon@gastech.com.kronos; Emile.Arpa@gastech.com.kronos; Cecilia.Morluniau@gastech.com.kronos; Adan.Morlun@gastech.com.kronos; Benito.Hawelon@gastech.com.kronos; Varro.Awelon@gastech.com.kronos,Claudio Hawelon; Dante Coginian; Valeria Morlun; Albina Hafon; Emile Arpa; Cecilia Morluniau; Adan Morlun; Benito Hawelon; Varro Awelon,9,gastech.com.kronos,GAStech-Kronos,1/6/2014 14:19,2014-01-06 14:19,RE: New refueling policies - Effective February 1,New refueling policies - Effective February 1,
50,Axel.Calzas@gastech.com.kronos,Axel Calzas,gastech.com.kronos,GAStech-Kronos,Lars.Azada@gastech.com.kronos,Lars Azada,1,gastech.com.kronos,GAStech-Kronos,1/6/2014 14:22,2014-01-06 14:22,Meeting,Meeting,
51,Dante.Coginian@gastech.com.kronos,Dante Coginian,gastech.com.kronos,GAStech-Kronos,Valeria.Morlun@gastech.com.kronos; Albina.Hafon@gastech.com.kronos; Varro.Awelon@gastech.com.kronos; Benito.Hawelon@gastech.com.kronos; Dante.Coginian@gastech.com.kronos,Valeria Morlun; Albina Hafon; Varro Awelon; Benito Hawelon; Dante Coginian,5,gastech.com.kronos,GAStech-Kronos,1/6/2014 14:23,2014-01-06 14:23,RE: New refueling policies - Effective February 1,New refueling policies - Effective February 1,
52,Benito.Hawelon@gastech.com.kronos,Benito Hawelon,gastech.com.kronos,GAStech-Kronos,Dante.Coginian@gastech.com.kronos; Albina.Hafon@gastech.com.kronos; Benito.Hawelon@gastech.com.kronos; Henk.Mies@gastech.com.kronos,Dante Coginian; Albina Hafon; Benito Hawelon; Henk Mies,4,gastech.com.kronos,GAStech-Kronos,1/6/2014 14:26,2014-01-06 14:26,RE: Route suggestion for next shift,Route suggestion for next shift,
53,Nils.Calixto@gastech.com.kronos,Nils Calixto,gastech.com.kronos,GAStech-Kronos,Nils.Calixto@gastech.com.kronos; Sven.Flecha@gastech.com.kronos,Nils Calixto; Sven Flecha,2,gastech.com.kronos,GAStech-Kronos,1/6/2014 14:28,2014-01-06 14:28,RE: GT-SeismicProcessorPro Bug Report,GT-SeismicProcessorPro Bug Report,
54,Axel.Calzas@gastech.com.kronos,Axel Calzas,gastech.com.kronos,GAStech-Kronos,Felix.Balas@gastech.com.kronos; Lars.Azada@gastech.com.kronos; Elsa.Orilla@gastech.com.kronos; Birgitta.Frente@gastech.com.kronos; Kare.Orilla@gastech.com.kronos; Isande.Borrasca@gastech.com.kronos; Gustav.Cazar@gastech.com.kronos; Axel.Calzas@gastech.com.kronos; Vira.Frente@gastech.com.kronos,Felix Balas; Lars Azada; Elsa Orilla; Birgitta Frente; Kare Orilla; Isande Borrasca; Gustav Cazar; Axel Calzas; Vira Frente,9,gastech.com.kronos,GAStech-Kronos,1/6/2014 14:30,2014-01-06 14:30,RE: Wellhead flow rate data,Wellhead flow rate data,environment
55,Albina.Hafon@gastech.com.kronos,Albina Hafon,gastech.com.kronos,GAStech-Kronos,Dante.Coginian@gastech.com.kronos; Albina.Hafon@gastech.com.kronos; Benito.Hawelon@gastech.com.kronos; Henk.Mies@gastech.com.kronos,Dante Coginian; Albina Hafon; Benito Hawelon; Henk Mies,4,gastech.com.kronos,GAStech-Kronos,1/6/2014 14:33,2014-01-06 14:33,RE: Route suggestion for next shift,Route suggestion for next shift,
56,Anda.Ribera@gastech.com.kronos,Anda Ribera,gastech.com.kronos,GAStech-Kronos,Mat.Bramar@gastech.com.kronos; Anda.Ribera@gastech.com.kronos; Rachel.Pantanal@gastech.com.kronos; Linda.Lagos@gastech.com.kronos; Ruscella.Mies.Haber@gastech.com.kronos; Carla.Forluniau@gastech.com.kronos; Cornelia.Lais@gastech.com.kronos,Mat Bramar; Anda Ribera; Rachel Pantanal; Linda Lagos; Ruscella Mies Haber; Carla Forluniau; Cornelia Lais,7,gastech.com.kronos,GAStech-Kronos,1/6/2014 14:38,2014-01-06 14:38,RE: Craft night,Craft night,
57,Vira.Frente@gastech.com.kronos,Vira Frente,gastech.com.kronos,GAStech-Kronos,Isande.Borrasca@gastech.com.kronos; Elsa.Orilla@gastech.com.kronos; Felix.Balas@gastech.com.kronos; Brand.Tempestad@gastech.com.kronos; Kare.Orilla@gastech.com.kronos; Adra.Nubarron@gastech.com.kronos; Lars.Azada@gastech.com.kronos; Marin.Onda@gastech.com.kronos; Gustav.Cazar@gastech.com.kronos,Isande Borrasca; Elsa Orilla; Felix Balas; Brand Tempestad; Kare Orilla; Adra Nubarron; Lars Azada; Marin Onda; Gustav Cazar,9,gastech.com.kronos,GAStech-Kronos,1/6/2014 14:43,2014-01-06 14:43,Wellhead flow rate data,Wellhead flow rate data,environment
58,Ruscella.Mies.Haber@gastech.com.kronos,Ruscella Mies Haber,gastech.com.kronos,GAStech-Kronos,Mat.Bramar@gastech.com.kronos; Anda.Ribera@gastech.com.kronos; Rachel.Pantanal@gastech.com.kronos; Linda.Lagos@gastech.com.kronos; Ruscella.Mies.Haber@gastech.com.kronos; Carla.Forluniau@gastech.com.kronos; Cornelia.Lais@gastech.com.kronos,Mat Bramar; Anda Ribera; Rachel Pantanal; Linda Lagos; Ruscella Mies Haber; Carla Forluniau; Cornelia Lais,7,gastech.com.kronos,GAStech-Kronos,1/6/2014 14:53,2014-01-06 14:53,RE: Craft night,Craft night,
59,Willem.Vasco-Pais@gastech.com.kronos,Willem Vasco-Pais,gastech.com.kronos,GAStech-Kronos,Orhan.Strum@gastech.com.kronos; Willem.Vasco-Pais@gastech.com.kronos,Orhan Strum; Willem Vasco-Pais,2,gastech.com.kronos,GAStech-Kronos,1/6/2014 14:57,2014-01-06 14:57,RE: IPO,IPO,ipo
60,Kanon.Herrero@gastech.com.kronos,Kanon Herrero,gastech.com.kronos,GAStech-Kronos,Hennie.Osvaldo@gastech.com.kronos,Hennie Osvaldo,1,gastech.com.kronos,GAStech-Kronos,1/6/2014 15:04,2014-01-06 15:04,RE: Concert tickets,Concert tickets,
61,Kanon.Herrero@gastech.com.kronos,Kanon Herrero,gastech.com.kronos,GAStech-Kronos,Nils.Calixto@gastech.com.kronos,Nils Calixto,1,gastech.com.kronos,GAStech-Kronos,1/6/2014 15:05,2014-01-06 15:05,Late for meeting,Late for meeting,
62,Sven.Flecha@gastech.com.kronos,Sven Flecha,gastech.com.kronos,GAStech-Kronos,Nils.Calixto@gastech.com.kronos; Sven.Flecha@gastech.com.kronos,Nils Calixto; Sven Flecha,2,gastech.com.kronos,GAStech-Kronos,1/6/2014 15:11,2014-01-06 15:11,RE: GT-SeismicProcessorPro Bug Report,GT-SeismicProcessorPro Bug Report,
63,Claudio.Hawelon@gastech.com.kronos,Claudio Hawelon,gastech.com.kronos,GAStech-Kronos,Rachel.Pantanal@gastech.com.kronos,Rachel Pantanal,1,gastech.com.kronos,GAStech-Kronos,1/6/2014 15:14,2014-01-06 15:14,Are you buying coffee?,Are you buying coffee?,
64,Ingrid.Barranco@gastech.com.kronos,Ingrid Barranco,gastech.com.kronos,GAStech-Kronos,Cecilia.Morluniau@gastech.com.kronos,Cecilia Morluniau,1,gastech.com.kronos,GAStech-Kronos,1/6/2014 15:17,2014-01-06 15:17,RE: Supplies,Supplies,
65,Cecilia.Morluniau@gastech.com.kronos,Cecilia Morluniau,gastech.com.kronos,GAStech-Kronos,Ingrid.Barranco@gastech.com.kronos,Ingrid Barranco,1,gastech.com.kronos,GAStech-Kronos,1/6/2014 15:27,2014-01-06 15:27,RE: Supplies,Supplies,
66,Ruscella.Mies.Haber@gastech.com.kronos,Ruscella Mies Haber,gastech.com.kronos,GAStech-Kronos,Mat.Bramar@gastech.com.kronos; Anda.Ribera@gastech.com.kronos; Rachel.Pantanal@gastech.com.kronos; Linda.Lagos@gastech.com.kronos; Ruscella.Mies.Haber@gastech.com.kronos; Carla.Forluniau@gastech.com.kronos; Cornelia.Lais@gastech.com.kronos,Mat Bramar; Anda Ribera; Rachel Pantanal; Linda Lagos; Ruscella Mies Haber; Carla Forluniau; Cornelia Lais,7,gastech.com.kronos,GAStech-Kronos,1/6/2014 15:30,2014-01-06 15:30,RE: Craft night,Craft night,
67,Mat.Bramar@gastech.com.kronos,Mat Bramar,gastech.com.kronos,GAStech-Kronos,Rachel.Pantanal@gastech.com.kronos; Lars.Azada@gastech.com.kronos; Felix.Balas@gastech.com.kronos; Isande.Borrasca@gastech.com.kronos; Axel.Calzas@gastech.com.kronos; Gustav.Cazar@gastech.com.kronos; Lidelse.Dedos@gastech.com.kronos; Birgitta.Frente@gastech.com.kronos; Vira.Frente@gastech.com.kronos; Adra.Nubarron@gastech.com.kronos; Marin.Onda@gastech.com.kronos; Kare.Orilla@gastech.com.kronos; Elsa.Orilla@gastech.com.kronos; Brand.Tempestad@gastech.com.kronos; Ingrid.Barranco@gastech.com.kronos; Ada.Campo-Corrente@gastech.com.kronos; Sten.Sanjorge Jr.@gastech.com.kronos; Orhan.Strum@gastech.com.kronos; Willem.Vasco-Pais@gastech.com.kronos; Bertrand.Ovan@gastech.com.kronos; Albina.Hafon@gastech.com.kronos; Benito.Hawelon@gastech.com.kronos; Claudio.Hawelon@gastech.com.kronos; Henk.Mies@gastech.com.kronos; Valeria.Morlun@gastech.com.kronos; Adan.Morlun@gastech.com.kronos; Cecilia.Morluniau@gastech.com.kronos; Irene.Nant@gastech.com.kronos; Dylan.Scozzese@gastech.com.kronos; Lucas.Alcazar@gastech.com.kronos; Isak.Baza@gastech.com.kronos; Linnea.Bergen@gastech.com.kronos; Nils.Calixto@gastech.com.kronos; Sven.Flecha@gastech.com.kronos; Hideki.Cocinaro@gastech.com.kronos; Inga.Ferro@gastech.com.kronos; Loreto.Bodrogi@gastech.com.kronos; Isia.Vann@gastech.com.kronos; Stenig.Fusil@gastech.com.kronos; Hennie.Osvaldo@gastech.com.kronos; Kanon.Herrero@gastech.com.kronos; Varja.Lagos@gastech.com.kronos; Minke.Mies@gastech.com.kronos; Felix.Resumir@gastech.com.kronos; Edvard.Vann@gastech.com.kronos; Emile.Arpa@gastech.com.kronos; Varro.Awelon@gastech.com.kronos; Mat.Bramar@gastech.com.kronos; Dante.Coginian@gastech.com.kronos; Carla.Forluniau@gastech.com.kronos; Linda.Lagos@gastech.com.kronos; Cornelia.Lais@gastech.com.kronos; Ruscella.Mies.Haber@gastech.com.kronos; Anda.Ribera@gastech.com.kronos,Rachel Pantanal; Lars Azada; Felix Balas; Isande Borrasca; Axel Calzas; Gustav Cazar; Lidelse Dedos; Birgitta Frente; Vira Frente; Adra Nubarron; Marin Onda; Kare Orilla; Elsa Orilla; Brand Tempestad; Ingrid Barranco; Ada Campo-Corrente; Sten Sanjorge Jr ; Orhan Strum; Willem Vasco-Pais; Bertrand Ovan; Albina Hafon; Benito Hawelon; Claudio Hawelon; Henk Mies; Valeria Morlun; Adan Morlun; Cecilia Morluniau; Irene Nant; Dylan Scozzese; Lucas Alcazar; Isak Baza; Linnea Bergen; Nils Calixto; Sven Flecha; Hideki Cocinaro; Inga Ferro; Loreto Bodrogi; Isia Vann; Stenig Fusil; Hennie Osvaldo; Kanon Herrero; Varja Lagos; Minke Mies; Felix Resumir; Edvard Vann; Emile Arpa; Varro Awelon; Mat Bramar; Dante Coginian; Carla Forluniau; Linda Lagos; Cornelia Lais; Ruscella Mies Haber; Anda Ribera,54,gastech.com.kronos,GAStech-Kronos,1/6/2014 15:42,2014-01-06 15:42,All staff announcement,All staff announcement,
68,Ruscella.Mies.Haber@gastech.com.kronos,Ruscella Mies Haber,gastech.com.kronos,GAStech-Kronos,Rachel.Pantanal@gastech.com.kronos; Lars.Azada@gastech.com.kronos; Felix.Balas@gastech.com.kronos; Isande.Borrasca@gastech.com.kronos; Axel.Calzas@gastech.com.kronos; Gustav.Cazar@gastech.com.kronos; Lidelse.Dedos@gastech.com.kronos; Birgitta.Frente@gastech.com.kronos; Vira.Frente@gastech.com.kronos; Adra.Nubarron@gastech.com.kronos; Marin.Onda@gastech.com.kronos; Kare.Orilla@gastech.com.kronos; Elsa.Orilla@gastech.com.kronos; Brand.Tempestad@gastech.com.kronos; Ingrid.Barranco@gastech.com.kronos; Ada.Campo-Corrente@gastech.com.kronos; Sten.Sanjorge Jr.@gastech.com.kronos; Orhan.Strum@gastech.com.kronos; Willem.Vasco-Pais@gastech.com.kronos; Bertrand.Ovan@gastech.com.kronos; Albina.Hafon@gastech.com.kronos; Benito.Hawelon@gastech.com.kronos; Claudio.Hawelon@gastech.com.kronos; Henk.Mies@gastech.com.kronos; Valeria.Morlun@gastech.com.kronos; Adan.Morlun@gastech.com.kronos; Cecilia.Morluniau@gastech.com.kronos; Irene.Nant@gastech.com.kronos; Dylan.Scozzese@gastech.com.kronos; Lucas.Alcazar@gastech.com.kronos; Isak.Baza@gastech.com.kronos; Linnea.Bergen@gastech.com.kronos; Nils.Calixto@gastech.com.kronos; Sven.Flecha@gastech.com.kronos; Hideki.Cocinaro@gastech.com.kronos; Inga.Ferro@gastech.com.kronos; Loreto.Bodrogi@gastech.com.kronos; Isia.Vann@gastech.com.kronos; Stenig.Fusil@gastech.com.kronos; Hennie.Osvaldo@gastech.com.kronos; Kanon.Herrero@gastech.com.kronos; Varja.Lagos@gastech.com.kronos; Minke.Mies@gastech.com.kronos; Felix.Resumir@gastech.com.kronos; Edvard.Vann@gastech.com.kronos; Emile.Arpa@gastech.com.kronos; Varro.Awelon@gastech.com.kronos; Mat.Bramar@gastech.com.kronos; Dante.Coginian@gastech.com.kronos; Carla.Forluniau@gastech.com.kronos; Linda.Lagos@gastech.com.kronos; Cornelia.Lais@gastech.com.kronos; Ruscella.Mies.Haber@gastech.com.kronos; Anda.Ribera@gastech.com.kronos,Rachel Pantanal; Lars Azada; Felix Balas; Isande Borrasca; Axel Calzas; Gustav Cazar; Lidelse Dedos; Birgitta Frente; Vira Frente; Adra Nubarron; Marin Onda; Kare Orilla; Elsa Orilla; Brand Tempestad; Ingrid Barranco; Ada Campo-Corrente; Sten Sanjorge Jr ; Orhan Strum; Willem Vasco-Pais; Bertrand Ovan; Albina Hafon; Benito Hawelon; Claudio Hawelon; Henk Mies; Valeria Morlun; Adan Morlun; Cecilia Morluniau; Irene Nant; Dylan Scozzese; Lucas Alcazar; Isak Baza; Linnea Bergen; Nils Calixto; Sven Flecha; Hideki Cocinaro; Inga Ferro; Loreto Bodrogi; Isia Vann; Stenig Fusil; Hennie Osvaldo; Kanon Herrero; Varja Lagos; Minke Mies; Felix Resumir; Edvard Vann; Emile Arpa; Varro Awelon; Mat Bramar; Dante Coginian; Carla Forluniau; Linda Lagos; Cornelia Lais; Ruscella Mies Haber; Anda Ribera,54,gastech.com.kronos,GAStech-Kronos,1/6/2014 15:54,2014-01-06 15:54,"Good morning, GasTech!","Good morning, GasTech!",
69,Lucas.Alcazar@gastech.com.kronos,Lucas Alcazar,gastech.com.kronos,GAStech-Kronos,Dante.Coginian@gastech.com.kronos,Dante Coginian,1,gastech.com.kronos,GAStech-Kronos,1/6/2014 15:58,2014-01-06 15:58,RE: Congratulations on your service anniversary,Congratulations on your service anniversary,
70,Adra.Nubarron@gastech.com.kronos,Adra Nubarron,gastech.com.kronos,GAStech-Kronos,Isande.Borrasca@gastech.com.kronos; Elsa.Orilla@gastech.com.kronos; Felix.Balas@gastech.com.kronos; Brand.Tempestad@gastech.com.kronos; Kare.Orilla@gastech.com.kronos; Adra.Nubarron@gastech.com.kronos; Lars.Azada@gastech.com.kronos; Marin.Onda@gastech.com.kronos; Gustav.Cazar@gastech.com.kronos,Isande Borrasca; Elsa Orilla; Felix Balas; Brand Tempestad; Kare Orilla; Adra Nubarron; Lars Azada; Marin Onda; Gustav Cazar,9,gastech.com.kronos,GAStech-Kronos,1/6/2014 16:21,2014-01-06 16:21,RE: Wellhead flow rate data,Wellhead flow rate data,environment
71,Lars.Azada@gastech.com.kronos,Lars Azada,gastech.com.kronos,GAStech-Kronos,Axel.Calzas@gastech.com.kronos,Axel Calzas,1,gastech.com.kronos,GAStech-Kronos,1/6/2014 16:31,2014-01-06 16:31,RE: Meeting,Meeting,
72,Axel.Calzas@gastech.com.kronos,Axel Calzas,gastech.com.kronos,GAStech-Kronos,Lars.Azada@gastech.com.kronos,Lars Azada,1,gastech.com.kronos,GAStech-Kronos,1/6/2014 16:37,2014-01-06 16:37,RE: Meeting,Meeting,
73,Adan.Morlun@gastech.com.kronos,Adan Morlun,gastech.com.kronos,GAStech-Kronos,Irene.Nant@gastech.com.kronos; Dante.Coginian@gastech.com.kronos; Emile.Arpa@gastech.com.kronos; Varro.Awelon@gastech.com.kronos; Cecilia.Morluniau@gastech.com.kronos; Claudio.Hawelon@gastech.com.kronos; Henk.Mies@gastech.com.kronos; Dylan.Scozzese@gastech.com.kronos; Benito.Hawelon@gastech.com.kronos,Irene Nant; Dante Coginian; Emile Arpa; Varro Awelon; Cecilia Morluniau; Claudio Hawelon; Henk Mies; Dylan Scozzese; Benito Hawelon,9,gastech.com.kronos,GAStech-Kronos,1/6/2014 16:38,2014-01-06 16:38,RE: Facilities preparations for VIP visit,Facilities preparations for VIP visit,security
74,Nils.Calixto@gastech.com.kronos,Nils Calixto,gastech.com.kronos,GAStech-Kronos,Kanon.Herrero@gastech.com.kronos,Kanon Herrero,1,gastech.com.kronos,GAStech-Kronos,1/6/2014 16:39,2014-01-06 16:39,RE: Late for meeting,Late for meeting,
75,Dylan.Scozzese@gastech.com.kronos,Dylan Scozzese,gastech.com.kronos,GAStech-Kronos,Irene.Nant@gastech.com.kronos; Cecilia.Morluniau@gastech.com.kronos; Dylan.Scozzese@gastech.com.kronos,Irene Nant; Cecilia Morluniau; Dylan Scozzese,3,gastech.com.kronos,GAStech-Kronos,1/6/2014 16:39,2014-01-06 16:39,RE: Route suggestion for next shift,Route suggestion for next shift,
76,Ruscella.Mies.Haber@gastech.com.kronos,Ruscella Mies Haber,gastech.com.kronos,GAStech-Kronos,Mat.Bramar@gastech.com.kronos; Anda.Ribera@gastech.com.kronos; Rachel.Pantanal@gastech.com.kronos; Linda.Lagos@gastech.com.kronos; Ruscella.Mies.Haber@gastech.com.kronos; Carla.Forluniau@gastech.com.kronos; Cornelia.Lais@gastech.com.kronos,Mat Bramar; Anda Ribera; Rachel Pantanal; Linda Lagos; Ruscella Mies Haber; Carla Forluniau; Cornelia Lais,7,gastech.com.kronos,GAStech-Kronos,1/6/2014 16:44,2014-01-06 16:44,RE: Question - Protocol for VIP visit,Question - Protocol for VIP visit,security
77,Kanon.Herrero@gastech.com.kronos,Kanon Herrero,gastech.com.kronos,GAStech-Kronos,Nils.Calixto@gastech.com.kronos,Nils Calixto,1,gastech.com.kronos,GAStech-Kronos,1/6/2014 16:53,2014-01-06 16:53,RE: Late for meeting,Late for meeting,
78,Dante.Coginian@gastech.com.kronos,Dante Coginian,gastech.com.kronos,GAStech-Kronos,Lucas.Alcazar@gastech.com.kronos,Lucas Alcazar,1,gastech.com.kronos,GAStech-Kronos,1/6/2014 16:55,2014-01-06 16:55,RE: Congratulations on your service anniversary,Congratulations on your service anniversary,
79,Dylan.Scozzese@gastech.com.kronos,Dylan Scozzese,gastech.com.kronos,GAStech-Kronos,Irene.Nant@gastech.com.kronos; Cecilia.Morluniau@gastech.com.kronos; Dylan.Scozzese@gastech.com.kronos,Irene Nant; Cecilia Morluniau; Dylan Scozzese,3,gastech.com.kronos,GAStech-Kronos,1/6/2014 16:55,2014-01-06 16:55,RE: Route suggestion for next shift,Route suggestion for next shift,
80,Nils.Calixto@gastech.com.kronos,Nils Calixto,gastech.com.kronos,GAStech-Kronos,Kanon.Herrero@gastech.com.kronos,Kanon Herrero,1,gastech.com.kronos,GAStech-Kronos,1/6/2014 17:07,2014-01-06 17:07,RE: Late for meeting,Late for meeting,
81,Kanon.Herrero@gastech.com.kronos,Kanon Herrero,gastech.com.kronos,GAStech-Kronos,Nils.Calixto@gastech.com.kronos,Nils Calixto,1,gastech.com.kronos,GAStech-Kronos,1/6/2014 17:10,2014-01-06 17:10,RE: Late for meeting,Late for meeting,
82,Rachel.Pantanal@gastech.com.kronos,Rachel Pantanal,gastech.com.kronos,GAStech-Kronos,Claudio.Hawelon@gastech.com.kronos,Claudio Hawelon,1,gastech.com.kronos,GAStech-Kronos,1/6/2014 17:34,2014-01-06 17:34,RE: Are you buying coffee?,Are you buying coffee?,
83,Irene.Nant@gastech.com.kronos,Irene Nant,gastech.com.kronos,GAStech-Kronos,Irene.Nant@gastech.com.kronos; Cecilia.Morluniau@gastech.com.kronos; Dylan.Scozzese@gastech.com.kronos,Irene Nant; Cecilia Morluniau; Dylan Scozzese,3,gastech.com.kronos,GAStech-Kronos,1/6/2014 17:52,2014-01-06 17:52,RE: Route suggestion for next shift,Route suggestion for next shift,
84,Marin.Onda@gastech.com.kronos,Marin Onda,gastech.com.kronos,GAStech-Kronos,Isande.Borrasca@gastech.com.kronos; Elsa.Orilla@gastech.com.kronos; Felix.Balas@gastech.com.kronos; Brand.Tempestad@gastech.com.kronos; Kare.Orilla@gastech.com.kronos; Adra.Nubarron@gastech.com.kronos; Lars.Azada@gastech.com.kronos; Marin.Onda@gastech.com.kronos; Gustav.Cazar@gastech.com.kronos,Isande Borrasca; Elsa Orilla; Felix Balas; Brand Tempestad; Kare Orilla; Adra Nubarron; Lars Azada; Marin Onda; Gustav Cazar,9,gastech.com.kronos,GAStech-Kronos,1/6/2014 17:56,2014-01-06 17:56,RE: Wellhead flow rate data,Wellhead flow rate data,environment
85,Dylan.Scozzese@gastech.com.kronos,Dylan Scozzese,gastech.com.kronos,GAStech-Kronos,Irene.Nant@gastech.com.kronos; Cecilia.Morluniau@gastech.com.kronos; Dylan.Scozzese@gastech.com.kronos,Irene Nant; Cecilia Morluniau; Dylan Scozzese,3,gastech.com.kronos,GAStech-Kronos,1/6/2014 17:57,2014-01-06 17:57,RE: Route suggestion for next shift,Route suggestion for next shift,
86,Irene.Nant@gastech.com.kronos,Irene Nant,gastech.com.kronos,GAStech-Kronos,Irene.Nant@gastech.com.kronos; Cecilia.Morluniau@gastech.com.kronos; Dylan.Scozzese@gastech.com.kronos,Irene Nant; Cecilia Morluniau; Dylan Scozzese,3,gastech.com.kronos,GAStech-Kronos,1/6/2014 18:01,2014-01-06 18:01,RE: Route suggestion for next shift,Route suggestion for next shift,
87,Cecilia.Morluniau@gastech.com.kronos,Cecilia Morluniau,gastech.com.kronos,GAStech-Kronos,Dylan.Scozzese@gastech.com.kronos; Emile.Arpa@gastech.com.kronos; Henk.Mies@gastech.com.kronos; Adan.Morlun@gastech.com.kronos; Valeria.Morlun@gastech.com.kronos; Benito.Hawelon@gastech.com.kronos; Albina.Hafon@gastech.com.kronos; Claudio.Hawelon@gastech.com.kronos,Dylan Scozzese; Emile Arpa; Henk Mies; Adan Morlun; Valeria Morlun; Benito Hawelon; Albina Hafon; Claudio Hawelon,8,gastech.com.kronos,GAStech-Kronos,1/6/2014 18:08,2014-01-06 18:08,RE: Facilities preparations for VIP visit,Facilities preparations for VIP visit,security
88,Mat.Bramar@gastech.com.kronos,Mat Bramar,gastech.com.kronos,GAStech-Kronos,Rachel.Pantanal@gastech.com.kronos; Lars.Azada@gastech.com.kronos; Felix.Balas@gastech.com.kronos; Isande.Borrasca@gastech.com.kronos; Axel.Calzas@gastech.com.kronos; Gustav.Cazar@gastech.com.kronos; Lidelse.Dedos@gastech.com.kronos; Birgitta.Frente@gastech.com.kronos; Vira.Frente@gastech.com.kronos; Adra.Nubarron@gastech.com.kronos; Marin.Onda@gastech.com.kronos; Kare.Orilla@gastech.com.kronos; Elsa.Orilla@gastech.com.kronos; Brand.Tempestad@gastech.com.kronos; Ingrid.Barranco@gastech.com.kronos; Ada.Campo-Corrente@gastech.com.kronos; Sten.Sanjorge Jr.@gastech.com.kronos; Orhan.Strum@gastech.com.kronos; Willem.Vasco-Pais@gastech.com.kronos; Bertrand.Ovan@gastech.com.kronos; Albina.Hafon@gastech.com.kronos; Benito.Hawelon@gastech.com.kronos; Claudio.Hawelon@gastech.com.kronos; Henk.Mies@gastech.com.kronos; Valeria.Morlun@gastech.com.kronos; Adan.Morlun@gastech.com.kronos; Cecilia.Morluniau@gastech.com.kronos; Irene.Nant@gastech.com.kronos; Dylan.Scozzese@gastech.com.kronos; Lucas.Alcazar@gastech.com.kronos; Isak.Baza@gastech.com.kronos; Linnea.Bergen@gastech.com.kronos; Nils.Calixto@gastech.com.kronos; Sven.Flecha@gastech.com.kronos; Hideki.Cocinaro@gastech.com.kronos; Inga.Ferro@gastech.com.kronos; Loreto.Bodrogi@gastech.com.kronos; Isia.Vann@gastech.com.kronos; Stenig.Fusil@gastech.com.kronos; Hennie.Osvaldo@gastech.com.kronos; Kanon.Herrero@gastech.com.kronos; Varja.Lagos@gastech.com.kronos; Minke.Mies@gastech.com.kronos; Felix.Resumir@gastech.com.kronos; Edvard.Vann@gastech.com.kronos; Emile.Arpa@gastech.com.kronos; Varro.Awelon@gastech.com.kronos; Mat.Bramar@gastech.com.kronos; Dante.Coginian@gastech.com.kronos; Carla.Forluniau@gastech.com.kronos; Linda.Lagos@gastech.com.kronos; Cornelia.Lais@gastech.com.kronos; Ruscella.Mies.Haber@gastech.com.kronos; Anda.Ribera@gastech.com.kronos,Rachel Pantanal; Lars Azada; Felix Balas; Isande Borrasca; Axel Calzas; Gustav Cazar; Lidelse Dedos; Birgitta Frente; Vira Frente; Adra Nubarron; Marin Onda; Kare Orilla; Elsa Orilla; Brand Tempestad; Ingrid Barranco; Ada Campo-Corrente; Sten Sanjorge Jr ; Orhan Strum; Willem Vasco-Pais; Bertrand Ovan; Albina Hafon; Benito Hawelon; Claudio Hawelon; Henk Mies; Valeria Morlun; Adan Morlun; Cecilia Morluniau; Irene Nant; Dylan Scozzese; Lucas Alcazar; Isak Baza; Linnea Bergen; Nils Calixto; Sven Flecha; Hideki Cocinaro; Inga Ferro; Loreto Bodrogi; Isia Vann; Stenig Fusil; Hennie Osvaldo; Kanon Herrero; Varja Lagos; Minke Mies; Felix Resumir; Edvard Vann; Emile Arpa; Varro Awelon; Mat Bramar; Dante Coginian; Carla Forluniau; Linda Lagos; Cornelia Lais; Ruscella Mies Haber; Anda Ribera,54,gastech.com.kronos,GAStech-Kronos,1/7/2014 8:27,2014-01-07 08:27,Service anniversaries!,Service anniversaries!,
89,Irene.Nant@gastech.com.kronos,Irene Nant,gastech.com.kronos,GAStech-Kronos,Bertrand.Ovan@gastech.com.kronos; Varro.Awelon@gastech.com.kronos; Dante.Coginian@gastech.com.kronos; Adan.Morlun@gastech.com.kronos; Albina.Hafon@gastech.com.kronos; Claudio.Hawelon@gastech.com.kronos; Cecilia.Morluniau@gastech.com.kronos; Irene.Nant@gastech.com.kronos; Henk.Mies@gastech.com.kronos,Bertrand Ovan; Varro Awelon; Dante Coginian; Adan Morlun; Albina Hafon; Claudio Hawelon; Cecilia Morluniau; Irene Nant; Henk Mies,9,gastech.com.kronos,GAStech-Kronos,1/7/2014 8:46,2014-01-07 08:46,Traffic advisory for today,Traffic advisory for today,
90,Dylan.Scozzese@gastech.com.kronos,Dylan Scozzese,gastech.com.kronos,GAStech-Kronos,Irene.Nant@gastech.com.kronos; Adan.Morlun@gastech.com.kronos; Valeria.Morlun@gastech.com.kronos; Emile.Arpa@gastech.com.kronos; Varro.Awelon@gastech.com.kronos; Benito.Hawelon@gastech.com.kronos; Henk.Mies@gastech.com.kronos; Bertrand.Ovan@gastech.com.kronos; Claudio.Hawelon@gastech.com.kronos,Irene Nant; Adan Morlun; Valeria Morlun; Emile Arpa; Varro Awelon; Benito Hawelon; Henk Mies; Bertrand Ovan; Claudio Hawelon,9,gastech.com.kronos,GAStech-Kronos,1/7/2014 8:53,2014-01-07 08:53,List of repairs needed,List of repairs needed,
91,Nils.Calixto@gastech.com.kronos,Nils Calixto,gastech.com.kronos,GAStech-Kronos,Sven.Flecha@gastech.com.kronos; Lucas.Alcazar@gastech.com.kronos; Isak.Baza@gastech.com.kronos,Sven Flecha; Lucas Alcazar; Isak Baza,3,gastech.com.kronos,GAStech-Kronos,1/7/2014 8:59,2014-01-07 08:59,GT-SeismicProcessorPro Bug Report,GT-SeismicProcessorPro Bug Report,
92,Ada.Campo-Corrente@gastech.com.kronos,Ada Campo-Corrente,gastech.com.kronos,GAStech-Kronos,Felix.Resumir@gastech.com.kronos,Felix Resumir,1,gastech.com.kronos,GAStech-Kronos,1/7/2014 9:34,2014-01-07 09:34,"Hey, Im going home sick.","Hey, Im going home sick.",
93,Lucas.Alcazar@gastech.com.kronos,Lucas Alcazar,gastech.com.kronos,GAStech-Kronos,Sven.Flecha@gastech.com.kronos; Lucas.Alcazar@gastech.com.kronos; Isak.Baza@gastech.com.kronos,Sven Flecha; Lucas Alcazar; Isak Baza,3,gastech.com.kronos,GAStech-Kronos,1/7/2014 9:35,2014-01-07 09:35,RE: GT-SeismicProcessorPro Bug Report,GT-SeismicProcessorPro Bug Report,
94,Lucas.Alcazar@gastech.com.kronos,Lucas Alcazar,gastech.com.kronos,GAStech-Kronos,Sven.Flecha@gastech.com.kronos; Lucas.Alcazar@gastech.com.kronos; Isak.Baza@gastech.com.kronos,Sven Flecha; Lucas Alcazar; Isak Baza,3,gastech.com.kronos,GAStech-Kronos,1/7/2014 9:59,2014-01-07 09:59,RE: GT-SeismicProcessorPro Bug Report,GT-SeismicProcessorPro Bug Report,
95,Mat.Bramar@gastech.com.kronos,Mat Bramar,gastech.com.kronos,GAStech-Kronos,Mat.Bramar@gastech.com.kronos; Anda.Ribera@gastech.com.kronos; Rachel.Pantanal@gastech.com.kronos; Linda.Lagos@gastech.com.kronos; Ruscella.Mies.Haber@gastech.com.kronos; Carla.Forluniau@gastech.com.kronos; Cornelia.Lais@gastech.com.kronos,Mat Bramar; Anda Ribera; Rachel Pantanal; Linda Lagos; Ruscella Mies Haber; Carla Forluniau; Cornelia Lais,7,gastech.com.kronos,GAStech-Kronos,1/7/2014 10:00,2014-01-07 10:00,Dress for success - Dress to impress,Dress for success - Dress to impress,
96,Lidelse.Dedos@gastech.com.kronos,Lidelse Dedos,gastech.com.kronos,GAStech-Kronos,Elsa.Orilla@gastech.com.kronos,Elsa Orilla,1,gastech.com.kronos,GAStech-Kronos,1/7/2014 10:06,2014-01-07 10:06,Files,Files,
97,Isia.Vann@gastech.com.kronos,Isia Vann,gastech.com.kronos,GAStech-Kronos,Rachel.Pantanal@gastech.com.kronos,Rachel Pantanal,1,gastech.com.kronos,GAStech-Kronos,1/7/2014 10:06,2014-01-07 10:06,This weekend?,This weekend?,
98,Inga.Ferro@gastech.com.kronos,Inga Ferro,gastech.com.kronos,GAStech-Kronos,Willem.Vasco-Pais@gastech.com.kronos,Willem Vasco-Pais,1,gastech.com.kronos,GAStech-Kronos,1/7/2014 10:32,2014-01-07 10:32,Late for meeting,Late for meeting,
99,Carla.Forluniau@gastech.com.kronos,Carla Forluniau,gastech.com.kronos,GAStech-Kronos,Irene.Nant@gastech.com.kronos,Irene Nant,1,gastech.com.kronos,GAStech-Kronos,1/7/2014 10:34,2014-01-07 10:34,"Works for me, thanks","Works for me, thanks",
100,Sven.Flecha@gastech.com.kronos,Sven Flecha,gastech.com.kronos,GAStech-Kronos,Sven.Flecha@gastech.com.kronos; Lucas.Alcazar@gastech.com.kronos; Isak.Baza@gastech.com.kronos,Sven Flecha; Lucas Alcazar; Isak Baza,3,gastech.com.kronos,GAStech-Kronos,1/7/2014 10:34,2014-01-07 10:34,RE: GT-SeismicProcessorPro Bug Report,GT-SeismicProcessorPro Bug Report,
101,Ruscella.Mies.Haber@gastech.com.kronos,Ruscella Mies Haber,gastech.com.kronos,GAStech-Kronos,Rachel.Pantanal@gastech.com.kronos; Lars.Azada@gastech.com.kronos; Felix.Balas@gastech.com.kronos; Isande.Borrasca@gastech.com.kronos; Axel.Calzas@gastech.com.kronos; Gustav.Cazar@gastech.com.kronos; Lidelse.Dedos@gastech.com.kronos; Birgitta.Frente@gastech.com.kronos; Vira.Frente@gastech.com.kronos; Adra.Nubarron@gastech.com.kronos; Marin.Onda@gastech.com.kronos; Kare.Orilla@gastech.com.kronos; Elsa.Orilla@gastech.com.kronos; Brand.Tempestad@gastech.com.kronos; Ingrid.Barranco@gastech.com.kronos; Ada.Campo-Corrente@gastech.com.kronos; Sten.Sanjorge Jr.@gastech.com.kronos; Orhan.Strum@gastech.com.kronos; Willem.Vasco-Pais@gastech.com.kronos; Bertrand.Ovan@gastech.com.kronos; Albina.Hafon@gastech.com.kronos; Benito.Hawelon@gastech.com.kronos; Claudio.Hawelon@gastech.com.kronos; Henk.Mies@gastech.com.kronos; Valeria.Morlun@gastech.com.kronos; Adan.Morlun@gastech.com.kronos; Cecilia.Morluniau@gastech.com.kronos; Irene.Nant@gastech.com.kronos; Dylan.Scozzese@gastech.com.kronos; Lucas.Alcazar@gastech.com.kronos; Isak.Baza@gastech.com.kronos; Linnea.Bergen@gastech.com.kronos; Nils.Calixto@gastech.com.kronos; Sven.Flecha@gastech.com.kronos; Hideki.Cocinaro@gastech.com.kronos; Inga.Ferro@gastech.com.kronos; Loreto.Bodrogi@gastech.com.kronos; Isia.Vann@gastech.com.kronos; Stenig.Fusil@gastech.com.kronos; Hennie.Osvaldo@gastech.com.kronos; Kanon.Herrero@gastech.com.kronos; Varja.Lagos@gastech.com.kronos; Minke.Mies@gastech.com.kronos; Felix.Resumir@gastech.com.kronos; Edvard.Vann@gastech.com.kronos; Emile.Arpa@gastech.com.kronos; Varro.Awelon@gastech.com.kronos; Mat.Bramar@gastech.com.kronos; Dante.Coginian@gastech.com.kronos; Carla.Forluniau@gastech.com.kronos; Linda.Lagos@gastech.com.kronos; Cornelia.Lais@gastech.com.kronos; Ruscella.Mies.Haber@gastech.com.kronos; Anda.Ribera@gastech.com.kronos,Rachel Pantanal; Lars Azada; Felix Balas; Isande Borrasca; Axel Calzas; Gustav Cazar; Lidelse Dedos; Birgitta Frente; Vira Frente; Adra Nubarron; Marin Onda; Kare Orilla; Elsa Orilla; Brand Tempestad; Ingrid Barranco; Ada Campo-Corrente; Sten Sanjorge Jr ; Orhan Strum; Willem Vasco-Pais; Bertrand Ovan; Albina Hafon; Benito Hawelon; Claudio Hawelon; Henk Mies; Valeria Morlun; Adan Morlun; Cecilia Morluniau; Irene Nant; Dylan Scozzese; Lucas Alcazar; Isak Baza; Linnea Bergen; Nils Calixto; Sven Flecha; Hideki Cocinaro; Inga Ferro; Loreto Bodrogi; Isia Vann; Stenig Fusil; Hennie Osvaldo; Kanon Herrero; Varja Lagos; Minke Mies; Felix Resumir; Edvard Vann; Emile Arpa; Varro Awelon; Mat Bramar; Dante Coginian; Carla Forluniau; Linda Lagos; Cornelia Lais; Ruscella Mies Haber; Anda Ribera,54,gastech.com.kronos,GAStech-Kronos,1/7/2014 10:35,2014-01-07 10:35,Daily morning announcements,Daily morning announcements,
102,Nils.Calixto@gastech.com.kronos,Nils Calixto,gastech.com.kronos,GAStech-Kronos,Isak.Baza@gastech.com.kronos; Sven.Flecha@gastech.com.kronos,Isak Baza; Sven Flecha,2,gastech.com.kronos,GAStech-Kronos,1/7/2014 10:45,2014-01-07 10:45,GT-SeismicProcessorPro Bug Report,GT-SeismicProcessorPro Bug Report,
103,Isia.Vann@gastech.com.kronos,Isia Vann,gastech.com.kronos,GAStech-Kronos,Rachel.Pantanal@gastech.com.kronos,Rachel Pantanal,1,gastech.com.kronos,GAStech-Kronos,1/7/2014 10:48,2014-01-07 10:48,Karoake night,Karoake night,
104,Sven.Flecha@gastech.com.kronos,Sven Flecha,gastech.com.kronos,GAStech-Kronos,Sven.Flecha@gastech.com.kronos; Lucas.Alcazar@gastech.com.kronos; Isak.Baza@gastech.com.kronos,Sven Flecha; Lucas Alcazar; Isak Baza,3,gastech.com.kronos,GAStech-Kronos,1/7/2014 11:05,2014-01-07 11:05,RE: GT-SeismicProcessorPro Bug Report,GT-SeismicProcessorPro Bug Report,
105,Felix.Resumir@gastech.com.kronos,Felix Resumir,gastech.com.kronos,GAStech-Kronos,Ada.Campo-Corrente@gastech.com.kronos,Ada Campo-Corrente,1,gastech.com.kronos,GAStech-Kronos,1/7/2014 11:08,2014-01-07 11:08,"RE: Hey, Im going home sick.","Hey, Im going home sick.",
106,Lars.Azada@gastech.com.kronos,Lars Azada,gastech.com.kronos,GAStech-Kronos,Axel.Calzas@gastech.com.kronos; Vira.Frente@gastech.com.kronos; Lidelse.Dedos@gastech.com.kronos; Elsa.Orilla@gastech.com.kronos,Axel Calzas; Vira Frente; Lidelse Dedos; Elsa Orilla,4,gastech.com.kronos,GAStech-Kronos,1/7/2014 11:12,2014-01-07 11:12,Downhole prediction 2522-00,Downhole prediction 2522-00,
107,Felix.Balas@gastech.com.kronos,Felix Balas,gastech.com.kronos,GAStech-Kronos,Carla.Forluniau@gastech.com.kronos,Carla Forluniau,1,gastech.com.kronos,GAStech-Kronos,1/7/2014 11:14,2014-01-07 11:14,Im in! -  post a list,Im in! -  post a list,
108,Rachel.Pantanal@gastech.com.kronos,Rachel Pantanal,gastech.com.kronos,GAStech-Kronos,Isia.Vann@gastech.com.kronos,Isia Vann,1,gastech.com.kronos,GAStech-Kronos,1/7/2014 11:15,2014-01-07 11:15,RE: Karoake night - :),Karoake night - :),
109,Elsa.Orilla@gastech.com.kronos,Elsa Orilla,gastech.com.kronos,GAStech-Kronos,Lidelse.Dedos@gastech.com.kronos,Lidelse Dedos,1,gastech.com.kronos,GAStech-Kronos,1/7/2014 11:18,2014-01-07 11:18,RE: Files,Files,
110,Varro.Awelon@gastech.com.kronos,Varro Awelon,gastech.com.kronos,GAStech-Kronos,Bertrand.Ovan@gastech.com.kronos; Varro.Awelon@gastech.com.kronos; Dante.Coginian@gastech.com.kronos; Adan.Morlun@gastech.com.kronos; Albina.Hafon@gastech.com.kronos; Claudio.Hawelon@gastech.com.kronos; Cecilia.Morluniau@gastech.com.kronos; Irene.Nant@gastech.com.kronos; Henk.Mies@gastech.com.kronos,Bertrand Ovan; Varro Awelon; Dante Coginian; Adan Morlun; Albina Hafon; Claudio Hawelon; Cecilia Morluniau; Irene Nant; Henk Mies,9,gastech.com.kronos,GAStech-Kronos,1/7/2014 11:19,2014-01-07 11:19,RE: Traffic advisory for today,Traffic advisory for today,
111,Henk.Mies@gastech.com.kronos,Henk Mies,gastech.com.kronos,GAStech-Kronos,Irene.Nant@gastech.com.kronos; Adan.Morlun@gastech.com.kronos; Valeria.Morlun@gastech.com.kronos; Emile.Arpa@gastech.com.kronos; Varro.Awelon@gastech.com.kronos; Benito.Hawelon@gastech.com.kronos; Henk.Mies@gastech.com.kronos; Bertrand.Ovan@gastech.com.kronos; Claudio.Hawelon@gastech.com.kronos,Irene Nant; Adan Morlun; Valeria Morlun; Emile Arpa; Varro Awelon; Benito Hawelon; Henk Mies; Bertrand Ovan; Claudio Hawelon,9,gastech.com.kronos,GAStech-Kronos,1/7/2014 11:21,2014-01-07 11:21,RE: List of repairs needed,List of repairs needed,
112,Lucas.Alcazar@gastech.com.kronos,Lucas Alcazar,gastech.com.kronos,GAStech-Kronos,Rachel.Pantanal@gastech.com.kronos; Lars.Azada@gastech.com.kronos; Felix.Balas@gastech.com.kronos; Isande.Borrasca@gastech.com.kronos; Axel.Calzas@gastech.com.kronos; Gustav.Cazar@gastech.com.kronos; Lidelse.Dedos@gastech.com.kronos; Birgitta.Frente@gastech.com.kronos; Vira.Frente@gastech.com.kronos; Adra.Nubarron@gastech.com.kronos; Marin.Onda@gastech.com.kronos; Kare.Orilla@gastech.com.kronos; Elsa.Orilla@gastech.com.kronos; Brand.Tempestad@gastech.com.kronos; Ingrid.Barranco@gastech.com.kronos; Ada.Campo-Corrente@gastech.com.kronos; Sten.Sanjorge Jr.@gastech.com.kronos; Orhan.Strum@gastech.com.kronos; Willem.Vasco-Pais@gastech.com.kronos; Bertrand.Ovan@gastech.com.kronos; Albina.Hafon@gastech.com.kronos; Benito.Hawelon@gastech.com.kronos; Claudio.Hawelon@gastech.com.kronos; Henk.Mies@gastech.com.kronos; Valeria.Morlun@gastech.com.kronos; Adan.Morlun@gastech.com.kronos; Cecilia.Morluniau@gastech.com.kronos; Irene.Nant@gastech.com.kronos; Dylan.Scozzese@gastech.com.kronos; Lucas.Alcazar@gastech.com.kronos; Isak.Baza@gastech.com.kronos; Linnea.Bergen@gastech.com.kronos; Nils.Calixto@gastech.com.kronos; Sven.Flecha@gastech.com.kronos; Hideki.Cocinaro@gastech.com.kronos; Inga.Ferro@gastech.com.kronos; Loreto.Bodrogi@gastech.com.kronos; Isia.Vann@gastech.com.kronos; Stenig.Fusil@gastech.com.kronos; Hennie.Osvaldo@gastech.com.kronos; Kanon.Herrero@gastech.com.kronos; Varja.Lagos@gastech.com.kronos; Minke.Mies@gastech.com.kronos; Felix.Resumir@gastech.com.kronos; Edvard.Vann@gastech.com.kronos; Emile.Arpa@gastech.com.kronos; Varro.Awelon@gastech.com.kronos; Mat.Bramar@gastech.com.kronos; Dante.Coginian@gastech.com.kronos; Carla.Forluniau@gastech.com.kronos; Linda.Lagos@gastech.com.kronos; Cornelia.Lais@gastech.com.kronos; Ruscella.Mies.Haber@gastech.com.kronos; Anda.Ribera@gastech.com.kronos,Rachel Pantanal; Lars Azada; Felix Balas; Isande Borrasca; Axel Calzas; Gustav Cazar; Lidelse Dedos; Birgitta Frente; Vira Frente; Adra Nubarron; Marin Onda; Kare Orilla; Elsa Orilla; Brand Tempestad; Ingrid Barranco; Ada Campo-Corrente; Sten Sanjorge Jr ; Orhan Strum; Willem Vasco-Pais; Bertrand Ovan; Albina Hafon; Benito Hawelon; Claudio Hawelon; Henk Mies; Valeria Morlun; Adan Morlun; Cecilia Morluniau; Irene Nant; Dylan Scozzese; Lucas Alcazar; Isak Baza; Linnea Bergen; Nils Calixto; Sven Flecha; Hideki Cocinaro; Inga Ferro; Loreto Bodrogi; Isia Vann; Stenig Fusil; Hennie Osvaldo; Kanon Herrero; Varja Lagos; Minke Mies; Felix Resumir; Edvard Vann; Emile Arpa; Varro Awelon; Mat Bramar; Dante Coginian; Carla Forluniau; Linda Lagos; Cornelia Lais; Ruscella Mies Haber; Anda Ribera,54,gastech.com.kronos,GAStech-Kronos,1/7/2014 11:22,2014-01-07 11:22,RE: Service anniversaries!,Service anniversaries!,
113,Rachel.Pantanal@gastech.com.kronos,Rachel Pantanal,gastech.com.kronos,GAStech-Kronos,Isia.Vann@gastech.com.kronos,Isia Vann,1,gastech.com.kronos,GAStech-Kronos,1/7/2014 11:22,2014-01-07 11:22,RE: This weekend?,This weekend?,
114,Bertrand.Ovan@gastech.com.kronos,Bertrand Ovan,gastech.com.kronos,GAStech-Kronos,Irene.Nant@gastech.com.kronos; Adan.Morlun@gastech.com.kronos; Valeria.Morlun@gastech.com.kronos; Emile.Arpa@gastech.com.kronos; Varro.Awelon@gastech.com.kronos; Benito.Hawelon@gastech.com.kronos; Henk.Mies@gastech.com.kronos; Bertrand.Ovan@gastech.com.kronos; Claudio.Hawelon@gastech.com.kronos,Irene Nant; Adan Morlun; Valeria Morlun; Emile Arpa; Varro Awelon; Benito Hawelon; Henk Mies; Bertrand Ovan; Claudio Hawelon,9,gastech.com.kronos,GAStech-Kronos,1/7/2014 11:26,2014-01-07 11:26,RE: List of repairs needed,List of repairs needed,
115,Irene.Nant@gastech.com.kronos,Irene Nant,gastech.com.kronos,GAStech-Kronos,Bertrand.Ovan@gastech.com.kronos; Varro.Awelon@gastech.com.kronos; Dante.Coginian@gastech.com.kronos; Adan.Morlun@gastech.com.kronos; Albina.Hafon@gastech.com.kronos; Claudio.Hawelon@gastech.com.kronos; Cecilia.Morluniau@gastech.com.kronos; Irene.Nant@gastech.com.kronos; Henk.Mies@gastech.com.kronos,Bertrand Ovan; Varro Awelon; Dante Coginian; Adan Morlun; Albina Hafon; Claudio Hawelon; Cecilia Morluniau; Irene Nant; Henk Mies,9,gastech.com.kronos,GAStech-Kronos,1/7/2014 11:30,2014-01-07 11:30,RE: Traffic advisory for today,Traffic advisory for today,
116,Adan.Morlun@gastech.com.kronos,Adan Morlun,gastech.com.kronos,GAStech-Kronos,Adan.Morlun@gastech.com.kronos; Valeria.Morlun@gastech.com.kronos; Henk.Mies@gastech.com.kronos; Albina.Hafon@gastech.com.kronos; Dylan.Scozzese@gastech.com.kronos,Adan Morlun; Valeria Morlun; Henk Mies; Albina Hafon; Dylan Scozzese,5,gastech.com.kronos,GAStech-Kronos,1/7/2014 11:37,2014-01-07 11:37,Traffic advisory for today,Traffic advisory for today,
117,Lucas.Alcazar@gastech.com.kronos,Lucas Alcazar,gastech.com.kronos,GAStech-Kronos,Sven.Flecha@gastech.com.kronos; Lucas.Alcazar@gastech.com.kronos; Isak.Baza@gastech.com.kronos,Sven Flecha; Lucas Alcazar; Isak Baza,3,gastech.com.kronos,GAStech-Kronos,1/7/2014 11:47,2014-01-07 11:47,RE: GT-SeismicProcessorPro Bug Report,GT-SeismicProcessorPro Bug Report,
118,Isak.Baza@gastech.com.kronos,Isak Baza,gastech.com.kronos,GAStech-Kronos,Sven.Flecha@gastech.com.kronos; Lucas.Alcazar@gastech.com.kronos; Isak.Baza@gastech.com.kronos,Sven Flecha; Lucas Alcazar; Isak Baza,3,gastech.com.kronos,GAStech-Kronos,1/7/2014 11:49,2014-01-07 11:49,RE: GT-SeismicProcessorPro Bug Report,GT-SeismicProcessorPro Bug Report,
119,Ada.Campo-Corrente@gastech.com.kronos,Ada Campo-Corrente,gastech.com.kronos,GAStech-Kronos,Felix.Resumir@gastech.com.kronos,Felix Resumir,1,gastech.com.kronos,GAStech-Kronos,1/7/2014 11:51,2014-01-07 11:51,"RE: Hey, Im going home sick.","Hey, Im going home sick.",
120,Willem.Vasco-Pais@gastech.com.kronos,Willem Vasco-Pais,gastech.com.kronos,GAStech-Kronos,Inga.Ferro@gastech.com.kronos,Inga Ferro,1,gastech.com.kronos,GAStech-Kronos,1/7/2014 11:53,2014-01-07 11:53,RE: Late for meeting,Late for meeting,
121,Mat.Bramar@gastech.com.kronos,Mat Bramar,gastech.com.kronos,GAStech-Kronos,Dante.Coginian@gastech.com.kronos,Dante Coginian,1,gastech.com.kronos,GAStech-Kronos,1/7/2014 11:55,2014-01-07 11:55,Document stuck,Document stuck,
122,Isia.Vann@gastech.com.kronos,Isia Vann,gastech.com.kronos,GAStech-Kronos,Rachel.Pantanal@gastech.com.kronos,Rachel Pantanal,1,gastech.com.kronos,GAStech-Kronos,1/7/2014 11:58,2014-01-07 11:58,RE: Karoake night - :),Karoake night - :),
123,Felix.Resumir@gastech.com.kronos,Felix Resumir,gastech.com.kronos,GAStech-Kronos,Ada.Campo-Corrente@gastech.com.kronos,Ada Campo-Corrente,1,gastech.com.kronos,GAStech-Kronos,1/7/2014 12:01,2014-01-07 12:01,"RE: Hey, Im going home sick.","Hey, Im going home sick.",
124,Inga.Ferro@gastech.com.kronos,Inga Ferro,gastech.com.kronos,GAStech-Kronos,Willem.Vasco-Pais@gastech.com.kronos,Willem Vasco-Pais,1,gastech.com.kronos,GAStech-Kronos,1/7/2014 12:05,2014-01-07 12:05,RE: Late for meeting,Late for meeting,
125,Willem.Vasco-Pais@gastech.com.kronos,Willem Vasco-Pais,gastech.com.kronos,GAStech-Kronos,Inga.Ferro@gastech.com.kronos,Inga Ferro,1,gastech.com.kronos,GAStech-Kronos,1/7/2014 12:07,2014-01-07 12:07,RE: Late for meeting,Late for meeting,
126,Claudio.Hawelon@gastech.com.kronos,Claudio Hawelon,gastech.com.kronos,GAStech-Kronos,Irene.Nant@gastech.com.kronos; Adan.Morlun@gastech.com.kronos; Valeria.Morlun@gastech.com.kronos; Emile.Arpa@gastech.com.kronos; Varro.Awelon@gastech.com.kronos; Benito.Hawelon@gastech.com.kronos; Henk.Mies@gastech.com.kronos; Bertrand.Ovan@gastech.com.kronos; Claudio.Hawelon@gastech.com.kronos,Irene Nant; Adan Morlun; Valeria Morlun; Emile Arpa; Varro Awelon; Benito Hawelon; Henk Mies; Bertrand Ovan; Claudio Hawelon,9,gastech.com.kronos,GAStech-Kronos,1/7/2014 12:09,2014-01-07 12:09,RE: List of repairs needed,List of repairs needed,
127,Lidelse.Dedos@gastech.com.kronos,Lidelse Dedos,gastech.com.kronos,GAStech-Kronos,Elsa.Orilla@gastech.com.kronos,Elsa Orilla,1,gastech.com.kronos,GAStech-Kronos,1/7/2014 12:17,2014-01-07 12:17,RE: Files,Files,
128,Cecilia.Morluniau@gastech.com.kronos,Cecilia Morluniau,gastech.com.kronos,GAStech-Kronos,Bertrand.Ovan@gastech.com.kronos; Varro.Awelon@gastech.com.kronos; Dante.Coginian@gastech.com.kronos; Adan.Morlun@gastech.com.kronos; Albina.Hafon@gastech.com.kronos; Claudio.Hawelon@gastech.com.kronos; Cecilia.Morluniau@gastech.com.kronos; Irene.Nant@gastech.com.kronos; Henk.Mies@gastech.com.kronos,Bertrand Ovan; Varro Awelon; Dante Coginian; Adan Morlun; Albina Hafon; Claudio Hawelon; Cecilia Morluniau; Irene Nant; Henk Mies,9,gastech.com.kronos,GAStech-Kronos,1/7/2014 12:18,2014-01-07 12:18,RE: Traffic advisory for today,Traffic advisory for today,
129,Cecilia.Morluniau@gastech.com.kronos,Cecilia Morluniau,gastech.com.kronos,GAStech-Kronos,Bertrand.Ovan@gastech.com.kronos; Varro.Awelon@gastech.com.kronos; Dante.Coginian@gastech.com.kronos; Adan.Morlun@gastech.com.kronos; Albina.Hafon@gastech.com.kronos; Claudio.Hawelon@gastech.com.kronos; Cecilia.Morluniau@gastech.com.kronos; Irene.Nant@gastech.com.kronos; Henk.Mies@gastech.com.kronos,Bertrand Ovan; Varro Awelon; Dante Coginian; Adan Morlun; Albina Hafon; Claudio Hawelon; Cecilia Morluniau; Irene Nant; Henk Mies,9,gastech.com.kronos,GAStech-Kronos,1/7/2014 12:25,2014-01-07 12:25,RE: Traffic advisory for today,Traffic advisory for today,
130,Cornelia.Lais@gastech.com.kronos,Cornelia Lais,gastech.com.kronos,GAStech-Kronos,Mat.Bramar@gastech.com.kronos; Anda.Ribera@gastech.com.kronos; Rachel.Pantanal@gastech.com.kronos; Linda.Lagos@gastech.com.kronos; Ruscella.Mies.Haber@gastech.com.kronos; Carla.Forluniau@gastech.com.kronos; Cornelia.Lais@gastech.com.kronos,Mat Bramar; Anda Ribera; Rachel Pantanal; Linda Lagos; Ruscella Mies Haber; Carla Forluniau; Cornelia Lais,7,gastech.com.kronos,GAStech-Kronos,1/7/2014 12:29,2014-01-07 12:29,RE: Dress for success - Dress to impress,Dress for success - Dress to impress,
131,Nils.Calixto@gastech.com.kronos,Nils Calixto,gastech.com.kronos,GAStech-Kronos,Lucas.Alcazar@gastech.com.kronos; Isak.Baza@gastech.com.kronos; Nils.Calixto@gastech.com.kronos,Lucas Alcazar; Isak Baza; Nils Calixto,3,gastech.com.kronos,GAStech-Kronos,1/7/2014 12:30,2014-01-07 12:30,GT-SeismicProcessorPro Bug Report,GT-SeismicProcessorPro Bug Report,
132,Gustav.Cazar@gastech.com.kronos,Gustav Cazar,gastech.com.kronos,GAStech-Kronos,Rachel.Pantanal@gastech.com.kronos; Lars.Azada@gastech.com.kronos; Felix.Balas@gastech.com.kronos; Isande.Borrasca@gastech.com.kronos; Axel.Calzas@gastech.com.kronos; Gustav.Cazar@gastech.com.kronos; Lidelse.Dedos@gastech.com.kronos; Birgitta.Frente@gastech.com.kronos; Vira.Frente@gastech.com.kronos; Adra.Nubarron@gastech.com.kronos; Marin.Onda@gastech.com.kronos; Kare.Orilla@gastech.com.kronos; Elsa.Orilla@gastech.com.kronos; Brand.Tempestad@gastech.com.kronos; Ingrid.Barranco@gastech.com.kronos; Ada.Campo-Corrente@gastech.com.kronos; Sten.Sanjorge Jr.@gastech.com.kronos; Orhan.Strum@gastech.com.kronos; Willem.Vasco-Pais@gastech.com.kronos; Bertrand.Ovan@gastech.com.kronos; Albina.Hafon@gastech.com.kronos; Benito.Hawelon@gastech.com.kronos; Claudio.Hawelon@gastech.com.kronos; Henk.Mies@gastech.com.kronos; Valeria.Morlun@gastech.com.kronos; Adan.Morlun@gastech.com.kronos; Cecilia.Morluniau@gastech.com.kronos; Irene.Nant@gastech.com.kronos; Dylan.Scozzese@gastech.com.kronos; Lucas.Alcazar@gastech.com.kronos; Isak.Baza@gastech.com.kronos; Linnea.Bergen@gastech.com.kronos; Nils.Calixto@gastech.com.kronos; Sven.Flecha@gastech.com.kronos; Hideki.Cocinaro@gastech.com.kronos; Inga.Ferro@gastech.com.kronos; Loreto.Bodrogi@gastech.com.kronos; Isia.Vann@gastech.com.kronos; Stenig.Fusil@gastech.com.kronos; Hennie.Osvaldo@gastech.com.kronos; Kanon.Herrero@gastech.com.kronos; Varja.Lagos@gastech.com.kronos; Minke.Mies@gastech.com.kronos; Felix.Resumir@gastech.com.kronos; Edvard.Vann@gastech.com.kronos; Emile.Arpa@gastech.com.kronos; Varro.Awelon@gastech.com.kronos; Mat.Bramar@gastech.com.kronos; Dante.Coginian@gastech.com.kronos; Carla.Forluniau@gastech.com.kronos; Linda.Lagos@gastech.com.kronos; Cornelia.Lais@gastech.com.kronos; Ruscella.Mies.Haber@gastech.com.kronos; Anda.Ribera@gastech.com.kronos,Rachel Pantanal; Lars Azada; Felix Balas; Isande Borrasca; Axel Calzas; Gustav Cazar; Lidelse Dedos; Birgitta Frente; Vira Frente; Adra Nubarron; Marin Onda; Kare Orilla; Elsa Orilla; Brand Tempestad; Ingrid Barranco; Ada Campo-Corrente; Sten Sanjorge Jr ; Orhan Strum; Willem Vasco-Pais; Bertrand Ovan; Albina Hafon; Benito Hawelon; Claudio Hawelon; Henk Mies; Valeria Morlun; Adan Morlun; Cecilia Morluniau; Irene Nant; Dylan Scozzese; Lucas Alcazar; Isak Baza; Linnea Bergen; Nils Calixto; Sven Flecha; Hideki Cocinaro; Inga Ferro; Loreto Bodrogi; Isia Vann; Stenig Fusil; Hennie Osvaldo; Kanon Herrero; Varja Lagos; Minke Mies; Felix Resumir; Edvard Vann; Emile Arpa; Varro Awelon; Mat Bramar; Dante Coginian; Carla Forluniau; Linda Lagos; Cornelia Lais; Ruscella Mies Haber; Anda Ribera,54,gastech.com.kronos,GAStech-Kronos,1/7/2014 12:30,2014-01-07 12:30,RE: Service anniversaries!,Service anniversaries!,
133,Orhan.Strum@gastech.com.kronos,Orhan Strum,gastech.com.kronos,GAStech-Kronos,Ingrid.Barranco@gastech.com.kronos; Ada.Campo-Corrente@gastech.com.kronos; Orhan.Strum@gastech.com.kronos,Ingrid Barranco; Ada Campo-Corrente; Orhan Strum,3,gastech.com.kronos,GAStech-Kronos,1/7/2014 12:31,2014-01-07 12:31,Yearly numbers looking good,Yearly numbers looking good,
134,Carla.Forluniau@gastech.com.kronos,Carla Forluniau,gastech.com.kronos,GAStech-Kronos,Felix.Balas@gastech.com.kronos,Felix Balas,1,gastech.com.kronos,GAStech-Kronos,1/7/2014 12:34,2014-01-07 12:34,RE: Im in! -  post a list,Im in! -  post a list,
135,Felix.Balas@gastech.com.kronos,Felix Balas,gastech.com.kronos,GAStech-Kronos,Carla.Forluniau@gastech.com.kronos,Carla Forluniau,1,gastech.com.kronos,GAStech-Kronos,1/7/2014 12:37,2014-01-07 12:37,RE: Im in! -  post a list,Im in! -  post a list,
136,Hideki.Cocinaro@gastech.com.kronos,Hideki Cocinaro,gastech.com.kronos,GAStech-Kronos,Cornelia.Lais@gastech.com.kronos,Cornelia Lais,1,gastech.com.kronos,GAStech-Kronos,1/7/2014 12:37,2014-01-07 12:37,No hurry,No hurry,
137,Cecilia.Morluniau@gastech.com.kronos,Cecilia Morluniau,gastech.com.kronos,GAStech-Kronos,Bertrand.Ovan@gastech.com.kronos; Varro.Awelon@gastech.com.kronos; Dante.Coginian@gastech.com.kronos; Adan.Morlun@gastech.com.kronos; Albina.Hafon@gastech.com.kronos; Claudio.Hawelon@gastech.com.kronos; Cecilia.Morluniau@gastech.com.kronos; Irene.Nant@gastech.com.kronos; Henk.Mies@gastech.com.kronos,Bertrand Ovan; Varro Awelon; Dante Coginian; Adan Morlun; Albina Hafon; Claudio Hawelon; Cecilia Morluniau; Irene Nant; Henk Mies,9,gastech.com.kronos,GAStech-Kronos,1/7/2014 12:40,2014-01-07 12:40,RE: Traffic advisory for today,Traffic advisory for today,
138,Vira.Frente@gastech.com.kronos,Vira Frente,gastech.com.kronos,GAStech-Kronos,Axel.Calzas@gastech.com.kronos; Vira.Frente@gastech.com.kronos; Lidelse.Dedos@gastech.com.kronos; Elsa.Orilla@gastech.com.kronos,Axel Calzas; Vira Frente; Lidelse Dedos; Elsa Orilla,4,gastech.com.kronos,GAStech-Kronos,1/7/2014 12:47,2014-01-07 12:47,RE: Downhole prediction 2522-00,Downhole prediction 2522-00,
139,Isande.Borrasca@gastech.com.kronos,Isande Borrasca,gastech.com.kronos,GAStech-Kronos,Isande.Borrasca@gastech.com.kronos; Lars.Azada@gastech.com.kronos; Kare.Orilla@gastech.com.kronos; Marin.Onda@gastech.com.kronos; Elsa.Orilla@gastech.com.kronos; Axel.Calzas@gastech.com.kronos; Brand.Tempestad@gastech.com.kronos; Vira.Frente@gastech.com.kronos,Isande Borrasca; Lars Azada; Kare Orilla; Marin Onda; Elsa Orilla; Axel Calzas; Brand Tempestad; Vira Frente,8,gastech.com.kronos,GAStech-Kronos,1/7/2014 13:00,2014-01-07 13:00,Wellhead flow rate data - overpressure at well 1783-03?,Wellhead flow rate data - overpressure at well 1783-03?,environment
140,Linda.Lagos@gastech.com.kronos,Linda Lagos,gastech.com.kronos,GAStech-Kronos,Mat.Bramar@gastech.com.kronos; Anda.Ribera@gastech.com.kronos; Rachel.Pantanal@gastech.com.kronos; Linda.Lagos@gastech.com.kronos; Ruscella.Mies.Haber@gastech.com.kronos; Carla.Forluniau@gastech.com.kronos; Cornelia.Lais@gastech.com.kronos,Mat Bramar; Anda Ribera; Rachel Pantanal; Linda Lagos; Ruscella Mies Haber; Carla Forluniau; Cornelia Lais,7,gastech.com.kronos,GAStech-Kronos,1/7/2014 13:03,2014-01-07 13:03,Catering?!?,Catering?!?,
141,Nils.Calixto@gastech.com.kronos,Nils Calixto,gastech.com.kronos,GAStech-Kronos,Lucas.Alcazar@gastech.com.kronos; Sven.Flecha@gastech.com.kronos; Isak.Baza@gastech.com.kronos,Lucas Alcazar; Sven Flecha; Isak Baza,3,gastech.com.kronos,GAStech-Kronos,1/7/2014 13:05,2014-01-07 13:05,GT-SeismicProcessorPro Bug Report,GT-SeismicProcessorPro Bug Report,
142,Mat.Bramar@gastech.com.kronos,Mat Bramar,gastech.com.kronos,GAStech-Kronos,Mat.Bramar@gastech.com.kronos; Anda.Ribera@gastech.com.kronos; Rachel.Pantanal@gastech.com.kronos; Linda.Lagos@gastech.com.kronos; Ruscella.Mies.Haber@gastech.com.kronos; Carla.Forluniau@gastech.com.kronos; Cornelia.Lais@gastech.com.kronos,Mat Bramar; Anda Ribera; Rachel Pantanal; Linda Lagos; Ruscella Mies Haber; Carla Forluniau; Cornelia Lais,7,gastech.com.kronos,GAStech-Kronos,1/7/2014 13:06,2014-01-07 13:06,RE: Dress for success - Dress to impress,Dress for success - Dress to impress,
143,Vira.Frente@gastech.com.kronos,Vira Frente,gastech.com.kronos,GAStech-Kronos,Axel.Calzas@gastech.com.kronos; Vira.Frente@gastech.com.kronos; Lidelse.Dedos@gastech.com.kronos; Elsa.Orilla@gastech.com.kronos,Axel Calzas; Vira Frente; Lidelse Dedos; Elsa Orilla,4,gastech.com.kronos,GAStech-Kronos,1/7/2014 13:08,2014-01-07 13:08,RE: Downhole prediction 2522-00,Downhole prediction 2522-00,
144,Varja.Lagos@gastech.com.kronos,Varja Lagos,gastech.com.kronos,GAStech-Kronos,Kanon.Herrero@gastech.com.kronos; Stenig.Fusil@gastech.com.kronos; Inga.Ferro@gastech.com.kronos; Hideki.Cocinaro@gastech.com.kronos; Hennie.Osvaldo@gastech.com.kronos; Felix.Resumir@gastech.com.kronos; Isia.Vann@gastech.com.kronos,Kanon Herrero; Stenig Fusil; Inga Ferro; Hideki Cocinaro; Hennie Osvaldo; Felix Resumir; Isia Vann,7,gastech.com.kronos,GAStech-Kronos,1/7/2014 13:16,2014-01-07 13:16,Resolution of incident,Resolution of incident,
145,Cornelia.Lais@gastech.com.kronos,Cornelia Lais,gastech.com.kronos,GAStech-Kronos,Mat.Bramar@gastech.com.kronos; Anda.Ribera@gastech.com.kronos; Rachel.Pantanal@gastech.com.kronos; Linda.Lagos@gastech.com.kronos; Ruscella.Mies.Haber@gastech.com.kronos; Carla.Forluniau@gastech.com.kronos; Cornelia.Lais@gastech.com.kronos,Mat Bramar; Anda Ribera; Rachel Pantanal; Linda Lagos; Ruscella Mies Haber; Carla Forluniau; Cornelia Lais,7,gastech.com.kronos,GAStech-Kronos,1/7/2014 13:18,2014-01-07 13:18,RE: Dress for success - Dress to impress,Dress for success - Dress to impress,
146,Ingrid.Barranco@gastech.com.kronos,Ingrid Barranco,gastech.com.kronos,GAStech-Kronos,Ingrid.Barranco@gastech.com.kronos; Ada.Campo-Corrente@gastech.com.kronos; Orhan.Strum@gastech.com.kronos,Ingrid Barranco; Ada Campo-Corrente; Orhan Strum,3,gastech.com.kronos,GAStech-Kronos,1/7/2014 13:19,2014-01-07 13:19,RE: Yearly numbers looking good,Yearly numbers looking good,
147,Carla.Forluniau@gastech.com.kronos,Carla Forluniau,gastech.com.kronos,GAStech-Kronos,Felix.Balas@gastech.com.kronos,Felix Balas,1,gastech.com.kronos,GAStech-Kronos,1/7/2014 13:21,2014-01-07 13:21,RE: Im in! -  post a list,Im in! -  post a list,
148,Isande.Borrasca@gastech.com.kronos,Isande Borrasca,gastech.com.kronos,GAStech-Kronos,Isande.Borrasca@gastech.com.kronos; Lars.Azada@gastech.com.kronos; Kare.Orilla@gastech.com.kronos; Marin.Onda@gastech.com.kronos; Elsa.Orilla@gastech.com.kronos; Axel.Calzas@gastech.com.kronos; Brand.Tempestad@gastech.com.kronos; Vira.Frente@gastech.com.kronos,Isande Borrasca; Lars Azada; Kare Orilla; Marin Onda; Elsa Orilla; Axel Calzas; Brand Tempestad; Vira Frente,8,gastech.com.kronos,GAStech-Kronos,1/7/2014 13:26,2014-01-07 13:26,RE: Wellhead flow rate data - overpressure at well 1783-03?,Wellhead flow rate data - overpressure at well 1783-03?,environment
149,Lars.Azada@gastech.com.kronos,Lars Azada,gastech.com.kronos,GAStech-Kronos,Isande.Borrasca@gastech.com.kronos; Lars.Azada@gastech.com.kronos; Kare.Orilla@gastech.com.kronos; Marin.Onda@gastech.com.kronos; Elsa.Orilla@gastech.com.kronos; Axel.Calzas@gastech.com.kronos; Brand.Tempestad@gastech.com.kronos; Vira.Frente@gastech.com.kronos,Isande Borrasca; Lars Azada; Kare Orilla; Marin Onda; Elsa Orilla; Axel Calzas; Brand Tempestad; Vira Frente,8,gastech.com.kronos,GAStech-Kronos,1/7/2014 13:31,2014-01-07 13:31,RE: Wellhead flow rate data - overpressure at well 1783-03?,Wellhead flow rate data - overpressure at well 1783-03?,environment
150,Lidelse.Dedos@gastech.com.kronos,Lidelse Dedos,gastech.com.kronos,GAStech-Kronos,Birgitta.Frente@gastech.com.kronos; Isande.Borrasca@gastech.com.kronos; Lars.Azada@gastech.com.kronos; Marin.Onda@gastech.com.kronos; Kare.Orilla@gastech.com.kronos; Gustav.Cazar@gastech.com.kronos; Axel.Calzas@gastech.com.kronos; Felix.Balas@gastech.com.kronos; Vira.Frente@gastech.com.kronos,Birgitta Frente; Isande Borrasca; Lars Azada; Marin Onda; Kare Orilla; Gustav Cazar; Axel Calzas; Felix Balas; Vira Frente,9,gastech.com.kronos,GAStech-Kronos,1/7/2014 13:35,2014-01-07 13:35,Well 1033-01 stabilization progress report,Well 1033-01 stabilization progress report,
151,Birgitta.Frente@gastech.com.kronos,Birgitta Frente,gastech.com.kronos,GAStech-Kronos,Elsa.Orilla@gastech.com.kronos; Vira.Frente@gastech.com.kronos; Kare.Orilla@gastech.com.kronos; Isande.Borrasca@gastech.com.kronos; Gustav.Cazar@gastech.com.kronos; Birgitta.Frente@gastech.com.kronos; Brand.Tempestad@gastech.com.kronos; Lars.Azada@gastech.com.kronos; Marin.Onda@gastech.com.kronos; Axel.Calzas@gastech.com.kronos,Elsa Orilla; Vira Frente; Kare Orilla; Isande Borrasca; Gustav Cazar; Birgitta Frente; Brand Tempestad; Lars Azada; Marin Onda; Axel Calzas,10,gastech.com.kronos,GAStech-Kronos,1/7/2014 13:35,2014-01-07 13:35,Downhole prediction 2522-00 - check your parameters,Downhole prediction 2522-00 - check your parameters,
152,Anda.Ribera@gastech.com.kronos,Anda Ribera,gastech.com.kronos,GAStech-Kronos,Mat.Bramar@gastech.com.kronos; Anda.Ribera@gastech.com.kronos; Rachel.Pantanal@gastech.com.kronos; Linda.Lagos@gastech.com.kronos; Ruscella.Mies.Haber@gastech.com.kronos; Carla.Forluniau@gastech.com.kronos; Cornelia.Lais@gastech.com.kronos,Mat Bramar; Anda Ribera; Rachel Pantanal; Linda Lagos; Ruscella Mies Haber; Carla Forluniau; Cornelia Lais,7,gastech.com.kronos,GAStech-Kronos,1/7/2014 13:37,2014-01-07 13:37,RE: Dress for success - Dress to impress,Dress for success - Dress to impress,
153,Ingrid.Barranco@gastech.com.kronos,Ingrid Barranco,gastech.com.kronos,GAStech-Kronos,Ingrid.Barranco@gastech.com.kronos; Ada.Campo-Corrente@gastech.com.kronos; Orhan.Strum@gastech.com.kronos,Ingrid Barranco; Ada Campo-Corrente; Orhan Strum,3,gastech.com.kronos,GAStech-Kronos,1/7/2014 13:42,2014-01-07 13:42,RE: Yearly numbers looking good,Yearly numbers looking good,
154,Adra.Nubarron@gastech.com.kronos,Adra Nubarron,gastech.com.kronos,GAStech-Kronos,Cecilia.Morluniau@gastech.com.kronos,Cecilia Morluniau,1,gastech.com.kronos,GAStech-Kronos,1/7/2014 13:48,2014-01-07 13:48,Plants,Plants,
155,Adan.Morlun@gastech.com.kronos,Adan Morlun,gastech.com.kronos,GAStech-Kronos,Adan.Morlun@gastech.com.kronos; Valeria.Morlun@gastech.com.kronos; Henk.Mies@gastech.com.kronos; Albina.Hafon@gastech.com.kronos; Dylan.Scozzese@gastech.com.kronos,Adan Morlun; Valeria Morlun; Henk Mies; Albina Hafon; Dylan Scozzese,5,gastech.com.kronos,GAStech-Kronos,1/7/2014 13:48,2014-01-07 13:48,RE: Traffic advisory for today,Traffic advisory for today,
156,Brand.Tempestad@gastech.com.kronos,Brand Tempestad,gastech.com.kronos,GAStech-Kronos,Isande.Borrasca@gastech.com.kronos; Lars.Azada@gastech.com.kronos; Kare.Orilla@gastech.com.kronos; Marin.Onda@gastech.com.kronos; Elsa.Orilla@gastech.com.kronos; Axel.Calzas@gastech.com.kronos; Brand.Tempestad@gastech.com.kronos; Vira.Frente@gastech.com.kronos,Isande Borrasca; Lars Azada; Kare Orilla; Marin Onda; Elsa Orilla; Axel Calzas; Brand Tempestad; Vira Frente,8,gastech.com.kronos,GAStech-Kronos,1/7/2014 13:51,2014-01-07 13:51,RE: Wellhead flow rate data - overpressure at well 1783-03?,Wellhead flow rate data - overpressure at well 1783-03?,environment
157,Ingrid.Barranco@gastech.com.kronos,Ingrid Barranco,gastech.com.kronos,GAStech-Kronos,Ingrid.Barranco@gastech.com.kronos; Ada.Campo-Corrente@gastech.com.kronos; Orhan.Strum@gastech.com.kronos,Ingrid Barranco; Ada Campo-Corrente; Orhan Strum,3,gastech.com.kronos,GAStech-Kronos,1/7/2014 13:54,2014-01-07 13:54,RE: Yearly numbers looking good,Yearly numbers looking good,
158,Adan.Morlun@gastech.com.kronos,Adan Morlun,gastech.com.kronos,GAStech-Kronos,Henk.Mies@gastech.com.kronos; Albina.Hafon@gastech.com.kronos,Henk Mies; Albina Hafon,2,gastech.com.kronos,GAStech-Kronos,1/7/2014 14:07,2014-01-07 14:07,List of repairs needed,List of repairs needed,
159,Orhan.Strum@gastech.com.kronos,Orhan Strum,gastech.com.kronos,GAStech-Kronos,Ingrid.Barranco@gastech.com.kronos; Ada.Campo-Corrente@gastech.com.kronos; Orhan.Strum@gastech.com.kronos,Ingrid Barranco; Ada Campo-Corrente; Orhan Strum,3,gastech.com.kronos,GAStech-Kronos,1/7/2014 14:10,2014-01-07 14:10,RE: Yearly numbers looking good,Yearly numbers looking good,
160,Bertrand.Ovan@gastech.com.kronos,Bertrand Ovan,gastech.com.kronos,GAStech-Kronos,Emile.Arpa@gastech.com.kronos; Varro.Awelon@gastech.com.kronos; Dante.Coginian@gastech.com.kronos; Albina.Hafon@gastech.com.kronos; Benito.Hawelon@gastech.com.kronos; Claudio.Hawelon@gastech.com.kronos; Henk.Mies@gastech.com.kronos; Valeria.Morlun@gastech.com.kronos; Adan.Morlun@gastech.com.kronos; Cecilia.Morluniau@gastech.com.kronos; Irene.Nant@gastech.com.kronos; Dylan.Scozzese@gastech.com.kronos,Emile Arpa; Varro Awelon; Dante Coginian; Albina Hafon; Benito Hawelon; Claudio Hawelon; Henk Mies; Valeria Morlun; Adan Morlun; Cecilia Morluniau; Irene Nant; Dylan Scozzese,12,gastech.com.kronos,GAStech-Kronos,1/7/2014 14:12,2014-01-07 14:12,Mandatory safety training,Mandatory safety training,
161,Lidelse.Dedos@gastech.com.kronos,Lidelse Dedos,gastech.com.kronos,GAStech-Kronos,Axel.Calzas@gastech.com.kronos; Vira.Frente@gastech.com.kronos; Lidelse.Dedos@gastech.com.kronos; Elsa.Orilla@gastech.com.kronos,Axel Calzas; Vira Frente; Lidelse Dedos; Elsa Orilla,4,gastech.com.kronos,GAStech-Kronos,1/7/2014 14:19,2014-01-07 14:19,RE: Downhole prediction 2522-00,Downhole prediction 2522-00,
162,Cornelia.Lais@gastech.com.kronos,Cornelia Lais,gastech.com.kronos,GAStech-Kronos,Mat.Bramar@gastech.com.kronos; Anda.Ribera@gastech.com.kronos; Rachel.Pantanal@gastech.com.kronos; Linda.Lagos@gastech.com.kronos; Ruscella.Mies.Haber@gastech.com.kronos; Carla.Forluniau@gastech.com.kronos; Cornelia.Lais@gastech.com.kronos,Mat Bramar; Anda Ribera; Rachel Pantanal; Linda Lagos; Ruscella Mies Haber; Carla Forluniau; Cornelia Lais,7,gastech.com.kronos,GAStech-Kronos,1/7/2014 14:21,2014-01-07 14:21,Can someone cover for me next week?,Can someone cover for me next week?,
163,Rachel.Pantanal@gastech.com.kronos,Rachel Pantanal,gastech.com.kronos,GAStech-Kronos,Mat.Bramar@gastech.com.kronos; Anda.Ribera@gastech.com.kronos; Rachel.Pantanal@gastech.com.kronos; Linda.Lagos@gastech.com.kronos; Ruscella.Mies.Haber@gastech.com.kronos; Carla.Forluniau@gastech.com.kronos; Cornelia.Lais@gastech.com.kronos,Mat Bramar; Anda Ribera; Rachel Pantanal; Linda Lagos; Ruscella Mies Haber; Carla Forluniau; Cornelia Lais,7,gastech.com.kronos,GAStech-Kronos,1/7/2014 14:21,2014-01-07 14:21,Too funy - you have to see this...,Too funy - you have to see this...,
164,Cornelia.Lais@gastech.com.kronos,Cornelia Lais,gastech.com.kronos,GAStech-Kronos,Hideki.Cocinaro@gastech.com.kronos,Hideki Cocinaro,1,gastech.com.kronos,GAStech-Kronos,1/7/2014 14:22,2014-01-07 14:22,RE: No hurry,No hurry,
165,Isak.Baza@gastech.com.kronos,Isak Baza,gastech.com.kronos,GAStech-Kronos,Isak.Baza@gastech.com.kronos; Sven.Flecha@gastech.com.kronos,Isak Baza; Sven Flecha,2,gastech.com.kronos,GAStech-Kronos,1/7/2014 14:22,2014-01-07 14:22,RE: GT-SeismicProcessorPro Bug Report,GT-SeismicProcessorPro Bug Report,
166,Mat.Bramar@gastech.com.kronos,Mat Bramar,gastech.com.kronos,GAStech-Kronos,Rachel.Pantanal@gastech.com.kronos; Lars.Azada@gastech.com.kronos; Felix.Balas@gastech.com.kronos; Isande.Borrasca@gastech.com.kronos; Axel.Calzas@gastech.com.kronos; Gustav.Cazar@gastech.com.kronos; Lidelse.Dedos@gastech.com.kronos; Birgitta.Frente@gastech.com.kronos; Vira.Frente@gastech.com.kronos; Adra.Nubarron@gastech.com.kronos; Marin.Onda@gastech.com.kronos; Kare.Orilla@gastech.com.kronos; Elsa.Orilla@gastech.com.kronos; Brand.Tempestad@gastech.com.kronos; Ingrid.Barranco@gastech.com.kronos; Ada.Campo-Corrente@gastech.com.kronos; Sten.Sanjorge Jr.@gastech.com.kronos; Orhan.Strum@gastech.com.kronos; Willem.Vasco-Pais@gastech.com.kronos; Bertrand.Ovan@gastech.com.kronos; Albina.Hafon@gastech.com.kronos; Benito.Hawelon@gastech.com.kronos; Claudio.Hawelon@gastech.com.kronos; Henk.Mies@gastech.com.kronos; Valeria.Morlun@gastech.com.kronos; Adan.Morlun@gastech.com.kronos; Cecilia.Morluniau@gastech.com.kronos; Irene.Nant@gastech.com.kronos; Dylan.Scozzese@gastech.com.kronos; Lucas.Alcazar@gastech.com.kronos; Isak.Baza@gastech.com.kronos; Linnea.Bergen@gastech.com.kronos; Nils.Calixto@gastech.com.kronos; Sven.Flecha@gastech.com.kronos; Hideki.Cocinaro@gastech.com.kronos; Inga.Ferro@gastech.com.kronos; Loreto.Bodrogi@gastech.com.kronos; Isia.Vann@gastech.com.kronos; Stenig.Fusil@gastech.com.kronos; Hennie.Osvaldo@gastech.com.kronos; Kanon.Herrero@gastech.com.kronos; Varja.Lagos@gastech.com.kronos; Minke.Mies@gastech.com.kronos; Felix.Resumir@gastech.com.kronos; Edvard.Vann@gastech.com.kronos; Emile.Arpa@gastech.com.kronos; Varro.Awelon@gastech.com.kronos; Mat.Bramar@gastech.com.kronos; Dante.Coginian@gastech.com.kronos; Carla.Forluniau@gastech.com.kronos; Linda.Lagos@gastech.com.kronos; Cornelia.Lais@gastech.com.kronos; Ruscella.Mies.Haber@gastech.com.kronos; Anda.Ribera@gastech.com.kronos,Rachel Pantanal; Lars Azada; Felix Balas; Isande Borrasca; Axel Calzas; Gustav Cazar; Lidelse Dedos; Birgitta Frente; Vira Frente; Adra Nubarron; Marin Onda; Kare Orilla; Elsa Orilla; Brand Tempestad; Ingrid Barranco; Ada Campo-Corrente; Sten Sanjorge Jr ; Orhan Strum; Willem Vasco-Pais; Bertrand Ovan; Albina Hafon; Benito Hawelon; Claudio Hawelon; Henk Mies; Valeria Morlun; Adan Morlun; Cecilia Morluniau; Irene Nant; Dylan Scozzese; Lucas Alcazar; Isak Baza; Linnea Bergen; Nils Calixto; Sven Flecha; Hideki Cocinaro; Inga Ferro; Loreto Bodrogi; Isia Vann; Stenig Fusil; Hennie Osvaldo; Kanon Herrero; Varja Lagos; Minke Mies; Felix Resumir; Edvard Vann; Emile Arpa; Varro Awelon; Mat Bramar; Dante Coginian; Carla Forluniau; Linda Lagos; Cornelia Lais; Ruscella Mies Haber; Anda Ribera,54,gastech.com.kronos,GAStech-Kronos,1/7/2014 14:25,2014-01-07 14:25,Planning for staff picnic,Planning for staff picnic,
167,Hideki.Cocinaro@gastech.com.kronos,Hideki Cocinaro,gastech.com.kronos,GAStech-Kronos,Cornelia.Lais@gastech.com.kronos,Cornelia Lais,1,gastech.com.kronos,GAStech-Kronos,1/7/2014 14:33,2014-01-07 14:33,RE: No hurry,No hurry,
168,Anda.Ribera@gastech.com.kronos,Anda Ribera,gastech.com.kronos,GAStech-Kronos,Gustav.Cazar@gastech.com.kronos,Gustav Cazar,1,gastech.com.kronos,GAStech-Kronos,1/7/2014 14:35,2014-01-07 14:35,Need a ride to lunch later,Need a ride to lunch later,
169,Cornelia.Lais@gastech.com.kronos,Cornelia Lais,gastech.com.kronos,GAStech-Kronos,Hideki.Cocinaro@gastech.com.kronos,Hideki Cocinaro,1,gastech.com.kronos,GAStech-Kronos,1/7/2014 14:46,2014-01-07 14:46,RE: No hurry,No hurry,
170,Lucas.Alcazar@gastech.com.kronos,Lucas Alcazar,gastech.com.kronos,GAStech-Kronos,Isak.Baza@gastech.com.kronos; Lucas.Alcazar@gastech.com.kronos,Isak Baza; Lucas Alcazar,2,gastech.com.kronos,GAStech-Kronos,1/7/2014 14:47,2014-01-07 14:47,GT-SeismicProcessorPro Bug Report,GT-SeismicProcessorPro Bug Report,
171,Dante.Coginian@gastech.com.kronos,Dante Coginian,gastech.com.kronos,GAStech-Kronos,Mat.Bramar@gastech.com.kronos,Mat Bramar,1,gastech.com.kronos,GAStech-Kronos,1/7/2014 14:50,2014-01-07 14:50,RE: Document stuck,Document stuck,
172,Lucas.Alcazar@gastech.com.kronos,Lucas Alcazar,gastech.com.kronos,GAStech-Kronos,Lucas.Alcazar@gastech.com.kronos; Isak.Baza@gastech.com.kronos; Nils.Calixto@gastech.com.kronos,Lucas Alcazar; Isak Baza; Nils Calixto,3,gastech.com.kronos,GAStech-Kronos,1/7/2014 14:52,2014-01-07 14:52,RE: GT-SeismicProcessorPro Bug Report,GT-SeismicProcessorPro Bug Report,
173,Isande.Borrasca@gastech.com.kronos,Isande Borrasca,gastech.com.kronos,GAStech-Kronos,Birgitta.Frente@gastech.com.kronos; Isande.Borrasca@gastech.com.kronos; Lars.Azada@gastech.com.kronos; Marin.Onda@gastech.com.kronos; Kare.Orilla@gastech.com.kronos; Gustav.Cazar@gastech.com.kronos; Axel.Calzas@gastech.com.kronos; Felix.Balas@gastech.com.kronos; Vira.Frente@gastech.com.kronos,Birgitta Frente; Isande Borrasca; Lars Azada; Marin Onda; Kare Orilla; Gustav Cazar; Axel Calzas; Felix Balas; Vira Frente,9,gastech.com.kronos,GAStech-Kronos,1/7/2014 14:57,2014-01-07 14:57,RE: Well 1033-01 stabilization progress report,Well 1033-01 stabilization progress report,
174,Adan.Morlun@gastech.com.kronos,Adan Morlun,gastech.com.kronos,GAStech-Kronos,Adan.Morlun@gastech.com.kronos; Valeria.Morlun@gastech.com.kronos; Henk.Mies@gastech.com.kronos; Albina.Hafon@gastech.com.kronos; Dylan.Scozzese@gastech.com.kronos,Adan Morlun; Valeria Morlun; Henk Mies; Albina Hafon; Dylan Scozzese,5,gastech.com.kronos,GAStech-Kronos,1/7/2014 14:59,2014-01-07 14:59,RE: Traffic advisory for today,Traffic advisory for today,
175,Ingrid.Barranco@gastech.com.kronos,Ingrid Barranco,gastech.com.kronos,GAStech-Kronos,Ingrid.Barranco@gastech.com.kronos; Ada.Campo-Corrente@gastech.com.kronos; Orhan.Strum@gastech.com.kronos,Ingrid Barranco; Ada Campo-Corrente; Orhan Strum,3,gastech.com.kronos,GAStech-Kronos,1/7/2014 15:03,2014-01-07 15:03,RE: Yearly numbers looking good,Yearly numbers looking good,
176,Isande.Borrasca@gastech.com.kronos,Isande Borrasca,gastech.com.kronos,GAStech-Kronos,Elsa.Orilla@gastech.com.kronos; Vira.Frente@gastech.com.kronos; Kare.Orilla@gastech.com.kronos; Isande.Borrasca@gastech.com.kronos; Gustav.Cazar@gastech.com.kronos; Birgitta.Frente@gastech.com.kronos; Brand.Tempestad@gastech.com.kronos; Lars.Azada@gastech.com.kronos; Marin.Onda@gastech.com.kronos; Axel.Calzas@gastech.com.kronos,Elsa Orilla; Vira Frente; Kare Orilla; Isande Borrasca; Gustav Cazar; Birgitta Frente; Brand Tempestad; Lars Azada; Marin Onda; Axel Calzas,10,gastech.com.kronos,GAStech-Kronos,1/7/2014 15:08,2014-01-07 15:08,RE: Downhole prediction 2522-00 - check your parameters,Downhole prediction 2522-00 - check your parameters,
177,Edvard.Vann@gastech.com.kronos,Edvard Vann,gastech.com.kronos,GAStech-Kronos,Elsa.Orilla@gastech.com.kronos,Elsa Orilla,1,gastech.com.kronos,GAStech-Kronos,1/7/2014 15:09,2014-01-07 15:09,Money for coffee fund,Money for coffee fund,
178,Henk.Mies@gastech.com.kronos,Henk Mies,gastech.com.kronos,GAStech-Kronos,Adan.Morlun@gastech.com.kronos; Valeria.Morlun@gastech.com.kronos; Henk.Mies@gastech.com.kronos; Albina.Hafon@gastech.com.kronos; Dylan.Scozzese@gastech.com.kronos,Adan Morlun; Valeria Morlun; Henk Mies; Albina Hafon; Dylan Scozzese,5,gastech.com.kronos,GAStech-Kronos,1/7/2014 15:13,2014-01-07 15:13,RE: Traffic advisory for today,Traffic advisory for today,
179,Isak.Baza@gastech.com.kronos,Isak Baza,gastech.com.kronos,GAStech-Kronos,Lucas.Alcazar@gastech.com.kronos; Isak.Baza@gastech.com.kronos; Nils.Calixto@gastech.com.kronos,Lucas Alcazar; Isak Baza; Nils Calixto,3,gastech.com.kronos,GAStech-Kronos,1/7/2014 15:20,2014-01-07 15:20,RE: GT-SeismicProcessorPro Bug Report,GT-SeismicProcessorPro Bug Report,
180,Vira.Frente@gastech.com.kronos,Vira Frente,gastech.com.kronos,GAStech-Kronos,Elsa.Orilla@gastech.com.kronos; Vira.Frente@gastech.com.kronos; Kare.Orilla@gastech.com.kronos; Isande.Borrasca@gastech.com.kronos; Gustav.Cazar@gastech.com.kronos; Birgitta.Frente@gastech.com.kronos; Brand.Tempestad@gastech.com.kronos; Lars.Azada@gastech.com.kronos; Marin.Onda@gastech.com.kronos; Axel.Calzas@gastech.com.kronos,Elsa Orilla; Vira Frente; Kare Orilla; Isande Borrasca; Gustav Cazar; Birgitta Frente; Brand Tempestad; Lars Azada; Marin Onda; Axel Calzas,10,gastech.com.kronos,GAStech-Kronos,1/7/2014 15:29,2014-01-07 15:29,RE: Downhole prediction 2522-00 - check your parameters,Downhole prediction 2522-00 - check your parameters,
181,Hideki.Cocinaro@gastech.com.kronos,Hideki Cocinaro,gastech.com.kronos,GAStech-Kronos,Kanon.Herrero@gastech.com.kronos; Stenig.Fusil@gastech.com.kronos; Inga.Ferro@gastech.com.kronos; Hideki.Cocinaro@gastech.com.kronos; Hennie.Osvaldo@gastech.com.kronos; Felix.Resumir@gastech.com.kronos; Isia.Vann@gastech.com.kronos,Kanon Herrero; Stenig Fusil; Inga Ferro; Hideki Cocinaro; Hennie Osvaldo; Felix Resumir; Isia Vann,7,gastech.com.kronos,GAStech-Kronos,1/7/2014 15:31,2014-01-07 15:31,RE: Resolution of incident,Resolution of incident,
182,Albina.Hafon@gastech.com.kronos,Albina Hafon,gastech.com.kronos,GAStech-Kronos,Adan.Morlun@gastech.com.kronos; Valeria.Morlun@gastech.com.kronos; Henk.Mies@gastech.com.kronos; Albina.Hafon@gastech.com.kronos; Dylan.Scozzese@gastech.com.kronos,Adan Morlun; Valeria Morlun; Henk Mies; Albina Hafon; Dylan Scozzese,5,gastech.com.kronos,GAStech-Kronos,1/7/2014 15:32,2014-01-07 15:32,RE: Traffic advisory for today,Traffic advisory for today,
183,Stenig.Fusil@gastech.com.kronos,Stenig Fusil,gastech.com.kronos,GAStech-Kronos,Kanon.Herrero@gastech.com.kronos; Stenig.Fusil@gastech.com.kronos; Inga.Ferro@gastech.com.kronos; Hideki.Cocinaro@gastech.com.kronos; Hennie.Osvaldo@gastech.com.kronos; Felix.Resumir@gastech.com.kronos; Isia.Vann@gastech.com.kronos,Kanon Herrero; Stenig Fusil; Inga Ferro; Hideki Cocinaro; Hennie Osvaldo; Felix Resumir; Isia Vann,7,gastech.com.kronos,GAStech-Kronos,1/7/2014 15:33,2014-01-07 15:33,RE: Resolution of incident,Resolution of incident,
184,Gustav.Cazar@gastech.com.kronos,Gustav Cazar,gastech.com.kronos,GAStech-Kronos,Anda.Ribera@gastech.com.kronos,Anda Ribera,1,gastech.com.kronos,GAStech-Kronos,1/7/2014 15:39,2014-01-07 15:39,RE: Need a ride to lunch later,Need a ride to lunch later,
185,Hennie.Osvaldo@gastech.com.kronos,Hennie Osvaldo,gastech.com.kronos,GAStech-Kronos,Kanon.Herrero@gastech.com.kronos; Stenig.Fusil@gastech.com.kronos; Inga.Ferro@gastech.com.kronos; Hideki.Cocinaro@gastech.com.kronos; Hennie.Osvaldo@gastech.com.kronos; Felix.Resumir@gastech.com.kronos; Isia.Vann@gastech.com.kronos,Kanon Herrero; Stenig Fusil; Inga Ferro; Hideki Cocinaro; Hennie Osvaldo; Felix Resumir; Isia Vann,7,gastech.com.kronos,GAStech-Kronos,1/7/2014 15:41,2014-01-07 15:41,RE: Resolution of incident,Resolution of incident,
186,Vira.Frente@gastech.com.kronos,Vira Frente,gastech.com.kronos,GAStech-Kronos,Isande.Borrasca@gastech.com.kronos; Lars.Azada@gastech.com.kronos; Kare.Orilla@gastech.com.kronos; Marin.Onda@gastech.com.kronos; Elsa.Orilla@gastech.com.kronos; Axel.Calzas@gastech.com.kronos; Brand.Tempestad@gastech.com.kronos; Vira.Frente@gastech.com.kronos,Isande Borrasca; Lars Azada; Kare Orilla; Marin Onda; Elsa Orilla; Axel Calzas; Brand Tempestad; Vira Frente,8,gastech.com.kronos,GAStech-Kronos,1/7/2014 15:42,2014-01-07 15:42,RE: Wellhead flow rate data - overpressure at well 1783-03?,Wellhead flow rate data - overpressure at well 1783-03?,environment
187,Kare.Orilla@gastech.com.kronos,Kare Orilla,gastech.com.kronos,GAStech-Kronos,Isande.Borrasca@gastech.com.kronos; Lars.Azada@gastech.com.kronos; Kare.Orilla@gastech.com.kronos; Marin.Onda@gastech.com.kronos; Elsa.Orilla@gastech.com.kronos; Axel.Calzas@gastech.com.kronos; Brand.Tempestad@gastech.com.kronos; Vira.Frente@gastech.com.kronos,Isande Borrasca; Lars Azada; Kare Orilla; Marin Onda; Elsa Orilla; Axel Calzas; Brand Tempestad; Vira Frente,8,gastech.com.kronos,GAStech-Kronos,1/7/2014 15:47,2014-01-07 15:47,RE: Wellhead flow rate data - overpressure at well 1783-03?,Wellhead flow rate data - overpressure at well 1783-03?,environment
188,Bertrand.Ovan@gastech.com.kronos,Bertrand Ovan,gastech.com.kronos,GAStech-Kronos,Emile.Arpa@gastech.com.kronos; Varro.Awelon@gastech.com.kronos; Dante.Coginian@gastech.com.kronos; Albina.Hafon@gastech.com.kronos; Benito.Hawelon@gastech.com.kronos; Claudio.Hawelon@gastech.com.kronos; Henk.Mies@gastech.com.kronos; Valeria.Morlun@gastech.com.kronos; Adan.Morlun@gastech.com.kronos; Cecilia.Morluniau@gastech.com.kronos; Irene.Nant@gastech.com.kronos; Dylan.Scozzese@gastech.com.kronos,Emile Arpa; Varro Awelon; Dante Coginian; Albina Hafon; Benito Hawelon; Claudio Hawelon; Henk Mies; Valeria Morlun; Adan Morlun; Cecilia Morluniau; Irene Nant; Dylan Scozzese,12,gastech.com.kronos,GAStech-Kronos,1/7/2014 15:50,2014-01-07 15:50,Be Careful!,Be Careful!,
189,Bertrand.Ovan@gastech.com.kronos,Bertrand Ovan,gastech.com.kronos,GAStech-Kronos,Emile.Arpa@gastech.com.kronos; Varro.Awelon@gastech.com.kronos; Dante.Coginian@gastech.com.kronos; Albina.Hafon@gastech.com.kronos; Benito.Hawelon@gastech.com.kronos; Claudio.Hawelon@gastech.com.kronos; Henk.Mies@gastech.com.kronos; Valeria.Morlun@gastech.com.kronos; Adan.Morlun@gastech.com.kronos; Cecilia.Morluniau@gastech.com.kronos; Irene.Nant@gastech.com.kronos; Dylan.Scozzese@gastech.com.kronos,Emile Arpa; Varro Awelon; Dante Coginian; Albina Hafon; Benito Hawelon; Claudio Hawelon; Henk Mies; Valeria Morlun; Adan Morlun; Cecilia Morluniau; Irene Nant; Dylan Scozzese,12,gastech.com.kronos,GAStech-Kronos,1/7/2014 15:50,2014-01-07 15:50,Safety First!,Safety First!,
190,Isak.Baza@gastech.com.kronos,Isak Baza,gastech.com.kronos,GAStech-Kronos,Lucas.Alcazar@gastech.com.kronos; Isak.Baza@gastech.com.kronos; Nils.Calixto@gastech.com.kronos,Lucas Alcazar; Isak Baza; Nils Calixto,3,gastech.com.kronos,GAStech-Kronos,1/7/2014 15:51,2014-01-07 15:51,RE: GT-SeismicProcessorPro Bug Report,GT-SeismicProcessorPro Bug Report,
191,Lars.Azada@gastech.com.kronos,Lars Azada,gastech.com.kronos,GAStech-Kronos,Isande.Borrasca@gastech.com.kronos; Lars.Azada@gastech.com.kronos; Kare.Orilla@gastech.com.kronos; Marin.Onda@gastech.com.kronos; Elsa.Orilla@gastech.com.kronos; Axel.Calzas@gastech.com.kronos; Brand.Tempestad@gastech.com.kronos; Vira.Frente@gastech.com.kronos,Isande Borrasca; Lars Azada; Kare Orilla; Marin Onda; Elsa Orilla; Axel Calzas; Brand Tempestad; Vira Frente,8,gastech.com.kronos,GAStech-Kronos,1/7/2014 15:51,2014-01-07 15:51,RE: Wellhead flow rate data - overpressure at well 1783-03?,Wellhead flow rate data - overpressure at well 1783-03?,environment
192,Isak.Baza@gastech.com.kronos,Isak Baza,gastech.com.kronos,GAStech-Kronos,Lucas.Alcazar@gastech.com.kronos; Isak.Baza@gastech.com.kronos; Nils.Calixto@gastech.com.kronos,Lucas Alcazar; Isak Baza; Nils Calixto,3,gastech.com.kronos,GAStech-Kronos,1/7/2014 15:52,2014-01-07 15:52,RE: GT-SeismicProcessorPro Bug Report,GT-SeismicProcessorPro Bug Report,
193,Henk.Mies@gastech.com.kronos,Henk Mies,gastech.com.kronos,GAStech-Kronos,Henk.Mies@gastech.com.kronos; Albina.Hafon@gastech.com.kronos,Henk Mies; Albina Hafon,2,gastech.com.kronos,GAStech-Kronos,1/7/2014 16:00,2014-01-07 16:00,RE: List of repairs needed,List of repairs needed,
194,Henk.Mies@gastech.com.kronos,Henk Mies,gastech.com.kronos,GAStech-Kronos,Adan.Morlun@gastech.com.kronos; Valeria.Morlun@gastech.com.kronos; Henk.Mies@gastech.com.kronos; Albina.Hafon@gastech.com.kronos; Dylan.Scozzese@gastech.com.kronos,Adan Morlun; Valeria Morlun; Henk Mies; Albina Hafon; Dylan Scozzese,5,gastech.com.kronos,GAStech-Kronos,1/7/2014 16:02,2014-01-07 16:02,RE: Traffic advisory for today,Traffic advisory for today,
195,Isak.Baza@gastech.com.kronos,Isak Baza,gastech.com.kronos,GAStech-Kronos,Isak.Baza@gastech.com.kronos; Sven.Flecha@gastech.com.kronos,Isak Baza; Sven Flecha,2,gastech.com.kronos,GAStech-Kronos,1/7/2014 16:04,2014-01-07 16:04,RE: GT-SeismicProcessorPro Bug Report,GT-SeismicProcessorPro Bug Report,
196,Ingrid.Barranco@gastech.com.kronos,Ingrid Barranco,gastech.com.kronos,GAStech-Kronos,Rachel.Pantanal@gastech.com.kronos; Lars.Azada@gastech.com.kronos; Felix.Balas@gastech.com.kronos; Isande.Borrasca@gastech.com.kronos; Axel.Calzas@gastech.com.kronos; Gustav.Cazar@gastech.com.kronos; Lidelse.Dedos@gastech.com.kronos; Birgitta.Frente@gastech.com.kronos; Vira.Frente@gastech.com.kronos; Adra.Nubarron@gastech.com.kronos; Marin.Onda@gastech.com.kronos; Kare.Orilla@gastech.com.kronos; Elsa.Orilla@gastech.com.kronos; Brand.Tempestad@gastech.com.kronos; Ingrid.Barranco@gastech.com.kronos; Ada.Campo-Corrente@gastech.com.kronos; Sten.Sanjorge Jr.@gastech.com.kronos; Orhan.Strum@gastech.com.kronos; Willem.Vasco-Pais@gastech.com.kronos; Bertrand.Ovan@gastech.com.kronos; Albina.Hafon@gastech.com.kronos; Benito.Hawelon@gastech.com.kronos; Claudio.Hawelon@gastech.com.kronos; Henk.Mies@gastech.com.kronos; Valeria.Morlun@gastech.com.kronos; Adan.Morlun@gastech.com.kronos; Cecilia.Morluniau@gastech.com.kronos; Irene.Nant@gastech.com.kronos; Dylan.Scozzese@gastech.com.kronos; Lucas.Alcazar@gastech.com.kronos; Isak.Baza@gastech.com.kronos; Linnea.Bergen@gastech.com.kronos; Nils.Calixto@gastech.com.kronos; Sven.Flecha@gastech.com.kronos; Hideki.Cocinaro@gastech.com.kronos; Inga.Ferro@gastech.com.kronos; Loreto.Bodrogi@gastech.com.kronos; Isia.Vann@gastech.com.kronos; Stenig.Fusil@gastech.com.kronos; Hennie.Osvaldo@gastech.com.kronos; Kanon.Herrero@gastech.com.kronos; Varja.Lagos@gastech.com.kronos; Minke.Mies@gastech.com.kronos; Felix.Resumir@gastech.com.kronos; Edvard.Vann@gastech.com.kronos; Emile.Arpa@gastech.com.kronos; Varro.Awelon@gastech.com.kronos; Mat.Bramar@gastech.com.kronos; Dante.Coginian@gastech.com.kronos; Carla.Forluniau@gastech.com.kronos; Linda.Lagos@gastech.com.kronos; Cornelia.Lais@gastech.com.kronos; Ruscella.Mies.Haber@gastech.com.kronos; Anda.Ribera@gastech.com.kronos,Rachel Pantanal; Lars Azada; Felix Balas; Isande Borrasca; Axel Calzas; Gustav Cazar; Lidelse Dedos; Birgitta Frente; Vira Frente; Adra Nubarron; Marin Onda; Kare Orilla; Elsa Orilla; Brand Tempestad; Ingrid Barranco; Ada Campo-Corrente; Sten Sanjorge Jr ; Orhan Strum; Willem Vasco-Pais; Bertrand Ovan; Albina Hafon; Benito Hawelon; Claudio Hawelon; Henk Mies; Valeria Morlun; Adan Morlun; Cecilia Morluniau; Irene Nant; Dylan Scozzese; Lucas Alcazar; Isak Baza; Linnea Bergen; Nils Calixto; Sven Flecha; Hideki Cocinaro; Inga Ferro; Loreto Bodrogi; Isia Vann; Stenig Fusil; Hennie Osvaldo; Kanon Herrero; Varja Lagos; Minke Mies; Felix Resumir; Edvard Vann; Emile Arpa; Varro Awelon; Mat Bramar; Dante Coginian; Carla Forluniau; Linda Lagos; Cornelia Lais; Ruscella Mies Haber; Anda Ribera,54,gastech.com.kronos,GAStech-Kronos,1/7/2014 16:08,2014-01-07 16:08,RE: Planning for staff picnic,Planning for staff picnic,
197,Anda.Ribera@gastech.com.kronos,Anda Ribera,gastech.com.kronos,GAStech-Kronos,Mat.Bramar@gastech.com.kronos; Anda.Ribera@gastech.com.kronos; Rachel.Pantanal@gastech.com.kronos; Linda.Lagos@gastech.com.kronos; Ruscella.Mies.Haber@gastech.com.kronos; Carla.Forluniau@gastech.com.kronos; Cornelia.Lais@gastech.com.kronos,Mat Bramar; Anda Ribera; Rachel Pantanal; Linda Lagos; Ruscella Mies Haber; Carla Forluniau; Cornelia Lais,7,gastech.com.kronos,GAStech-Kronos,1/7/2014 16:10,2014-01-07 16:10,RE: Catering?!?,Catering?!?,
198,Edvard.Vann@gastech.com.kronos,Edvard Vann,gastech.com.kronos,GAStech-Kronos,Rachel.Pantanal@gastech.com.kronos; Lars.Azada@gastech.com.kronos; Felix.Balas@gastech.com.kronos; Isande.Borrasca@gastech.com.kronos; Axel.Calzas@gastech.com.kronos; Gustav.Cazar@gastech.com.kronos; Lidelse.Dedos@gastech.com.kronos; Birgitta.Frente@gastech.com.kronos; Vira.Frente@gastech.com.kronos; Adra.Nubarron@gastech.com.kronos; Marin.Onda@gastech.com.kronos; Kare.Orilla@gastech.com.kronos; Elsa.Orilla@gastech.com.kronos; Brand.Tempestad@gastech.com.kronos; Ingrid.Barranco@gastech.com.kronos; Ada.Campo-Corrente@gastech.com.kronos; Sten.Sanjorge Jr.@gastech.com.kronos; Orhan.Strum@gastech.com.kronos; Willem.Vasco-Pais@gastech.com.kronos; Bertrand.Ovan@gastech.com.kronos; Albina.Hafon@gastech.com.kronos; Benito.Hawelon@gastech.com.kronos; Claudio.Hawelon@gastech.com.kronos; Henk.Mies@gastech.com.kronos; Valeria.Morlun@gastech.com.kronos; Adan.Morlun@gastech.com.kronos; Cecilia.Morluniau@gastech.com.kronos; Irene.Nant@gastech.com.kronos; Dylan.Scozzese@gastech.com.kronos; Lucas.Alcazar@gastech.com.kronos; Isak.Baza@gastech.com.kronos; Linnea.Bergen@gastech.com.kronos; Nils.Calixto@gastech.com.kronos; Sven.Flecha@gastech.com.kronos; Hideki.Cocinaro@gastech.com.kronos; Inga.Ferro@gastech.com.kronos; Loreto.Bodrogi@gastech.com.kronos; Isia.Vann@gastech.com.kronos; Stenig.Fusil@gastech.com.kronos; Hennie.Osvaldo@gastech.com.kronos; Kanon.Herrero@gastech.com.kronos; Varja.Lagos@gastech.com.kronos; Minke.Mies@gastech.com.kronos; Felix.Resumir@gastech.com.kronos; Edvard.Vann@gastech.com.kronos; Emile.Arpa@gastech.com.kronos; Varro.Awelon@gastech.com.kronos; Mat.Bramar@gastech.com.kronos; Dante.Coginian@gastech.com.kronos; Carla.Forluniau@gastech.com.kronos; Linda.Lagos@gastech.com.kronos; Cornelia.Lais@gastech.com.kronos; Ruscella.Mies.Haber@gastech.com.kronos; Anda.Ribera@gastech.com.kronos,Rachel Pantanal; Lars Azada; Felix Balas; Isande Borrasca; Axel Calzas; Gustav Cazar; Lidelse Dedos; Birgitta Frente; Vira Frente; Adra Nubarron; Marin Onda; Kare Orilla; Elsa Orilla; Brand Tempestad; Ingrid Barranco; Ada Campo-Corrente; Sten Sanjorge Jr ; Orhan Strum; Willem Vasco-Pais; Bertrand Ovan; Albina Hafon; Benito Hawelon; Claudio Hawelon; Henk Mies; Valeria Morlun; Adan Morlun; Cecilia Morluniau; Irene Nant; Dylan Scozzese; Lucas Alcazar; Isak Baza; Linnea Bergen; Nils Calixto; Sven Flecha; Hideki Cocinaro; Inga Ferro; Loreto Bodrogi; Isia Vann; Stenig Fusil; Hennie Osvaldo; Kanon Herrero; Varja Lagos; Minke Mies; Felix Resumir; Edvard Vann; Emile Arpa; Varro Awelon; Mat Bramar; Dante Coginian; Carla Forluniau; Linda Lagos; Cornelia Lais; Ruscella Mies Haber; Anda Ribera,54,gastech.com.kronos,GAStech-Kronos,1/7/2014 16:15,2014-01-07 16:15,RE: Planning for staff picnic,Planning for staff picnic,
199,Stenig.Fusil@gastech.com.kronos,Stenig Fusil,gastech.com.kronos,GAStech-Kronos,Kanon.Herrero@gastech.com.kronos; Stenig.Fusil@gastech.com.kronos; Inga.Ferro@gastech.com.kronos; Hideki.Cocinaro@gastech.com.kronos; Hennie.Osvaldo@gastech.com.kronos; Felix.Resumir@gastech.com.kronos; Isia.Vann@gastech.com.kronos,Kanon Herrero; Stenig Fusil; Inga Ferro; Hideki Cocinaro; Hennie Osvaldo; Felix Resumir; Isia Vann,7,gastech.com.kronos,GAStech-Kronos,1/7/2014 16:18,2014-01-07 16:18,RE: Resolution of incident,Resolution of incident,
200,Adan.Morlun@gastech.com.kronos,Adan Morlun,gastech.com.kronos,GAStech-Kronos,Claudio.Hawelon@gastech.com.kronos; Dante.Coginian@gastech.com.kronos; Varro.Awelon@gastech.com.kronos; Valeria.Morlun@gastech.com.kronos; Dylan.Scozzese@gastech.com.kronos,Claudio Hawelon; Dante Coginian; Varro Awelon; Valeria Morlun; Dylan Scozzese,5,gastech.com.kronos,GAStech-Kronos,1/7/2014 16:18,2014-01-07 16:18,Caution downtown,Caution downtown,
201,Birgitta.Frente@gastech.com.kronos,Birgitta Frente,gastech.com.kronos,GAStech-Kronos,Elsa.Orilla@gastech.com.kronos; Vira.Frente@gastech.com.kronos; Kare.Orilla@gastech.com.kronos; Isande.Borrasca@gastech.com.kronos; Gustav.Cazar@gastech.com.kronos; Birgitta.Frente@gastech.com.kronos; Brand.Tempestad@gastech.com.kronos; Lars.Azada@gastech.com.kronos; Marin.Onda@gastech.com.kronos; Axel.Calzas@gastech.com.kronos,Elsa Orilla; Vira Frente; Kare Orilla; Isande Borrasca; Gustav Cazar; Birgitta Frente; Brand Tempestad; Lars Azada; Marin Onda; Axel Calzas,10,gastech.com.kronos,GAStech-Kronos,1/7/2014 16:21,2014-01-07 16:21,RE: Downhole prediction 2522-00 - check your parameters,Downhole prediction 2522-00 - check your parameters,
202,Cornelia.Lais@gastech.com.kronos,Cornelia Lais,gastech.com.kronos,GAStech-Kronos,Mat.Bramar@gastech.com.kronos; Anda.Ribera@gastech.com.kronos; Rachel.Pantanal@gastech.com.kronos; Linda.Lagos@gastech.com.kronos; Ruscella.Mies.Haber@gastech.com.kronos; Carla.Forluniau@gastech.com.kronos; Cornelia.Lais@gastech.com.kronos,Mat Bramar; Anda Ribera; Rachel Pantanal; Linda Lagos; Ruscella Mies Haber; Carla Forluniau; Cornelia Lais,7,gastech.com.kronos,GAStech-Kronos,1/7/2014 16:29,2014-01-07 16:29,RE: Catering?!?,Catering?!?,
203,Carla.Forluniau@gastech.com.kronos,Carla Forluniau,gastech.com.kronos,GAStech-Kronos,Mat.Bramar@gastech.com.kronos; Anda.Ribera@gastech.com.kronos; Rachel.Pantanal@gastech.com.kronos; Linda.Lagos@gastech.com.kronos; Ruscella.Mies.Haber@gastech.com.kronos; Carla.Forluniau@gastech.com.kronos; Cornelia.Lais@gastech.com.kronos,Mat Bramar; Anda Ribera; Rachel Pantanal; Linda Lagos; Ruscella Mies Haber; Carla Forluniau; Cornelia Lais,7,gastech.com.kronos,GAStech-Kronos,1/7/2014 16:39,2014-01-07 16:39,RE: Catering?!?,Catering?!?,
204,Lucas.Alcazar@gastech.com.kronos,Lucas Alcazar,gastech.com.kronos,GAStech-Kronos,Lucas.Alcazar@gastech.com.kronos; Sven.Flecha@gastech.com.kronos; Isak.Baza@gastech.com.kronos,Lucas Alcazar; Sven Flecha; Isak Baza,3,gastech.com.kronos,GAStech-Kronos,1/7/2014 16:48,2014-01-07 16:48,RE: GT-SeismicProcessorPro Bug Report,GT-SeismicProcessorPro Bug Report,
205,Elsa.Orilla@gastech.com.kronos,Elsa Orilla,gastech.com.kronos,GAStech-Kronos,Rachel.Pantanal@gastech.com.kronos; Lars.Azada@gastech.com.kronos; Felix.Balas@gastech.com.kronos; Isande.Borrasca@gastech.com.kronos; Axel.Calzas@gastech.com.kronos; Gustav.Cazar@gastech.com.kronos; Lidelse.Dedos@gastech.com.kronos; Birgitta.Frente@gastech.com.kronos; Vira.Frente@gastech.com.kronos; Adra.Nubarron@gastech.com.kronos; Marin.Onda@gastech.com.kronos; Kare.Orilla@gastech.com.kronos; Elsa.Orilla@gastech.com.kronos; Brand.Tempestad@gastech.com.kronos; Ingrid.Barranco@gastech.com.kronos; Ada.Campo-Corrente@gastech.com.kronos; Sten.Sanjorge Jr.@gastech.com.kronos; Orhan.Strum@gastech.com.kronos; Willem.Vasco-Pais@gastech.com.kronos; Bertrand.Ovan@gastech.com.kronos; Albina.Hafon@gastech.com.kronos; Benito.Hawelon@gastech.com.kronos; Claudio.Hawelon@gastech.com.kronos; Henk.Mies@gastech.com.kronos; Valeria.Morlun@gastech.com.kronos; Adan.Morlun@gastech.com.kronos; Cecilia.Morluniau@gastech.com.kronos; Irene.Nant@gastech.com.kronos; Dylan.Scozzese@gastech.com.kronos; Lucas.Alcazar@gastech.com.kronos; Isak.Baza@gastech.com.kronos; Linnea.Bergen@gastech.com.kronos; Nils.Calixto@gastech.com.kronos; Sven.Flecha@gastech.com.kronos; Hideki.Cocinaro@gastech.com.kronos; Inga.Ferro@gastech.com.kronos; Loreto.Bodrogi@gastech.com.kronos; Isia.Vann@gastech.com.kronos; Stenig.Fusil@gastech.com.kronos; Hennie.Osvaldo@gastech.com.kronos; Kanon.Herrero@gastech.com.kronos; Varja.Lagos@gastech.com.kronos; Minke.Mies@gastech.com.kronos; Felix.Resumir@gastech.com.kronos; Edvard.Vann@gastech.com.kronos; Emile.Arpa@gastech.com.kronos; Varro.Awelon@gastech.com.kronos; Mat.Bramar@gastech.com.kronos; Dante.Coginian@gastech.com.kronos; Carla.Forluniau@gastech.com.kronos; Linda.Lagos@gastech.com.kronos; Cornelia.Lais@gastech.com.kronos; Ruscella.Mies.Haber@gastech.com.kronos; Anda.Ribera@gastech.com.kronos,Rachel Pantanal; Lars Azada; Felix Balas; Isande Borrasca; Axel Calzas; Gustav Cazar; Lidelse Dedos; Birgitta Frente; Vira Frente; Adra Nubarron; Marin Onda; Kare Orilla; Elsa Orilla; Brand Tempestad; Ingrid Barranco; Ada Campo-Corrente; Sten Sanjorge Jr ; Orhan Strum; Willem Vasco-Pais; Bertrand Ovan; Albina Hafon; Benito Hawelon; Claudio Hawelon; Henk Mies; Valeria Morlun; Adan Morlun; Cecilia Morluniau; Irene Nant; Dylan Scozzese; Lucas Alcazar; Isak Baza; Linnea Bergen; Nils Calixto; Sven Flecha; Hideki Cocinaro; Inga Ferro; Loreto Bodrogi; Isia Vann; Stenig Fusil; Hennie Osvaldo; Kanon Herrero; Varja Lagos; Minke Mies; Felix Resumir; Edvard Vann; Emile Arpa; Varro Awelon; Mat Bramar; Dante Coginian; Carla Forluniau; Linda Lagos; Cornelia Lais; Ruscella Mies Haber; Anda Ribera,54,gastech.com.kronos,GAStech-Kronos,1/7/2014 16:51,2014-01-07 16:51,RE: Planning for staff picnic,Planning for staff picnic,
206,Anda.Ribera@gastech.com.kronos,Anda Ribera,gastech.com.kronos,GAStech-Kronos,Gustav.Cazar@gastech.com.kronos,Gustav Cazar,1,gastech.com.kronos,GAStech-Kronos,1/7/2014 16:52,2014-01-07 16:52,RE: Need a ride to lunch later,Need a ride to lunch later,
207,Isak.Baza@gastech.com.kronos,Isak Baza,gastech.com.kronos,GAStech-Kronos,Lucas.Alcazar@gastech.com.kronos; Sven.Flecha@gastech.com.kronos; Isak.Baza@gastech.com.kronos,Lucas Alcazar; Sven Flecha; Isak Baza,3,gastech.com.kronos,GAStech-Kronos,1/7/2014 16:54,2014-01-07 16:54,RE: GT-SeismicProcessorPro Bug Report,GT-SeismicProcessorPro Bug Report,
208,Lucas.Alcazar@gastech.com.kronos,Lucas Alcazar,gastech.com.kronos,GAStech-Kronos,Lucas.Alcazar@gastech.com.kronos; Sven.Flecha@gastech.com.kronos; Isak.Baza@gastech.com.kronos,Lucas Alcazar; Sven Flecha; Isak Baza,3,gastech.com.kronos,GAStech-Kronos,1/7/2014 17:00,2014-01-07 17:00,RE: GT-SeismicProcessorPro Bug Report,GT-SeismicProcessorPro Bug Report,
209,Ada.Campo-Corrente@gastech.com.kronos,Ada Campo-Corrente,gastech.com.kronos,GAStech-Kronos,Rachel.Pantanal@gastech.com.kronos; Lars.Azada@gastech.com.kronos; Felix.Balas@gastech.com.kronos; Isande.Borrasca@gastech.com.kronos; Axel.Calzas@gastech.com.kronos; Gustav.Cazar@gastech.com.kronos; Lidelse.Dedos@gastech.com.kronos; Birgitta.Frente@gastech.com.kronos; Vira.Frente@gastech.com.kronos; Adra.Nubarron@gastech.com.kronos; Marin.Onda@gastech.com.kronos; Kare.Orilla@gastech.com.kronos; Elsa.Orilla@gastech.com.kronos; Brand.Tempestad@gastech.com.kronos; Ingrid.Barranco@gastech.com.kronos; Ada.Campo-Corrente@gastech.com.kronos; Sten.Sanjorge Jr.@gastech.com.kronos; Orhan.Strum@gastech.com.kronos; Willem.Vasco-Pais@gastech.com.kronos; Bertrand.Ovan@gastech.com.kronos; Albina.Hafon@gastech.com.kronos; Benito.Hawelon@gastech.com.kronos; Claudio.Hawelon@gastech.com.kronos; Henk.Mies@gastech.com.kronos; Valeria.Morlun@gastech.com.kronos; Adan.Morlun@gastech.com.kronos; Cecilia.Morluniau@gastech.com.kronos; Irene.Nant@gastech.com.kronos; Dylan.Scozzese@gastech.com.kronos; Lucas.Alcazar@gastech.com.kronos; Isak.Baza@gastech.com.kronos; Linnea.Bergen@gastech.com.kronos; Nils.Calixto@gastech.com.kronos; Sven.Flecha@gastech.com.kronos; Hideki.Cocinaro@gastech.com.kronos; Inga.Ferro@gastech.com.kronos; Loreto.Bodrogi@gastech.com.kronos; Isia.Vann@gastech.com.kronos; Stenig.Fusil@gastech.com.kronos; Hennie.Osvaldo@gastech.com.kronos; Kanon.Herrero@gastech.com.kronos; Varja.Lagos@gastech.com.kronos; Minke.Mies@gastech.com.kronos; Felix.Resumir@gastech.com.kronos; Edvard.Vann@gastech.com.kronos; Emile.Arpa@gastech.com.kronos; Varro.Awelon@gastech.com.kronos; Mat.Bramar@gastech.com.kronos; Dante.Coginian@gastech.com.kronos; Carla.Forluniau@gastech.com.kronos; Linda.Lagos@gastech.com.kronos; Cornelia.Lais@gastech.com.kronos; Ruscella.Mies.Haber@gastech.com.kronos; Anda.Ribera@gastech.com.kronos,Rachel Pantanal; Lars Azada; Felix Balas; Isande Borrasca; Axel Calzas; Gustav Cazar; Lidelse Dedos; Birgitta Frente; Vira Frente; Adra Nubarron; Marin Onda; Kare Orilla; Elsa Orilla; Brand Tempestad; Ingrid Barranco; Ada Campo-Corrente; Sten Sanjorge Jr ; Orhan Strum; Willem Vasco-Pais; Bertrand Ovan; Albina Hafon; Benito Hawelon; Claudio Hawelon; Henk Mies; Valeria Morlun; Adan Morlun; Cecilia Morluniau; Irene Nant; Dylan Scozzese; Lucas Alcazar; Isak Baza; Linnea Bergen; Nils Calixto; Sven Flecha; Hideki Cocinaro; Inga Ferro; Loreto Bodrogi; Isia Vann; Stenig Fusil; Hennie Osvaldo; Kanon Herrero; Varja Lagos; Minke Mies; Felix Resumir; Edvard Vann; Emile Arpa; Varro Awelon; Mat Bramar; Dante Coginian; Carla Forluniau; Linda Lagos; Cornelia Lais; Ruscella Mies Haber; Anda Ribera,54,gastech.com.kronos,GAStech-Kronos,1/7/2014 17:02,2014-01-07 17:02,RE: Planning for staff picnic,Planning for staff picnic,
210,Lucas.Alcazar@gastech.com.kronos,Lucas Alcazar,gastech.com.kronos,GAStech-Kronos,Lucas.Alcazar@gastech.com.kronos; Isak.Baza@gastech.com.kronos; Nils.Calixto@gastech.com.kronos,Lucas Alcazar; Isak Baza; Nils Calixto,3,gastech.com.kronos,GAStech-Kronos,1/7/2014 17:08,2014-01-07 17:08,RE: GT-SeismicProcessorPro Bug Report,GT-SeismicProcessorPro Bug Report,
211,Nils.Calixto@gastech.com.kronos,Nils Calixto,gastech.com.kronos,GAStech-Kronos,Lucas.Alcazar@gastech.com.kronos; Isak.Baza@gastech.com.kronos; Nils.Calixto@gastech.com.kronos,Lucas Alcazar; Isak Baza; Nils Calixto,3,gastech.com.kronos,GAStech-Kronos,1/7/2014 17:09,2014-01-07 17:09,RE: GT-SeismicProcessorPro Bug Report,GT-SeismicProcessorPro Bug Report,
212,Ruscella.Mies.Haber@gastech.com.kronos,Ruscella Mies Haber,gastech.com.kronos,GAStech-Kronos,Mat.Bramar@gastech.com.kronos; Anda.Ribera@gastech.com.kronos; Rachel.Pantanal@gastech.com.kronos; Linda.Lagos@gastech.com.kronos; Ruscella.Mies.Haber@gastech.com.kronos; Carla.Forluniau@gastech.com.kronos; Cornelia.Lais@gastech.com.kronos,Mat Bramar; Anda Ribera; Rachel Pantanal; Linda Lagos; Ruscella Mies Haber; Carla Forluniau; Cornelia Lais,7,gastech.com.kronos,GAStech-Kronos,1/7/2014 17:19,2014-01-07 17:19,RE: Can someone cover for me next week?,Can someone cover for me next week?,
213,Elsa.Orilla@gastech.com.kronos,Elsa Orilla,gastech.com.kronos,GAStech-Kronos,Edvard.Vann@gastech.com.kronos,Edvard Vann,1,gastech.com.kronos,GAStech-Kronos,1/7/2014 17:22,2014-01-07 17:22,RE: Money for coffee fund,Money for coffee fund,
214,Stenig.Fusil@gastech.com.kronos,Stenig Fusil,gastech.com.kronos,GAStech-Kronos,Kanon.Herrero@gastech.com.kronos; Stenig.Fusil@gastech.com.kronos; Inga.Ferro@gastech.com.kronos; Hideki.Cocinaro@gastech.com.kronos; Hennie.Osvaldo@gastech.com.kronos; Felix.Resumir@gastech.com.kronos; Isia.Vann@gastech.com.kronos,Kanon Herrero; Stenig Fusil; Inga Ferro; Hideki Cocinaro; Hennie Osvaldo; Felix Resumir; Isia Vann,7,gastech.com.kronos,GAStech-Kronos,1/7/2014 17:22,2014-01-07 17:22,RE: Resolution of incident,Resolution of incident,
215,Lucas.Alcazar@gastech.com.kronos,Lucas Alcazar,gastech.com.kronos,GAStech-Kronos,Lucas.Alcazar@gastech.com.kronos; Sven.Flecha@gastech.com.kronos; Isak.Baza@gastech.com.kronos,Lucas Alcazar; Sven Flecha; Isak Baza,3,gastech.com.kronos,GAStech-Kronos,1/7/2014 17:23,2014-01-07 17:23,RE: GT-SeismicProcessorPro Bug Report,GT-SeismicProcessorPro Bug Report,
216,Linda.Lagos@gastech.com.kronos,Linda Lagos,gastech.com.kronos,GAStech-Kronos,Mat.Bramar@gastech.com.kronos; Anda.Ribera@gastech.com.kronos; Rachel.Pantanal@gastech.com.kronos; Linda.Lagos@gastech.com.kronos; Ruscella.Mies.Haber@gastech.com.kronos; Carla.Forluniau@gastech.com.kronos; Cornelia.Lais@gastech.com.kronos,Mat Bramar; Anda Ribera; Rachel Pantanal; Linda Lagos; Ruscella Mies Haber; Carla Forluniau; Cornelia Lais,7,gastech.com.kronos,GAStech-Kronos,1/7/2014 17:26,2014-01-07 17:26,RE: Catering?!?,Catering?!?,
217,Ruscella.Mies.Haber@gastech.com.kronos,Ruscella Mies Haber,gastech.com.kronos,GAStech-Kronos,Mat.Bramar@gastech.com.kronos; Anda.Ribera@gastech.com.kronos; Rachel.Pantanal@gastech.com.kronos; Linda.Lagos@gastech.com.kronos; Ruscella.Mies.Haber@gastech.com.kronos; Carla.Forluniau@gastech.com.kronos; Cornelia.Lais@gastech.com.kronos,Mat Bramar; Anda Ribera; Rachel Pantanal; Linda Lagos; Ruscella Mies Haber; Carla Forluniau; Cornelia Lais,7,gastech.com.kronos,GAStech-Kronos,1/7/2014 17:28,2014-01-07 17:28,RE: Can someone cover for me next week?,Can someone cover for me next week?,
218,Lucas.Alcazar@gastech.com.kronos,Lucas Alcazar,gastech.com.kronos,GAStech-Kronos,Isak.Baza@gastech.com.kronos; Lucas.Alcazar@gastech.com.kronos,Isak Baza; Lucas Alcazar,2,gastech.com.kronos,GAStech-Kronos,1/7/2014 17:28,2014-01-07 17:28,RE: GT-SeismicProcessorPro Bug Report,GT-SeismicProcessorPro Bug Report,
219,Ruscella.Mies.Haber@gastech.com.kronos,Ruscella Mies Haber,gastech.com.kronos,GAStech-Kronos,Mat.Bramar@gastech.com.kronos; Anda.Ribera@gastech.com.kronos; Rachel.Pantanal@gastech.com.kronos; Linda.Lagos@gastech.com.kronos; Ruscella.Mies.Haber@gastech.com.kronos; Carla.Forluniau@gastech.com.kronos; Cornelia.Lais@gastech.com.kronos,Mat Bramar; Anda Ribera; Rachel Pantanal; Linda Lagos; Ruscella Mies Haber; Carla Forluniau; Cornelia Lais,7,gastech.com.kronos,GAStech-Kronos,1/7/2014 17:33,2014-01-07 17:33,RE: Catering?!?,Catering?!?,
220,Edvard.Vann@gastech.com.kronos,Edvard Vann,gastech.com.kronos,GAStech-Kronos,Elsa.Orilla@gastech.com.kronos,Elsa Orilla,1,gastech.com.kronos,GAStech-Kronos,1/7/2014 17:34,2014-01-07 17:34,RE: Money for coffee fund,Money for coffee fund,
221,Lucas.Alcazar@gastech.com.kronos,Lucas Alcazar,gastech.com.kronos,GAStech-Kronos,Lucas.Alcazar@gastech.com.kronos; Sven.Flecha@gastech.com.kronos; Isak.Baza@gastech.com.kronos,Lucas Alcazar; Sven Flecha; Isak Baza,3,gastech.com.kronos,GAStech-Kronos,1/7/2014 17:41,2014-01-07 17:41,RE: GT-SeismicProcessorPro Bug Report,GT-SeismicProcessorPro Bug Report,
222,Albina.Hafon@gastech.com.kronos,Albina Hafon,gastech.com.kronos,GAStech-Kronos,Henk.Mies@gastech.com.kronos; Albina.Hafon@gastech.com.kronos,Henk Mies; Albina Hafon,2,gastech.com.kronos,GAStech-Kronos,1/7/2014 17:42,2014-01-07 17:42,RE: List of repairs needed,List of repairs needed,
223,Elsa.Orilla@gastech.com.kronos,Elsa Orilla,gastech.com.kronos,GAStech-Kronos,Edvard.Vann@gastech.com.kronos,Edvard Vann,1,gastech.com.kronos,GAStech-Kronos,1/7/2014 17:57,2014-01-07 17:57,RE: Money for coffee fund,Money for coffee fund,
224,Lucas.Alcazar@gastech.com.kronos,Lucas Alcazar,gastech.com.kronos,GAStech-Kronos,Lucas.Alcazar@gastech.com.kronos; Sven.Flecha@gastech.com.kronos; Isak.Baza@gastech.com.kronos,Lucas Alcazar; Sven Flecha; Isak Baza,3,gastech.com.kronos,GAStech-Kronos,1/7/2014 18:07,2014-01-07 18:07,RE: GT-SeismicProcessorPro Bug Report,GT-SeismicProcessorPro Bug Report,
225,Benito.Hawelon@gastech.com.kronos,Benito Hawelon,gastech.com.kronos,GAStech-Kronos,Dante.Coginian@gastech.com.kronos; Varro.Awelon@gastech.com.kronos; Albina.Hafon@gastech.com.kronos; Claudio.Hawelon@gastech.com.kronos,Dante Coginian; Varro Awelon; Albina Hafon; Claudio Hawelon,4,gastech.com.kronos,GAStech-Kronos,1/7/2014 18:11,2014-01-07 18:11,RE: Be Careful!,Be Careful!,
226,Dylan.Scozzese@gastech.com.kronos,Dylan Scozzese,gastech.com.kronos,GAStech-Kronos,Claudio.Hawelon@gastech.com.kronos; Dante.Coginian@gastech.com.kronos; Varro.Awelon@gastech.com.kronos; Valeria.Morlun@gastech.com.kronos; Dylan.Scozzese@gastech.com.kronos,Claudio Hawelon; Dante Coginian; Varro Awelon; Valeria Morlun; Dylan Scozzese,5,gastech.com.kronos,GAStech-Kronos,1/7/2014 18:31,2014-01-07 18:31,RE: Caution downtown,Caution downtown,
227,Henk.Mies@gastech.com.kronos,Henk Mies,gastech.com.kronos,GAStech-Kronos,Cecilia.Morluniau@gastech.com.kronos; Henk.Mies@gastech.com.kronos; Adan.Morlun@gastech.com.kronos; Emile.Arpa@gastech.com.kronos; Irene.Nant@gastech.com.kronos; Claudio.Hawelon@gastech.com.kronos; Benito.Hawelon@gastech.com.kronos; Dante.Coginian@gastech.com.kronos; Dylan.Scozzese@gastech.com.kronos; Albina.Hafon@gastech.com.kronos,Cecilia Morluniau; Henk Mies; Adan Morlun; Emile Arpa; Irene Nant; Claudio Hawelon; Benito Hawelon; Dante Coginian; Dylan Scozzese; Albina Hafon,10,gastech.com.kronos,GAStech-Kronos,1/7/2014 18:53,2014-01-07 18:53,RE: Be Careful!,Be Careful!,
228,Valeria.Morlun@gastech.com.kronos,Valeria Morlun,gastech.com.kronos,GAStech-Kronos,Claudio.Hawelon@gastech.com.kronos; Dante.Coginian@gastech.com.kronos; Varro.Awelon@gastech.com.kronos; Valeria.Morlun@gastech.com.kronos; Dylan.Scozzese@gastech.com.kronos,Claudio Hawelon; Dante Coginian; Varro Awelon; Valeria Morlun; Dylan Scozzese,5,gastech.com.kronos,GAStech-Kronos,1/7/2014 18:58,2014-01-07 18:58,RE: Caution downtown,Caution downtown,
229,Edvard.Vann@gastech.com.kronos,Edvard Vann,gastech.com.kronos,GAStech-Kronos,Elsa.Orilla@gastech.com.kronos,Elsa Orilla,1,gastech.com.kronos,GAStech-Kronos,1/7/2014 18:59,2014-01-07 18:59,RE: Money for coffee fund,Money for coffee fund,
230,Valeria.Morlun@gastech.com.kronos,Valeria Morlun,gastech.com.kronos,GAStech-Kronos,Claudio.Hawelon@gastech.com.kronos; Dante.Coginian@gastech.com.kronos; Varro.Awelon@gastech.com.kronos; Valeria.Morlun@gastech.com.kronos; Dylan.Scozzese@gastech.com.kronos,Claudio Hawelon; Dante Coginian; Varro Awelon; Valeria Morlun; Dylan Scozzese,5,gastech.com.kronos,GAStech-Kronos,1/7/2014 19:14,2014-01-07 19:14,RE: Caution downtown,Caution downtown,
231,Rachel.Pantanal@gastech.com.kronos,Rachel Pantanal,gastech.com.kronos,GAStech-Kronos,Mat.Bramar@gastech.com.kronos; Anda.Ribera@gastech.com.kronos; Rachel.Pantanal@gastech.com.kronos; Linda.Lagos@gastech.com.kronos; Ruscella.Mies.Haber@gastech.com.kronos; Carla.Forluniau@gastech.com.kronos; Cornelia.Lais@gastech.com.kronos,Mat Bramar; Anda Ribera; Rachel Pantanal; Linda Lagos; Ruscella Mies Haber; Carla Forluniau; Cornelia Lais,7,gastech.com.kronos,GAStech-Kronos,1/7/2014 20:17,2014-01-07 20:17,RE: Too funy - you have to see this...,Too funy - you have to see this...,
232,Orhan.Strum@gastech.com.kronos,Orhan Strum,gastech.com.kronos,GAStech-Kronos,Orhan.Strum@gastech.com.kronos; Sten.Sanjorge Jr.@gastech.com.tethys; Ada.Campo-Corrente@gastech.com.kronos,Orhan Strum; Sten Sanjorge Jr ; Ada Campo-Corrente,3,gastech.com.kronos; gastech.com.tethys,GAStech-Kronos; GAStech-Tethys,1/8/2014 8:23,2014-01-08 08:23,Impact of Kronos politics on upcoming rollout,Impact of Kronos politics on upcoming rollout,
233,Kanon.Herrero@gastech.com.kronos,Kanon Herrero,gastech.com.kronos,GAStech-Kronos,Irene.Nant@gastech.com.kronos,Irene Nant,1,gastech.com.kronos,GAStech-Kronos,1/8/2014 8:25,2014-01-08 08:25,No hurry,No hurry,
234,Sven.Flecha@gastech.com.kronos,Sven Flecha,gastech.com.kronos,GAStech-Kronos,Sven.Flecha@gastech.com.kronos; Isak.Baza@gastech.com.kronos; Nils.Calixto@gastech.com.kronos,Sven Flecha; Isak Baza; Nils Calixto,3,gastech.com.kronos,GAStech-Kronos,1/8/2014 8:49,2014-01-08 08:49,Staff still leaving computers unlocked when they leave at the day,Staff still leaving computers unlocked when they leave at the day,
235,Linda.Lagos@gastech.com.kronos,Linda Lagos,gastech.com.kronos,GAStech-Kronos,Mat.Bramar@gastech.com.kronos; Anda.Ribera@gastech.com.kronos; Rachel.Pantanal@gastech.com.kronos; Linda.Lagos@gastech.com.kronos; Ruscella.Mies.Haber@gastech.com.kronos; Carla.Forluniau@gastech.com.kronos; Cornelia.Lais@gastech.com.kronos,Mat Bramar; Anda Ribera; Rachel Pantanal; Linda Lagos; Ruscella Mies Haber; Carla Forluniau; Cornelia Lais,7,gastech.com.kronos,GAStech-Kronos,1/8/2014 9:00,2014-01-08 09:00,Babysitting recommendations,Babysitting recommendations,
236,Bertrand.Ovan@gastech.com.kronos,Bertrand Ovan,gastech.com.kronos,GAStech-Kronos,Adan.Morlun@gastech.com.kronos; Benito.Hawelon@gastech.com.kronos; Bertrand.Ovan@gastech.com.kronos; Varro.Awelon@gastech.com.kronos; Emile.Arpa@gastech.com.kronos; Dylan.Scozzese@gastech.com.kronos; Cecilia.Morluniau@gastech.com.kronos; Henk.Mies@gastech.com.kronos; Valeria.Morlun@gastech.com.kronos; Dante.Coginian@gastech.com.kronos; Irene.Nant@gastech.com.kronos; Albina.Hafon@gastech.com.kronos,Adan Morlun; Benito Hawelon; Bertrand Ovan; Varro Awelon; Emile Arpa; Dylan Scozzese; Cecilia Morluniau; Henk Mies; Valeria Morlun; Dante Coginian; Irene Nant; Albina Hafon,12,gastech.com.kronos,GAStech-Kronos,1/8/2014 9:17,2014-01-08 09:17,Union meeting,Union meeting,
237,Sten.Sanjorge Jr.@gastech.com.tethys,Sten Sanjorge Jr ,gastech.com.tethys,GAStech-Tethys,Orhan.Strum@gastech.com.kronos; Sten.Sanjorge Jr.@gastech.com.tethys; Ada.Campo-Corrente@gastech.com.kronos,Orhan Strum; Sten Sanjorge Jr ; Ada Campo-Corrente,3,gastech.com.kronos; gastech.com.tethys,GAStech-Kronos; GAStech-Tethys,1/8/2014 9:19,2014-01-08 09:19,RE: Impact of Kronos politics on upcoming rollout,Impact of Kronos politics on upcoming rollout,
238,Felix.Balas@gastech.com.kronos,Felix Balas,gastech.com.kronos,GAStech-Kronos,Isande.Borrasca@gastech.com.kronos; Lidelse.Dedos@gastech.com.kronos,Isande Borrasca; Lidelse Dedos,2,gastech.com.kronos,GAStech-Kronos,1/8/2014 9:39,2014-01-08 09:39,Downhole prediction 2522-00 - updated,Downhole prediction 2522-00 - updated,
239,Orhan.Strum@gastech.com.kronos,Orhan Strum,gastech.com.kronos,GAStech-Kronos,Orhan.Strum@gastech.com.kronos; Sten.Sanjorge Jr.@gastech.com.tethys; Ada.Campo-Corrente@gastech.com.kronos,Orhan Strum; Sten Sanjorge Jr ; Ada Campo-Corrente,3,gastech.com.kronos; gastech.com.tethys,GAStech-Kronos; GAStech-Tethys,1/8/2014 9:42,2014-01-08 09:42,RE: Impact of Kronos politics on upcoming rollout,Impact of Kronos politics on upcoming rollout,
240,Benito.Hawelon@gastech.com.kronos,Benito Hawelon,gastech.com.kronos,GAStech-Kronos,Elsa.Orilla@gastech.com.kronos,Elsa Orilla,1,gastech.com.kronos,GAStech-Kronos,1/8/2014 9:43,2014-01-08 09:43,Whos tracking the office pool,Whos tracking the office pool,
241,Lucas.Alcazar@gastech.com.kronos,Lucas Alcazar,gastech.com.kronos,GAStech-Kronos,Lucas.Alcazar@gastech.com.kronos; Sven.Flecha@gastech.com.kronos; Nils.Calixto@gastech.com.kronos,Lucas Alcazar; Sven Flecha; Nils Calixto,3,gastech.com.kronos,GAStech-Kronos,1/8/2014 9:48,2014-01-08 09:48,Anyone have a spare monitor?,Anyone have a spare monitor?,
242,Linnea.Bergen@gastech.com.kronos,Linnea Bergen,gastech.com.kronos,GAStech-Kronos,Axel.Calzas@gastech.com.kronos,Axel Calzas,1,gastech.com.kronos,GAStech-Kronos,1/8/2014 9:53,2014-01-08 09:53,Supplies,Supplies,
243,Ada.Campo-Corrente@gastech.com.kronos,Ada Campo-Corrente,gastech.com.kronos,GAStech-Kronos,Orhan.Strum@gastech.com.kronos; Sten.Sanjorge Jr.@gastech.com.tethys; Ada.Campo-Corrente@gastech.com.kronos,Orhan Strum; Sten Sanjorge Jr ; Ada Campo-Corrente,3,gastech.com.kronos; gastech.com.tethys,GAStech-Kronos; GAStech-Tethys,1/8/2014 9:54,2014-01-08 09:54,RE: Impact of Kronos politics on upcoming rollout,Impact of Kronos politics on upcoming rollout,
244,Mat.Bramar@gastech.com.kronos,Mat Bramar,gastech.com.kronos,GAStech-Kronos,Rachel.Pantanal@gastech.com.kronos; Lars.Azada@gastech.com.kronos; Felix.Balas@gastech.com.kronos; Isande.Borrasca@gastech.com.kronos; Axel.Calzas@gastech.com.kronos; Gustav.Cazar@gastech.com.kronos; Lidelse.Dedos@gastech.com.kronos; Birgitta.Frente@gastech.com.kronos; Vira.Frente@gastech.com.kronos; Adra.Nubarron@gastech.com.kronos; Marin.Onda@gastech.com.kronos; Kare.Orilla@gastech.com.kronos; Elsa.Orilla@gastech.com.kronos; Brand.Tempestad@gastech.com.kronos; Ingrid.Barranco@gastech.com.kronos; Ada.Campo-Corrente@gastech.com.kronos; Sten.Sanjorge Jr.@gastech.com.kronos; Orhan.Strum@gastech.com.kronos; Willem.Vasco-Pais@gastech.com.kronos; Bertrand.Ovan@gastech.com.kronos; Albina.Hafon@gastech.com.kronos; Benito.Hawelon@gastech.com.kronos; Claudio.Hawelon@gastech.com.kronos; Henk.Mies@gastech.com.kronos; Valeria.Morlun@gastech.com.kronos; Adan.Morlun@gastech.com.kronos; Cecilia.Morluniau@gastech.com.kronos; Irene.Nant@gastech.com.kronos; Dylan.Scozzese@gastech.com.kronos; Lucas.Alcazar@gastech.com.kronos; Isak.Baza@gastech.com.kronos; Linnea.Bergen@gastech.com.kronos; Nils.Calixto@gastech.com.kronos; Sven.Flecha@gastech.com.kronos; Hideki.Cocinaro@gastech.com.kronos; Inga.Ferro@gastech.com.kronos; Loreto.Bodrogi@gastech.com.kronos; Isia.Vann@gastech.com.kronos; Stenig.Fusil@gastech.com.kronos; Hennie.Osvaldo@gastech.com.kronos; Kanon.Herrero@gastech.com.kronos; Varja.Lagos@gastech.com.kronos; Minke.Mies@gastech.com.kronos; Felix.Resumir@gastech.com.kronos; Edvard.Vann@gastech.com.kronos; Emile.Arpa@gastech.com.kronos; Varro.Awelon@gastech.com.kronos; Mat.Bramar@gastech.com.kronos; Dante.Coginian@gastech.com.kronos; Carla.Forluniau@gastech.com.kronos; Linda.Lagos@gastech.com.kronos; Cornelia.Lais@gastech.com.kronos; Ruscella.Mies.Haber@gastech.com.kronos; Anda.Ribera@gastech.com.kronos,Rachel Pantanal; Lars Azada; Felix Balas; Isande Borrasca; Axel Calzas; Gustav Cazar; Lidelse Dedos; Birgitta Frente; Vira Frente; Adra Nubarron; Marin Onda; Kare Orilla; Elsa Orilla; Brand Tempestad; Ingrid Barranco; Ada Campo-Corrente; Sten Sanjorge Jr ; Orhan Strum; Willem Vasco-Pais; Bertrand Ovan; Albina Hafon; Benito Hawelon; Claudio Hawelon; Henk Mies; Valeria Morlun; Adan Morlun; Cecilia Morluniau; Irene Nant; Dylan Scozzese; Lucas Alcazar; Isak Baza; Linnea Bergen; Nils Calixto; Sven Flecha; Hideki Cocinaro; Inga Ferro; Loreto Bodrogi; Isia Vann; Stenig Fusil; Hennie Osvaldo; Kanon Herrero; Varja Lagos; Minke Mies; Felix Resumir; Edvard Vann; Emile Arpa; Varro Awelon; Mat Bramar; Dante Coginian; Carla Forluniau; Linda Lagos; Cornelia Lais; Ruscella Mies Haber; Anda Ribera,54,gastech.com.kronos,GAStech-Kronos,1/8/2014 10:12,2014-01-08 10:12,Paid holiday reminders,Paid holiday reminders,
245,Sten.Sanjorge Jr.@gastech.com.tethys,Sten Sanjorge Jr ,gastech.com.tethys,GAStech-Tethys,Ada.Campo-Corrente@gastech.com.kronos; Ingrid.Barranco@gastech.com.kronos,Ada Campo-Corrente; Ingrid Barranco,2,gastech.com.kronos,GAStech-Kronos,1/8/2014 10:13,2014-01-08 10:13,Suggest topics for upcoming retreat,Suggest topics for upcoming retreat,
246,Sten.Sanjorge Jr.@gastech.com.tethys,Sten Sanjorge Jr ,gastech.com.tethys,GAStech-Tethys,Orhan.Strum@gastech.com.kronos; Sten.Sanjorge Jr.@gastech.com.tethys; Ada.Campo-Corrente@gastech.com.kronos,Orhan Strum; Sten Sanjorge Jr ; Ada Campo-Corrente,3,gastech.com.kronos; gastech.com.tethys,GAStech-Kronos; GAStech-Tethys,1/8/2014 10:25,2014-01-08 10:25,RE: Impact of Kronos politics on upcoming rollout,Impact of Kronos politics on upcoming rollout,
247,Sten.Sanjorge Jr.@gastech.com.tethys,Sten Sanjorge Jr ,gastech.com.tethys,GAStech-Tethys,Willem.Vasco-Pais@gastech.com.kronos; Orhan.Strum@gastech.com.kronos,Willem Vasco-Pais; Orhan Strum,2,gastech.com.kronos,GAStech-Kronos,1/8/2014 10:53,2014-01-08 10:53,Vistors from Tethys,Vistors from Tethys,
248,Ingrid.Barranco@gastech.com.kronos,Ingrid Barranco,gastech.com.kronos,GAStech-Kronos,Ada.Campo-Corrente@gastech.com.kronos; Ingrid.Barranco@gastech.com.kronos,Ada Campo-Corrente; Ingrid Barranco,2,gastech.com.kronos,GAStech-Kronos,1/8/2014 10:59,2014-01-08 10:59,RE: Suggest topics for upcoming retreat,Suggest topics for upcoming retreat,
249,Ada.Campo-Corrente@gastech.com.kronos,Ada Campo-Corrente,gastech.com.kronos,GAStech-Kronos,Orhan.Strum@gastech.com.kronos; Sten.Sanjorge Jr.@gastech.com.tethys; Ada.Campo-Corrente@gastech.com.kronos,Orhan Strum; Sten Sanjorge Jr ; Ada Campo-Corrente,3,gastech.com.kronos; gastech.com.tethys,GAStech-Kronos; GAStech-Tethys,1/8/2014 11:02,2014-01-08 11:02,RE: Impact of Kronos politics on upcoming rollout,Impact of Kronos politics on upcoming rollout,
250,Stenig.Fusil@gastech.com.kronos,Stenig Fusil,gastech.com.kronos,GAStech-Kronos,Varja.Lagos@gastech.com.kronos,Varja Lagos,1,gastech.com.kronos,GAStech-Kronos,1/8/2014 11:31,2014-01-08 11:31,Awwww- cute!,Awwww- cute!,
251,Adan.Morlun@gastech.com.kronos,Adan Morlun,gastech.com.kronos,GAStech-Kronos,Adan.Morlun@gastech.com.kronos; Benito.Hawelon@gastech.com.kronos; Bertrand.Ovan@gastech.com.kronos; Varro.Awelon@gastech.com.kronos; Emile.Arpa@gastech.com.kronos; Dylan.Scozzese@gastech.com.kronos; Cecilia.Morluniau@gastech.com.kronos; Henk.Mies@gastech.com.kronos; Valeria.Morlun@gastech.com.kronos; Dante.Coginian@gastech.com.kronos; Irene.Nant@gastech.com.kronos; Albina.Hafon@gastech.com.kronos,Adan Morlun; Benito Hawelon; Bertrand Ovan; Varro Awelon; Emile Arpa; Dylan Scozzese; Cecilia Morluniau; Henk Mies; Valeria Morlun; Dante Coginian; Irene Nant; Albina Hafon,12,gastech.com.kronos,GAStech-Kronos,1/8/2014 11:32,2014-01-08 11:32,RE: Union meeting,Union meeting,
252,Orhan.Strum@gastech.com.kronos,Orhan Strum,gastech.com.kronos,GAStech-Kronos,Willem.Vasco-Pais@gastech.com.kronos; Orhan.Strum@gastech.com.kronos,Willem Vasco-Pais; Orhan Strum,2,gastech.com.kronos,GAStech-Kronos,1/8/2014 11:35,2014-01-08 11:35,RE: Vistors from Tethys,Vistors from Tethys,
253,Sven.Flecha@gastech.com.kronos,Sven Flecha,gastech.com.kronos,GAStech-Kronos,Lucas.Alcazar@gastech.com.kronos; Sven.Flecha@gastech.com.kronos; Nils.Calixto@gastech.com.kronos,Lucas Alcazar; Sven Flecha; Nils Calixto,3,gastech.com.kronos,GAStech-Kronos,1/8/2014 11:44,2014-01-08 11:44,RE: Anyone have a spare monitor?,Anyone have a spare monitor?,
254,Sten.Sanjorge Jr.@gastech.com.tethys,Sten Sanjorge Jr ,gastech.com.tethys,GAStech-Tethys,Orhan.Strum@gastech.com.kronos; Sten.Sanjorge Jr.@gastech.com.tethys; Ada.Campo-Corrente@gastech.com.kronos,Orhan Strum; Sten Sanjorge Jr ; Ada Campo-Corrente,3,gastech.com.kronos; gastech.com.tethys,GAStech-Kronos; GAStech-Tethys,1/8/2014 11:45,2014-01-08 11:45,RE: Impact of Kronos politics on upcoming rollout,Impact of Kronos politics on upcoming rollout,
255,Rachel.Pantanal@gastech.com.kronos,Rachel Pantanal,gastech.com.kronos,GAStech-Kronos,Mat.Bramar@gastech.com.kronos; Anda.Ribera@gastech.com.kronos; Rachel.Pantanal@gastech.com.kronos; Linda.Lagos@gastech.com.kronos; Ruscella.Mies.Haber@gastech.com.kronos; Carla.Forluniau@gastech.com.kronos; Cornelia.Lais@gastech.com.kronos,Mat Bramar; Anda Ribera; Rachel Pantanal; Linda Lagos; Ruscella Mies Haber; Carla Forluniau; Cornelia Lais,7,gastech.com.kronos,GAStech-Kronos,1/8/2014 11:49,2014-01-08 11:49,Question - new travel forms,Question - new travel forms,
256,Albina.Hafon@gastech.com.kronos,Albina Hafon,gastech.com.kronos,GAStech-Kronos,Adan.Morlun@gastech.com.kronos; Benito.Hawelon@gastech.com.kronos; Bertrand.Ovan@gastech.com.kronos; Varro.Awelon@gastech.com.kronos; Emile.Arpa@gastech.com.kronos; Dylan.Scozzese@gastech.com.kronos; Cecilia.Morluniau@gastech.com.kronos; Henk.Mies@gastech.com.kronos; Valeria.Morlun@gastech.com.kronos; Dante.Coginian@gastech.com.kronos; Irene.Nant@gastech.com.kronos; Albina.Hafon@gastech.com.kronos,Adan Morlun; Benito Hawelon; Bertrand Ovan; Varro Awelon; Emile Arpa; Dylan Scozzese; Cecilia Morluniau; Henk Mies; Valeria Morlun; Dante Coginian; Irene Nant; Albina Hafon,12,gastech.com.kronos,GAStech-Kronos,1/8/2014 11:50,2014-01-08 11:50,RE: Union meeting,Union meeting,
257,Ingrid.Barranco@gastech.com.kronos,Ingrid Barranco,gastech.com.kronos,GAStech-Kronos,Ada.Campo-Corrente@gastech.com.kronos; Ingrid.Barranco@gastech.com.kronos,Ada Campo-Corrente; Ingrid Barranco,2,gastech.com.kronos,GAStech-Kronos,1/8/2014 11:53,2014-01-08 11:53,RE: Suggest topics for upcoming retreat,Suggest topics for upcoming retreat,
258,Ada.Campo-Corrente@gastech.com.kronos,Ada Campo-Corrente,gastech.com.kronos,GAStech-Kronos,Orhan.Strum@gastech.com.kronos; Sten.Sanjorge Jr.@gastech.com.tethys; Ada.Campo-Corrente@gastech.com.kronos,Orhan Strum; Sten Sanjorge Jr ; Ada Campo-Corrente,3,gastech.com.kronos; gastech.com.tethys,GAStech-Kronos; GAStech-Tethys,1/8/2014 11:53,2014-01-08 11:53,RE: Impact of Kronos politics on upcoming rollout,Impact of Kronos politics on upcoming rollout,
259,Cecilia.Morluniau@gastech.com.kronos,Cecilia Morluniau,gastech.com.kronos,GAStech-Kronos,Adan.Morlun@gastech.com.kronos; Henk.Mies@gastech.com.kronos; Benito.Hawelon@gastech.com.kronos,Adan Morlun; Henk Mies; Benito Hawelon,3,gastech.com.kronos,GAStech-Kronos,1/8/2014 11:58,2014-01-08 11:58,Caution downtown,Caution downtown,
260,Nils.Calixto@gastech.com.kronos,Nils Calixto,gastech.com.kronos,GAStech-Kronos,Lucas.Alcazar@gastech.com.kronos; Sven.Flecha@gastech.com.kronos; Nils.Calixto@gastech.com.kronos,Lucas Alcazar; Sven Flecha; Nils Calixto,3,gastech.com.kronos,GAStech-Kronos,1/8/2014 12:05,2014-01-08 12:05,RE: Anyone have a spare monitor?,Anyone have a spare monitor?,
261,Lucas.Alcazar@gastech.com.kronos,Lucas Alcazar,gastech.com.kronos,GAStech-Kronos,Lucas.Alcazar@gastech.com.kronos; Sven.Flecha@gastech.com.kronos; Nils.Calixto@gastech.com.kronos,Lucas Alcazar; Sven Flecha; Nils Calixto,3,gastech.com.kronos,GAStech-Kronos,1/8/2014 12:06,2014-01-08 12:06,RE: Anyone have a spare monitor?,Anyone have a spare monitor?,
262,Isak.Baza@gastech.com.kronos,Isak Baza,gastech.com.kronos,GAStech-Kronos,Sven.Flecha@gastech.com.kronos; Isak.Baza@gastech.com.kronos; Nils.Calixto@gastech.com.kronos,Sven Flecha; Isak Baza; Nils Calixto,3,gastech.com.kronos,GAStech-Kronos,1/8/2014 12:08,2014-01-08 12:08,RE: Staff still leaving computers unlocked when they leave at the day,Staff still leaving computers unlocked when they leave at the day,
263,Cornelia.Lais@gastech.com.kronos,Cornelia Lais,gastech.com.kronos,GAStech-Kronos,Mat.Bramar@gastech.com.kronos; Anda.Ribera@gastech.com.kronos; Rachel.Pantanal@gastech.com.kronos; Linda.Lagos@gastech.com.kronos; Ruscella.Mies.Haber@gastech.com.kronos; Carla.Forluniau@gastech.com.kronos; Cornelia.Lais@gastech.com.kronos,Mat Bramar; Anda Ribera; Rachel Pantanal; Linda Lagos; Ruscella Mies Haber; Carla Forluniau; Cornelia Lais,7,gastech.com.kronos,GAStech-Kronos,1/8/2014 12:16,2014-01-08 12:16,RE: Babysitting recommendations,Babysitting recommendations,
264,Nils.Calixto@gastech.com.kronos,Nils Calixto,gastech.com.kronos,GAStech-Kronos,Sven.Flecha@gastech.com.kronos; Isak.Baza@gastech.com.kronos; Nils.Calixto@gastech.com.kronos,Sven Flecha; Isak Baza; Nils Calixto,3,gastech.com.kronos,GAStech-Kronos,1/8/2014 12:21,2014-01-08 12:21,RE: Staff still leaving computers unlocked when they leave at the day,Staff still leaving computers unlocked when they leave at the day,
265,Adan.Morlun@gastech.com.kronos,Adan Morlun,gastech.com.kronos,GAStech-Kronos,Adan.Morlun@gastech.com.kronos; Benito.Hawelon@gastech.com.kronos; Bertrand.Ovan@gastech.com.kronos; Varro.Awelon@gastech.com.kronos; Emile.Arpa@gastech.com.kronos; Dylan.Scozzese@gastech.com.kronos; Cecilia.Morluniau@gastech.com.kronos; Henk.Mies@gastech.com.kronos; Valeria.Morlun@gastech.com.kronos; Dante.Coginian@gastech.com.kronos; Irene.Nant@gastech.com.kronos; Albina.Hafon@gastech.com.kronos,Adan Morlun; Benito Hawelon; Bertrand Ovan; Varro Awelon; Emile Arpa; Dylan Scozzese; Cecilia Morluniau; Henk Mies; Valeria Morlun; Dante Coginian; Irene Nant; Albina Hafon,12,gastech.com.kronos,GAStech-Kronos,1/8/2014 12:25,2014-01-08 12:25,RE: Union meeting,Union meeting,
266,Elsa.Orilla@gastech.com.kronos,Elsa Orilla,gastech.com.kronos,GAStech-Kronos,Benito.Hawelon@gastech.com.kronos,Benito Hawelon,1,gastech.com.kronos,GAStech-Kronos,1/8/2014 12:29,2014-01-08 12:29,RE: Whos tracking the office pool,Whos tracking the office pool,
267,Henk.Mies@gastech.com.kronos,Henk Mies,gastech.com.kronos,GAStech-Kronos,Adan.Morlun@gastech.com.kronos; Benito.Hawelon@gastech.com.kronos; Bertrand.Ovan@gastech.com.kronos; Varro.Awelon@gastech.com.kronos; Emile.Arpa@gastech.com.kronos; Dylan.Scozzese@gastech.com.kronos; Cecilia.Morluniau@gastech.com.kronos; Henk.Mies@gastech.com.kronos; Valeria.Morlun@gastech.com.kronos; Dante.Coginian@gastech.com.kronos; Irene.Nant@gastech.com.kronos; Albina.Hafon@gastech.com.kronos,Adan Morlun; Benito Hawelon; Bertrand Ovan; Varro Awelon; Emile Arpa; Dylan Scozzese; Cecilia Morluniau; Henk Mies; Valeria Morlun; Dante Coginian; Irene Nant; Albina Hafon,12,gastech.com.kronos,GAStech-Kronos,1/8/2014 12:37,2014-01-08 12:37,RE: Union meeting,Union meeting,
268,Ada.Campo-Corrente@gastech.com.kronos,Ada Campo-Corrente,gastech.com.kronos,GAStech-Kronos,Ada.Campo-Corrente@gastech.com.kronos; Ingrid.Barranco@gastech.com.kronos,Ada Campo-Corrente; Ingrid Barranco,2,gastech.com.kronos,GAStech-Kronos,1/8/2014 12:44,2014-01-08 12:44,RE: Suggest topics for upcoming retreat,Suggest topics for upcoming retreat,
269,Orhan.Strum@gastech.com.kronos,Orhan Strum,gastech.com.kronos,GAStech-Kronos,Willem.Vasco-Pais@gastech.com.kronos; Orhan.Strum@gastech.com.kronos,Willem Vasco-Pais; Orhan Strum,2,gastech.com.kronos,GAStech-Kronos,1/8/2014 12:52,2014-01-08 12:52,RE: Vistors from Tethys,Vistors from Tethys,
270,Lidelse.Dedos@gastech.com.kronos,Lidelse Dedos,gastech.com.kronos,GAStech-Kronos,Isande.Borrasca@gastech.com.kronos; Lidelse.Dedos@gastech.com.kronos,Isande Borrasca; Lidelse Dedos,2,gastech.com.kronos,GAStech-Kronos,1/8/2014 12:57,2014-01-08 12:57,RE: Downhole prediction 2522-00 - updated,Downhole prediction 2522-00 - updated,
271,Ada.Campo-Corrente@gastech.com.kronos,Ada Campo-Corrente,gastech.com.kronos,GAStech-Kronos,Ada.Campo-Corrente@gastech.com.kronos; Ingrid.Barranco@gastech.com.kronos,Ada Campo-Corrente; Ingrid Barranco,2,gastech.com.kronos,GAStech-Kronos,1/8/2014 12:58,2014-01-08 12:58,RE: Suggest topics for upcoming retreat,Suggest topics for upcoming retreat,
272,Benito.Hawelon@gastech.com.kronos,Benito Hawelon,gastech.com.kronos,GAStech-Kronos,Elsa.Orilla@gastech.com.kronos,Elsa Orilla,1,gastech.com.kronos,GAStech-Kronos,1/8/2014 13:06,2014-01-08 13:06,RE: Whos tracking the office pool,Whos tracking the office pool,
273,Elsa.Orilla@gastech.com.kronos,Elsa Orilla,gastech.com.kronos,GAStech-Kronos,Benito.Hawelon@gastech.com.kronos,Benito Hawelon,1,gastech.com.kronos,GAStech-Kronos,1/8/2014 13:07,2014-01-08 13:07,RE: Whos tracking the office pool,Whos tracking the office pool,
274,Benito.Hawelon@gastech.com.kronos,Benito Hawelon,gastech.com.kronos,GAStech-Kronos,Elsa.Orilla@gastech.com.kronos,Elsa Orilla,1,gastech.com.kronos,GAStech-Kronos,1/8/2014 13:10,2014-01-08 13:10,RE: Whos tracking the office pool,Whos tracking the office pool,
275,Varja.Lagos@gastech.com.kronos,Varja Lagos,gastech.com.kronos,GAStech-Kronos,Stenig.Fusil@gastech.com.kronos,Stenig Fusil,1,gastech.com.kronos,GAStech-Kronos,1/8/2014 13:17,2014-01-08 13:17,RE: Awwww- cute!,Awwww- cute!,
276,Mat.Bramar@gastech.com.kronos,Mat Bramar,gastech.com.kronos,GAStech-Kronos,Rachel.Pantanal@gastech.com.kronos; Lars.Azada@gastech.com.kronos; Felix.Balas@gastech.com.kronos; Isande.Borrasca@gastech.com.kronos; Axel.Calzas@gastech.com.kronos; Gustav.Cazar@gastech.com.kronos; Lidelse.Dedos@gastech.com.kronos; Birgitta.Frente@gastech.com.kronos; Vira.Frente@gastech.com.kronos; Adra.Nubarron@gastech.com.kronos; Marin.Onda@gastech.com.kronos; Kare.Orilla@gastech.com.kronos; Elsa.Orilla@gastech.com.kronos; Brand.Tempestad@gastech.com.kronos; Ingrid.Barranco@gastech.com.kronos; Ada.Campo-Corrente@gastech.com.kronos; Sten.Sanjorge Jr.@gastech.com.kronos; Orhan.Strum@gastech.com.kronos; Willem.Vasco-Pais@gastech.com.kronos; Bertrand.Ovan@gastech.com.kronos; Albina.Hafon@gastech.com.kronos; Benito.Hawelon@gastech.com.kronos; Claudio.Hawelon@gastech.com.kronos; Henk.Mies@gastech.com.kronos; Valeria.Morlun@gastech.com.kronos; Adan.Morlun@gastech.com.kronos; Cecilia.Morluniau@gastech.com.kronos; Irene.Nant@gastech.com.kronos; Dylan.Scozzese@gastech.com.kronos; Lucas.Alcazar@gastech.com.kronos; Isak.Baza@gastech.com.kronos; Linnea.Bergen@gastech.com.kronos; Nils.Calixto@gastech.com.kronos; Sven.Flecha@gastech.com.kronos; Hideki.Cocinaro@gastech.com.kronos; Inga.Ferro@gastech.com.kronos; Loreto.Bodrogi@gastech.com.kronos; Isia.Vann@gastech.com.kronos; Stenig.Fusil@gastech.com.kronos; Hennie.Osvaldo@gastech.com.kronos; Kanon.Herrero@gastech.com.kronos; Varja.Lagos@gastech.com.kronos; Minke.Mies@gastech.com.kronos; Felix.Resumir@gastech.com.kronos; Edvard.Vann@gastech.com.kronos; Emile.Arpa@gastech.com.kronos; Varro.Awelon@gastech.com.kronos; Mat.Bramar@gastech.com.kronos; Dante.Coginian@gastech.com.kronos; Carla.Forluniau@gastech.com.kronos; Linda.Lagos@gastech.com.kronos; Cornelia.Lais@gastech.com.kronos; Ruscella.Mies.Haber@gastech.com.kronos; Anda.Ribera@gastech.com.kronos,Rachel Pantanal; Lars Azada; Felix Balas; Isande Borrasca; Axel Calzas; Gustav Cazar; Lidelse Dedos; Birgitta Frente; Vira Frente; Adra Nubarron; Marin Onda; Kare Orilla; Elsa Orilla; Brand Tempestad; Ingrid Barranco; Ada Campo-Corrente; Sten Sanjorge Jr ; Orhan Strum; Willem Vasco-Pais; Bertrand Ovan; Albina Hafon; Benito Hawelon; Claudio Hawelon; Henk Mies; Valeria Morlun; Adan Morlun; Cecilia Morluniau; Irene Nant; Dylan Scozzese; Lucas Alcazar; Isak Baza; Linnea Bergen; Nils Calixto; Sven Flecha; Hideki Cocinaro; Inga Ferro; Loreto Bodrogi; Isia Vann; Stenig Fusil; Hennie Osvaldo; Kanon Herrero; Varja Lagos; Minke Mies; Felix Resumir; Edvard Vann; Emile Arpa; Varro Awelon; Mat Bramar; Dante Coginian; Carla Forluniau; Linda Lagos; Cornelia Lais; Ruscella Mies Haber; Anda Ribera,54,gastech.com.kronos,GAStech-Kronos,1/8/2014 13:22,2014-01-08 13:22,Parking lottery winners,Parking lottery winners,
277,Cornelia.Lais@gastech.com.kronos,Cornelia Lais,gastech.com.kronos,GAStech-Kronos,Mat.Bramar@gastech.com.kronos; Anda.Ribera@gastech.com.kronos; Rachel.Pantanal@gastech.com.kronos; Linda.Lagos@gastech.com.kronos; Ruscella.Mies.Haber@gastech.com.kronos; Carla.Forluniau@gastech.com.kronos; Cornelia.Lais@gastech.com.kronos,Mat Bramar; Anda Ribera; Rachel Pantanal; Linda Lagos; Ruscella Mies Haber; Carla Forluniau; Cornelia Lais,7,gastech.com.kronos,GAStech-Kronos,1/8/2014 13:26,2014-01-08 13:26,RE: Babysitting recommendations,Babysitting recommendations,
278,Lucas.Alcazar@gastech.com.kronos,Lucas Alcazar,gastech.com.kronos,GAStech-Kronos,Lucas.Alcazar@gastech.com.kronos; Sven.Flecha@gastech.com.kronos; Nils.Calixto@gastech.com.kronos,Lucas Alcazar; Sven Flecha; Nils Calixto,3,gastech.com.kronos,GAStech-Kronos,1/8/2014 13:50,2014-01-08 13:50,RE: Anyone have a spare monitor?,Anyone have a spare monitor?,
279,Mat.Bramar@gastech.com.kronos,Mat Bramar,gastech.com.kronos,GAStech-Kronos,Rachel.Pantanal@gastech.com.kronos; Lars.Azada@gastech.com.kronos; Felix.Balas@gastech.com.kronos; Isande.Borrasca@gastech.com.kronos; Axel.Calzas@gastech.com.kronos; Gustav.Cazar@gastech.com.kronos; Lidelse.Dedos@gastech.com.kronos; Birgitta.Frente@gastech.com.kronos; Vira.Frente@gastech.com.kronos; Adra.Nubarron@gastech.com.kronos; Marin.Onda@gastech.com.kronos; Kare.Orilla@gastech.com.kronos; Elsa.Orilla@gastech.com.kronos; Brand.Tempestad@gastech.com.kronos; Ingrid.Barranco@gastech.com.kronos; Ada.Campo-Corrente@gastech.com.kronos; Sten.Sanjorge Jr.@gastech.com.kronos; Orhan.Strum@gastech.com.kronos; Willem.Vasco-Pais@gastech.com.kronos; Bertrand.Ovan@gastech.com.kronos; Albina.Hafon@gastech.com.kronos; Benito.Hawelon@gastech.com.kronos; Claudio.Hawelon@gastech.com.kronos; Henk.Mies@gastech.com.kronos; Valeria.Morlun@gastech.com.kronos; Adan.Morlun@gastech.com.kronos; Cecilia.Morluniau@gastech.com.kronos; Irene.Nant@gastech.com.kronos; Dylan.Scozzese@gastech.com.kronos; Lucas.Alcazar@gastech.com.kronos; Isak.Baza@gastech.com.kronos; Linnea.Bergen@gastech.com.kronos; Nils.Calixto@gastech.com.kronos; Sven.Flecha@gastech.com.kronos; Hideki.Cocinaro@gastech.com.kronos; Inga.Ferro@gastech.com.kronos; Loreto.Bodrogi@gastech.com.kronos; Isia.Vann@gastech.com.kronos; Stenig.Fusil@gastech.com.kronos; Hennie.Osvaldo@gastech.com.kronos; Kanon.Herrero@gastech.com.kronos; Varja.Lagos@gastech.com.kronos; Minke.Mies@gastech.com.kronos; Felix.Resumir@gastech.com.kronos; Edvard.Vann@gastech.com.kronos; Emile.Arpa@gastech.com.kronos; Varro.Awelon@gastech.com.kronos; Mat.Bramar@gastech.com.kronos; Dante.Coginian@gastech.com.kronos; Carla.Forluniau@gastech.com.kronos; Linda.Lagos@gastech.com.kronos; Cornelia.Lais@gastech.com.kronos; Ruscella.Mies.Haber@gastech.com.kronos; Anda.Ribera@gastech.com.kronos,Rachel Pantanal; Lars Azada; Felix Balas; Isande Borrasca; Axel Calzas; Gustav Cazar; Lidelse Dedos; Birgitta Frente; Vira Frente; Adra Nubarron; Marin Onda; Kare Orilla; Elsa Orilla; Brand Tempestad; Ingrid Barranco; Ada Campo-Corrente; Sten Sanjorge Jr ; Orhan Strum; Willem Vasco-Pais; Bertrand Ovan; Albina Hafon; Benito Hawelon; Claudio Hawelon; Henk Mies; Valeria Morlun; Adan Morlun; Cecilia Morluniau; Irene Nant; Dylan Scozzese; Lucas Alcazar; Isak Baza; Linnea Bergen; Nils Calixto; Sven Flecha; Hideki Cocinaro; Inga Ferro; Loreto Bodrogi; Isia Vann; Stenig Fusil; Hennie Osvaldo; Kanon Herrero; Varja Lagos; Minke Mies; Felix Resumir; Edvard Vann; Emile Arpa; Varro Awelon; Mat Bramar; Dante Coginian; Carla Forluniau; Linda Lagos; Cornelia Lais; Ruscella Mies Haber; Anda Ribera,54,gastech.com.kronos,GAStech-Kronos,1/8/2014 13:57,2014-01-08 13:57,Vacation donation request,Vacation donation request,
280,Orhan.Strum@gastech.com.kronos,Orhan Strum,gastech.com.kronos,GAStech-Kronos,Willem.Vasco-Pais@gastech.com.kronos; Orhan.Strum@gastech.com.kronos,Willem Vasco-Pais; Orhan Strum,2,gastech.com.kronos,GAStech-Kronos,1/8/2014 14:07,2014-01-08 14:07,RE: Vistors from Tethys,Vistors from Tethys,
281,Henk.Mies@gastech.com.kronos,Henk Mies,gastech.com.kronos,GAStech-Kronos,Adan.Morlun@gastech.com.kronos; Benito.Hawelon@gastech.com.kronos; Bertrand.Ovan@gastech.com.kronos; Varro.Awelon@gastech.com.kronos; Emile.Arpa@gastech.com.kronos; Dylan.Scozzese@gastech.com.kronos; Cecilia.Morluniau@gastech.com.kronos; Henk.Mies@gastech.com.kronos; Valeria.Morlun@gastech.com.kronos; Dante.Coginian@gastech.com.kronos; Irene.Nant@gastech.com.kronos; Albina.Hafon@gastech.com.kronos,Adan Morlun; Benito Hawelon; Bertrand Ovan; Varro Awelon; Emile Arpa; Dylan Scozzese; Cecilia Morluniau; Henk Mies; Valeria Morlun; Dante Coginian; Irene Nant; Albina Hafon,12,gastech.com.kronos,GAStech-Kronos,1/8/2014 14:12,2014-01-08 14:12,RE: Union meeting,Union meeting,
282,Stenig.Fusil@gastech.com.kronos,Stenig Fusil,gastech.com.kronos,GAStech-Kronos,Varja.Lagos@gastech.com.kronos,Varja Lagos,1,gastech.com.kronos,GAStech-Kronos,1/8/2014 14:14,2014-01-08 14:14,RE: Awwww- cute!,Awwww- cute!,
283,Linda.Lagos@gastech.com.kronos,Linda Lagos,gastech.com.kronos,GAStech-Kronos,Mat.Bramar@gastech.com.kronos; Anda.Ribera@gastech.com.kronos; Rachel.Pantanal@gastech.com.kronos; Linda.Lagos@gastech.com.kronos; Ruscella.Mies.Haber@gastech.com.kronos; Carla.Forluniau@gastech.com.kronos; Cornelia.Lais@gastech.com.kronos,Mat Bramar; Anda Ribera; Rachel Pantanal; Linda Lagos; Ruscella Mies Haber; Carla Forluniau; Cornelia Lais,7,gastech.com.kronos,GAStech-Kronos,1/8/2014 14:18,2014-01-08 14:18,RE: Question - new travel forms,Question - new travel forms,
284,Ruscella.Mies.Haber@gastech.com.kronos,Ruscella Mies Haber,gastech.com.kronos,GAStech-Kronos,Rachel.Pantanal@gastech.com.kronos; Lars.Azada@gastech.com.kronos; Felix.Balas@gastech.com.kronos; Isande.Borrasca@gastech.com.kronos; Axel.Calzas@gastech.com.kronos; Gustav.Cazar@gastech.com.kronos; Lidelse.Dedos@gastech.com.kronos; Birgitta.Frente@gastech.com.kronos; Vira.Frente@gastech.com.kronos; Adra.Nubarron@gastech.com.kronos; Marin.Onda@gastech.com.kronos; Kare.Orilla@gastech.com.kronos; Elsa.Orilla@gastech.com.kronos; Brand.Tempestad@gastech.com.kronos; Ingrid.Barranco@gastech.com.kronos; Ada.Campo-Corrente@gastech.com.kronos; Sten.Sanjorge Jr.@gastech.com.kronos; Orhan.Strum@gastech.com.kronos; Willem.Vasco-Pais@gastech.com.kronos; Bertrand.Ovan@gastech.com.kronos; Albina.Hafon@gastech.com.kronos; Benito.Hawelon@gastech.com.kronos; Claudio.Hawelon@gastech.com.kronos; Henk.Mies@gastech.com.kronos; Valeria.Morlun@gastech.com.kronos; Adan.Morlun@gastech.com.kronos; Cecilia.Morluniau@gastech.com.kronos; Irene.Nant@gastech.com.kronos; Dylan.Scozzese@gastech.com.kronos; Lucas.Alcazar@gastech.com.kronos; Isak.Baza@gastech.com.kronos; Linnea.Bergen@gastech.com.kronos; Nils.Calixto@gastech.com.kronos; Sven.Flecha@gastech.com.kronos; Hideki.Cocinaro@gastech.com.kronos; Inga.Ferro@gastech.com.kronos; Loreto.Bodrogi@gastech.com.kronos; Isia.Vann@gastech.com.kronos; Stenig.Fusil@gastech.com.kronos; Hennie.Osvaldo@gastech.com.kronos; Kanon.Herrero@gastech.com.kronos; Varja.Lagos@gastech.com.kronos; Minke.Mies@gastech.com.kronos; Felix.Resumir@gastech.com.kronos; Edvard.Vann@gastech.com.kronos; Emile.Arpa@gastech.com.kronos; Varro.Awelon@gastech.com.kronos; Mat.Bramar@gastech.com.kronos; Dante.Coginian@gastech.com.kronos; Carla.Forluniau@gastech.com.kronos; Linda.Lagos@gastech.com.kronos; Cornelia.Lais@gastech.com.kronos; Ruscella.Mies.Haber@gastech.com.kronos; Anda.Ribera@gastech.com.kronos,Rachel Pantanal; Lars Azada; Felix Balas; Isande Borrasca; Axel Calzas; Gustav Cazar; Lidelse Dedos; Birgitta Frente; Vira Frente; Adra Nubarron; Marin Onda; Kare Orilla; Elsa Orilla; Brand Tempestad; Ingrid Barranco; Ada Campo-Corrente; Sten Sanjorge Jr ; Orhan Strum; Willem Vasco-Pais; Bertrand Ovan; Albina Hafon; Benito Hawelon; Claudio Hawelon; Henk Mies; Valeria Morlun; Adan Morlun; Cecilia Morluniau; Irene Nant; Dylan Scozzese; Lucas Alcazar; Isak Baza; Linnea Bergen; Nils Calixto; Sven Flecha; Hideki Cocinaro; Inga Ferro; Loreto Bodrogi; Isia Vann; Stenig Fusil; Hennie Osvaldo; Kanon Herrero; Varja Lagos; Minke Mies; Felix Resumir; Edvard Vann; Emile Arpa; Varro Awelon; Mat Bramar; Dante Coginian; Carla Forluniau; Linda Lagos; Cornelia Lais; Ruscella Mies Haber; Anda Ribera,54,gastech.com.kronos,GAStech-Kronos,1/8/2014 14:28,2014-01-08 14:28,"Good morning, GasTech!","Good morning, GasTech!",
285,Anda.Ribera@gastech.com.kronos,Anda Ribera,gastech.com.kronos,GAStech-Kronos,Mat.Bramar@gastech.com.kronos; Anda.Ribera@gastech.com.kronos; Rachel.Pantanal@gastech.com.kronos; Linda.Lagos@gastech.com.kronos; Ruscella.Mies.Haber@gastech.com.kronos; Carla.Forluniau@gastech.com.kronos; Cornelia.Lais@gastech.com.kronos,Mat Bramar; Anda Ribera; Rachel Pantanal; Linda Lagos; Ruscella Mies Haber; Carla Forluniau; Cornelia Lais,7,gastech.com.kronos,GAStech-Kronos,1/8/2014 14:36,2014-01-08 14:36,RE: Babysitting recommendations,Babysitting recommendations,
286,Loreto.Bodrogi@gastech.com.kronos,Loreto Bodrogi,gastech.com.kronos,GAStech-Kronos,Minke.Mies@gastech.com.kronos; Stenig.Fusil@gastech.com.kronos; Felix.Resumir@gastech.com.kronos; Kanon.Herrero@gastech.com.kronos; Loreto.Bodrogi@gastech.com.kronos; Hennie.Osvaldo@gastech.com.kronos,Minke Mies; Stenig Fusil; Felix Resumir; Kanon Herrero; Loreto Bodrogi; Hennie Osvaldo,6,gastech.com.kronos,GAStech-Kronos,1/8/2014 14:40,2014-01-08 14:40,Notification of outside visit,Notification of outside visit,
287,Varja.Lagos@gastech.com.kronos,Varja Lagos,gastech.com.kronos,GAStech-Kronos,Stenig.Fusil@gastech.com.kronos,Stenig Fusil,1,gastech.com.kronos,GAStech-Kronos,1/8/2014 14:57,2014-01-08 14:57,RE: Awwww- cute!,Awwww- cute!,
288,Lidelse.Dedos@gastech.com.kronos,Lidelse Dedos,gastech.com.kronos,GAStech-Kronos,Isande.Borrasca@gastech.com.kronos; Lidelse.Dedos@gastech.com.kronos,Isande Borrasca; Lidelse Dedos,2,gastech.com.kronos,GAStech-Kronos,1/8/2014 15:00,2014-01-08 15:00,RE: Downhole prediction 2522-00 - updated,Downhole prediction 2522-00 - updated,
289,Henk.Mies@gastech.com.kronos,Henk Mies,gastech.com.kronos,GAStech-Kronos,Adan.Morlun@gastech.com.kronos; Henk.Mies@gastech.com.kronos; Benito.Hawelon@gastech.com.kronos,Adan Morlun; Henk Mies; Benito Hawelon,3,gastech.com.kronos,GAStech-Kronos,1/8/2014 15:09,2014-01-08 15:09,RE: Caution downtown,Caution downtown,
290,Rachel.Pantanal@gastech.com.kronos,Rachel Pantanal,gastech.com.kronos,GAStech-Kronos,Mat.Bramar@gastech.com.kronos; Anda.Ribera@gastech.com.kronos; Rachel.Pantanal@gastech.com.kronos; Linda.Lagos@gastech.com.kronos; Ruscella.Mies.Haber@gastech.com.kronos; Carla.Forluniau@gastech.com.kronos; Cornelia.Lais@gastech.com.kronos,Mat Bramar; Anda Ribera; Rachel Pantanal; Linda Lagos; Ruscella Mies Haber; Carla Forluniau; Cornelia Lais,7,gastech.com.kronos,GAStech-Kronos,1/8/2014 15:10,2014-01-08 15:10,Does anyone have ...,Does anyone have ...,
291,Carla.Forluniau@gastech.com.kronos,Carla Forluniau,gastech.com.kronos,GAStech-Kronos,Mat.Bramar@gastech.com.kronos; Anda.Ribera@gastech.com.kronos; Rachel.Pantanal@gastech.com.kronos; Linda.Lagos@gastech.com.kronos; Ruscella.Mies.Haber@gastech.com.kronos; Carla.Forluniau@gastech.com.kronos; Cornelia.Lais@gastech.com.kronos,Mat Bramar; Anda Ribera; Rachel Pantanal; Linda Lagos; Ruscella Mies Haber; Carla Forluniau; Cornelia Lais,7,gastech.com.kronos,GAStech-Kronos,1/8/2014 15:31,2014-01-08 15:31,RE: Question - new travel forms,Question - new travel forms,
292,Felix.Resumir@gastech.com.kronos,Felix Resumir,gastech.com.kronos,GAStech-Kronos,Rachel.Pantanal@gastech.com.kronos; Lars.Azada@gastech.com.kronos; Felix.Balas@gastech.com.kronos; Isande.Borrasca@gastech.com.kronos; Axel.Calzas@gastech.com.kronos; Gustav.Cazar@gastech.com.kronos; Lidelse.Dedos@gastech.com.kronos; Birgitta.Frente@gastech.com.kronos; Vira.Frente@gastech.com.kronos; Adra.Nubarron@gastech.com.kronos; Marin.Onda@gastech.com.kronos; Kare.Orilla@gastech.com.kronos; Elsa.Orilla@gastech.com.kronos; Brand.Tempestad@gastech.com.kronos; Ingrid.Barranco@gastech.com.kronos; Ada.Campo-Corrente@gastech.com.kronos; Sten.Sanjorge Jr.@gastech.com.kronos; Orhan.Strum@gastech.com.kronos; Willem.Vasco-Pais@gastech.com.kronos; Bertrand.Ovan@gastech.com.kronos; Albina.Hafon@gastech.com.kronos; Benito.Hawelon@gastech.com.kronos; Claudio.Hawelon@gastech.com.kronos; Henk.Mies@gastech.com.kronos; Valeria.Morlun@gastech.com.kronos; Adan.Morlun@gastech.com.kronos; Cecilia.Morluniau@gastech.com.kronos; Irene.Nant@gastech.com.kronos; Dylan.Scozzese@gastech.com.kronos; Lucas.Alcazar@gastech.com.kronos; Isak.Baza@gastech.com.kronos; Linnea.Bergen@gastech.com.kronos; Nils.Calixto@gastech.com.kronos; Sven.Flecha@gastech.com.kronos; Hideki.Cocinaro@gastech.com.kronos; Inga.Ferro@gastech.com.kronos; Loreto.Bodrogi@gastech.com.kronos; Isia.Vann@gastech.com.kronos; Stenig.Fusil@gastech.com.kronos; Hennie.Osvaldo@gastech.com.kronos; Kanon.Herrero@gastech.com.kronos; Varja.Lagos@gastech.com.kronos; Minke.Mies@gastech.com.kronos; Felix.Resumir@gastech.com.kronos; Edvard.Vann@gastech.com.kronos; Emile.Arpa@gastech.com.kronos; Varro.Awelon@gastech.com.kronos; Mat.Bramar@gastech.com.kronos; Dante.Coginian@gastech.com.kronos; Carla.Forluniau@gastech.com.kronos; Linda.Lagos@gastech.com.kronos; Cornelia.Lais@gastech.com.kronos; Ruscella.Mies.Haber@gastech.com.kronos; Anda.Ribera@gastech.com.kronos,Rachel Pantanal; Lars Azada; Felix Balas; Isande Borrasca; Axel Calzas; Gustav Cazar; Lidelse Dedos; Birgitta Frente; Vira Frente; Adra Nubarron; Marin Onda; Kare Orilla; Elsa Orilla; Brand Tempestad; Ingrid Barranco; Ada Campo-Corrente; Sten Sanjorge Jr ; Orhan Strum; Willem Vasco-Pais; Bertrand Ovan; Albina Hafon; Benito Hawelon; Claudio Hawelon; Henk Mies; Valeria Morlun; Adan Morlun; Cecilia Morluniau; Irene Nant; Dylan Scozzese; Lucas Alcazar; Isak Baza; Linnea Bergen; Nils Calixto; Sven Flecha; Hideki Cocinaro; Inga Ferro; Loreto Bodrogi; Isia Vann; Stenig Fusil; Hennie Osvaldo; Kanon Herrero; Varja Lagos; Minke Mies; Felix Resumir; Edvard Vann; Emile Arpa; Varro Awelon; Mat Bramar; Dante Coginian; Carla Forluniau; Linda Lagos; Cornelia Lais; Ruscella Mies Haber; Anda Ribera,54,gastech.com.kronos,GAStech-Kronos,1/8/2014 15:31,2014-01-08 15:31,RE: Parking lottery winners,Parking lottery winners,
293,Henk.Mies@gastech.com.kronos,Henk Mies,gastech.com.kronos,GAStech-Kronos,Adan.Morlun@gastech.com.kronos; Henk.Mies@gastech.com.kronos; Benito.Hawelon@gastech.com.kronos,Adan Morlun; Henk Mies; Benito Hawelon,3,gastech.com.kronos,GAStech-Kronos,1/8/2014 15:36,2014-01-08 15:36,RE: Caution downtown,Caution downtown,
294,Bertrand.Ovan@gastech.com.kronos,Bertrand Ovan,gastech.com.kronos,GAStech-Kronos,Emile.Arpa@gastech.com.kronos; Varro.Awelon@gastech.com.kronos; Dante.Coginian@gastech.com.kronos; Albina.Hafon@gastech.com.kronos; Benito.Hawelon@gastech.com.kronos; Claudio.Hawelon@gastech.com.kronos; Henk.Mies@gastech.com.kronos; Valeria.Morlun@gastech.com.kronos; Adan.Morlun@gastech.com.kronos; Cecilia.Morluniau@gastech.com.kronos; Irene.Nant@gastech.com.kronos; Dylan.Scozzese@gastech.com.kronos,Emile Arpa; Varro Awelon; Dante Coginian; Albina Hafon; Benito Hawelon; Claudio Hawelon; Henk Mies; Valeria Morlun; Adan Morlun; Cecilia Morluniau; Irene Nant; Dylan Scozzese,12,gastech.com.kronos,GAStech-Kronos,1/8/2014 15:41,2014-01-08 15:41,New refueling policies - Effective February 1,New refueling policies - Effective February 1,
295,Felix.Balas@gastech.com.kronos,Felix Balas,gastech.com.kronos,GAStech-Kronos,Adra.Nubarron@gastech.com.kronos; Lars.Azada@gastech.com.kronos; Axel.Calzas@gastech.com.kronos; Lidelse.Dedos@gastech.com.kronos,Adra Nubarron; Lars Azada; Axel Calzas; Lidelse Dedos,4,gastech.com.kronos,GAStech-Kronos,1/8/2014 15:53,2014-01-08 15:53,Field work rotation schedule,Field work rotation schedule,
296,Bertrand.Ovan@gastech.com.kronos,Bertrand Ovan,gastech.com.kronos,GAStech-Kronos,Emile.Arpa@gastech.com.kronos; Varro.Awelon@gastech.com.kronos; Dante.Coginian@gastech.com.kronos; Albina.Hafon@gastech.com.kronos; Benito.Hawelon@gastech.com.kronos; Claudio.Hawelon@gastech.com.kronos; Henk.Mies@gastech.com.kronos; Valeria.Morlun@gastech.com.kronos; Adan.Morlun@gastech.com.kronos; Cecilia.Morluniau@gastech.com.kronos; Irene.Nant@gastech.com.kronos; Dylan.Scozzese@gastech.com.kronos,Emile Arpa; Varro Awelon; Dante Coginian; Albina Hafon; Benito Hawelon; Claudio Hawelon; Henk Mies; Valeria Morlun; Adan Morlun; Cecilia Morluniau; Irene Nant; Dylan Scozzese,12,gastech.com.kronos,GAStech-Kronos,1/8/2014 15:55,2014-01-08 15:55,Don't text and drive!,Don't text and drive!,
297,Lucas.Alcazar@gastech.com.kronos,Lucas Alcazar,gastech.com.kronos,GAStech-Kronos,Isak.Baza@gastech.com.kronos; Lucas.Alcazar@gastech.com.kronos,Isak Baza; Lucas Alcazar,2,gastech.com.kronos,GAStech-Kronos,1/8/2014 16:10,2014-01-08 16:10,GT website under attack,GT website under attack,
298,Ruscella.Mies.Haber@gastech.com.kronos,Ruscella Mies Haber,gastech.com.kronos,GAStech-Kronos,Mat.Bramar@gastech.com.kronos; Anda.Ribera@gastech.com.kronos; Rachel.Pantanal@gastech.com.kronos; Linda.Lagos@gastech.com.kronos; Ruscella.Mies.Haber@gastech.com.kronos; Carla.Forluniau@gastech.com.kronos; Cornelia.Lais@gastech.com.kronos,Mat Bramar; Anda Ribera; Rachel Pantanal; Linda Lagos; Ruscella Mies Haber; Carla Forluniau; Cornelia Lais,7,gastech.com.kronos,GAStech-Kronos,1/8/2014 16:13,2014-01-08 16:13,RE: Question - new travel forms,Question - new travel forms,
299,Sven.Flecha@gastech.com.kronos,Sven Flecha,gastech.com.kronos,GAStech-Kronos,Sven.Flecha@gastech.com.kronos; Lucas.Alcazar@gastech.com.kronos; Nils.Calixto@gastech.com.kronos,Sven Flecha; Lucas Alcazar; Nils Calixto,3,gastech.com.kronos,GAStech-Kronos,1/8/2014 16:27,2014-01-08 16:27,Question about behavior of field device,Question about behavior of field device,
300,Lucas.Alcazar@gastech.com.kronos,Lucas Alcazar,gastech.com.kronos,GAStech-Kronos,Isak.Baza@gastech.com.kronos; Lucas.Alcazar@gastech.com.kronos,Isak Baza; Lucas Alcazar,2,gastech.com.kronos,GAStech-Kronos,1/8/2014 16:28,2014-01-08 16:28,RE: GT website under attack,GT website under attack,
301,Henk.Mies@gastech.com.kronos,Henk Mies,gastech.com.kronos,GAStech-Kronos,Adan.Morlun@gastech.com.kronos; Henk.Mies@gastech.com.kronos; Benito.Hawelon@gastech.com.kronos,Adan Morlun; Henk Mies; Benito Hawelon,3,gastech.com.kronos,GAStech-Kronos,1/8/2014 16:34,2014-01-08 16:34,RE: Caution downtown,Caution downtown,
302,Henk.Mies@gastech.com.kronos,Henk Mies,gastech.com.kronos,GAStech-Kronos,Adan.Morlun@gastech.com.kronos; Henk.Mies@gastech.com.kronos; Benito.Hawelon@gastech.com.kronos,Adan Morlun; Henk Mies; Benito Hawelon,3,gastech.com.kronos,GAStech-Kronos,1/8/2014 16:48,2014-01-08 16:48,RE: Caution downtown,Caution downtown,
303,Stenig.Fusil@gastech.com.kronos,Stenig Fusil,gastech.com.kronos,GAStech-Kronos,Minke.Mies@gastech.com.kronos; Stenig.Fusil@gastech.com.kronos; Felix.Resumir@gastech.com.kronos; Kanon.Herrero@gastech.com.kronos; Loreto.Bodrogi@gastech.com.kronos; Hennie.Osvaldo@gastech.com.kronos,Minke Mies; Stenig Fusil; Felix Resumir; Kanon Herrero; Loreto Bodrogi; Hennie Osvaldo,6,gastech.com.kronos,GAStech-Kronos,1/8/2014 16:48,2014-01-08 16:48,RE: Notification of outside visit,Notification of outside visit,
304,Adan.Morlun@gastech.com.kronos,Adan Morlun,gastech.com.kronos,GAStech-Kronos,Adan.Morlun@gastech.com.kronos; Henk.Mies@gastech.com.kronos; Benito.Hawelon@gastech.com.kronos,Adan Morlun; Henk Mies; Benito Hawelon,3,gastech.com.kronos,GAStech-Kronos,1/8/2014 16:48,2014-01-08 16:48,RE: Caution downtown,Caution downtown,
305,Stenig.Fusil@gastech.com.kronos,Stenig Fusil,gastech.com.kronos,GAStech-Kronos,Minke.Mies@gastech.com.kronos; Stenig.Fusil@gastech.com.kronos; Felix.Resumir@gastech.com.kronos; Kanon.Herrero@gastech.com.kronos; Loreto.Bodrogi@gastech.com.kronos; Hennie.Osvaldo@gastech.com.kronos,Minke Mies; Stenig Fusil; Felix Resumir; Kanon Herrero; Loreto Bodrogi; Hennie Osvaldo,6,gastech.com.kronos,GAStech-Kronos,1/8/2014 17:02,2014-01-08 17:02,RE: Notification of outside visit,Notification of outside visit,
306,Benito.Hawelon@gastech.com.kronos,Benito Hawelon,gastech.com.kronos,GAStech-Kronos,Emile.Arpa@gastech.com.kronos; Valeria.Morlun@gastech.com.kronos; Varro.Awelon@gastech.com.kronos; Cecilia.Morluniau@gastech.com.kronos; Albina.Hafon@gastech.com.kronos; Henk.Mies@gastech.com.kronos; Dante.Coginian@gastech.com.kronos; Claudio.Hawelon@gastech.com.kronos,Emile Arpa; Valeria Morlun; Varro Awelon; Cecilia Morluniau; Albina Hafon; Henk Mies; Dante Coginian; Claudio Hawelon,8,gastech.com.kronos,GAStech-Kronos,1/8/2014 17:02,2014-01-08 17:02,RE: New refueling policies - Effective February 1,New refueling policies - Effective February 1,
307,Hennie.Osvaldo@gastech.com.kronos,Hennie Osvaldo,gastech.com.kronos,GAStech-Kronos,Rachel.Pantanal@gastech.com.kronos; Lars.Azada@gastech.com.kronos; Felix.Balas@gastech.com.kronos; Isande.Borrasca@gastech.com.kronos; Axel.Calzas@gastech.com.kronos; Gustav.Cazar@gastech.com.kronos; Lidelse.Dedos@gastech.com.kronos; Birgitta.Frente@gastech.com.kronos; Vira.Frente@gastech.com.kronos; Adra.Nubarron@gastech.com.kronos; Marin.Onda@gastech.com.kronos; Kare.Orilla@gastech.com.kronos; Elsa.Orilla@gastech.com.kronos; Brand.Tempestad@gastech.com.kronos; Ingrid.Barranco@gastech.com.kronos; Ada.Campo-Corrente@gastech.com.kronos; Sten.Sanjorge Jr.@gastech.com.kronos; Orhan.Strum@gastech.com.kronos; Willem.Vasco-Pais@gastech.com.kronos; Bertrand.Ovan@gastech.com.kronos; Albina.Hafon@gastech.com.kronos; Benito.Hawelon@gastech.com.kronos; Claudio.Hawelon@gastech.com.kronos; Henk.Mies@gastech.com.kronos; Valeria.Morlun@gastech.com.kronos; Adan.Morlun@gastech.com.kronos; Cecilia.Morluniau@gastech.com.kronos; Irene.Nant@gastech.com.kronos; Dylan.Scozzese@gastech.com.kronos; Lucas.Alcazar@gastech.com.kronos; Isak.Baza@gastech.com.kronos; Linnea.Bergen@gastech.com.kronos; Nils.Calixto@gastech.com.kronos; Sven.Flecha@gastech.com.kronos; Hideki.Cocinaro@gastech.com.kronos; Inga.Ferro@gastech.com.kronos; Loreto.Bodrogi@gastech.com.kronos; Isia.Vann@gastech.com.kronos; Stenig.Fusil@gastech.com.kronos; Hennie.Osvaldo@gastech.com.kronos; Kanon.Herrero@gastech.com.kronos; Varja.Lagos@gastech.com.kronos; Minke.Mies@gastech.com.kronos; Felix.Resumir@gastech.com.kronos; Edvard.Vann@gastech.com.kronos; Emile.Arpa@gastech.com.kronos; Varro.Awelon@gastech.com.kronos; Mat.Bramar@gastech.com.kronos; Dante.Coginian@gastech.com.kronos; Carla.Forluniau@gastech.com.kronos; Linda.Lagos@gastech.com.kronos; Cornelia.Lais@gastech.com.kronos; Ruscella.Mies.Haber@gastech.com.kronos; Anda.Ribera@gastech.com.kronos,Rachel Pantanal; Lars Azada; Felix Balas; Isande Borrasca; Axel Calzas; Gustav Cazar; Lidelse Dedos; Birgitta Frente; Vira Frente; Adra Nubarron; Marin Onda; Kare Orilla; Elsa Orilla; Brand Tempestad; Ingrid Barranco; Ada Campo-Corrente; Sten Sanjorge Jr ; Orhan Strum; Willem Vasco-Pais; Bertrand Ovan; Albina Hafon; Benito Hawelon; Claudio Hawelon; Henk Mies; Valeria Morlun; Adan Morlun; Cecilia Morluniau; Irene Nant; Dylan Scozzese; Lucas Alcazar; Isak Baza; Linnea Bergen; Nils Calixto; Sven Flecha; Hideki Cocinaro; Inga Ferro; Loreto Bodrogi; Isia Vann; Stenig Fusil; Hennie Osvaldo; Kanon Herrero; Varja Lagos; Minke Mies; Felix Resumir; Edvard Vann; Emile Arpa; Varro Awelon; Mat Bramar; Dante Coginian; Carla Forluniau; Linda Lagos; Cornelia Lais; Ruscella Mies Haber; Anda Ribera,54,gastech.com.kronos,GAStech-Kronos,1/8/2014 17:06,2014-01-08 17:06,RE: Vacation donation request,Vacation donation request,
308,Benito.Hawelon@gastech.com.kronos,Benito Hawelon,gastech.com.kronos,GAStech-Kronos,Dylan.Scozzese@gastech.com.kronos; Dante.Coginian@gastech.com.kronos; Valeria.Morlun@gastech.com.kronos; Emile.Arpa@gastech.com.kronos; Benito.Hawelon@gastech.com.kronos; Claudio.Hawelon@gastech.com.kronos; Henk.Mies@gastech.com.kronos; Albina.Hafon@gastech.com.kronos; Adan.Morlun@gastech.com.kronos; Irene.Nant@gastech.com.kronos,Dylan Scozzese; Dante Coginian; Valeria Morlun; Emile Arpa; Benito Hawelon; Claudio Hawelon; Henk Mies; Albina Hafon; Adan Morlun; Irene Nant,10,gastech.com.kronos,GAStech-Kronos,1/8/2014 17:17,2014-01-08 17:17,RE: New refueling policies - Effective February 1,New refueling policies - Effective February 1,
309,Dante.Coginian@gastech.com.kronos,Dante Coginian,gastech.com.kronos,GAStech-Kronos,Irene.Nant@gastech.com.kronos; Adan.Morlun@gastech.com.kronos; Emile.Arpa@gastech.com.kronos; Benito.Hawelon@gastech.com.kronos; Claudio.Hawelon@gastech.com.kronos; Henk.Mies@gastech.com.kronos; Dante.Coginian@gastech.com.kronos,Irene Nant; Adan Morlun; Emile Arpa; Benito Hawelon; Claudio Hawelon; Henk Mies; Dante Coginian,7,gastech.com.kronos,GAStech-Kronos,1/8/2014 17:18,2014-01-08 17:18,RE: New refueling policies - Effective February 1,New refueling policies - Effective February 1,
310,Carla.Forluniau@gastech.com.kronos,Carla Forluniau,gastech.com.kronos,GAStech-Kronos,Mat.Bramar@gastech.com.kronos; Anda.Ribera@gastech.com.kronos; Rachel.Pantanal@gastech.com.kronos; Linda.Lagos@gastech.com.kronos; Ruscella.Mies.Haber@gastech.com.kronos; Carla.Forluniau@gastech.com.kronos; Cornelia.Lais@gastech.com.kronos,Mat Bramar; Anda Ribera; Rachel Pantanal; Linda Lagos; Ruscella Mies Haber; Carla Forluniau; Cornelia Lais,7,gastech.com.kronos,GAStech-Kronos,1/8/2014 17:26,2014-01-08 17:26,RE: Does anyone have ...,Does anyone have ...,
311,Stenig.Fusil@gastech.com.kronos,Stenig Fusil,gastech.com.kronos,GAStech-Kronos,Minke.Mies@gastech.com.kronos; Stenig.Fusil@gastech.com.kronos; Felix.Resumir@gastech.com.kronos; Kanon.Herrero@gastech.com.kronos; Loreto.Bodrogi@gastech.com.kronos; Hennie.Osvaldo@gastech.com.kronos,Minke Mies; Stenig Fusil; Felix Resumir; Kanon Herrero; Loreto Bodrogi; Hennie Osvaldo,6,gastech.com.kronos,GAStech-Kronos,1/8/2014 17:35,2014-01-08 17:35,RE: Notification of outside visit,Notification of outside visit,
312,Ada.Campo-Corrente@gastech.com.kronos,Ada Campo-Corrente,gastech.com.kronos,GAStech-Kronos,Rachel.Pantanal@gastech.com.kronos; Lars.Azada@gastech.com.kronos; Felix.Balas@gastech.com.kronos; Isande.Borrasca@gastech.com.kronos; Axel.Calzas@gastech.com.kronos; Gustav.Cazar@gastech.com.kronos; Lidelse.Dedos@gastech.com.kronos; Birgitta.Frente@gastech.com.kronos; Vira.Frente@gastech.com.kronos; Adra.Nubarron@gastech.com.kronos; Marin.Onda@gastech.com.kronos; Kare.Orilla@gastech.com.kronos; Elsa.Orilla@gastech.com.kronos; Brand.Tempestad@gastech.com.kronos; Ingrid.Barranco@gastech.com.kronos; Ada.Campo-Corrente@gastech.com.kronos; Sten.Sanjorge Jr.@gastech.com.kronos; Orhan.Strum@gastech.com.kronos; Willem.Vasco-Pais@gastech.com.kronos; Bertrand.Ovan@gastech.com.kronos; Albina.Hafon@gastech.com.kronos; Benito.Hawelon@gastech.com.kronos; Claudio.Hawelon@gastech.com.kronos; Henk.Mies@gastech.com.kronos; Valeria.Morlun@gastech.com.kronos; Adan.Morlun@gastech.com.kronos; Cecilia.Morluniau@gastech.com.kronos; Irene.Nant@gastech.com.kronos; Dylan.Scozzese@gastech.com.kronos; Lucas.Alcazar@gastech.com.kronos; Isak.Baza@gastech.com.kronos; Linnea.Bergen@gastech.com.kronos; Nils.Calixto@gastech.com.kronos; Sven.Flecha@gastech.com.kronos; Hideki.Cocinaro@gastech.com.kronos; Inga.Ferro@gastech.com.kronos; Loreto.Bodrogi@gastech.com.kronos; Isia.Vann@gastech.com.kronos; Stenig.Fusil@gastech.com.kronos; Hennie.Osvaldo@gastech.com.kronos; Kanon.Herrero@gastech.com.kronos; Varja.Lagos@gastech.com.kronos; Minke.Mies@gastech.com.kronos; Felix.Resumir@gastech.com.kronos; Edvard.Vann@gastech.com.kronos; Emile.Arpa@gastech.com.kronos; Varro.Awelon@gastech.com.kronos; Mat.Bramar@gastech.com.kronos; Dante.Coginian@gastech.com.kronos; Carla.Forluniau@gastech.com.kronos; Linda.Lagos@gastech.com.kronos; Cornelia.Lais@gastech.com.kronos; Ruscella.Mies.Haber@gastech.com.kronos; Anda.Ribera@gastech.com.kronos,Rachel Pantanal; Lars Azada; Felix Balas; Isande Borrasca; Axel Calzas; Gustav Cazar; Lidelse Dedos; Birgitta Frente; Vira Frente; Adra Nubarron; Marin Onda; Kare Orilla; Elsa Orilla; Brand Tempestad; Ingrid Barranco; Ada Campo-Corrente; Sten Sanjorge Jr ; Orhan Strum; Willem Vasco-Pais; Bertrand Ovan; Albina Hafon; Benito Hawelon; Claudio Hawelon; Henk Mies; Valeria Morlun; Adan Morlun; Cecilia Morluniau; Irene Nant; Dylan Scozzese; Lucas Alcazar; Isak Baza; Linnea Bergen; Nils Calixto; Sven Flecha; Hideki Cocinaro; Inga Ferro; Loreto Bodrogi; Isia Vann; Stenig Fusil; Hennie Osvaldo; Kanon Herrero; Varja Lagos; Minke Mies; Felix Resumir; Edvard Vann; Emile Arpa; Varro Awelon; Mat Bramar; Dante Coginian; Carla Forluniau; Linda Lagos; Cornelia Lais; Ruscella Mies Haber; Anda Ribera,54,gastech.com.kronos,GAStech-Kronos,1/8/2014 18:18,2014-01-08 18:18,RE: Vacation donation request,Vacation donation request,
313,Isande.Borrasca@gastech.com.kronos,Isande Borrasca,gastech.com.kronos,GAStech-Kronos,Rachel.Pantanal@gastech.com.kronos; Lars.Azada@gastech.com.kronos; Felix.Balas@gastech.com.kronos; Isande.Borrasca@gastech.com.kronos; Axel.Calzas@gastech.com.kronos; Gustav.Cazar@gastech.com.kronos; Lidelse.Dedos@gastech.com.kronos; Birgitta.Frente@gastech.com.kronos; Vira.Frente@gastech.com.kronos; Adra.Nubarron@gastech.com.kronos; Marin.Onda@gastech.com.kronos; Kare.Orilla@gastech.com.kronos; Elsa.Orilla@gastech.com.kronos; Brand.Tempestad@gastech.com.kronos; Ingrid.Barranco@gastech.com.kronos; Ada.Campo-Corrente@gastech.com.kronos; Sten.Sanjorge Jr.@gastech.com.kronos; Orhan.Strum@gastech.com.kronos; Willem.Vasco-Pais@gastech.com.kronos; Bertrand.Ovan@gastech.com.kronos; Albina.Hafon@gastech.com.kronos; Benito.Hawelon@gastech.com.kronos; Claudio.Hawelon@gastech.com.kronos; Henk.Mies@gastech.com.kronos; Valeria.Morlun@gastech.com.kronos; Adan.Morlun@gastech.com.kronos; Cecilia.Morluniau@gastech.com.kronos; Irene.Nant@gastech.com.kronos; Dylan.Scozzese@gastech.com.kronos; Lucas.Alcazar@gastech.com.kronos; Isak.Baza@gastech.com.kronos; Linnea.Bergen@gastech.com.kronos; Nils.Calixto@gastech.com.kronos; Sven.Flecha@gastech.com.kronos; Hideki.Cocinaro@gastech.com.kronos; Inga.Ferro@gastech.com.kronos; Loreto.Bodrogi@gastech.com.kronos; Isia.Vann@gastech.com.kronos; Stenig.Fusil@gastech.com.kronos; Hennie.Osvaldo@gastech.com.kronos; Kanon.Herrero@gastech.com.kronos; Varja.Lagos@gastech.com.kronos; Minke.Mies@gastech.com.kronos; Felix.Resumir@gastech.com.kronos; Edvard.Vann@gastech.com.kronos; Emile.Arpa@gastech.com.kronos; Varro.Awelon@gastech.com.kronos; Mat.Bramar@gastech.com.kronos; Dante.Coginian@gastech.com.kronos; Carla.Forluniau@gastech.com.kronos; Linda.Lagos@gastech.com.kronos; Cornelia.Lais@gastech.com.kronos; Ruscella.Mies.Haber@gastech.com.kronos; Anda.Ribera@gastech.com.kronos,Rachel Pantanal; Lars Azada; Felix Balas; Isande Borrasca; Axel Calzas; Gustav Cazar; Lidelse Dedos; Birgitta Frente; Vira Frente; Adra Nubarron; Marin Onda; Kare Orilla; Elsa Orilla; Brand Tempestad; Ingrid Barranco; Ada Campo-Corrente; Sten Sanjorge Jr ; Orhan Strum; Willem Vasco-Pais; Bertrand Ovan; Albina Hafon; Benito Hawelon; Claudio Hawelon; Henk Mies; Valeria Morlun; Adan Morlun; Cecilia Morluniau; Irene Nant; Dylan Scozzese; Lucas Alcazar; Isak Baza; Linnea Bergen; Nils Calixto; Sven Flecha; Hideki Cocinaro; Inga Ferro; Loreto Bodrogi; Isia Vann; Stenig Fusil; Hennie Osvaldo; Kanon Herrero; Varja Lagos; Minke Mies; Felix Resumir; Edvard Vann; Emile Arpa; Varro Awelon; Mat Bramar; Dante Coginian; Carla Forluniau; Linda Lagos; Cornelia Lais; Ruscella Mies Haber; Anda Ribera,54,gastech.com.kronos,GAStech-Kronos,1/8/2014 18:22,2014-01-08 18:22,RE: Vacation donation request,Vacation donation request,
314,Linda.Lagos@gastech.com.kronos,Linda Lagos,gastech.com.kronos,GAStech-Kronos,Mat.Bramar@gastech.com.kronos; Anda.Ribera@gastech.com.kronos; Rachel.Pantanal@gastech.com.kronos; Linda.Lagos@gastech.com.kronos; Ruscella.Mies.Haber@gastech.com.kronos; Carla.Forluniau@gastech.com.kronos; Cornelia.Lais@gastech.com.kronos,Mat Bramar; Anda Ribera; Rachel Pantanal; Linda Lagos; Ruscella Mies Haber; Carla Forluniau; Cornelia Lais,7,gastech.com.kronos,GAStech-Kronos,1/8/2014 18:28,2014-01-08 18:28,RE: Does anyone have ...,Does anyone have ...,
315,Benito.Hawelon@gastech.com.kronos,Benito Hawelon,gastech.com.kronos,GAStech-Kronos,Benito.Hawelon@gastech.com.kronos; Henk.Mies@gastech.com.kronos; Varro.Awelon@gastech.com.kronos; Cecilia.Morluniau@gastech.com.kronos; Albina.Hafon@gastech.com.kronos; Emile.Arpa@gastech.com.kronos; Claudio.Hawelon@gastech.com.kronos,Benito Hawelon; Henk Mies; Varro Awelon; Cecilia Morluniau; Albina Hafon; Emile Arpa; Claudio Hawelon,7,gastech.com.kronos,GAStech-Kronos,1/8/2014 18:53,2014-01-08 18:53,RE: New refueling policies - Effective February 1,New refueling policies - Effective February 1,
316,Lars.Azada@gastech.com.kronos,Lars Azada,gastech.com.kronos,GAStech-Kronos,Adra.Nubarron@gastech.com.kronos; Lars.Azada@gastech.com.kronos; Axel.Calzas@gastech.com.kronos; Lidelse.Dedos@gastech.com.kronos,Adra Nubarron; Lars Azada; Axel Calzas; Lidelse Dedos,4,gastech.com.kronos,GAStech-Kronos,1/8/2014 19:01,2014-01-08 19:01,RE: Field work rotation schedule,Field work rotation schedule,
317,Sven.Flecha@gastech.com.kronos,Sven Flecha,gastech.com.kronos,GAStech-Kronos,Sven.Flecha@gastech.com.kronos; Lucas.Alcazar@gastech.com.kronos; Nils.Calixto@gastech.com.kronos,Sven Flecha; Lucas Alcazar; Nils Calixto,3,gastech.com.kronos,GAStech-Kronos,1/8/2014 19:15,2014-01-08 19:15,RE: Question about behavior of field device,Question about behavior of field device,
318,Henk.Mies@gastech.com.kronos,Henk Mies,gastech.com.kronos,GAStech-Kronos,Albina.Hafon@gastech.com.kronos; Valeria.Morlun@gastech.com.kronos; Adan.Morlun@gastech.com.kronos; Irene.Nant@gastech.com.kronos; Dante.Coginian@gastech.com.kronos; Emile.Arpa@gastech.com.kronos; Cecilia.Morluniau@gastech.com.kronos; Benito.Hawelon@gastech.com.kronos; Henk.Mies@gastech.com.kronos,Albina Hafon; Valeria Morlun; Adan Morlun; Irene Nant; Dante Coginian; Emile Arpa; Cecilia Morluniau; Benito Hawelon; Henk Mies,9,gastech.com.kronos,GAStech-Kronos,1/8/2014 19:15,2014-01-08 19:15,RE: Don't text and drive!,Don't text and drive!,
319,Dylan.Scozzese@gastech.com.kronos,Dylan Scozzese,gastech.com.kronos,GAStech-Kronos,Irene.Nant@gastech.com.kronos; Emile.Arpa@gastech.com.kronos; Claudio.Hawelon@gastech.com.kronos; Dante.Coginian@gastech.com.kronos; Adan.Morlun@gastech.com.kronos; Albina.Hafon@gastech.com.kronos; Henk.Mies@gastech.com.kronos; Dylan.Scozzese@gastech.com.kronos,Irene Nant; Emile Arpa; Claudio Hawelon; Dante Coginian; Adan Morlun; Albina Hafon; Henk Mies; Dylan Scozzese,8,gastech.com.kronos,GAStech-Kronos,1/8/2014 19:22,2014-01-08 19:22,RE: Don't text and drive!,Don't text and drive!,
320,Varro.Awelon@gastech.com.kronos,Varro Awelon,gastech.com.kronos,GAStech-Kronos,Adan.Morlun@gastech.com.kronos; Varro.Awelon@gastech.com.kronos; Irene.Nant@gastech.com.kronos; Dante.Coginian@gastech.com.kronos; Dylan.Scozzese@gastech.com.kronos; Henk.Mies@gastech.com.kronos; Claudio.Hawelon@gastech.com.kronos; Cecilia.Morluniau@gastech.com.kronos; Albina.Hafon@gastech.com.kronos; Benito.Hawelon@gastech.com.kronos,Adan Morlun; Varro Awelon; Irene Nant; Dante Coginian; Dylan Scozzese; Henk Mies; Claudio Hawelon; Cecilia Morluniau; Albina Hafon; Benito Hawelon,10,gastech.com.kronos,GAStech-Kronos,1/8/2014 19:42,2014-01-08 19:42,RE: New refueling policies - Effective February 1,New refueling policies - Effective February 1,
321,Adra.Nubarron@gastech.com.kronos,Adra Nubarron,gastech.com.kronos,GAStech-Kronos,Adra.Nubarron@gastech.com.kronos; Lars.Azada@gastech.com.kronos; Axel.Calzas@gastech.com.kronos; Lidelse.Dedos@gastech.com.kronos,Adra Nubarron; Lars Azada; Axel Calzas; Lidelse Dedos,4,gastech.com.kronos,GAStech-Kronos,1/8/2014 19:48,2014-01-08 19:48,RE: Field work rotation schedule,Field work rotation schedule,
322,Henk.Mies@gastech.com.kronos,Henk Mies,gastech.com.kronos,GAStech-Kronos,Cecilia.Morluniau@gastech.com.kronos; Claudio.Hawelon@gastech.com.kronos; Emile.Arpa@gastech.com.kronos; Valeria.Morlun@gastech.com.kronos; Dylan.Scozzese@gastech.com.kronos; Varro.Awelon@gastech.com.kronos; Albina.Hafon@gastech.com.kronos; Benito.Hawelon@gastech.com.kronos; Irene.Nant@gastech.com.kronos; Dante.Coginian@gastech.com.kronos,Cecilia Morluniau; Claudio Hawelon; Emile Arpa; Valeria Morlun; Dylan Scozzese; Varro Awelon; Albina Hafon; Benito Hawelon; Irene Nant; Dante Coginian,10,gastech.com.kronos,GAStech-Kronos,1/8/2014 19:54,2014-01-08 19:54,RE: Don't text and drive!,Don't text and drive!,
323,Lars.Azada@gastech.com.kronos,Lars Azada,gastech.com.kronos,GAStech-Kronos,Adra.Nubarron@gastech.com.kronos; Lars.Azada@gastech.com.kronos; Axel.Calzas@gastech.com.kronos; Lidelse.Dedos@gastech.com.kronos,Adra Nubarron; Lars Azada; Axel Calzas; Lidelse Dedos,4,gastech.com.kronos,GAStech-Kronos,1/8/2014 19:56,2014-01-08 19:56,RE: Field work rotation schedule,Field work rotation schedule,
324,Cornelia.Lais@gastech.com.kronos,Cornelia Lais,gastech.com.kronos,GAStech-Kronos,Mat.Bramar@gastech.com.kronos; Anda.Ribera@gastech.com.kronos; Rachel.Pantanal@gastech.com.kronos; Linda.Lagos@gastech.com.kronos; Ruscella.Mies.Haber@gastech.com.kronos; Carla.Forluniau@gastech.com.kronos; Cornelia.Lais@gastech.com.kronos,Mat Bramar; Anda Ribera; Rachel Pantanal; Linda Lagos; Ruscella Mies Haber; Carla Forluniau; Cornelia Lais,7,gastech.com.kronos,GAStech-Kronos,1/8/2014 20:02,2014-01-08 20:02,RE: Does anyone have ...,Does anyone have ...,
325,Lidelse.Dedos@gastech.com.kronos,Lidelse Dedos,gastech.com.kronos,GAStech-Kronos,Adra.Nubarron@gastech.com.kronos; Lars.Azada@gastech.com.kronos; Axel.Calzas@gastech.com.kronos; Lidelse.Dedos@gastech.com.kronos,Adra Nubarron; Lars Azada; Axel Calzas; Lidelse Dedos,4,gastech.com.kronos,GAStech-Kronos,1/8/2014 20:22,2014-01-08 20:22,RE: Field work rotation schedule,Field work rotation schedule,
326,Lars.Azada@gastech.com.kronos,Lars Azada,gastech.com.kronos,GAStech-Kronos,Adra.Nubarron@gastech.com.kronos; Lars.Azada@gastech.com.kronos; Axel.Calzas@gastech.com.kronos; Lidelse.Dedos@gastech.com.kronos,Adra Nubarron; Lars Azada; Axel Calzas; Lidelse Dedos,4,gastech.com.kronos,GAStech-Kronos,1/8/2014 20:52,2014-01-08 20:52,RE: Field work rotation schedule,Field work rotation schedule,
327,Lars.Azada@gastech.com.kronos,Lars Azada,gastech.com.kronos,GAStech-Kronos,Adra.Nubarron@gastech.com.kronos; Lars.Azada@gastech.com.kronos; Axel.Calzas@gastech.com.kronos; Lidelse.Dedos@gastech.com.kronos,Adra Nubarron; Lars Azada; Axel Calzas; Lidelse Dedos,4,gastech.com.kronos,GAStech-Kronos,1/8/2014 20:53,2014-01-08 20:53,RE: Field work rotation schedule,Field work rotation schedule,
328,Sven.Flecha@gastech.com.kronos,Sven Flecha,gastech.com.kronos,GAStech-Kronos,Sven.Flecha@gastech.com.kronos; Lucas.Alcazar@gastech.com.kronos; Nils.Calixto@gastech.com.kronos,Sven Flecha; Lucas Alcazar; Nils Calixto,3,gastech.com.kronos,GAStech-Kronos,1/8/2014 21:04,2014-01-08 21:04,RE: Question about behavior of field device,Question about behavior of field device,
329,Sven.Flecha@gastech.com.kronos,Sven Flecha,gastech.com.kronos,GAStech-Kronos,Sven.Flecha@gastech.com.kronos; Lucas.Alcazar@gastech.com.kronos; Nils.Calixto@gastech.com.kronos,Sven Flecha; Lucas Alcazar; Nils Calixto,3,gastech.com.kronos,GAStech-Kronos,1/8/2014 21:09,2014-01-08 21:09,RE: Question about behavior of field device,Question about behavior of field device,
330,Lars.Azada@gastech.com.kronos,Lars Azada,gastech.com.kronos,GAStech-Kronos,Adra.Nubarron@gastech.com.kronos; Lars.Azada@gastech.com.kronos; Axel.Calzas@gastech.com.kronos; Lidelse.Dedos@gastech.com.kronos,Adra Nubarron; Lars Azada; Axel Calzas; Lidelse Dedos,4,gastech.com.kronos,GAStech-Kronos,1/8/2014 21:18,2014-01-08 21:18,RE: Field work rotation schedule,Field work rotation schedule,
331,Claudio.Hawelon@gastech.com.kronos,Claudio Hawelon,gastech.com.kronos,GAStech-Kronos,Bertrand.Ovan@gastech.com.kronos; Albina.Hafon@gastech.com.kronos; Henk.Mies@gastech.com.kronos; Dylan.Scozzese@gastech.com.kronos; Cecilia.Morluniau@gastech.com.kronos; Irene.Nant@gastech.com.kronos; Adan.Morlun@gastech.com.kronos,Bertrand Ovan; Albina Hafon; Henk Mies; Dylan Scozzese; Cecilia Morluniau; Irene Nant; Adan Morlun,7,gastech.com.kronos,GAStech-Kronos,1/9/2014 8:41,2014-01-09 08:41,Funny!!,Funny!!,
332,Ingrid.Barranco@gastech.com.kronos,Ingrid Barranco,gastech.com.kronos,GAStech-Kronos,Sten.Sanjorge Jr.@gastech.com.tethys; Willem.Vasco-Pais@gastech.com.kronos; Ada.Campo-Corrente@gastech.com.kronos; Orhan.Strum@gastech.com.kronos,Sten Sanjorge Jr ; Willem Vasco-Pais; Ada Campo-Corrente; Orhan Strum,4,gastech.com.kronos; gastech.com.tethys,GAStech-Kronos; GAStech-Tethys,1/9/2014 9:51,2014-01-09 09:51,Impact of local politics on profit margin,Impact of local politics on profit margin,business
333,Albina.Hafon@gastech.com.kronos,Albina Hafon,gastech.com.kronos,GAStech-Kronos,Bertrand.Ovan@gastech.com.kronos; Albina.Hafon@gastech.com.kronos; Henk.Mies@gastech.com.kronos; Dylan.Scozzese@gastech.com.kronos; Cecilia.Morluniau@gastech.com.kronos; Irene.Nant@gastech.com.kronos; Adan.Morlun@gastech.com.kronos,Bertrand Ovan; Albina Hafon; Henk Mies; Dylan Scozzese; Cecilia Morluniau; Irene Nant; Adan Morlun,7,gastech.com.kronos,GAStech-Kronos,1/9/2014 10:12,2014-01-09 10:12,RE: Funny!!,Funny!!,
334,Ruscella.Mies.Haber@gastech.com.kronos,Ruscella Mies Haber,gastech.com.kronos,GAStech-Kronos,Rachel.Pantanal@gastech.com.kronos; Lars.Azada@gastech.com.kronos; Felix.Balas@gastech.com.kronos; Isande.Borrasca@gastech.com.kronos; Axel.Calzas@gastech.com.kronos; Gustav.Cazar@gastech.com.kronos; Lidelse.Dedos@gastech.com.kronos; Birgitta.Frente@gastech.com.kronos; Vira.Frente@gastech.com.kronos; Adra.Nubarron@gastech.com.kronos; Marin.Onda@gastech.com.kronos; Kare.Orilla@gastech.com.kronos; Elsa.Orilla@gastech.com.kronos; Brand.Tempestad@gastech.com.kronos; Ingrid.Barranco@gastech.com.kronos; Ada.Campo-Corrente@gastech.com.kronos; Sten.Sanjorge Jr.@gastech.com.kronos; Orhan.Strum@gastech.com.kronos; Willem.Vasco-Pais@gastech.com.kronos; Bertrand.Ovan@gastech.com.kronos; Albina.Hafon@gastech.com.kronos; Benito.Hawelon@gastech.com.kronos; Claudio.Hawelon@gastech.com.kronos; Henk.Mies@gastech.com.kronos; Valeria.Morlun@gastech.com.kronos; Adan.Morlun@gastech.com.kronos; Cecilia.Morluniau@gastech.com.kronos; Irene.Nant@gastech.com.kronos; Dylan.Scozzese@gastech.com.kronos; Lucas.Alcazar@gastech.com.kronos; Isak.Baza@gastech.com.kronos; Linnea.Bergen@gastech.com.kronos; Nils.Calixto@gastech.com.kronos; Sven.Flecha@gastech.com.kronos; Hideki.Cocinaro@gastech.com.kronos; Inga.Ferro@gastech.com.kronos; Loreto.Bodrogi@gastech.com.kronos; Isia.Vann@gastech.com.kronos; Stenig.Fusil@gastech.com.kronos; Hennie.Osvaldo@gastech.com.kronos; Kanon.Herrero@gastech.com.kronos; Varja.Lagos@gastech.com.kronos; Minke.Mies@gastech.com.kronos; Felix.Resumir@gastech.com.kronos; Edvard.Vann@gastech.com.kronos; Emile.Arpa@gastech.com.kronos; Varro.Awelon@gastech.com.kronos; Mat.Bramar@gastech.com.kronos; Dante.Coginian@gastech.com.kronos; Carla.Forluniau@gastech.com.kronos; Linda.Lagos@gastech.com.kronos; Cornelia.Lais@gastech.com.kronos; Ruscella.Mies.Haber@gastech.com.kronos; Anda.Ribera@gastech.com.kronos,Rachel Pantanal; Lars Azada; Felix Balas; Isande Borrasca; Axel Calzas; Gustav Cazar; Lidelse Dedos; Birgitta Frente; Vira Frente; Adra Nubarron; Marin Onda; Kare Orilla; Elsa Orilla; Brand Tempestad; Ingrid Barranco; Ada Campo-Corrente; Sten Sanjorge Jr ; Orhan Strum; Willem Vasco-Pais; Bertrand Ovan; Albina Hafon; Benito Hawelon; Claudio Hawelon; Henk Mies; Valeria Morlun; Adan Morlun; Cecilia Morluniau; Irene Nant; Dylan Scozzese; Lucas Alcazar; Isak Baza; Linnea Bergen; Nils Calixto; Sven Flecha; Hideki Cocinaro; Inga Ferro; Loreto Bodrogi; Isia Vann; Stenig Fusil; Hennie Osvaldo; Kanon Herrero; Varja Lagos; Minke Mies; Felix Resumir; Edvard Vann; Emile Arpa; Varro Awelon; Mat Bramar; Dante Coginian; Carla Forluniau; Linda Lagos; Cornelia Lais; Ruscella Mies Haber; Anda Ribera,54,gastech.com.kronos,GAStech-Kronos,1/9/2014 10:21,2014-01-09 10:21,"Good morning, GasTech!","Good morning, GasTech!",
335,Lucas.Alcazar@gastech.com.kronos,Lucas Alcazar,gastech.com.kronos,GAStech-Kronos,Isak.Baza@gastech.com.kronos; Sven.Flecha@gastech.com.kronos; Nils.Calixto@gastech.com.kronos,Isak Baza; Sven Flecha; Nils Calixto,3,gastech.com.kronos,GAStech-Kronos,1/9/2014 10:23,2014-01-09 10:23,Can anyone swap on-call slots with me?,Can anyone swap on-call slots with me?,
336,Nils.Calixto@gastech.com.kronos,Nils Calixto,gastech.com.kronos,GAStech-Kronos,Lucas.Alcazar@gastech.com.kronos; Nils.Calixto@gastech.com.kronos,Lucas Alcazar; Nils Calixto,2,gastech.com.kronos,GAStech-Kronos,1/9/2014 10:49,2014-01-09 10:49,Security patches needed,Security patches needed,security
337,Cecilia.Morluniau@gastech.com.kronos,Cecilia Morluniau,gastech.com.kronos,GAStech-Kronos,Bertrand.Ovan@gastech.com.kronos; Albina.Hafon@gastech.com.kronos; Henk.Mies@gastech.com.kronos; Dylan.Scozzese@gastech.com.kronos; Cecilia.Morluniau@gastech.com.kronos; Irene.Nant@gastech.com.kronos; Adan.Morlun@gastech.com.kronos,Bertrand Ovan; Albina Hafon; Henk Mies; Dylan Scozzese; Cecilia Morluniau; Irene Nant; Adan Morlun,7,gastech.com.kronos,GAStech-Kronos,1/9/2014 10:50,2014-01-09 10:50,RE: Funny!!,Funny!!,
338,Felix.Balas@gastech.com.kronos,Felix Balas,gastech.com.kronos,GAStech-Kronos,Varja.Lagos@gastech.com.kronos,Varja Lagos,1,gastech.com.kronos,GAStech-Kronos,1/9/2014 11:14,2014-01-09 11:14,Congratulations on your service anniversary,Congratulations on your service anniversary,
339,Ada.Campo-Corrente@gastech.com.kronos,Ada Campo-Corrente,gastech.com.kronos,GAStech-Kronos,Sten.Sanjorge Jr.@gastech.com.tethys; Willem.Vasco-Pais@gastech.com.kronos; Ada.Campo-Corrente@gastech.com.kronos; Orhan.Strum@gastech.com.kronos,Sten Sanjorge Jr ; Willem Vasco-Pais; Ada Campo-Corrente; Orhan Strum,4,gastech.com.kronos; gastech.com.tethys,GAStech-Kronos; GAStech-Tethys,1/9/2014 11:25,2014-01-09 11:25,RE: Impact of local politics on profit margin,Impact of local politics on profit margin,business
340,Hideki.Cocinaro@gastech.com.kronos,Hideki Cocinaro,gastech.com.kronos,GAStech-Kronos,Dante.Coginian@gastech.com.kronos,Dante Coginian,1,gastech.com.kronos,GAStech-Kronos,1/9/2014 11:31,2014-01-09 11:31,Tools,Tools,
341,Adan.Morlun@gastech.com.kronos,Adan Morlun,gastech.com.kronos,GAStech-Kronos,Irene.Nant@gastech.com.kronos; Cecilia.Morluniau@gastech.com.kronos; Albina.Hafon@gastech.com.kronos; Adan.Morlun@gastech.com.kronos; Dylan.Scozzese@gastech.com.kronos,Irene Nant; Cecilia Morluniau; Albina Hafon; Adan Morlun; Dylan Scozzese,5,gastech.com.kronos,GAStech-Kronos,1/9/2014 11:36,2014-01-09 11:36,Union meeting,Union meeting,
342,Edvard.Vann@gastech.com.kronos,Edvard Vann,gastech.com.kronos,GAStech-Kronos,Kanon.Herrero@gastech.com.kronos; Minke.Mies@gastech.com.kronos; Hennie.Osvaldo@gastech.com.kronos; Inga.Ferro@gastech.com.kronos; Edvard.Vann@gastech.com.kronos; Felix.Resumir@gastech.com.kronos,Kanon Herrero; Minke Mies; Hennie Osvaldo; Inga Ferro; Edvard Vann; Felix Resumir,6,gastech.com.kronos,GAStech-Kronos,1/9/2014 11:37,2014-01-09 11:37,Security procedures for January 20 VIP visit,Security procedures for January 20 VIP visit,security
343,Willem.Vasco-Pais@gastech.com.kronos,Willem Vasco-Pais,gastech.com.kronos,GAStech-Kronos,Sten.Sanjorge Jr.@gastech.com.tethys; Willem.Vasco-Pais@gastech.com.kronos; Ada.Campo-Corrente@gastech.com.kronos; Orhan.Strum@gastech.com.kronos,Sten Sanjorge Jr ; Willem Vasco-Pais; Ada Campo-Corrente; Orhan Strum,4,gastech.com.kronos; gastech.com.tethys,GAStech-Kronos; GAStech-Tethys,1/9/2014 11:41,2014-01-09 11:41,RE: Impact of local politics on profit margin,Impact of local politics on profit margin,business
344,Sten.Sanjorge Jr.@gastech.com.tethys,Sten Sanjorge Jr ,gastech.com.tethys,GAStech-Tethys,Sten.Sanjorge Jr.@gastech.com.tethys; Willem.Vasco-Pais@gastech.com.kronos; Ada.Campo-Corrente@gastech.com.kronos; Orhan.Strum@gastech.com.kronos,Sten Sanjorge Jr ; Willem Vasco-Pais; Ada Campo-Corrente; Orhan Strum,4,gastech.com.kronos; gastech.com.tethys,GAStech-Kronos; GAStech-Tethys,1/9/2014 11:42,2014-01-09 11:42,RE: Impact of local politics on profit margin,Impact of local politics on profit margin,business
345,Albina.Hafon@gastech.com.kronos,Albina Hafon,gastech.com.kronos,GAStech-Kronos,Bertrand.Ovan@gastech.com.kronos; Albina.Hafon@gastech.com.kronos; Henk.Mies@gastech.com.kronos; Dylan.Scozzese@gastech.com.kronos; Cecilia.Morluniau@gastech.com.kronos; Irene.Nant@gastech.com.kronos; Adan.Morlun@gastech.com.kronos,Bertrand Ovan; Albina Hafon; Henk Mies; Dylan Scozzese; Cecilia Morluniau; Irene Nant; Adan Morlun,7,gastech.com.kronos,GAStech-Kronos,1/9/2014 11:47,2014-01-09 11:47,RE: Funny!!,Funny!!,
346,Isia.Vann@gastech.com.kronos,Isia Vann,gastech.com.kronos,GAStech-Kronos,Claudio.Hawelon@gastech.com.kronos,Claudio Hawelon,1,gastech.com.kronos,GAStech-Kronos,1/9/2014 11:51,2014-01-09 11:51,Awwww- cute!,Awwww- cute!,
347,Irene.Nant@gastech.com.kronos,Irene Nant,gastech.com.kronos,GAStech-Kronos,Bertrand.Ovan@gastech.com.kronos; Albina.Hafon@gastech.com.kronos; Henk.Mies@gastech.com.kronos; Dylan.Scozzese@gastech.com.kronos; Cecilia.Morluniau@gastech.com.kronos; Irene.Nant@gastech.com.kronos; Adan.Morlun@gastech.com.kronos,Bertrand Ovan; Albina Hafon; Henk Mies; Dylan Scozzese; Cecilia Morluniau; Irene Nant; Adan Morlun,7,gastech.com.kronos,GAStech-Kronos,1/9/2014 12:24,2014-01-09 12:24,RE: Funny!!,Funny!!,
348,Lucas.Alcazar@gastech.com.kronos,Lucas Alcazar,gastech.com.kronos,GAStech-Kronos,Lucas.Alcazar@gastech.com.kronos; Nils.Calixto@gastech.com.kronos,Lucas Alcazar; Nils Calixto,2,gastech.com.kronos,GAStech-Kronos,1/9/2014 12:33,2014-01-09 12:33,RE: Security patches needed,Security patches needed,security
349,Albina.Hafon@gastech.com.kronos,Albina Hafon,gastech.com.kronos,GAStech-Kronos,Bertrand.Ovan@gastech.com.kronos; Albina.Hafon@gastech.com.kronos; Henk.Mies@gastech.com.kronos; Dylan.Scozzese@gastech.com.kronos; Cecilia.Morluniau@gastech.com.kronos; Irene.Nant@gastech.com.kronos; Adan.Morlun@gastech.com.kronos,Bertrand Ovan; Albina Hafon; Henk Mies; Dylan Scozzese; Cecilia Morluniau; Irene Nant; Adan Morlun,7,gastech.com.kronos,GAStech-Kronos,1/9/2014 12:36,2014-01-09 12:36,RE: Funny!!,Funny!!,
350,Dante.Coginian@gastech.com.kronos,Dante Coginian,gastech.com.kronos,GAStech-Kronos,Adan.Morlun@gastech.com.kronos,Adan Morlun,1,gastech.com.kronos,GAStech-Kronos,1/9/2014 12:48,2014-01-09 12:48,Document stuck,Document stuck,
351,Lucas.Alcazar@gastech.com.kronos,Lucas Alcazar,gastech.com.kronos,GAStech-Kronos,Lucas.Alcazar@gastech.com.kronos; Nils.Calixto@gastech.com.kronos,Lucas Alcazar; Nils Calixto,2,gastech.com.kronos,GAStech-Kronos,1/9/2014 12:49,2014-01-09 12:49,RE: Security patches needed,Security patches needed,security
352,Nils.Calixto@gastech.com.kronos,Nils Calixto,gastech.com.kronos,GAStech-Kronos,Lucas.Alcazar@gastech.com.kronos; Nils.Calixto@gastech.com.kronos,Lucas Alcazar; Nils Calixto,2,gastech.com.kronos,GAStech-Kronos,1/9/2014 12:57,2014-01-09 12:57,RE: Security patches needed,Security patches needed,security
353,Dante.Coginian@gastech.com.kronos,Dante Coginian,gastech.com.kronos,GAStech-Kronos,Hideki.Cocinaro@gastech.com.kronos,Hideki Cocinaro,1,gastech.com.kronos,GAStech-Kronos,1/9/2014 12:58,2014-01-09 12:58,RE: Tools,Tools,
354,Axel.Calzas@gastech.com.kronos,Axel Calzas,gastech.com.kronos,GAStech-Kronos,Axel.Calzas@gastech.com.kronos; Elsa.Orilla@gastech.com.kronos; Lars.Azada@gastech.com.kronos,Axel Calzas; Elsa Orilla; Lars Azada,3,gastech.com.kronos,GAStech-Kronos,1/9/2014 13:02,2014-01-09 13:02,Field work rotation schedule,Field work rotation schedule,
355,Cornelia.Lais@gastech.com.kronos,Cornelia Lais,gastech.com.kronos,GAStech-Kronos,Mat.Bramar@gastech.com.kronos; Anda.Ribera@gastech.com.kronos; Rachel.Pantanal@gastech.com.kronos; Linda.Lagos@gastech.com.kronos; Ruscella.Mies.Haber@gastech.com.kronos; Carla.Forluniau@gastech.com.kronos; Cornelia.Lais@gastech.com.kronos,Mat Bramar; Anda Ribera; Rachel Pantanal; Linda Lagos; Ruscella Mies Haber; Carla Forluniau; Cornelia Lais,7,gastech.com.kronos,GAStech-Kronos,1/9/2014 13:02,2014-01-09 13:02,You never get a second chance to make a first impression,You never get a second chance to make a first impression,
356,Isak.Baza@gastech.com.kronos,Isak Baza,gastech.com.kronos,GAStech-Kronos,Isak.Baza@gastech.com.kronos; Sven.Flecha@gastech.com.kronos; Nils.Calixto@gastech.com.kronos,Isak Baza; Sven Flecha; Nils Calixto,3,gastech.com.kronos,GAStech-Kronos,1/9/2014 13:05,2014-01-09 13:05,RE: Can anyone swap on-call slots with me?,Can anyone swap on-call slots with me?,
357,Lucas.Alcazar@gastech.com.kronos,Lucas Alcazar,gastech.com.kronos,GAStech-Kronos,Sven.Flecha@gastech.com.kronos; Isak.Baza@gastech.com.kronos,Sven Flecha; Isak Baza,2,gastech.com.kronos,GAStech-Kronos,1/9/2014 13:10,2014-01-09 13:10,Software review report,Software review report,
358,Ada.Campo-Corrente@gastech.com.kronos,Ada Campo-Corrente,gastech.com.kronos,GAStech-Kronos,Sten.Sanjorge Jr.@gastech.com.tethys; Willem.Vasco-Pais@gastech.com.kronos; Ada.Campo-Corrente@gastech.com.kronos; Orhan.Strum@gastech.com.kronos,Sten Sanjorge Jr ; Willem Vasco-Pais; Ada Campo-Corrente; Orhan Strum,4,gastech.com.kronos; gastech.com.tethys,GAStech-Kronos; GAStech-Tethys,1/9/2014 13:11,2014-01-09 13:11,RE: Impact of local politics on profit margin,Impact of local politics on profit margin,business
359,Hideki.Cocinaro@gastech.com.kronos,Hideki Cocinaro,gastech.com.kronos,GAStech-Kronos,Dante.Coginian@gastech.com.kronos,Dante Coginian,1,gastech.com.kronos,GAStech-Kronos,1/9/2014 13:15,2014-01-09 13:15,RE: Tools,Tools,
360,Mat.Bramar@gastech.com.kronos,Mat Bramar,gastech.com.kronos,GAStech-Kronos,Rachel.Pantanal@gastech.com.kronos; Lars.Azada@gastech.com.kronos; Felix.Balas@gastech.com.kronos; Isande.Borrasca@gastech.com.kronos; Axel.Calzas@gastech.com.kronos; Gustav.Cazar@gastech.com.kronos; Lidelse.Dedos@gastech.com.kronos; Birgitta.Frente@gastech.com.kronos; Vira.Frente@gastech.com.kronos; Adra.Nubarron@gastech.com.kronos; Marin.Onda@gastech.com.kronos; Kare.Orilla@gastech.com.kronos; Elsa.Orilla@gastech.com.kronos; Brand.Tempestad@gastech.com.kronos; Ingrid.Barranco@gastech.com.kronos; Ada.Campo-Corrente@gastech.com.kronos; Sten.Sanjorge Jr.@gastech.com.kronos; Orhan.Strum@gastech.com.kronos; Willem.Vasco-Pais@gastech.com.kronos; Bertrand.Ovan@gastech.com.kronos; Albina.Hafon@gastech.com.kronos; Benito.Hawelon@gastech.com.kronos; Claudio.Hawelon@gastech.com.kronos; Henk.Mies@gastech.com.kronos; Valeria.Morlun@gastech.com.kronos; Adan.Morlun@gastech.com.kronos; Cecilia.Morluniau@gastech.com.kronos; Irene.Nant@gastech.com.kronos; Dylan.Scozzese@gastech.com.kronos; Lucas.Alcazar@gastech.com.kronos; Isak.Baza@gastech.com.kronos; Linnea.Bergen@gastech.com.kronos; Nils.Calixto@gastech.com.kronos; Sven.Flecha@gastech.com.kronos; Hideki.Cocinaro@gastech.com.kronos; Inga.Ferro@gastech.com.kronos; Loreto.Bodrogi@gastech.com.kronos; Isia.Vann@gastech.com.kronos; Stenig.Fusil@gastech.com.kronos; Hennie.Osvaldo@gastech.com.kronos; Kanon.Herrero@gastech.com.kronos; Varja.Lagos@gastech.com.kronos; Minke.Mies@gastech.com.kronos; Felix.Resumir@gastech.com.kronos; Edvard.Vann@gastech.com.kronos; Emile.Arpa@gastech.com.kronos; Varro.Awelon@gastech.com.kronos; Mat.Bramar@gastech.com.kronos; Dante.Coginian@gastech.com.kronos; Carla.Forluniau@gastech.com.kronos; Linda.Lagos@gastech.com.kronos; Cornelia.Lais@gastech.com.kronos; Ruscella.Mies.Haber@gastech.com.kronos; Anda.Ribera@gastech.com.kronos,Rachel Pantanal; Lars Azada; Felix Balas; Isande Borrasca; Axel Calzas; Gustav Cazar; Lidelse Dedos; Birgitta Frente; Vira Frente; Adra Nubarron; Marin Onda; Kare Orilla; Elsa Orilla; Brand Tempestad; Ingrid Barranco; Ada Campo-Corrente; Sten Sanjorge Jr ; Orhan Strum; Willem Vasco-Pais; Bertrand Ovan; Albina Hafon; Benito Hawelon; Claudio Hawelon; Henk Mies; Valeria Morlun; Adan Morlun; Cecilia Morluniau; Irene Nant; Dylan Scozzese; Lucas Alcazar; Isak Baza; Linnea Bergen; Nils Calixto; Sven Flecha; Hideki Cocinaro; Inga Ferro; Loreto Bodrogi; Isia Vann; Stenig Fusil; Hennie Osvaldo; Kanon Herrero; Varja Lagos; Minke Mies; Felix Resumir; Edvard Vann; Emile Arpa; Varro Awelon; Mat Bramar; Dante Coginian; Carla Forluniau; Linda Lagos; Cornelia Lais; Ruscella Mies Haber; Anda Ribera,54,gastech.com.kronos,GAStech-Kronos,1/9/2014 13:19,2014-01-09 13:19,Remember Casino night!,Remember Casino night!,
361,Willem.Vasco-Pais@gastech.com.kronos,Willem Vasco-Pais,gastech.com.kronos,GAStech-Kronos,Sten.Sanjorge Jr.@gastech.com.tethys; Willem.Vasco-Pais@gastech.com.kronos; Ada.Campo-Corrente@gastech.com.kronos; Orhan.Strum@gastech.com.kronos,Sten Sanjorge Jr ; Willem Vasco-Pais; Ada Campo-Corrente; Orhan Strum,4,gastech.com.kronos; gastech.com.tethys,GAStech-Kronos; GAStech-Tethys,1/9/2014 13:31,2014-01-09 13:31,RE: Impact of local politics on profit margin,Impact of local politics on profit margin,business
362,Rachel.Pantanal@gastech.com.kronos,Rachel Pantanal,gastech.com.kronos,GAStech-Kronos,Hennie.Osvaldo@gastech.com.kronos,Hennie Osvaldo,1,gastech.com.kronos,GAStech-Kronos,1/9/2014 13:38,2014-01-09 13:38,Files,Files,
363,Nils.Calixto@gastech.com.kronos,Nils Calixto,gastech.com.kronos,GAStech-Kronos,Lucas.Alcazar@gastech.com.kronos; Nils.Calixto@gastech.com.kronos,Lucas Alcazar; Nils Calixto,2,gastech.com.kronos,GAStech-Kronos,1/9/2014 13:45,2014-01-09 13:45,RE: Security patches needed,Security patches needed,security
364,Orhan.Strum@gastech.com.kronos,Orhan Strum,gastech.com.kronos,GAStech-Kronos,Sten.Sanjorge Jr.@gastech.com.tethys; Willem.Vasco-Pais@gastech.com.kronos; Ada.Campo-Corrente@gastech.com.kronos; Orhan.Strum@gastech.com.kronos,Sten Sanjorge Jr ; Willem Vasco-Pais; Ada Campo-Corrente; Orhan Strum,4,gastech.com.kronos; gastech.com.tethys,GAStech-Kronos; GAStech-Tethys,1/9/2014 13:49,2014-01-09 13:49,RE: Impact of local politics on profit margin,Impact of local politics on profit margin,business
365,Nils.Calixto@gastech.com.kronos,Nils Calixto,gastech.com.kronos,GAStech-Kronos,Lucas.Alcazar@gastech.com.kronos; Nils.Calixto@gastech.com.kronos,Lucas Alcazar; Nils Calixto,2,gastech.com.kronos,GAStech-Kronos,1/9/2014 13:50,2014-01-09 13:50,RE: Security patches needed,Security patches needed,security
366,Sven.Flecha@gastech.com.kronos,Sven Flecha,gastech.com.kronos,GAStech-Kronos,Sven.Flecha@gastech.com.kronos; Isak.Baza@gastech.com.kronos,Sven Flecha; Isak Baza,2,gastech.com.kronos,GAStech-Kronos,1/9/2014 14:03,2014-01-09 14:03,RE: Software review report,Software review report,
367,Hennie.Osvaldo@gastech.com.kronos,Hennie Osvaldo,gastech.com.kronos,GAStech-Kronos,Rachel.Pantanal@gastech.com.kronos,Rachel Pantanal,1,gastech.com.kronos,GAStech-Kronos,1/9/2014 14:05,2014-01-09 14:05,RE: Files,Files,
368,Stenig.Fusil@gastech.com.kronos,Stenig Fusil,gastech.com.kronos,GAStech-Kronos,Loreto.Bodrogi@gastech.com.kronos; Isia.Vann@gastech.com.kronos; Edvard.Vann@gastech.com.kronos; Hideki.Cocinaro@gastech.com.kronos,Loreto Bodrogi; Isia Vann; Edvard Vann; Hideki Cocinaro,4,gastech.com.kronos,GAStech-Kronos,1/9/2014 14:12,2014-01-09 14:12,Security update: how to handle reporters on the grounds,Security update: how to handle reporters on the grounds,security
369,Dante.Coginian@gastech.com.kronos,Dante Coginian,gastech.com.kronos,GAStech-Kronos,Hideki.Cocinaro@gastech.com.kronos,Hideki Cocinaro,1,gastech.com.kronos,GAStech-Kronos,1/9/2014 14:17,2014-01-09 14:17,RE: Tools,Tools,
370,Axel.Calzas@gastech.com.kronos,Axel Calzas,gastech.com.kronos,GAStech-Kronos,Axel.Calzas@gastech.com.kronos; Elsa.Orilla@gastech.com.kronos; Lars.Azada@gastech.com.kronos,Axel Calzas; Elsa Orilla; Lars Azada,3,gastech.com.kronos,GAStech-Kronos,1/9/2014 14:18,2014-01-09 14:18,RE: Field work rotation schedule,Field work rotation schedule,
371,Elsa.Orilla@gastech.com.kronos,Elsa Orilla,gastech.com.kronos,GAStech-Kronos,Elsa.Orilla@gastech.com.kronos; Gustav.Cazar@gastech.com.kronos; Kare.Orilla@gastech.com.kronos; Vira.Frente@gastech.com.kronos; Lars.Azada@gastech.com.kronos; Adra.Nubarron@gastech.com.kronos; Felix.Balas@gastech.com.kronos; Axel.Calzas@gastech.com.kronos; Marin.Onda@gastech.com.kronos; Lidelse.Dedos@gastech.com.kronos; Brand.Tempestad@gastech.com.kronos,Elsa Orilla; Gustav Cazar; Kare Orilla; Vira Frente; Lars Azada; Adra Nubarron; Felix Balas; Axel Calzas; Marin Onda; Lidelse Dedos; Brand Tempestad,11,gastech.com.kronos,GAStech-Kronos,1/9/2014 14:22,2014-01-09 14:22,GIS update,GIS update,
372,Hideki.Cocinaro@gastech.com.kronos,Hideki Cocinaro,gastech.com.kronos,GAStech-Kronos,Dante.Coginian@gastech.com.kronos,Dante Coginian,1,gastech.com.kronos,GAStech-Kronos,1/9/2014 14:27,2014-01-09 14:27,RE: Tools,Tools,
373,Nils.Calixto@gastech.com.kronos,Nils Calixto,gastech.com.kronos,GAStech-Kronos,Lucas.Alcazar@gastech.com.kronos; Nils.Calixto@gastech.com.kronos,Lucas Alcazar; Nils Calixto,2,gastech.com.kronos,GAStech-Kronos,1/9/2014 14:28,2014-01-09 14:28,RE: Security patches needed,Security patches needed,security
374,Rachel.Pantanal@gastech.com.kronos,Rachel Pantanal,gastech.com.kronos,GAStech-Kronos,Hennie.Osvaldo@gastech.com.kronos,Hennie Osvaldo,1,gastech.com.kronos,GAStech-Kronos,1/9/2014 14:29,2014-01-09 14:29,RE: Files,Files,
375,Lars.Azada@gastech.com.kronos,Lars Azada,gastech.com.kronos,GAStech-Kronos,Axel.Calzas@gastech.com.kronos; Elsa.Orilla@gastech.com.kronos; Lars.Azada@gastech.com.kronos,Axel Calzas; Elsa Orilla; Lars Azada,3,gastech.com.kronos,GAStech-Kronos,1/9/2014 14:32,2014-01-09 14:32,RE: Field work rotation schedule,Field work rotation schedule,
376,Adan.Morlun@gastech.com.kronos,Adan Morlun,gastech.com.kronos,GAStech-Kronos,Irene.Nant@gastech.com.kronos; Cecilia.Morluniau@gastech.com.kronos; Albina.Hafon@gastech.com.kronos; Adan.Morlun@gastech.com.kronos; Dylan.Scozzese@gastech.com.kronos,Irene Nant; Cecilia Morluniau; Albina Hafon; Adan Morlun; Dylan Scozzese,5,gastech.com.kronos,GAStech-Kronos,1/9/2014 14:34,2014-01-09 14:34,RE: Union meeting,Union meeting,
377,Claudio.Hawelon@gastech.com.kronos,Claudio Hawelon,gastech.com.kronos,GAStech-Kronos,Isia.Vann@gastech.com.kronos,Isia Vann,1,gastech.com.kronos,GAStech-Kronos,1/9/2014 14:36,2014-01-09 14:36,RE: Awwww- cute!,Awwww- cute!,
378,Adan.Morlun@gastech.com.kronos,Adan Morlun,gastech.com.kronos,GAStech-Kronos,Dante.Coginian@gastech.com.kronos,Dante Coginian,1,gastech.com.kronos,GAStech-Kronos,1/9/2014 14:38,2014-01-09 14:38,RE: Document stuck,Document stuck,
379,Bertrand.Ovan@gastech.com.kronos,Bertrand Ovan,gastech.com.kronos,GAStech-Kronos,Emile.Arpa@gastech.com.kronos; Varro.Awelon@gastech.com.kronos; Dante.Coginian@gastech.com.kronos; Albina.Hafon@gastech.com.kronos; Benito.Hawelon@gastech.com.kronos; Claudio.Hawelon@gastech.com.kronos; Henk.Mies@gastech.com.kronos; Valeria.Morlun@gastech.com.kronos; Adan.Morlun@gastech.com.kronos; Cecilia.Morluniau@gastech.com.kronos; Irene.Nant@gastech.com.kronos; Dylan.Scozzese@gastech.com.kronos,Emile Arpa; Varro Awelon; Dante Coginian; Albina Hafon; Benito Hawelon; Claudio Hawelon; Henk Mies; Valeria Morlun; Adan Morlun; Cecilia Morluniau; Irene Nant; Dylan Scozzese,12,gastech.com.kronos,GAStech-Kronos,1/9/2014 14:39,2014-01-09 14:39,Facilities preparations for VIP visit,Facilities preparations for VIP visit,security
380,Isia.Vann@gastech.com.kronos,Isia Vann,gastech.com.kronos,GAStech-Kronos,Claudio.Hawelon@gastech.com.kronos,Claudio Hawelon,1,gastech.com.kronos,GAStech-Kronos,1/9/2014 14:49,2014-01-09 14:49,RE: Awwww- cute!,Awwww- cute!,
381,Claudio.Hawelon@gastech.com.kronos,Claudio Hawelon,gastech.com.kronos,GAStech-Kronos,Isia.Vann@gastech.com.kronos,Isia Vann,1,gastech.com.kronos,GAStech-Kronos,1/9/2014 14:50,2014-01-09 14:50,RE: Awwww- cute!,Awwww- cute!,
382,Isia.Vann@gastech.com.kronos,Isia Vann,gastech.com.kronos,GAStech-Kronos,Claudio.Hawelon@gastech.com.kronos,Claudio Hawelon,1,gastech.com.kronos,GAStech-Kronos,1/9/2014 14:57,2014-01-09 14:57,RE: Awwww- cute!,Awwww- cute!,
383,Axel.Calzas@gastech.com.kronos,Axel Calzas,gastech.com.kronos,GAStech-Kronos,Axel.Calzas@gastech.com.kronos; Elsa.Orilla@gastech.com.kronos; Lars.Azada@gastech.com.kronos,Axel Calzas; Elsa Orilla; Lars Azada,3,gastech.com.kronos,GAStech-Kronos,1/9/2014 14:57,2014-01-09 14:57,RE: Field work rotation schedule,Field work rotation schedule,
384,Ruscella.Mies.Haber@gastech.com.kronos,Ruscella Mies Haber,gastech.com.kronos,GAStech-Kronos,Mat.Bramar@gastech.com.kronos; Anda.Ribera@gastech.com.kronos; Rachel.Pantanal@gastech.com.kronos; Linda.Lagos@gastech.com.kronos; Ruscella.Mies.Haber@gastech.com.kronos; Carla.Forluniau@gastech.com.kronos; Cornelia.Lais@gastech.com.kronos,Mat Bramar; Anda Ribera; Rachel Pantanal; Linda Lagos; Ruscella Mies Haber; Carla Forluniau; Cornelia Lais,7,gastech.com.kronos,GAStech-Kronos,1/9/2014 14:59,2014-01-09 14:59,RE: You never get a second chance to make a first impression,You never get a second chance to make a first impression,
385,Axel.Calzas@gastech.com.kronos,Axel Calzas,gastech.com.kronos,GAStech-Kronos,Elsa.Orilla@gastech.com.kronos; Gustav.Cazar@gastech.com.kronos; Kare.Orilla@gastech.com.kronos; Vira.Frente@gastech.com.kronos; Lars.Azada@gastech.com.kronos; Adra.Nubarron@gastech.com.kronos; Felix.Balas@gastech.com.kronos; Axel.Calzas@gastech.com.kronos; Marin.Onda@gastech.com.kronos; Lidelse.Dedos@gastech.com.kronos; Brand.Tempestad@gastech.com.kronos,Elsa Orilla; Gustav Cazar; Kare Orilla; Vira Frente; Lars Azada; Adra Nubarron; Felix Balas; Axel Calzas; Marin Onda; Lidelse Dedos; Brand Tempestad,11,gastech.com.kronos,GAStech-Kronos,1/9/2014 15:00,2014-01-09 15:00,RE: GIS update,GIS update,
386,Lars.Azada@gastech.com.kronos,Lars Azada,gastech.com.kronos,GAStech-Kronos,Axel.Calzas@gastech.com.kronos; Elsa.Orilla@gastech.com.kronos; Lars.Azada@gastech.com.kronos,Axel Calzas; Elsa Orilla; Lars Azada,3,gastech.com.kronos,GAStech-Kronos,1/9/2014 15:01,2014-01-09 15:01,RE: Field work rotation schedule,Field work rotation schedule,
387,Felix.Resumir@gastech.com.kronos,Felix Resumir,gastech.com.kronos,GAStech-Kronos,Dante.Coginian@gastech.com.kronos,Dante Coginian,1,gastech.com.kronos,GAStech-Kronos,1/9/2014 15:04,2014-01-09 15:04,They need that report today,They need that report today,
388,Felix.Resumir@gastech.com.kronos,Felix Resumir,gastech.com.kronos,GAStech-Kronos,Kanon.Herrero@gastech.com.kronos; Minke.Mies@gastech.com.kronos; Hennie.Osvaldo@gastech.com.kronos; Inga.Ferro@gastech.com.kronos; Edvard.Vann@gastech.com.kronos; Felix.Resumir@gastech.com.kronos,Kanon Herrero; Minke Mies; Hennie Osvaldo; Inga Ferro; Edvard Vann; Felix Resumir,6,gastech.com.kronos,GAStech-Kronos,1/9/2014 15:05,2014-01-09 15:05,RE: Security procedures for January 20 VIP visit,Security procedures for January 20 VIP visit,security
389,Elsa.Orilla@gastech.com.kronos,Elsa Orilla,gastech.com.kronos,GAStech-Kronos,Elsa.Orilla@gastech.com.kronos; Gustav.Cazar@gastech.com.kronos; Kare.Orilla@gastech.com.kronos; Vira.Frente@gastech.com.kronos; Lars.Azada@gastech.com.kronos; Adra.Nubarron@gastech.com.kronos; Felix.Balas@gastech.com.kronos; Axel.Calzas@gastech.com.kronos; Marin.Onda@gastech.com.kronos; Lidelse.Dedos@gastech.com.kronos; Brand.Tempestad@gastech.com.kronos,Elsa Orilla; Gustav Cazar; Kare Orilla; Vira Frente; Lars Azada; Adra Nubarron; Felix Balas; Axel Calzas; Marin Onda; Lidelse Dedos; Brand Tempestad,11,gastech.com.kronos,GAStech-Kronos,1/9/2014 15:09,2014-01-09 15:09,RE: GIS update,GIS update,
390,Hennie.Osvaldo@gastech.com.kronos,Hennie Osvaldo,gastech.com.kronos,GAStech-Kronos,Rachel.Pantanal@gastech.com.kronos,Rachel Pantanal,1,gastech.com.kronos,GAStech-Kronos,1/9/2014 15:10,2014-01-09 15:10,RE: Files,Files,
391,Kare.Orilla@gastech.com.kronos,Kare Orilla,gastech.com.kronos,GAStech-Kronos,Gustav.Cazar@gastech.com.kronos; Felix.Balas@gastech.com.kronos; Brand.Tempestad@gastech.com.kronos; Axel.Calzas@gastech.com.kronos,Gustav Cazar; Felix Balas; Brand Tempestad; Axel Calzas,4,gastech.com.kronos,GAStech-Kronos,1/9/2014 15:13,2014-01-09 15:13,GIS update,GIS update,
392,Irene.Nant@gastech.com.kronos,Irene Nant,gastech.com.kronos,GAStech-Kronos,Dylan.Scozzese@gastech.com.kronos; Henk.Mies@gastech.com.kronos; Benito.Hawelon@gastech.com.kronos; Irene.Nant@gastech.com.kronos; Emile.Arpa@gastech.com.kronos; Dante.Coginian@gastech.com.kronos; Albina.Hafon@gastech.com.kronos; Valeria.Morlun@gastech.com.kronos; Adan.Morlun@gastech.com.kronos; Claudio.Hawelon@gastech.com.kronos,Dylan Scozzese; Henk Mies; Benito Hawelon; Irene Nant; Emile Arpa; Dante Coginian; Albina Hafon; Valeria Morlun; Adan Morlun; Claudio Hawelon,10,gastech.com.kronos,GAStech-Kronos,1/9/2014 15:13,2014-01-09 15:13,RE: Facilities preparations for VIP visit,Facilities preparations for VIP visit,security
393,Ada.Campo-Corrente@gastech.com.kronos,Ada Campo-Corrente,gastech.com.kronos,GAStech-Kronos,Ada.Campo-Corrente@gastech.com.kronos; Orhan.Strum@gastech.com.kronos; Willem.Vasco-Pais@gastech.com.kronos; Sten.Sanjorge Jr.@gastech.com.tethys,Ada Campo-Corrente; Orhan Strum; Willem Vasco-Pais; Sten Sanjorge Jr ,4,gastech.com.kronos; gastech.com.tethys,GAStech-Kronos; GAStech-Tethys,1/9/2014 15:17,2014-01-09 15:17,Impromptu golf vacation - who's in?,Impromptu golf vacation - who's in?,
394,Dylan.Scozzese@gastech.com.kronos,Dylan Scozzese,gastech.com.kronos,GAStech-Kronos,Albina.Hafon@gastech.com.kronos; Emile.Arpa@gastech.com.kronos; Irene.Nant@gastech.com.kronos; Dylan.Scozzese@gastech.com.kronos,Albina Hafon; Emile Arpa; Irene Nant; Dylan Scozzese,4,gastech.com.kronos,GAStech-Kronos,1/9/2014 15:25,2014-01-09 15:25,RE: Facilities preparations for VIP visit,Facilities preparations for VIP visit,security
395,Elsa.Orilla@gastech.com.kronos,Elsa Orilla,gastech.com.kronos,GAStech-Kronos,Axel.Calzas@gastech.com.kronos; Elsa.Orilla@gastech.com.kronos; Lars.Azada@gastech.com.kronos,Axel Calzas; Elsa Orilla; Lars Azada,3,gastech.com.kronos,GAStech-Kronos,1/9/2014 15:29,2014-01-09 15:29,RE: Field work rotation schedule,Field work rotation schedule,
396,Emile.Arpa@gastech.com.kronos,Emile Arpa,gastech.com.kronos,GAStech-Kronos,Dante.Coginian@gastech.com.kronos; Emile.Arpa@gastech.com.kronos; Cecilia.Morluniau@gastech.com.kronos; Benito.Hawelon@gastech.com.kronos; Adan.Morlun@gastech.com.kronos; Irene.Nant@gastech.com.kronos; Varro.Awelon@gastech.com.kronos; Claudio.Hawelon@gastech.com.kronos; Dylan.Scozzese@gastech.com.kronos,Dante Coginian; Emile Arpa; Cecilia Morluniau; Benito Hawelon; Adan Morlun; Irene Nant; Varro Awelon; Claudio Hawelon; Dylan Scozzese,9,gastech.com.kronos,GAStech-Kronos,1/9/2014 15:35,2014-01-09 15:35,RE: Facilities preparations for VIP visit,Facilities preparations for VIP visit,security
397,Elsa.Orilla@gastech.com.kronos,Elsa Orilla,gastech.com.kronos,GAStech-Kronos,Elsa.Orilla@gastech.com.kronos; Gustav.Cazar@gastech.com.kronos; Kare.Orilla@gastech.com.kronos; Vira.Frente@gastech.com.kronos; Lars.Azada@gastech.com.kronos; Adra.Nubarron@gastech.com.kronos; Felix.Balas@gastech.com.kronos; Axel.Calzas@gastech.com.kronos; Marin.Onda@gastech.com.kronos; Lidelse.Dedos@gastech.com.kronos; Brand.Tempestad@gastech.com.kronos,Elsa Orilla; Gustav Cazar; Kare Orilla; Vira Frente; Lars Azada; Adra Nubarron; Felix Balas; Axel Calzas; Marin Onda; Lidelse Dedos; Brand Tempestad,11,gastech.com.kronos,GAStech-Kronos,1/9/2014 15:42,2014-01-09 15:42,RE: GIS update,GIS update,
398,Dante.Coginian@gastech.com.kronos,Dante Coginian,gastech.com.kronos,GAStech-Kronos,Adan.Morlun@gastech.com.kronos,Adan Morlun,1,gastech.com.kronos,GAStech-Kronos,1/9/2014 15:58,2014-01-09 15:58,RE: Document stuck,Document stuck,
399,Bertrand.Ovan@gastech.com.kronos,Bertrand Ovan,gastech.com.kronos,GAStech-Kronos,Emile.Arpa@gastech.com.kronos; Varro.Awelon@gastech.com.kronos; Dante.Coginian@gastech.com.kronos; Albina.Hafon@gastech.com.kronos; Benito.Hawelon@gastech.com.kronos; Claudio.Hawelon@gastech.com.kronos; Henk.Mies@gastech.com.kronos; Valeria.Morlun@gastech.com.kronos; Adan.Morlun@gastech.com.kronos; Cecilia.Morluniau@gastech.com.kronos; Irene.Nant@gastech.com.kronos; Dylan.Scozzese@gastech.com.kronos,Emile Arpa; Varro Awelon; Dante Coginian; Albina Hafon; Benito Hawelon; Claudio Hawelon; Henk Mies; Valeria Morlun; Adan Morlun; Cecilia Morluniau; Irene Nant; Dylan Scozzese,12,gastech.com.kronos,GAStech-Kronos,1/9/2014 16:01,2014-01-09 16:01,Don't text and drive!,Don't text and drive!,
400,Elsa.Orilla@gastech.com.kronos,Elsa Orilla,gastech.com.kronos,GAStech-Kronos,Rachel.Pantanal@gastech.com.kronos; Lars.Azada@gastech.com.kronos; Felix.Balas@gastech.com.kronos; Isande.Borrasca@gastech.com.kronos; Axel.Calzas@gastech.com.kronos; Gustav.Cazar@gastech.com.kronos; Lidelse.Dedos@gastech.com.kronos; Birgitta.Frente@gastech.com.kronos; Vira.Frente@gastech.com.kronos; Adra.Nubarron@gastech.com.kronos; Marin.Onda@gastech.com.kronos; Kare.Orilla@gastech.com.kronos; Elsa.Orilla@gastech.com.kronos; Brand.Tempestad@gastech.com.kronos; Ingrid.Barranco@gastech.com.kronos; Ada.Campo-Corrente@gastech.com.kronos; Sten.Sanjorge Jr.@gastech.com.kronos; Orhan.Strum@gastech.com.kronos; Willem.Vasco-Pais@gastech.com.kronos; Bertrand.Ovan@gastech.com.kronos; Albina.Hafon@gastech.com.kronos; Benito.Hawelon@gastech.com.kronos; Claudio.Hawelon@gastech.com.kronos; Henk.Mies@gastech.com.kronos; Valeria.Morlun@gastech.com.kronos; Adan.Morlun@gastech.com.kronos; Cecilia.Morluniau@gastech.com.kronos; Irene.Nant@gastech.com.kronos; Dylan.Scozzese@gastech.com.kronos; Lucas.Alcazar@gastech.com.kronos; Isak.Baza@gastech.com.kronos; Linnea.Bergen@gastech.com.kronos; Nils.Calixto@gastech.com.kronos; Sven.Flecha@gastech.com.kronos; Hideki.Cocinaro@gastech.com.kronos; Inga.Ferro@gastech.com.kronos; Loreto.Bodrogi@gastech.com.kronos; Isia.Vann@gastech.com.kronos; Stenig.Fusil@gastech.com.kronos; Hennie.Osvaldo@gastech.com.kronos; Kanon.Herrero@gastech.com.kronos; Varja.Lagos@gastech.com.kronos; Minke.Mies@gastech.com.kronos; Felix.Resumir@gastech.com.kronos; Edvard.Vann@gastech.com.kronos; Emile.Arpa@gastech.com.kronos; Varro.Awelon@gastech.com.kronos; Mat.Bramar@gastech.com.kronos; Dante.Coginian@gastech.com.kronos; Carla.Forluniau@gastech.com.kronos; Linda.Lagos@gastech.com.kronos; Cornelia.Lais@gastech.com.kronos; Ruscella.Mies.Haber@gastech.com.kronos; Anda.Ribera@gastech.com.kronos,Rachel Pantanal; Lars Azada; Felix Balas; Isande Borrasca; Axel Calzas; Gustav Cazar; Lidelse Dedos; Birgitta Frente; Vira Frente; Adra Nubarron; Marin Onda; Kare Orilla; Elsa Orilla; Brand Tempestad; Ingrid Barranco; Ada Campo-Corrente; Sten Sanjorge Jr ; Orhan Strum; Willem Vasco-Pais; Bertrand Ovan; Albina Hafon; Benito Hawelon; Claudio Hawelon; Henk Mies; Valeria Morlun; Adan Morlun; Cecilia Morluniau; Irene Nant; Dylan Scozzese; Lucas Alcazar; Isak Baza; Linnea Bergen; Nils Calixto; Sven Flecha; Hideki Cocinaro; Inga Ferro; Loreto Bodrogi; Isia Vann; Stenig Fusil; Hennie Osvaldo; Kanon Herrero; Varja Lagos; Minke Mies; Felix Resumir; Edvard Vann; Emile Arpa; Varro Awelon; Mat Bramar; Dante Coginian; Carla Forluniau; Linda Lagos; Cornelia Lais; Ruscella Mies Haber; Anda Ribera,54,gastech.com.kronos,GAStech-Kronos,1/9/2014 16:03,2014-01-09 16:03,RE: Remember Casino night!,Remember Casino night!,
401,Isak.Baza@gastech.com.kronos,Isak Baza,gastech.com.kronos,GAStech-Kronos,Rachel.Pantanal@gastech.com.kronos; Lars.Azada@gastech.com.kronos; Felix.Balas@gastech.com.kronos; Isande.Borrasca@gastech.com.kronos; Axel.Calzas@gastech.com.kronos; Gustav.Cazar@gastech.com.kronos; Lidelse.Dedos@gastech.com.kronos; Birgitta.Frente@gastech.com.kronos; Vira.Frente@gastech.com.kronos; Adra.Nubarron@gastech.com.kronos; Marin.Onda@gastech.com.kronos; Kare.Orilla@gastech.com.kronos; Elsa.Orilla@gastech.com.kronos; Brand.Tempestad@gastech.com.kronos; Ingrid.Barranco@gastech.com.kronos; Ada.Campo-Corrente@gastech.com.kronos; Sten.Sanjorge Jr.@gastech.com.kronos; Orhan.Strum@gastech.com.kronos; Willem.Vasco-Pais@gastech.com.kronos; Bertrand.Ovan@gastech.com.kronos; Albina.Hafon@gastech.com.kronos; Benito.Hawelon@gastech.com.kronos; Claudio.Hawelon@gastech.com.kronos; Henk.Mies@gastech.com.kronos; Valeria.Morlun@gastech.com.kronos; Adan.Morlun@gastech.com.kronos; Cecilia.Morluniau@gastech.com.kronos; Irene.Nant@gastech.com.kronos; Dylan.Scozzese@gastech.com.kronos; Lucas.Alcazar@gastech.com.kronos; Isak.Baza@gastech.com.kronos; Linnea.Bergen@gastech.com.kronos; Nils.Calixto@gastech.com.kronos; Sven.Flecha@gastech.com.kronos; Hideki.Cocinaro@gastech.com.kronos; Inga.Ferro@gastech.com.kronos; Loreto.Bodrogi@gastech.com.kronos; Isia.Vann@gastech.com.kronos; Stenig.Fusil@gastech.com.kronos; Hennie.Osvaldo@gastech.com.kronos; Kanon.Herrero@gastech.com.kronos; Varja.Lagos@gastech.com.kronos; Minke.Mies@gastech.com.kronos; Felix.Resumir@gastech.com.kronos; Edvard.Vann@gastech.com.kronos; Emile.Arpa@gastech.com.kronos; Varro.Awelon@gastech.com.kronos; Mat.Bramar@gastech.com.kronos; Dante.Coginian@gastech.com.kronos; Carla.Forluniau@gastech.com.kronos; Linda.Lagos@gastech.com.kronos; Cornelia.Lais@gastech.com.kronos; Ruscella.Mies.Haber@gastech.com.kronos; Anda.Ribera@gastech.com.kronos,Rachel Pantanal; Lars Azada; Felix Balas; Isande Borrasca; Axel Calzas; Gustav Cazar; Lidelse Dedos; Birgitta Frente; Vira Frente; Adra Nubarron; Marin Onda; Kare Orilla; Elsa Orilla; Brand Tempestad; Ingrid Barranco; Ada Campo-Corrente; Sten Sanjorge Jr ; Orhan Strum; Willem Vasco-Pais; Bertrand Ovan; Albina Hafon; Benito Hawelon; Claudio Hawelon; Henk Mies; Valeria Morlun; Adan Morlun; Cecilia Morluniau; Irene Nant; Dylan Scozzese; Lucas Alcazar; Isak Baza; Linnea Bergen; Nils Calixto; Sven Flecha; Hideki Cocinaro; Inga Ferro; Loreto Bodrogi; Isia Vann; Stenig Fusil; Hennie Osvaldo; Kanon Herrero; Varja Lagos; Minke Mies; Felix Resumir; Edvard Vann; Emile Arpa; Varro Awelon; Mat Bramar; Dante Coginian; Carla Forluniau; Linda Lagos; Cornelia Lais; Ruscella Mies Haber; Anda Ribera,54,gastech.com.kronos,GAStech-Kronos,1/9/2014 16:04,2014-01-09 16:04,RE: Remember Casino night!,Remember Casino night!,
402,Kare.Orilla@gastech.com.kronos,Kare Orilla,gastech.com.kronos,GAStech-Kronos,Elsa.Orilla@gastech.com.kronos; Gustav.Cazar@gastech.com.kronos; Kare.Orilla@gastech.com.kronos; Vira.Frente@gastech.com.kronos; Lars.Azada@gastech.com.kronos; Adra.Nubarron@gastech.com.kronos; Felix.Balas@gastech.com.kronos; Axel.Calzas@gastech.com.kronos; Marin.Onda@gastech.com.kronos; Lidelse.Dedos@gastech.com.kronos; Brand.Tempestad@gastech.com.kronos,Elsa Orilla; Gustav Cazar; Kare Orilla; Vira Frente; Lars Azada; Adra Nubarron; Felix Balas; Axel Calzas; Marin Onda; Lidelse Dedos; Brand Tempestad,11,gastech.com.kronos,GAStech-Kronos,1/9/2014 16:07,2014-01-09 16:07,RE: GIS update,GIS update,
403,Lidelse.Dedos@gastech.com.kronos,Lidelse Dedos,gastech.com.kronos,GAStech-Kronos,Vira.Frente@gastech.com.kronos; Marin.Onda@gastech.com.kronos; Gustav.Cazar@gastech.com.kronos; Birgitta.Frente@gastech.com.kronos; Axel.Calzas@gastech.com.kronos; Felix.Balas@gastech.com.kronos; Lidelse.Dedos@gastech.com.kronos; Brand.Tempestad@gastech.com.kronos; Lars.Azada@gastech.com.kronos; Adra.Nubarron@gastech.com.kronos; Kare.Orilla@gastech.com.kronos,Vira Frente; Marin Onda; Gustav Cazar; Birgitta Frente; Axel Calzas; Felix Balas; Lidelse Dedos; Brand Tempestad; Lars Azada; Adra Nubarron; Kare Orilla,11,gastech.com.kronos,GAStech-Kronos,1/9/2014 16:11,2014-01-09 16:11,GIS update,GIS update,
404,Claudio.Hawelon@gastech.com.kronos,Claudio Hawelon,gastech.com.kronos,GAStech-Kronos,Adan.Morlun@gastech.com.kronos; Dante.Coginian@gastech.com.kronos; Henk.Mies@gastech.com.kronos; Dylan.Scozzese@gastech.com.kronos; Claudio.Hawelon@gastech.com.kronos; Irene.Nant@gastech.com.kronos; Cecilia.Morluniau@gastech.com.kronos; Varro.Awelon@gastech.com.kronos; Albina.Hafon@gastech.com.kronos,Adan Morlun; Dante Coginian; Henk Mies; Dylan Scozzese; Claudio Hawelon; Irene Nant; Cecilia Morluniau; Varro Awelon; Albina Hafon,9,gastech.com.kronos,GAStech-Kronos,1/9/2014 16:14,2014-01-09 16:14,RE: Facilities preparations for VIP visit,Facilities preparations for VIP visit,security
405,Lars.Azada@gastech.com.kronos,Lars Azada,gastech.com.kronos,GAStech-Kronos,Rachel.Pantanal@gastech.com.kronos; Lars.Azada@gastech.com.kronos; Felix.Balas@gastech.com.kronos; Isande.Borrasca@gastech.com.kronos; Axel.Calzas@gastech.com.kronos; Gustav.Cazar@gastech.com.kronos; Lidelse.Dedos@gastech.com.kronos; Birgitta.Frente@gastech.com.kronos; Vira.Frente@gastech.com.kronos; Adra.Nubarron@gastech.com.kronos; Marin.Onda@gastech.com.kronos; Kare.Orilla@gastech.com.kronos; Elsa.Orilla@gastech.com.kronos; Brand.Tempestad@gastech.com.kronos; Ingrid.Barranco@gastech.com.kronos; Ada.Campo-Corrente@gastech.com.kronos; Sten.Sanjorge Jr.@gastech.com.kronos; Orhan.Strum@gastech.com.kronos; Willem.Vasco-Pais@gastech.com.kronos; Bertrand.Ovan@gastech.com.kronos; Albina.Hafon@gastech.com.kronos; Benito.Hawelon@gastech.com.kronos; Claudio.Hawelon@gastech.com.kronos; Henk.Mies@gastech.com.kronos; Valeria.Morlun@gastech.com.kronos; Adan.Morlun@gastech.com.kronos; Cecilia.Morluniau@gastech.com.kronos; Irene.Nant@gastech.com.kronos; Dylan.Scozzese@gastech.com.kronos; Lucas.Alcazar@gastech.com.kronos; Isak.Baza@gastech.com.kronos; Linnea.Bergen@gastech.com.kronos; Nils.Calixto@gastech.com.kronos; Sven.Flecha@gastech.com.kronos; Hideki.Cocinaro@gastech.com.kronos; Inga.Ferro@gastech.com.kronos; Loreto.Bodrogi@gastech.com.kronos; Isia.Vann@gastech.com.kronos; Stenig.Fusil@gastech.com.kronos; Hennie.Osvaldo@gastech.com.kronos; Kanon.Herrero@gastech.com.kronos; Varja.Lagos@gastech.com.kronos; Minke.Mies@gastech.com.kronos; Felix.Resumir@gastech.com.kronos; Edvard.Vann@gastech.com.kronos; Emile.Arpa@gastech.com.kronos; Varro.Awelon@gastech.com.kronos; Mat.Bramar@gastech.com.kronos; Dante.Coginian@gastech.com.kronos; Carla.Forluniau@gastech.com.kronos; Linda.Lagos@gastech.com.kronos; Cornelia.Lais@gastech.com.kronos; Ruscella.Mies.Haber@gastech.com.kronos; Anda.Ribera@gastech.com.kronos,Rachel Pantanal; Lars Azada; Felix Balas; Isande Borrasca; Axel Calzas; Gustav Cazar; Lidelse Dedos; Birgitta Frente; Vira Frente; Adra Nubarron; Marin Onda; Kare Orilla; Elsa Orilla; Brand Tempestad; Ingrid Barranco; Ada Campo-Corrente; Sten Sanjorge Jr ; Orhan Strum; Willem Vasco-Pais; Bertrand Ovan; Albina Hafon; Benito Hawelon; Claudio Hawelon; Henk Mies; Valeria Morlun; Adan Morlun; Cecilia Morluniau; Irene Nant; Dylan Scozzese; Lucas Alcazar; Isak Baza; Linnea Bergen; Nils Calixto; Sven Flecha; Hideki Cocinaro; Inga Ferro; Loreto Bodrogi; Isia Vann; Stenig Fusil; Hennie Osvaldo; Kanon Herrero; Varja Lagos; Minke Mies; Felix Resumir; Edvard Vann; Emile Arpa; Varro Awelon; Mat Bramar; Dante Coginian; Carla Forluniau; Linda Lagos; Cornelia Lais; Ruscella Mies Haber; Anda Ribera,54,gastech.com.kronos,GAStech-Kronos,1/9/2014 16:16,2014-01-09 16:16,RE: Remember Casino night!,Remember Casino night!,
406,Isia.Vann@gastech.com.kronos,Isia Vann,gastech.com.kronos,GAStech-Kronos,Loreto.Bodrogi@gastech.com.kronos; Isia.Vann@gastech.com.kronos; Edvard.Vann@gastech.com.kronos; Hideki.Cocinaro@gastech.com.kronos,Loreto Bodrogi; Isia Vann; Edvard Vann; Hideki Cocinaro,4,gastech.com.kronos,GAStech-Kronos,1/9/2014 16:20,2014-01-09 16:20,RE: Security update: how to handle reporters on the grounds,Security update: how to handle reporters on the grounds,security
407,Adan.Morlun@gastech.com.kronos,Adan Morlun,gastech.com.kronos,GAStech-Kronos,Dante.Coginian@gastech.com.kronos,Dante Coginian,1,gastech.com.kronos,GAStech-Kronos,1/9/2014 16:25,2014-01-09 16:25,RE: Document stuck,Document stuck,
408,Dante.Coginian@gastech.com.kronos,Dante Coginian,gastech.com.kronos,GAStech-Kronos,Felix.Resumir@gastech.com.kronos,Felix Resumir,1,gastech.com.kronos,GAStech-Kronos,1/9/2014 16:25,2014-01-09 16:25,RE: They need that report today,They need that report today,
409,Rachel.Pantanal@gastech.com.kronos,Rachel Pantanal,gastech.com.kronos,GAStech-Kronos,Mat.Bramar@gastech.com.kronos; Anda.Ribera@gastech.com.kronos; Rachel.Pantanal@gastech.com.kronos; Linda.Lagos@gastech.com.kronos; Ruscella.Mies.Haber@gastech.com.kronos; Carla.Forluniau@gastech.com.kronos; Cornelia.Lais@gastech.com.kronos,Mat Bramar; Anda Ribera; Rachel Pantanal; Linda Lagos; Ruscella Mies Haber; Carla Forluniau; Cornelia Lais,7,gastech.com.kronos,GAStech-Kronos,1/9/2014 16:25,2014-01-09 16:25,Missing sweater,Missing sweater,kidnapping
410,Kanon.Herrero@gastech.com.kronos,Kanon Herrero,gastech.com.kronos,GAStech-Kronos,Rachel.Pantanal@gastech.com.kronos; Lars.Azada@gastech.com.kronos; Felix.Balas@gastech.com.kronos; Isande.Borrasca@gastech.com.kronos; Axel.Calzas@gastech.com.kronos; Gustav.Cazar@gastech.com.kronos; Lidelse.Dedos@gastech.com.kronos; Birgitta.Frente@gastech.com.kronos; Vira.Frente@gastech.com.kronos; Adra.Nubarron@gastech.com.kronos; Marin.Onda@gastech.com.kronos; Kare.Orilla@gastech.com.kronos; Elsa.Orilla@gastech.com.kronos; Brand.Tempestad@gastech.com.kronos; Ingrid.Barranco@gastech.com.kronos; Ada.Campo-Corrente@gastech.com.kronos; Sten.Sanjorge Jr.@gastech.com.kronos; Orhan.Strum@gastech.com.kronos; Willem.Vasco-Pais@gastech.com.kronos; Bertrand.Ovan@gastech.com.kronos; Albina.Hafon@gastech.com.kronos; Benito.Hawelon@gastech.com.kronos; Claudio.Hawelon@gastech.com.kronos; Henk.Mies@gastech.com.kronos; Valeria.Morlun@gastech.com.kronos; Adan.Morlun@gastech.com.kronos; Cecilia.Morluniau@gastech.com.kronos; Irene.Nant@gastech.com.kronos; Dylan.Scozzese@gastech.com.kronos; Lucas.Alcazar@gastech.com.kronos; Isak.Baza@gastech.com.kronos; Linnea.Bergen@gastech.com.kronos; Nils.Calixto@gastech.com.kronos; Sven.Flecha@gastech.com.kronos; Hideki.Cocinaro@gastech.com.kronos; Inga.Ferro@gastech.com.kronos; Loreto.Bodrogi@gastech.com.kronos; Isia.Vann@gastech.com.kronos; Stenig.Fusil@gastech.com.kronos; Hennie.Osvaldo@gastech.com.kronos; Kanon.Herrero@gastech.com.kronos; Varja.Lagos@gastech.com.kronos; Minke.Mies@gastech.com.kronos; Felix.Resumir@gastech.com.kronos; Edvard.Vann@gastech.com.kronos; Emile.Arpa@gastech.com.kronos; Varro.Awelon@gastech.com.kronos; Mat.Bramar@gastech.com.kronos; Dante.Coginian@gastech.com.kronos; Carla.Forluniau@gastech.com.kronos; Linda.Lagos@gastech.com.kronos; Cornelia.Lais@gastech.com.kronos; Ruscella.Mies.Haber@gastech.com.kronos; Anda.Ribera@gastech.com.kronos,Rachel Pantanal; Lars Azada; Felix Balas; Isande Borrasca; Axel Calzas; Gustav Cazar; Lidelse Dedos; Birgitta Frente; Vira Frente; Adra Nubarron; Marin Onda; Kare Orilla; Elsa Orilla; Brand Tempestad; Ingrid Barranco; Ada Campo-Corrente; Sten Sanjorge Jr ; Orhan Strum; Willem Vasco-Pais; Bertrand Ovan; Albina Hafon; Benito Hawelon; Claudio Hawelon; Henk Mies; Valeria Morlun; Adan Morlun; Cecilia Morluniau; Irene Nant; Dylan Scozzese; Lucas Alcazar; Isak Baza; Linnea Bergen; Nils Calixto; Sven Flecha; Hideki Cocinaro; Inga Ferro; Loreto Bodrogi; Isia Vann; Stenig Fusil; Hennie Osvaldo; Kanon Herrero; Varja Lagos; Minke Mies; Felix Resumir; Edvard Vann; Emile Arpa; Varro Awelon; Mat Bramar; Dante Coginian; Carla Forluniau; Linda Lagos; Cornelia Lais; Ruscella Mies Haber; Anda Ribera,54,gastech.com.kronos,GAStech-Kronos,1/9/2014 16:26,2014-01-09 16:26,RE: Remember Casino night!,Remember Casino night!,
411,Axel.Calzas@gastech.com.kronos,Axel Calzas,gastech.com.kronos,GAStech-Kronos,Rachel.Pantanal@gastech.com.kronos; Lars.Azada@gastech.com.kronos; Felix.Balas@gastech.com.kronos; Isande.Borrasca@gastech.com.kronos; Axel.Calzas@gastech.com.kronos; Gustav.Cazar@gastech.com.kronos; Lidelse.Dedos@gastech.com.kronos; Birgitta.Frente@gastech.com.kronos; Vira.Frente@gastech.com.kronos; Adra.Nubarron@gastech.com.kronos; Marin.Onda@gastech.com.kronos; Kare.Orilla@gastech.com.kronos; Elsa.Orilla@gastech.com.kronos; Brand.Tempestad@gastech.com.kronos; Ingrid.Barranco@gastech.com.kronos; Ada.Campo-Corrente@gastech.com.kronos; Sten.Sanjorge Jr.@gastech.com.kronos; Orhan.Strum@gastech.com.kronos; Willem.Vasco-Pais@gastech.com.kronos; Bertrand.Ovan@gastech.com.kronos; Albina.Hafon@gastech.com.kronos; Benito.Hawelon@gastech.com.kronos; Claudio.Hawelon@gastech.com.kronos; Henk.Mies@gastech.com.kronos; Valeria.Morlun@gastech.com.kronos; Adan.Morlun@gastech.com.kronos; Cecilia.Morluniau@gastech.com.kronos; Irene.Nant@gastech.com.kronos; Dylan.Scozzese@gastech.com.kronos; Lucas.Alcazar@gastech.com.kronos; Isak.Baza@gastech.com.kronos; Linnea.Bergen@gastech.com.kronos; Nils.Calixto@gastech.com.kronos; Sven.Flecha@gastech.com.kronos; Hideki.Cocinaro@gastech.com.kronos; Inga.Ferro@gastech.com.kronos; Loreto.Bodrogi@gastech.com.kronos; Isia.Vann@gastech.com.kronos; Stenig.Fusil@gastech.com.kronos; Hennie.Osvaldo@gastech.com.kronos; Kanon.Herrero@gastech.com.kronos; Varja.Lagos@gastech.com.kronos; Minke.Mies@gastech.com.kronos; Felix.Resumir@gastech.com.kronos; Edvard.Vann@gastech.com.kronos; Emile.Arpa@gastech.com.kronos; Varro.Awelon@gastech.com.kronos; Mat.Bramar@gastech.com.kronos; Dante.Coginian@gastech.com.kronos; Carla.Forluniau@gastech.com.kronos; Linda.Lagos@gastech.com.kronos; Cornelia.Lais@gastech.com.kronos; Ruscella.Mies.Haber@gastech.com.kronos; Anda.Ribera@gastech.com.kronos,Rachel Pantanal; Lars Azada; Felix Balas; Isande Borrasca; Axel Calzas; Gustav Cazar; Lidelse Dedos; Birgitta Frente; Vira Frente; Adra Nubarron; Marin Onda; Kare Orilla; Elsa Orilla; Brand Tempestad; Ingrid Barranco; Ada Campo-Corrente; Sten Sanjorge Jr ; Orhan Strum; Willem Vasco-Pais; Bertrand Ovan; Albina Hafon; Benito Hawelon; Claudio Hawelon; Henk Mies; Valeria Morlun; Adan Morlun; Cecilia Morluniau; Irene Nant; Dylan Scozzese; Lucas Alcazar; Isak Baza; Linnea Bergen; Nils Calixto; Sven Flecha; Hideki Cocinaro; Inga Ferro; Loreto Bodrogi; Isia Vann; Stenig Fusil; Hennie Osvaldo; Kanon Herrero; Varja Lagos; Minke Mies; Felix Resumir; Edvard Vann; Emile Arpa; Varro Awelon; Mat Bramar; Dante Coginian; Carla Forluniau; Linda Lagos; Cornelia Lais; Ruscella Mies Haber; Anda Ribera,54,gastech.com.kronos,GAStech-Kronos,1/9/2014 16:32,2014-01-09 16:32,RE: Remember Casino night!,Remember Casino night!,
412,Dylan.Scozzese@gastech.com.kronos,Dylan Scozzese,gastech.com.kronos,GAStech-Kronos,Irene.Nant@gastech.com.kronos; Cecilia.Morluniau@gastech.com.kronos; Albina.Hafon@gastech.com.kronos; Adan.Morlun@gastech.com.kronos; Dylan.Scozzese@gastech.com.kronos,Irene Nant; Cecilia Morluniau; Albina Hafon; Adan Morlun; Dylan Scozzese,5,gastech.com.kronos,GAStech-Kronos,1/9/2014 16:34,2014-01-09 16:34,RE: Union meeting,Union meeting,
413,Bertrand.Ovan@gastech.com.kronos,Bertrand Ovan,gastech.com.kronos,GAStech-Kronos,Emile.Arpa@gastech.com.kronos; Varro.Awelon@gastech.com.kronos; Dante.Coginian@gastech.com.kronos; Albina.Hafon@gastech.com.kronos; Benito.Hawelon@gastech.com.kronos; Claudio.Hawelon@gastech.com.kronos; Henk.Mies@gastech.com.kronos; Valeria.Morlun@gastech.com.kronos; Adan.Morlun@gastech.com.kronos; Cecilia.Morluniau@gastech.com.kronos; Irene.Nant@gastech.com.kronos; Dylan.Scozzese@gastech.com.kronos,Emile Arpa; Varro Awelon; Dante Coginian; Albina Hafon; Benito Hawelon; Claudio Hawelon; Henk Mies; Valeria Morlun; Adan Morlun; Cecilia Morluniau; Irene Nant; Dylan Scozzese,12,gastech.com.kronos,GAStech-Kronos,1/9/2014 16:36,2014-01-09 16:36,Mandatory safety training,Mandatory safety training,
414,Kanon.Herrero@gastech.com.kronos,Kanon Herrero,gastech.com.kronos,GAStech-Kronos,Kanon.Herrero@gastech.com.kronos; Minke.Mies@gastech.com.kronos; Hennie.Osvaldo@gastech.com.kronos; Inga.Ferro@gastech.com.kronos; Edvard.Vann@gastech.com.kronos; Felix.Resumir@gastech.com.kronos,Kanon Herrero; Minke Mies; Hennie Osvaldo; Inga Ferro; Edvard Vann; Felix Resumir,6,gastech.com.kronos,GAStech-Kronos,1/9/2014 16:42,2014-01-09 16:42,RE: Security procedures for January 20 VIP visit,Security procedures for January 20 VIP visit,security
415,Kanon.Herrero@gastech.com.kronos,Kanon Herrero,gastech.com.kronos,GAStech-Kronos,Kanon.Herrero@gastech.com.kronos; Minke.Mies@gastech.com.kronos; Hennie.Osvaldo@gastech.com.kronos; Inga.Ferro@gastech.com.kronos; Edvard.Vann@gastech.com.kronos; Felix.Resumir@gastech.com.kronos,Kanon Herrero; Minke Mies; Hennie Osvaldo; Inga Ferro; Edvard Vann; Felix Resumir,6,gastech.com.kronos,GAStech-Kronos,1/9/2014 16:44,2014-01-09 16:44,RE: Security procedures for January 20 VIP visit,Security procedures for January 20 VIP visit,security
416,Gustav.Cazar@gastech.com.kronos,Gustav Cazar,gastech.com.kronos,GAStech-Kronos,Elsa.Orilla@gastech.com.kronos; Gustav.Cazar@gastech.com.kronos; Kare.Orilla@gastech.com.kronos; Vira.Frente@gastech.com.kronos; Lars.Azada@gastech.com.kronos; Adra.Nubarron@gastech.com.kronos; Felix.Balas@gastech.com.kronos; Axel.Calzas@gastech.com.kronos; Marin.Onda@gastech.com.kronos; Lidelse.Dedos@gastech.com.kronos; Brand.Tempestad@gastech.com.kronos,Elsa Orilla; Gustav Cazar; Kare Orilla; Vira Frente; Lars Azada; Adra Nubarron; Felix Balas; Axel Calzas; Marin Onda; Lidelse Dedos; Brand Tempestad,11,gastech.com.kronos,GAStech-Kronos,1/9/2014 16:44,2014-01-09 16:44,RE: GIS update,GIS update,
417,Isia.Vann@gastech.com.kronos,Isia Vann,gastech.com.kronos,GAStech-Kronos,Loreto.Bodrogi@gastech.com.kronos; Isia.Vann@gastech.com.kronos; Edvard.Vann@gastech.com.kronos; Hideki.Cocinaro@gastech.com.kronos,Loreto Bodrogi; Isia Vann; Edvard Vann; Hideki Cocinaro,4,gastech.com.kronos,GAStech-Kronos,1/9/2014 16:45,2014-01-09 16:45,RE: Security update: how to handle reporters on the grounds,Security update: how to handle reporters on the grounds,security
418,Felix.Resumir@gastech.com.kronos,Felix Resumir,gastech.com.kronos,GAStech-Kronos,Dante.Coginian@gastech.com.kronos,Dante Coginian,1,gastech.com.kronos,GAStech-Kronos,1/9/2014 17:02,2014-01-09 17:02,RE: They need that report today,They need that report today,
419,Kanon.Herrero@gastech.com.kronos,Kanon Herrero,gastech.com.kronos,GAStech-Kronos,Kanon.Herrero@gastech.com.kronos; Minke.Mies@gastech.com.kronos; Hennie.Osvaldo@gastech.com.kronos; Inga.Ferro@gastech.com.kronos; Edvard.Vann@gastech.com.kronos; Felix.Resumir@gastech.com.kronos,Kanon Herrero; Minke Mies; Hennie Osvaldo; Inga Ferro; Edvard Vann; Felix Resumir,6,gastech.com.kronos,GAStech-Kronos,1/9/2014 17:13,2014-01-09 17:13,RE: Security procedures for January 20 VIP visit,Security procedures for January 20 VIP visit,security
420,Edvard.Vann@gastech.com.kronos,Edvard Vann,gastech.com.kronos,GAStech-Kronos,Loreto.Bodrogi@gastech.com.kronos; Isia.Vann@gastech.com.kronos; Edvard.Vann@gastech.com.kronos; Hideki.Cocinaro@gastech.com.kronos,Loreto Bodrogi; Isia Vann; Edvard Vann; Hideki Cocinaro,4,gastech.com.kronos,GAStech-Kronos,1/9/2014 17:17,2014-01-09 17:17,RE: Security update: how to handle reporters on the grounds,Security update: how to handle reporters on the grounds,security
421,Vira.Frente@gastech.com.kronos,Vira Frente,gastech.com.kronos,GAStech-Kronos,Elsa.Orilla@gastech.com.kronos; Gustav.Cazar@gastech.com.kronos; Kare.Orilla@gastech.com.kronos; Vira.Frente@gastech.com.kronos; Lars.Azada@gastech.com.kronos; Adra.Nubarron@gastech.com.kronos; Felix.Balas@gastech.com.kronos; Axel.Calzas@gastech.com.kronos; Marin.Onda@gastech.com.kronos; Lidelse.Dedos@gastech.com.kronos; Brand.Tempestad@gastech.com.kronos,Elsa Orilla; Gustav Cazar; Kare Orilla; Vira Frente; Lars Azada; Adra Nubarron; Felix Balas; Axel Calzas; Marin Onda; Lidelse Dedos; Brand Tempestad,11,gastech.com.kronos,GAStech-Kronos,1/9/2014 17:17,2014-01-09 17:17,RE: GIS update,GIS update,
422,Edvard.Vann@gastech.com.kronos,Edvard Vann,gastech.com.kronos,GAStech-Kronos,Kanon.Herrero@gastech.com.kronos; Minke.Mies@gastech.com.kronos; Hennie.Osvaldo@gastech.com.kronos; Inga.Ferro@gastech.com.kronos; Edvard.Vann@gastech.com.kronos; Felix.Resumir@gastech.com.kronos,Kanon Herrero; Minke Mies; Hennie Osvaldo; Inga Ferro; Edvard Vann; Felix Resumir,6,gastech.com.kronos,GAStech-Kronos,1/9/2014 17:30,2014-01-09 17:30,RE: Security procedures for January 20 VIP visit,Security procedures for January 20 VIP visit,security
423,Emile.Arpa@gastech.com.kronos,Emile Arpa,gastech.com.kronos,GAStech-Kronos,Albina.Hafon@gastech.com.kronos; Valeria.Morlun@gastech.com.kronos; Henk.Mies@gastech.com.kronos; Adan.Morlun@gastech.com.kronos; Dylan.Scozzese@gastech.com.kronos,Albina Hafon; Valeria Morlun; Henk Mies; Adan Morlun; Dylan Scozzese,5,gastech.com.kronos,GAStech-Kronos,1/9/2014 18:14,2014-01-09 18:14,RE: Don't text and drive!,Don't text and drive!,
424,Felix.Balas@gastech.com.kronos,Felix Balas,gastech.com.kronos,GAStech-Kronos,Gustav.Cazar@gastech.com.kronos; Felix.Balas@gastech.com.kronos; Brand.Tempestad@gastech.com.kronos; Axel.Calzas@gastech.com.kronos,Gustav Cazar; Felix Balas; Brand Tempestad; Axel Calzas,4,gastech.com.kronos,GAStech-Kronos,1/9/2014 18:47,2014-01-09 18:47,RE: GIS update,GIS update,
425,Sten.Sanjorge Jr.@gastech.com.tethys,Sten Sanjorge Jr ,gastech.com.tethys,GAStech-Tethys,Ada.Campo-Corrente@gastech.com.kronos; Orhan.Strum@gastech.com.kronos; Willem.Vasco-Pais@gastech.com.kronos; Sten.Sanjorge Jr.@gastech.com.tethys,Ada Campo-Corrente; Orhan Strum; Willem Vasco-Pais; Sten Sanjorge Jr ,4,gastech.com.kronos; gastech.com.tethys,GAStech-Kronos; GAStech-Tethys,1/9/2014 19:41,2014-01-09 19:41,RE: Impromptu golf vacation - who's in?,Impromptu golf vacation - who's in?,
426,Willem.Vasco-Pais@gastech.com.kronos,Willem Vasco-Pais,gastech.com.kronos,GAStech-Kronos,Ada.Campo-Corrente@gastech.com.kronos; Orhan.Strum@gastech.com.kronos; Willem.Vasco-Pais@gastech.com.kronos; Sten.Sanjorge Jr.@gastech.com.tethys,Ada Campo-Corrente; Orhan Strum; Willem Vasco-Pais; Sten Sanjorge Jr ,4,gastech.com.kronos; gastech.com.tethys,GAStech-Kronos; GAStech-Tethys,1/9/2014 19:42,2014-01-09 19:42,RE: Impromptu golf vacation - who's in?,Impromptu golf vacation - who's in?,
427,Lidelse.Dedos@gastech.com.kronos,Lidelse Dedos,gastech.com.kronos,GAStech-Kronos,Vira.Frente@gastech.com.kronos; Marin.Onda@gastech.com.kronos; Gustav.Cazar@gastech.com.kronos; Birgitta.Frente@gastech.com.kronos; Axel.Calzas@gastech.com.kronos; Felix.Balas@gastech.com.kronos; Lidelse.Dedos@gastech.com.kronos; Brand.Tempestad@gastech.com.kronos; Lars.Azada@gastech.com.kronos; Adra.Nubarron@gastech.com.kronos; Kare.Orilla@gastech.com.kronos,Vira Frente; Marin Onda; Gustav Cazar; Birgitta Frente; Axel Calzas; Felix Balas; Lidelse Dedos; Brand Tempestad; Lars Azada; Adra Nubarron; Kare Orilla,11,gastech.com.kronos,GAStech-Kronos,1/9/2014 19:47,2014-01-09 19:47,RE: GIS update,GIS update,
428,Marin.Onda@gastech.com.kronos,Marin Onda,gastech.com.kronos,GAStech-Kronos,Vira.Frente@gastech.com.kronos; Marin.Onda@gastech.com.kronos; Gustav.Cazar@gastech.com.kronos; Birgitta.Frente@gastech.com.kronos; Axel.Calzas@gastech.com.kronos; Felix.Balas@gastech.com.kronos; Lidelse.Dedos@gastech.com.kronos; Brand.Tempestad@gastech.com.kronos; Lars.Azada@gastech.com.kronos; Adra.Nubarron@gastech.com.kronos; Kare.Orilla@gastech.com.kronos,Vira Frente; Marin Onda; Gustav Cazar; Birgitta Frente; Axel Calzas; Felix Balas; Lidelse Dedos; Brand Tempestad; Lars Azada; Adra Nubarron; Kare Orilla,11,gastech.com.kronos,GAStech-Kronos,1/9/2014 19:59,2014-01-09 19:59,RE: GIS update,GIS update,
429,Cornelia.Lais@gastech.com.kronos,Cornelia Lais,gastech.com.kronos,GAStech-Kronos,Mat.Bramar@gastech.com.kronos; Anda.Ribera@gastech.com.kronos; Rachel.Pantanal@gastech.com.kronos; Linda.Lagos@gastech.com.kronos; Ruscella.Mies.Haber@gastech.com.kronos; Carla.Forluniau@gastech.com.kronos; Cornelia.Lais@gastech.com.kronos,Mat Bramar; Anda Ribera; Rachel Pantanal; Linda Lagos; Ruscella Mies Haber; Carla Forluniau; Cornelia Lais,7,gastech.com.kronos,GAStech-Kronos,1/9/2014 20:24,2014-01-09 20:24,RE: Missing sweater,Missing sweater,kidnapping
430,Lars.Azada@gastech.com.kronos,Lars Azada,gastech.com.kronos,GAStech-Kronos,Vira.Frente@gastech.com.kronos; Marin.Onda@gastech.com.kronos; Gustav.Cazar@gastech.com.kronos; Birgitta.Frente@gastech.com.kronos; Axel.Calzas@gastech.com.kronos; Felix.Balas@gastech.com.kronos; Lidelse.Dedos@gastech.com.kronos; Brand.Tempestad@gastech.com.kronos; Lars.Azada@gastech.com.kronos; Adra.Nubarron@gastech.com.kronos; Kare.Orilla@gastech.com.kronos,Vira Frente; Marin Onda; Gustav Cazar; Birgitta Frente; Axel Calzas; Felix Balas; Lidelse Dedos; Brand Tempestad; Lars Azada; Adra Nubarron; Kare Orilla,11,gastech.com.kronos,GAStech-Kronos,1/9/2014 20:28,2014-01-09 20:28,RE: GIS update,GIS update,
431,Claudio.Hawelon@gastech.com.kronos,Claudio Hawelon,gastech.com.kronos,GAStech-Kronos,Dante.Coginian@gastech.com.kronos; Adan.Morlun@gastech.com.kronos; Irene.Nant@gastech.com.kronos,Dante Coginian; Adan Morlun; Irene Nant,3,gastech.com.kronos,GAStech-Kronos,1/9/2014 21:10,2014-01-09 21:10,RE: Mandatory safety training,Mandatory safety training,
432,Dylan.Scozzese@gastech.com.kronos,Dylan Scozzese,gastech.com.kronos,GAStech-Kronos,Claudio.Hawelon@gastech.com.kronos; Dante.Coginian@gastech.com.kronos; Varro.Awelon@gastech.com.kronos; Valeria.Morlun@gastech.com.kronos; Henk.Mies@gastech.com.kronos; Albina.Hafon@gastech.com.kronos,Claudio Hawelon; Dante Coginian; Varro Awelon; Valeria Morlun; Henk Mies; Albina Hafon,6,gastech.com.kronos,GAStech-Kronos,1/9/2014 21:27,2014-01-09 21:27,RE: Mandatory safety training,Mandatory safety training,
433,Dylan.Scozzese@gastech.com.kronos,Dylan Scozzese,gastech.com.kronos,GAStech-Kronos,Varro.Awelon@gastech.com.kronos; Adan.Morlun@gastech.com.kronos; Henk.Mies@gastech.com.kronos; Dante.Coginian@gastech.com.kronos; Benito.Hawelon@gastech.com.kronos; Cecilia.Morluniau@gastech.com.kronos; Valeria.Morlun@gastech.com.kronos; Irene.Nant@gastech.com.kronos; Claudio.Hawelon@gastech.com.kronos; Albina.Hafon@gastech.com.kronos; Emile.Arpa@gastech.com.kronos,Varro Awelon; Adan Morlun; Henk Mies; Dante Coginian; Benito Hawelon; Cecilia Morluniau; Valeria Morlun; Irene Nant; Claudio Hawelon; Albina Hafon; Emile Arpa,11,gastech.com.kronos,GAStech-Kronos,1/9/2014 22:33,2014-01-09 22:33,RE: Mandatory safety training,Mandatory safety training,
434,Gustav.Cazar@gastech.com.kronos,Gustav Cazar,gastech.com.kronos,GAStech-Kronos,Elsa.Orilla@gastech.com.kronos; Kare.Orilla@gastech.com.kronos; Isande.Borrasca@gastech.com.kronos; Birgitta.Frente@gastech.com.kronos; Gustav.Cazar@gastech.com.kronos; Lars.Azada@gastech.com.kronos; Lidelse.Dedos@gastech.com.kronos,Elsa Orilla; Kare Orilla; Isande Borrasca; Birgitta Frente; Gustav Cazar; Lars Azada; Lidelse Dedos,7,gastech.com.kronos,GAStech-Kronos,1/10/2014 8:33,2014-01-10 08:33,2516-00 openhole logging results,2516-00 openhole logging results,
435,Mat.Bramar@gastech.com.kronos,Mat Bramar,gastech.com.kronos,GAStech-Kronos,Rachel.Pantanal@gastech.com.kronos; Lars.Azada@gastech.com.kronos; Felix.Balas@gastech.com.kronos; Isande.Borrasca@gastech.com.kronos; Axel.Calzas@gastech.com.kronos; Gustav.Cazar@gastech.com.kronos; Lidelse.Dedos@gastech.com.kronos; Birgitta.Frente@gastech.com.kronos; Vira.Frente@gastech.com.kronos; Adra.Nubarron@gastech.com.kronos; Marin.Onda@gastech.com.kronos; Kare.Orilla@gastech.com.kronos; Elsa.Orilla@gastech.com.kronos; Brand.Tempestad@gastech.com.kronos; Ingrid.Barranco@gastech.com.kronos; Ada.Campo-Corrente@gastech.com.kronos; Sten.Sanjorge Jr.@gastech.com.kronos; Orhan.Strum@gastech.com.kronos; Willem.Vasco-Pais@gastech.com.kronos; Bertrand.Ovan@gastech.com.kronos; Albina.Hafon@gastech.com.kronos; Benito.Hawelon@gastech.com.kronos; Claudio.Hawelon@gastech.com.kronos; Henk.Mies@gastech.com.kronos; Valeria.Morlun@gastech.com.kronos; Adan.Morlun@gastech.com.kronos; Cecilia.Morluniau@gastech.com.kronos; Irene.Nant@gastech.com.kronos; Dylan.Scozzese@gastech.com.kronos; Lucas.Alcazar@gastech.com.kronos; Isak.Baza@gastech.com.kronos; Linnea.Bergen@gastech.com.kronos; Nils.Calixto@gastech.com.kronos; Sven.Flecha@gastech.com.kronos; Hideki.Cocinaro@gastech.com.kronos; Inga.Ferro@gastech.com.kronos; Loreto.Bodrogi@gastech.com.kronos; Isia.Vann@gastech.com.kronos; Stenig.Fusil@gastech.com.kronos; Hennie.Osvaldo@gastech.com.kronos; Kanon.Herrero@gastech.com.kronos; Varja.Lagos@gastech.com.kronos; Minke.Mies@gastech.com.kronos; Felix.Resumir@gastech.com.kronos; Edvard.Vann@gastech.com.kronos; Emile.Arpa@gastech.com.kronos; Varro.Awelon@gastech.com.kronos; Mat.Bramar@gastech.com.kronos; Dante.Coginian@gastech.com.kronos; Carla.Forluniau@gastech.com.kronos; Linda.Lagos@gastech.com.kronos; Cornelia.Lais@gastech.com.kronos; Ruscella.Mies.Haber@gastech.com.kronos; Anda.Ribera@gastech.com.kronos,Rachel Pantanal; Lars Azada; Felix Balas; Isande Borrasca; Axel Calzas; Gustav Cazar; Lidelse Dedos; Birgitta Frente; Vira Frente; Adra Nubarron; Marin Onda; Kare Orilla; Elsa Orilla; Brand Tempestad; Ingrid Barranco; Ada Campo-Corrente; Sten Sanjorge Jr ; Orhan Strum; Willem Vasco-Pais; Bertrand Ovan; Albina Hafon; Benito Hawelon; Claudio Hawelon; Henk Mies; Valeria Morlun; Adan Morlun; Cecilia Morluniau; Irene Nant; Dylan Scozzese; Lucas Alcazar; Isak Baza; Linnea Bergen; Nils Calixto; Sven Flecha; Hideki Cocinaro; Inga Ferro; Loreto Bodrogi; Isia Vann; Stenig Fusil; Hennie Osvaldo; Kanon Herrero; Varja Lagos; Minke Mies; Felix Resumir; Edvard Vann; Emile Arpa; Varro Awelon; Mat Bramar; Dante Coginian; Carla Forluniau; Linda Lagos; Cornelia Lais; Ruscella Mies Haber; Anda Ribera,54,gastech.com.kronos,GAStech-Kronos,1/10/2014 9:08,2014-01-10 09:08,Changes to travel policy,Changes to travel policy,
436,Axel.Calzas@gastech.com.kronos,Axel Calzas,gastech.com.kronos,GAStech-Kronos,Varja.Lagos@gastech.com.kronos,Varja Lagos,1,gastech.com.kronos,GAStech-Kronos,1/10/2014 10:00,2014-01-10 10:00,Out of staples,Out of staples,
437,Dylan.Scozzese@gastech.com.kronos,Dylan Scozzese,gastech.com.kronos,GAStech-Kronos,Benito.Hawelon@gastech.com.kronos; Albina.Hafon@gastech.com.kronos,Benito Hawelon; Albina Hafon,2,gastech.com.kronos,GAStech-Kronos,1/10/2014 10:03,2014-01-10 10:03,Funny!!,Funny!!,
438,Isak.Baza@gastech.com.kronos,Isak Baza,gastech.com.kronos,GAStech-Kronos,Lucas.Alcazar@gastech.com.kronos; Sven.Flecha@gastech.com.kronos; Nils.Calixto@gastech.com.kronos,Lucas Alcazar; Sven Flecha; Nils Calixto,3,gastech.com.kronos,GAStech-Kronos,1/10/2014 10:13,2014-01-10 10:13,Hardware failures,Hardware failures,
439,Kare.Orilla@gastech.com.kronos,Kare Orilla,gastech.com.kronos,GAStech-Kronos,Benito.Hawelon@gastech.com.kronos,Benito Hawelon,1,gastech.com.kronos,GAStech-Kronos,1/10/2014 10:24,2014-01-10 10:24,Concert,Concert,
440,Elsa.Orilla@gastech.com.kronos,Elsa Orilla,gastech.com.kronos,GAStech-Kronos,Adra.Nubarron@gastech.com.kronos; Marin.Onda@gastech.com.kronos; Isande.Borrasca@gastech.com.kronos; Lidelse.Dedos@gastech.com.kronos; Gustav.Cazar@gastech.com.kronos; Brand.Tempestad@gastech.com.kronos; Axel.Calzas@gastech.com.kronos; Lars.Azada@gastech.com.kronos; Kare.Orilla@gastech.com.kronos; Birgitta.Frente@gastech.com.kronos; Felix.Balas@gastech.com.kronos,Adra Nubarron; Marin Onda; Isande Borrasca; Lidelse Dedos; Gustav Cazar; Brand Tempestad; Axel Calzas; Lars Azada; Kare Orilla; Birgitta Frente; Felix Balas,11,gastech.com.kronos,GAStech-Kronos,1/10/2014 10:37,2014-01-10 10:37,Equipment calibration,Equipment calibration,
441,Nils.Calixto@gastech.com.kronos,Nils Calixto,gastech.com.kronos,GAStech-Kronos,Minke.Mies@gastech.com.kronos,Minke Mies,1,gastech.com.kronos,GAStech-Kronos,1/10/2014 10:44,2014-01-10 10:44,No problem,No problem,
442,Emile.Arpa@gastech.com.kronos,Emile Arpa,gastech.com.kronos,GAStech-Kronos,Lucas.Alcazar@gastech.com.kronos,Lucas Alcazar,1,gastech.com.kronos,GAStech-Kronos,1/10/2014 11:03,2014-01-10 11:03,Copier,Copier,
443,Willem.Vasco-Pais@gastech.com.kronos,Willem Vasco-Pais,gastech.com.kronos,GAStech-Kronos,Varja.Lagos@gastech.com.kronos,Varja Lagos,1,gastech.com.kronos,GAStech-Kronos,1/10/2014 11:05,2014-01-10 11:05,Meeting,Meeting,
444,Brand.Tempestad@gastech.com.kronos,Brand Tempestad,gastech.com.kronos,GAStech-Kronos,Adra.Nubarron@gastech.com.kronos; Marin.Onda@gastech.com.kronos; Isande.Borrasca@gastech.com.kronos; Lidelse.Dedos@gastech.com.kronos; Gustav.Cazar@gastech.com.kronos; Brand.Tempestad@gastech.com.kronos; Axel.Calzas@gastech.com.kronos; Lars.Azada@gastech.com.kronos; Kare.Orilla@gastech.com.kronos; Birgitta.Frente@gastech.com.kronos; Felix.Balas@gastech.com.kronos,Adra Nubarron; Marin Onda; Isande Borrasca; Lidelse Dedos; Gustav Cazar; Brand Tempestad; Axel Calzas; Lars Azada; Kare Orilla; Birgitta Frente; Felix Balas,11,gastech.com.kronos,GAStech-Kronos,1/10/2014 11:10,2014-01-10 11:10,RE: Equipment calibration,Equipment calibration,
445,Benito.Hawelon@gastech.com.kronos,Benito Hawelon,gastech.com.kronos,GAStech-Kronos,Benito.Hawelon@gastech.com.kronos; Albina.Hafon@gastech.com.kronos,Benito Hawelon; Albina Hafon,2,gastech.com.kronos,GAStech-Kronos,1/10/2014 11:26,2014-01-10 11:26,RE: Funny!!,Funny!!,
446,Brand.Tempestad@gastech.com.kronos,Brand Tempestad,gastech.com.kronos,GAStech-Kronos,Adra.Nubarron@gastech.com.kronos; Marin.Onda@gastech.com.kronos; Isande.Borrasca@gastech.com.kronos; Lidelse.Dedos@gastech.com.kronos; Gustav.Cazar@gastech.com.kronos; Brand.Tempestad@gastech.com.kronos; Axel.Calzas@gastech.com.kronos; Lars.Azada@gastech.com.kronos; Kare.Orilla@gastech.com.kronos; Birgitta.Frente@gastech.com.kronos; Felix.Balas@gastech.com.kronos,Adra Nubarron; Marin Onda; Isande Borrasca; Lidelse Dedos; Gustav Cazar; Brand Tempestad; Axel Calzas; Lars Azada; Kare Orilla; Birgitta Frente; Felix Balas,11,gastech.com.kronos,GAStech-Kronos,1/10/2014 11:38,2014-01-10 11:38,RE: Equipment calibration,Equipment calibration,
447,Varja.Lagos@gastech.com.kronos,Varja Lagos,gastech.com.kronos,GAStech-Kronos,Axel.Calzas@gastech.com.kronos,Axel Calzas,1,gastech.com.kronos,GAStech-Kronos,1/10/2014 11:45,2014-01-10 11:45,RE: Out of staples,Out of staples,
448,Bertrand.Ovan@gastech.com.kronos,Bertrand Ovan,gastech.com.kronos,GAStech-Kronos,Emile.Arpa@gastech.com.kronos; Varro.Awelon@gastech.com.kronos; Dante.Coginian@gastech.com.kronos; Albina.Hafon@gastech.com.kronos; Benito.Hawelon@gastech.com.kronos; Claudio.Hawelon@gastech.com.kronos; Henk.Mies@gastech.com.kronos; Valeria.Morlun@gastech.com.kronos; Adan.Morlun@gastech.com.kronos; Cecilia.Morluniau@gastech.com.kronos; Irene.Nant@gastech.com.kronos; Dylan.Scozzese@gastech.com.kronos,Emile Arpa; Varro Awelon; Dante Coginian; Albina Hafon; Benito Hawelon; Claudio Hawelon; Henk Mies; Valeria Morlun; Adan Morlun; Cecilia Morluniau; Irene Nant; Dylan Scozzese,12,gastech.com.kronos,GAStech-Kronos,1/10/2014 11:48,2014-01-10 11:48,Mandatory safety training,Mandatory safety training,
449,Benito.Hawelon@gastech.com.kronos,Benito Hawelon,gastech.com.kronos,GAStech-Kronos,Benito.Hawelon@gastech.com.kronos; Albina.Hafon@gastech.com.kronos,Benito Hawelon; Albina Hafon,2,gastech.com.kronos,GAStech-Kronos,1/10/2014 11:51,2014-01-10 11:51,RE: Funny!!,Funny!!,
450,Isande.Borrasca@gastech.com.kronos,Isande Borrasca,gastech.com.kronos,GAStech-Kronos,Elsa.Orilla@gastech.com.kronos; Kare.Orilla@gastech.com.kronos; Isande.Borrasca@gastech.com.kronos; Birgitta.Frente@gastech.com.kronos; Gustav.Cazar@gastech.com.kronos; Lars.Azada@gastech.com.kronos; Lidelse.Dedos@gastech.com.kronos,Elsa Orilla; Kare Orilla; Isande Borrasca; Birgitta Frente; Gustav Cazar; Lars Azada; Lidelse Dedos,7,gastech.com.kronos,GAStech-Kronos,1/10/2014 12:01,2014-01-10 12:01,RE: 2516-00 openhole logging results,2516-00 openhole logging results,
451,Mat.Bramar@gastech.com.kronos,Mat Bramar,gastech.com.kronos,GAStech-Kronos,Varro.Awelon@gastech.com.kronos,Varro Awelon,1,gastech.com.kronos,GAStech-Kronos,1/10/2014 12:11,2014-01-10 12:11,Need a ride to lunch later,Need a ride to lunch later,
452,Sten.Sanjorge Jr.@gastech.com.tethys,Sten Sanjorge Jr ,gastech.com.tethys,GAStech-Tethys,Ingrid.Barranco@gastech.com.kronos; Ada.Campo-Corrente@gastech.com.kronos,Ingrid Barranco; Ada Campo-Corrente,2,gastech.com.kronos,GAStech-Kronos,1/10/2014 12:12,2014-01-10 12:12,Reception after the corporate meeting Monday morning,Reception after the corporate meeting Monday morning,
453,Axel.Calzas@gastech.com.kronos,Axel Calzas,gastech.com.kronos,GAStech-Kronos,Varja.Lagos@gastech.com.kronos,Varja Lagos,1,gastech.com.kronos,GAStech-Kronos,1/10/2014 12:24,2014-01-10 12:24,RE: Out of staples,Out of staples,
454,Albina.Hafon@gastech.com.kronos,Albina Hafon,gastech.com.kronos,GAStech-Kronos,Benito.Hawelon@gastech.com.kronos; Albina.Hafon@gastech.com.kronos,Benito Hawelon; Albina Hafon,2,gastech.com.kronos,GAStech-Kronos,1/10/2014 12:24,2014-01-10 12:24,RE: Funny!!,Funny!!,
455,Albina.Hafon@gastech.com.kronos,Albina Hafon,gastech.com.kronos,GAStech-Kronos,Benito.Hawelon@gastech.com.kronos; Albina.Hafon@gastech.com.kronos,Benito Hawelon; Albina Hafon,2,gastech.com.kronos,GAStech-Kronos,1/10/2014 12:47,2014-01-10 12:47,RE: Funny!!,Funny!!,
456,Minke.Mies@gastech.com.kronos,Minke Mies,gastech.com.kronos,GAStech-Kronos,Adra.Nubarron@gastech.com.kronos,Adra Nubarron,1,gastech.com.kronos,GAStech-Kronos,1/10/2014 12:52,2014-01-10 12:52,Awwww- cute!,Awwww- cute!,
457,Brand.Tempestad@gastech.com.kronos,Brand Tempestad,gastech.com.kronos,GAStech-Kronos,Lidelse.Dedos@gastech.com.kronos; Lars.Azada@gastech.com.kronos; Vira.Frente@gastech.com.kronos; Kare.Orilla@gastech.com.kronos,Lidelse Dedos; Lars Azada; Vira Frente; Kare Orilla,4,gastech.com.kronos,GAStech-Kronos,1/10/2014 12:52,2014-01-10 12:52,Downhole logging scheduled for 2516-00,Downhole logging scheduled for 2516-00,
458,Lucas.Alcazar@gastech.com.kronos,Lucas Alcazar,gastech.com.kronos,GAStech-Kronos,Emile.Arpa@gastech.com.kronos,Emile Arpa,1,gastech.com.kronos,GAStech-Kronos,1/10/2014 12:57,2014-01-10 12:57,RE: Copier,Copier,
459,Cornelia.Lais@gastech.com.kronos,Cornelia Lais,gastech.com.kronos,GAStech-Kronos,Mat.Bramar@gastech.com.kronos; Anda.Ribera@gastech.com.kronos; Rachel.Pantanal@gastech.com.kronos; Linda.Lagos@gastech.com.kronos; Ruscella.Mies.Haber@gastech.com.kronos; Carla.Forluniau@gastech.com.kronos; Cornelia.Lais@gastech.com.kronos,Mat Bramar; Anda Ribera; Rachel Pantanal; Linda Lagos; Ruscella Mies Haber; Carla Forluniau; Cornelia Lais,7,gastech.com.kronos,GAStech-Kronos,1/10/2014 13:11,2014-01-10 13:11,Training opportunity,Training opportunity,
460,Henk.Mies@gastech.com.kronos,Henk Mies,gastech.com.kronos,GAStech-Kronos,Inga.Ferro@gastech.com.kronos,Inga Ferro,1,gastech.com.kronos,GAStech-Kronos,1/10/2014 13:13,2014-01-10 13:13,Late for meeting,Late for meeting,
461,Axel.Calzas@gastech.com.kronos,Axel Calzas,gastech.com.kronos,GAStech-Kronos,Adra.Nubarron@gastech.com.kronos; Marin.Onda@gastech.com.kronos; Isande.Borrasca@gastech.com.kronos; Lidelse.Dedos@gastech.com.kronos; Gustav.Cazar@gastech.com.kronos; Brand.Tempestad@gastech.com.kronos; Axel.Calzas@gastech.com.kronos; Lars.Azada@gastech.com.kronos; Kare.Orilla@gastech.com.kronos; Birgitta.Frente@gastech.com.kronos; Felix.Balas@gastech.com.kronos,Adra Nubarron; Marin Onda; Isande Borrasca; Lidelse Dedos; Gustav Cazar; Brand Tempestad; Axel Calzas; Lars Azada; Kare Orilla; Birgitta Frente; Felix Balas,11,gastech.com.kronos,GAStech-Kronos,1/10/2014 13:16,2014-01-10 13:16,RE: Equipment calibration,Equipment calibration,
462,Cornelia.Lais@gastech.com.kronos,Cornelia Lais,gastech.com.kronos,GAStech-Kronos,Mat.Bramar@gastech.com.kronos; Anda.Ribera@gastech.com.kronos; Rachel.Pantanal@gastech.com.kronos; Linda.Lagos@gastech.com.kronos; Ruscella.Mies.Haber@gastech.com.kronos; Carla.Forluniau@gastech.com.kronos; Cornelia.Lais@gastech.com.kronos,Mat Bramar; Anda Ribera; Rachel Pantanal; Linda Lagos; Ruscella Mies Haber; Carla Forluniau; Cornelia Lais,7,gastech.com.kronos,GAStech-Kronos,1/10/2014 13:17,2014-01-10 13:17,Joke - funny!,Joke - funny!,
463,Isak.Baza@gastech.com.kronos,Isak Baza,gastech.com.kronos,GAStech-Kronos,Rachel.Pantanal@gastech.com.kronos; Lars.Azada@gastech.com.kronos; Felix.Balas@gastech.com.kronos; Isande.Borrasca@gastech.com.kronos; Axel.Calzas@gastech.com.kronos; Gustav.Cazar@gastech.com.kronos; Lidelse.Dedos@gastech.com.kronos; Birgitta.Frente@gastech.com.kronos; Vira.Frente@gastech.com.kronos; Adra.Nubarron@gastech.com.kronos; Marin.Onda@gastech.com.kronos; Kare.Orilla@gastech.com.kronos; Elsa.Orilla@gastech.com.kronos; Brand.Tempestad@gastech.com.kronos; Ingrid.Barranco@gastech.com.kronos; Ada.Campo-Corrente@gastech.com.kronos; Sten.Sanjorge Jr.@gastech.com.kronos; Orhan.Strum@gastech.com.kronos; Willem.Vasco-Pais@gastech.com.kronos; Bertrand.Ovan@gastech.com.kronos; Albina.Hafon@gastech.com.kronos; Benito.Hawelon@gastech.com.kronos; Claudio.Hawelon@gastech.com.kronos; Henk.Mies@gastech.com.kronos; Valeria.Morlun@gastech.com.kronos; Adan.Morlun@gastech.com.kronos; Cecilia.Morluniau@gastech.com.kronos; Irene.Nant@gastech.com.kronos; Dylan.Scozzese@gastech.com.kronos; Lucas.Alcazar@gastech.com.kronos; Isak.Baza@gastech.com.kronos; Linnea.Bergen@gastech.com.kronos; Nils.Calixto@gastech.com.kronos; Sven.Flecha@gastech.com.kronos; Hideki.Cocinaro@gastech.com.kronos; Inga.Ferro@gastech.com.kronos; Loreto.Bodrogi@gastech.com.kronos; Isia.Vann@gastech.com.kronos; Stenig.Fusil@gastech.com.kronos; Hennie.Osvaldo@gastech.com.kronos; Kanon.Herrero@gastech.com.kronos; Varja.Lagos@gastech.com.kronos; Minke.Mies@gastech.com.kronos; Felix.Resumir@gastech.com.kronos; Edvard.Vann@gastech.com.kronos; Emile.Arpa@gastech.com.kronos; Varro.Awelon@gastech.com.kronos; Mat.Bramar@gastech.com.kronos; Dante.Coginian@gastech.com.kronos; Carla.Forluniau@gastech.com.kronos; Linda.Lagos@gastech.com.kronos; Cornelia.Lais@gastech.com.kronos; Ruscella.Mies.Haber@gastech.com.kronos; Anda.Ribera@gastech.com.kronos,Rachel Pantanal; Lars Azada; Felix Balas; Isande Borrasca; Axel Calzas; Gustav Cazar; Lidelse Dedos; Birgitta Frente; Vira Frente; Adra Nubarron; Marin Onda; Kare Orilla; Elsa Orilla; Brand Tempestad; Ingrid Barranco; Ada Campo-Corrente; Sten Sanjorge Jr ; Orhan Strum; Willem Vasco-Pais; Bertrand Ovan; Albina Hafon; Benito Hawelon; Claudio Hawelon; Henk Mies; Valeria Morlun; Adan Morlun; Cecilia Morluniau; Irene Nant; Dylan Scozzese; Lucas Alcazar; Isak Baza; Linnea Bergen; Nils Calixto; Sven Flecha; Hideki Cocinaro; Inga Ferro; Loreto Bodrogi; Isia Vann; Stenig Fusil; Hennie Osvaldo; Kanon Herrero; Varja Lagos; Minke Mies; Felix Resumir; Edvard Vann; Emile Arpa; Varro Awelon; Mat Bramar; Dante Coginian; Carla Forluniau; Linda Lagos; Cornelia Lais; Ruscella Mies Haber; Anda Ribera,54,gastech.com.kronos,GAStech-Kronos,1/10/2014 13:18,2014-01-10 13:18,RE: Changes to travel policy,Changes to travel policy,
464,Nils.Calixto@gastech.com.kronos,Nils Calixto,gastech.com.kronos,GAStech-Kronos,Isak.Baza@gastech.com.kronos; Sven.Flecha@gastech.com.kronos,Isak Baza; Sven Flecha,2,gastech.com.kronos,GAStech-Kronos,1/10/2014 13:24,2014-01-10 13:24,Anyone have time to help troubleshoot some software?,Anyone have time to help troubleshoot some software?,
465,Carla.Forluniau@gastech.com.kronos,Carla Forluniau,gastech.com.kronos,GAStech-Kronos,Mat.Bramar@gastech.com.kronos; Anda.Ribera@gastech.com.kronos; Rachel.Pantanal@gastech.com.kronos; Linda.Lagos@gastech.com.kronos; Ruscella.Mies.Haber@gastech.com.kronos; Carla.Forluniau@gastech.com.kronos; Cornelia.Lais@gastech.com.kronos,Mat Bramar; Anda Ribera; Rachel Pantanal; Linda Lagos; Ruscella Mies Haber; Carla Forluniau; Cornelia Lais,7,gastech.com.kronos,GAStech-Kronos,1/10/2014 13:27,2014-01-10 13:27,Need volunteers - charity bake sale,Need volunteers - charity bake sale,
466,Varro.Awelon@gastech.com.kronos,Varro Awelon,gastech.com.kronos,GAStech-Kronos,Mat.Bramar@gastech.com.kronos,Mat Bramar,1,gastech.com.kronos,GAStech-Kronos,1/10/2014 13:34,2014-01-10 13:34,RE: Need a ride to lunch later,Need a ride to lunch later,
467,Lucas.Alcazar@gastech.com.kronos,Lucas Alcazar,gastech.com.kronos,GAStech-Kronos,Lucas.Alcazar@gastech.com.kronos; Sven.Flecha@gastech.com.kronos; Nils.Calixto@gastech.com.kronos,Lucas Alcazar; Sven Flecha; Nils Calixto,3,gastech.com.kronos,GAStech-Kronos,1/10/2014 13:41,2014-01-10 13:41,RE: Hardware failures,Hardware failures,
468,Albina.Hafon@gastech.com.kronos,Albina Hafon,gastech.com.kronos,GAStech-Kronos,Benito.Hawelon@gastech.com.kronos; Albina.Hafon@gastech.com.kronos,Benito Hawelon; Albina Hafon,2,gastech.com.kronos,GAStech-Kronos,1/10/2014 13:42,2014-01-10 13:42,RE: Funny!!,Funny!!,
469,Emile.Arpa@gastech.com.kronos,Emile Arpa,gastech.com.kronos,GAStech-Kronos,Lucas.Alcazar@gastech.com.kronos,Lucas Alcazar,1,gastech.com.kronos,GAStech-Kronos,1/10/2014 13:53,2014-01-10 13:53,RE: Copier,Copier,
470,Claudio.Hawelon@gastech.com.kronos,Claudio Hawelon,gastech.com.kronos,GAStech-Kronos,Valeria.Morlun@gastech.com.kronos; Varro.Awelon@gastech.com.kronos,Valeria Morlun; Varro Awelon,2,gastech.com.kronos,GAStech-Kronos,1/10/2014 13:54,2014-01-10 13:54,Who took the toolbox out of my truck?,Who took the toolbox out of my truck?,
471,Mat.Bramar@gastech.com.kronos,Mat Bramar,gastech.com.kronos,GAStech-Kronos,Rachel.Pantanal@gastech.com.kronos; Lars.Azada@gastech.com.kronos; Felix.Balas@gastech.com.kronos; Isande.Borrasca@gastech.com.kronos; Axel.Calzas@gastech.com.kronos; Gustav.Cazar@gastech.com.kronos; Lidelse.Dedos@gastech.com.kronos; Birgitta.Frente@gastech.com.kronos; Vira.Frente@gastech.com.kronos; Adra.Nubarron@gastech.com.kronos; Marin.Onda@gastech.com.kronos; Kare.Orilla@gastech.com.kronos; Elsa.Orilla@gastech.com.kronos; Brand.Tempestad@gastech.com.kronos; Ingrid.Barranco@gastech.com.kronos; Ada.Campo-Corrente@gastech.com.kronos; Sten.Sanjorge Jr.@gastech.com.kronos; Orhan.Strum@gastech.com.kronos; Willem.Vasco-Pais@gastech.com.kronos; Bertrand.Ovan@gastech.com.kronos; Albina.Hafon@gastech.com.kronos; Benito.Hawelon@gastech.com.kronos; Claudio.Hawelon@gastech.com.kronos; Henk.Mies@gastech.com.kronos; Valeria.Morlun@gastech.com.kronos; Adan.Morlun@gastech.com.kronos; Cecilia.Morluniau@gastech.com.kronos; Irene.Nant@gastech.com.kronos; Dylan.Scozzese@gastech.com.kronos; Lucas.Alcazar@gastech.com.kronos; Isak.Baza@gastech.com.kronos; Linnea.Bergen@gastech.com.kronos; Nils.Calixto@gastech.com.kronos; Sven.Flecha@gastech.com.kronos; Hideki.Cocinaro@gastech.com.kronos; Inga.Ferro@gastech.com.kronos; Loreto.Bodrogi@gastech.com.kronos; Isia.Vann@gastech.com.kronos; Stenig.Fusil@gastech.com.kronos; Hennie.Osvaldo@gastech.com.kronos; Kanon.Herrero@gastech.com.kronos; Varja.Lagos@gastech.com.kronos; Minke.Mies@gastech.com.kronos; Felix.Resumir@gastech.com.kronos; Edvard.Vann@gastech.com.kronos; Emile.Arpa@gastech.com.kronos; Varro.Awelon@gastech.com.kronos; Mat.Bramar@gastech.com.kronos; Dante.Coginian@gastech.com.kronos; Carla.Forluniau@gastech.com.kronos; Linda.Lagos@gastech.com.kronos; Cornelia.Lais@gastech.com.kronos; Ruscella.Mies.Haber@gastech.com.kronos; Anda.Ribera@gastech.com.kronos,Rachel Pantanal; Lars Azada; Felix Balas; Isande Borrasca; Axel Calzas; Gustav Cazar; Lidelse Dedos; Birgitta Frente; Vira Frente; Adra Nubarron; Marin Onda; Kare Orilla; Elsa Orilla; Brand Tempestad; Ingrid Barranco; Ada Campo-Corrente; Sten Sanjorge Jr ; Orhan Strum; Willem Vasco-Pais; Bertrand Ovan; Albina Hafon; Benito Hawelon; Claudio Hawelon; Henk Mies; Valeria Morlun; Adan Morlun; Cecilia Morluniau; Irene Nant; Dylan Scozzese; Lucas Alcazar; Isak Baza; Linnea Bergen; Nils Calixto; Sven Flecha; Hideki Cocinaro; Inga Ferro; Loreto Bodrogi; Isia Vann; Stenig Fusil; Hennie Osvaldo; Kanon Herrero; Varja Lagos; Minke Mies; Felix Resumir; Edvard Vann; Emile Arpa; Varro Awelon; Mat Bramar; Dante Coginian; Carla Forluniau; Linda Lagos; Cornelia Lais; Ruscella Mies Haber; Anda Ribera,54,gastech.com.kronos,GAStech-Kronos,1/10/2014 13:57,2014-01-10 13:57,GASTech announcements,GASTech announcements,
472,Felix.Resumir@gastech.com.kronos,Felix Resumir,gastech.com.kronos,GAStech-Kronos,Rachel.Pantanal@gastech.com.kronos; Lars.Azada@gastech.com.kronos; Felix.Balas@gastech.com.kronos; Isande.Borrasca@gastech.com.kronos; Axel.Calzas@gastech.com.kronos; Gustav.Cazar@gastech.com.kronos; Lidelse.Dedos@gastech.com.kronos; Birgitta.Frente@gastech.com.kronos; Vira.Frente@gastech.com.kronos; Adra.Nubarron@gastech.com.kronos; Marin.Onda@gastech.com.kronos; Kare.Orilla@gastech.com.kronos; Elsa.Orilla@gastech.com.kronos; Brand.Tempestad@gastech.com.kronos; Ingrid.Barranco@gastech.com.kronos; Ada.Campo-Corrente@gastech.com.kronos; Sten.Sanjorge Jr.@gastech.com.kronos; Orhan.Strum@gastech.com.kronos; Willem.Vasco-Pais@gastech.com.kronos; Bertrand.Ovan@gastech.com.kronos; Albina.Hafon@gastech.com.kronos; Benito.Hawelon@gastech.com.kronos; Claudio.Hawelon@gastech.com.kronos; Henk.Mies@gastech.com.kronos; Valeria.Morlun@gastech.com.kronos; Adan.Morlun@gastech.com.kronos; Cecilia.Morluniau@gastech.com.kronos; Irene.Nant@gastech.com.kronos; Dylan.Scozzese@gastech.com.kronos; Lucas.Alcazar@gastech.com.kronos; Isak.Baza@gastech.com.kronos; Linnea.Bergen@gastech.com.kronos; Nils.Calixto@gastech.com.kronos; Sven.Flecha@gastech.com.kronos; Hideki.Cocinaro@gastech.com.kronos; Inga.Ferro@gastech.com.kronos; Loreto.Bodrogi@gastech.com.kronos; Isia.Vann@gastech.com.kronos; Stenig.Fusil@gastech.com.kronos; Hennie.Osvaldo@gastech.com.kronos; Kanon.Herrero@gastech.com.kronos; Varja.Lagos@gastech.com.kronos; Minke.Mies@gastech.com.kronos; Felix.Resumir@gastech.com.kronos; Edvard.Vann@gastech.com.kronos; Emile.Arpa@gastech.com.kronos; Varro.Awelon@gastech.com.kronos; Mat.Bramar@gastech.com.kronos; Dante.Coginian@gastech.com.kronos; Carla.Forluniau@gastech.com.kronos; Linda.Lagos@gastech.com.kronos; Cornelia.Lais@gastech.com.kronos; Ruscella.Mies.Haber@gastech.com.kronos; Anda.Ribera@gastech.com.kronos,Rachel Pantanal; Lars Azada; Felix Balas; Isande Borrasca; Axel Calzas; Gustav Cazar; Lidelse Dedos; Birgitta Frente; Vira Frente; Adra Nubarron; Marin Onda; Kare Orilla; Elsa Orilla; Brand Tempestad; Ingrid Barranco; Ada Campo-Corrente; Sten Sanjorge Jr ; Orhan Strum; Willem Vasco-Pais; Bertrand Ovan; Albina Hafon; Benito Hawelon; Claudio Hawelon; Henk Mies; Valeria Morlun; Adan Morlun; Cecilia Morluniau; Irene Nant; Dylan Scozzese; Lucas Alcazar; Isak Baza; Linnea Bergen; Nils Calixto; Sven Flecha; Hideki Cocinaro; Inga Ferro; Loreto Bodrogi; Isia Vann; Stenig Fusil; Hennie Osvaldo; Kanon Herrero; Varja Lagos; Minke Mies; Felix Resumir; Edvard Vann; Emile Arpa; Varro Awelon; Mat Bramar; Dante Coginian; Carla Forluniau; Linda Lagos; Cornelia Lais; Ruscella Mies Haber; Anda Ribera,54,gastech.com.kronos,GAStech-Kronos,1/10/2014 14:02,2014-01-10 14:02,RE: Changes to travel policy,Changes to travel policy,
473,Hideki.Cocinaro@gastech.com.kronos,Hideki Cocinaro,gastech.com.kronos,GAStech-Kronos,Inga.Ferro@gastech.com.kronos; Hennie.Osvaldo@gastech.com.kronos; Varja.Lagos@gastech.com.kronos; Minke.Mies@gastech.com.kronos; Hideki.Cocinaro@gastech.com.kronos; Edvard.Vann@gastech.com.kronos; Stenig.Fusil@gastech.com.kronos; Isia.Vann@gastech.com.kronos,Inga Ferro; Hennie Osvaldo; Varja Lagos; Minke Mies; Hideki Cocinaro; Edvard Vann; Stenig Fusil; Isia Vann,8,gastech.com.kronos,GAStech-Kronos,1/10/2014 14:12,2014-01-10 14:12,Updated assignments,Updated assignments,
474,Mat.Bramar@gastech.com.kronos,Mat Bramar,gastech.com.kronos,GAStech-Kronos,Varro.Awelon@gastech.com.kronos,Varro Awelon,1,gastech.com.kronos,GAStech-Kronos,1/10/2014 14:13,2014-01-10 14:13,RE: Need a ride to lunch later,Need a ride to lunch later,
475,Hideki.Cocinaro@gastech.com.kronos,Hideki Cocinaro,gastech.com.kronos,GAStech-Kronos,Rachel.Pantanal@gastech.com.kronos; Lars.Azada@gastech.com.kronos; Felix.Balas@gastech.com.kronos; Isande.Borrasca@gastech.com.kronos; Axel.Calzas@gastech.com.kronos; Gustav.Cazar@gastech.com.kronos; Lidelse.Dedos@gastech.com.kronos; Birgitta.Frente@gastech.com.kronos; Vira.Frente@gastech.com.kronos; Adra.Nubarron@gastech.com.kronos; Marin.Onda@gastech.com.kronos; Kare.Orilla@gastech.com.kronos; Elsa.Orilla@gastech.com.kronos; Brand.Tempestad@gastech.com.kronos; Ingrid.Barranco@gastech.com.kronos; Ada.Campo-Corrente@gastech.com.kronos; Sten.Sanjorge Jr.@gastech.com.kronos; Orhan.Strum@gastech.com.kronos; Willem.Vasco-Pais@gastech.com.kronos; Bertrand.Ovan@gastech.com.kronos; Albina.Hafon@gastech.com.kronos; Benito.Hawelon@gastech.com.kronos; Claudio.Hawelon@gastech.com.kronos; Henk.Mies@gastech.com.kronos; Valeria.Morlun@gastech.com.kronos; Adan.Morlun@gastech.com.kronos; Cecilia.Morluniau@gastech.com.kronos; Irene.Nant@gastech.com.kronos; Dylan.Scozzese@gastech.com.kronos; Lucas.Alcazar@gastech.com.kronos; Isak.Baza@gastech.com.kronos; Linnea.Bergen@gastech.com.kronos; Nils.Calixto@gastech.com.kronos; Sven.Flecha@gastech.com.kronos; Hideki.Cocinaro@gastech.com.kronos; Inga.Ferro@gastech.com.kronos; Loreto.Bodrogi@gastech.com.kronos; Isia.Vann@gastech.com.kronos; Stenig.Fusil@gastech.com.kronos; Hennie.Osvaldo@gastech.com.kronos; Kanon.Herrero@gastech.com.kronos; Varja.Lagos@gastech.com.kronos; Minke.Mies@gastech.com.kronos; Felix.Resumir@gastech.com.kronos; Edvard.Vann@gastech.com.kronos; Emile.Arpa@gastech.com.kronos; Varro.Awelon@gastech.com.kronos; Mat.Bramar@gastech.com.kronos; Dante.Coginian@gastech.com.kronos; Carla.Forluniau@gastech.com.kronos; Linda.Lagos@gastech.com.kronos; Cornelia.Lais@gastech.com.kronos; Ruscella.Mies.Haber@gastech.com.kronos; Anda.Ribera@gastech.com.kronos,Rachel Pantanal; Lars Azada; Felix Balas; Isande Borrasca; Axel Calzas; Gustav Cazar; Lidelse Dedos; Birgitta Frente; Vira Frente; Adra Nubarron; Marin Onda; Kare Orilla; Elsa Orilla; Brand Tempestad; Ingrid Barranco; Ada Campo-Corrente; Sten Sanjorge Jr ; Orhan Strum; Willem Vasco-Pais; Bertrand Ovan; Albina Hafon; Benito Hawelon; Claudio Hawelon; Henk Mies; Valeria Morlun; Adan Morlun; Cecilia Morluniau; Irene Nant; Dylan Scozzese; Lucas Alcazar; Isak Baza; Linnea Bergen; Nils Calixto; Sven Flecha; Hideki Cocinaro; Inga Ferro; Loreto Bodrogi; Isia Vann; Stenig Fusil; Hennie Osvaldo; Kanon Herrero; Varja Lagos; Minke Mies; Felix Resumir; Edvard Vann; Emile Arpa; Varro Awelon; Mat Bramar; Dante Coginian; Carla Forluniau; Linda Lagos; Cornelia Lais; Ruscella Mies Haber; Anda Ribera,54,gastech.com.kronos,GAStech-Kronos,1/10/2014 14:13,2014-01-10 14:13,RE: Changes to travel policy,Changes to travel policy,
476,Claudio.Hawelon@gastech.com.kronos,Claudio Hawelon,gastech.com.kronos,GAStech-Kronos,Benito.Hawelon@gastech.com.kronos; Henk.Mies@gastech.com.kronos; Cecilia.Morluniau@gastech.com.kronos; Irene.Nant@gastech.com.kronos; Adan.Morlun@gastech.com.kronos; Claudio.Hawelon@gastech.com.kronos,Benito Hawelon; Henk Mies; Cecilia Morluniau; Irene Nant; Adan Morlun; Claudio Hawelon,6,gastech.com.kronos,GAStech-Kronos,1/10/2014 14:17,2014-01-10 14:17,Who took the toolbox out of my truck?,Who took the toolbox out of my truck?,
477,Lucas.Alcazar@gastech.com.kronos,Lucas Alcazar,gastech.com.kronos,GAStech-Kronos,Emile.Arpa@gastech.com.kronos,Emile Arpa,1,gastech.com.kronos,GAStech-Kronos,1/10/2014 14:22,2014-01-10 14:22,RE: Copier,Copier,
478,Varro.Awelon@gastech.com.kronos,Varro Awelon,gastech.com.kronos,GAStech-Kronos,Mat.Bramar@gastech.com.kronos,Mat Bramar,1,gastech.com.kronos,GAStech-Kronos,1/10/2014 14:26,2014-01-10 14:26,RE: Need a ride to lunch later,Need a ride to lunch later,
479,Rachel.Pantanal@gastech.com.kronos,Rachel Pantanal,gastech.com.kronos,GAStech-Kronos,Mat.Bramar@gastech.com.kronos; Anda.Ribera@gastech.com.kronos; Rachel.Pantanal@gastech.com.kronos; Linda.Lagos@gastech.com.kronos; Ruscella.Mies.Haber@gastech.com.kronos; Carla.Forluniau@gastech.com.kronos; Cornelia.Lais@gastech.com.kronos,Mat Bramar; Anda Ribera; Rachel Pantanal; Linda Lagos; Ruscella Mies Haber; Carla Forluniau; Cornelia Lais,7,gastech.com.kronos,GAStech-Kronos,1/10/2014 14:32,2014-01-10 14:32,RE: Training opportunity,Training opportunity,
480,Isia.Vann@gastech.com.kronos,Isia Vann,gastech.com.kronos,GAStech-Kronos,Rachel.Pantanal@gastech.com.kronos,Rachel Pantanal,1,gastech.com.kronos,GAStech-Kronos,1/10/2014 14:32,2014-01-10 14:32,New gyro place opened nearby,New gyro place opened nearby,
481,Cornelia.Lais@gastech.com.kronos,Cornelia Lais,gastech.com.kronos,GAStech-Kronos,Mat.Bramar@gastech.com.kronos; Anda.Ribera@gastech.com.kronos; Rachel.Pantanal@gastech.com.kronos; Linda.Lagos@gastech.com.kronos; Ruscella.Mies.Haber@gastech.com.kronos; Carla.Forluniau@gastech.com.kronos; Cornelia.Lais@gastech.com.kronos,Mat Bramar; Anda Ribera; Rachel Pantanal; Linda Lagos; Ruscella Mies Haber; Carla Forluniau; Cornelia Lais,7,gastech.com.kronos,GAStech-Kronos,1/10/2014 14:40,2014-01-10 14:40,Coupon club,Coupon club,
482,Adra.Nubarron@gastech.com.kronos,Adra Nubarron,gastech.com.kronos,GAStech-Kronos,Rachel.Pantanal@gastech.com.kronos; Lars.Azada@gastech.com.kronos; Felix.Balas@gastech.com.kronos; Isande.Borrasca@gastech.com.kronos; Axel.Calzas@gastech.com.kronos; Gustav.Cazar@gastech.com.kronos; Lidelse.Dedos@gastech.com.kronos; Birgitta.Frente@gastech.com.kronos; Vira.Frente@gastech.com.kronos; Adra.Nubarron@gastech.com.kronos; Marin.Onda@gastech.com.kronos; Kare.Orilla@gastech.com.kronos; Elsa.Orilla@gastech.com.kronos; Brand.Tempestad@gastech.com.kronos; Ingrid.Barranco@gastech.com.kronos; Ada.Campo-Corrente@gastech.com.kronos; Sten.Sanjorge Jr.@gastech.com.kronos; Orhan.Strum@gastech.com.kronos; Willem.Vasco-Pais@gastech.com.kronos; Bertrand.Ovan@gastech.com.kronos; Albina.Hafon@gastech.com.kronos; Benito.Hawelon@gastech.com.kronos; Claudio.Hawelon@gastech.com.kronos; Henk.Mies@gastech.com.kronos; Valeria.Morlun@gastech.com.kronos; Adan.Morlun@gastech.com.kronos; Cecilia.Morluniau@gastech.com.kronos; Irene.Nant@gastech.com.kronos; Dylan.Scozzese@gastech.com.kronos; Lucas.Alcazar@gastech.com.kronos; Isak.Baza@gastech.com.kronos; Linnea.Bergen@gastech.com.kronos; Nils.Calixto@gastech.com.kronos; Sven.Flecha@gastech.com.kronos; Hideki.Cocinaro@gastech.com.kronos; Inga.Ferro@gastech.com.kronos; Loreto.Bodrogi@gastech.com.kronos; Isia.Vann@gastech.com.kronos; Stenig.Fusil@gastech.com.kronos; Hennie.Osvaldo@gastech.com.kronos; Kanon.Herrero@gastech.com.kronos; Varja.Lagos@gastech.com.kronos; Minke.Mies@gastech.com.kronos; Felix.Resumir@gastech.com.kronos; Edvard.Vann@gastech.com.kronos; Emile.Arpa@gastech.com.kronos; Varro.Awelon@gastech.com.kronos; Mat.Bramar@gastech.com.kronos; Dante.Coginian@gastech.com.kronos; Carla.Forluniau@gastech.com.kronos; Linda.Lagos@gastech.com.kronos; Cornelia.Lais@gastech.com.kronos; Ruscella.Mies.Haber@gastech.com.kronos; Anda.Ribera@gastech.com.kronos,Rachel Pantanal; Lars Azada; Felix Balas; Isande Borrasca; Axel Calzas; Gustav Cazar; Lidelse Dedos; Birgitta Frente; Vira Frente; Adra Nubarron; Marin Onda; Kare Orilla; Elsa Orilla; Brand Tempestad; Ingrid Barranco; Ada Campo-Corrente; Sten Sanjorge Jr ; Orhan Strum; Willem Vasco-Pais; Bertrand Ovan; Albina Hafon; Benito Hawelon; Claudio Hawelon; Henk Mies; Valeria Morlun; Adan Morlun; Cecilia Morluniau; Irene Nant; Dylan Scozzese; Lucas Alcazar; Isak Baza; Linnea Bergen; Nils Calixto; Sven Flecha; Hideki Cocinaro; Inga Ferro; Loreto Bodrogi; Isia Vann; Stenig Fusil; Hennie Osvaldo; Kanon Herrero; Varja Lagos; Minke Mies; Felix Resumir; Edvard Vann; Emile Arpa; Varro Awelon; Mat Bramar; Dante Coginian; Carla Forluniau; Linda Lagos; Cornelia Lais; Ruscella Mies Haber; Anda Ribera,54,gastech.com.kronos,GAStech-Kronos,1/10/2014 14:44,2014-01-10 14:44,RE: Changes to travel policy,Changes to travel policy,
483,Mat.Bramar@gastech.com.kronos,Mat Bramar,gastech.com.kronos,GAStech-Kronos,Mat.Bramar@gastech.com.kronos; Anda.Ribera@gastech.com.kronos; Rachel.Pantanal@gastech.com.kronos; Linda.Lagos@gastech.com.kronos; Ruscella.Mies.Haber@gastech.com.kronos; Carla.Forluniau@gastech.com.kronos; Cornelia.Lais@gastech.com.kronos,Mat Bramar; Anda Ribera; Rachel Pantanal; Linda Lagos; Ruscella Mies Haber; Carla Forluniau; Cornelia Lais,7,gastech.com.kronos,GAStech-Kronos,1/10/2014 14:46,2014-01-10 14:46,Watch found,Watch found,
484,Sven.Flecha@gastech.com.kronos,Sven Flecha,gastech.com.kronos,GAStech-Kronos,Nils.Calixto@gastech.com.kronos; Sven.Flecha@gastech.com.kronos,Nils Calixto; Sven Flecha,2,gastech.com.kronos,GAStech-Kronos,1/10/2014 14:50,2014-01-10 14:50,Web site,Web site,
485,Mat.Bramar@gastech.com.kronos,Mat Bramar,gastech.com.kronos,GAStech-Kronos,Varro.Awelon@gastech.com.kronos,Varro Awelon,1,gastech.com.kronos,GAStech-Kronos,1/10/2014 14:54,2014-01-10 14:54,RE: Need a ride to lunch later,Need a ride to lunch later,
486,Varro.Awelon@gastech.com.kronos,Varro Awelon,gastech.com.kronos,GAStech-Kronos,Mat.Bramar@gastech.com.kronos,Mat Bramar,1,gastech.com.kronos,GAStech-Kronos,1/10/2014 14:57,2014-01-10 14:57,RE: Need a ride to lunch later,Need a ride to lunch later,
487,Albina.Hafon@gastech.com.kronos,Albina Hafon,gastech.com.kronos,GAStech-Kronos,Rachel.Pantanal@gastech.com.kronos,Rachel Pantanal,1,gastech.com.kronos,GAStech-Kronos,1/10/2014 14:59,2014-01-10 14:59,Service anniversary,Service anniversary,
488,Carla.Forluniau@gastech.com.kronos,Carla Forluniau,gastech.com.kronos,GAStech-Kronos,Mat.Bramar@gastech.com.kronos; Anda.Ribera@gastech.com.kronos; Rachel.Pantanal@gastech.com.kronos; Linda.Lagos@gastech.com.kronos; Ruscella.Mies.Haber@gastech.com.kronos; Carla.Forluniau@gastech.com.kronos; Cornelia.Lais@gastech.com.kronos,Mat Bramar; Anda Ribera; Rachel Pantanal; Linda Lagos; Ruscella Mies Haber; Carla Forluniau; Cornelia Lais,7,gastech.com.kronos,GAStech-Kronos,1/10/2014 14:59,2014-01-10 14:59,RE: Need volunteers - charity bake sale,Need volunteers - charity bake sale,
489,Ada.Campo-Corrente@gastech.com.kronos,Ada Campo-Corrente,gastech.com.kronos,GAStech-Kronos,Ingrid.Barranco@gastech.com.kronos; Ada.Campo-Corrente@gastech.com.kronos,Ingrid Barranco; Ada Campo-Corrente,2,gastech.com.kronos,GAStech-Kronos,1/10/2014 15:00,2014-01-10 15:00,RE: Reception after the corporate meeting Monday morning,Reception after the corporate meeting Monday morning,
490,Stenig.Fusil@gastech.com.kronos,Stenig Fusil,gastech.com.kronos,GAStech-Kronos,Vira.Frente@gastech.com.kronos,Vira Frente,1,gastech.com.kronos,GAStech-Kronos,1/10/2014 15:12,2014-01-10 15:12,"Hey, Im going home sick.","Hey, Im going home sick.",
491,Ruscella.Mies.Haber@gastech.com.kronos,Ruscella Mies Haber,gastech.com.kronos,GAStech-Kronos,Rachel.Pantanal@gastech.com.kronos; Lars.Azada@gastech.com.kronos; Felix.Balas@gastech.com.kronos; Isande.Borrasca@gastech.com.kronos; Axel.Calzas@gastech.com.kronos; Gustav.Cazar@gastech.com.kronos; Lidelse.Dedos@gastech.com.kronos; Birgitta.Frente@gastech.com.kronos; Vira.Frente@gastech.com.kronos; Adra.Nubarron@gastech.com.kronos; Marin.Onda@gastech.com.kronos; Kare.Orilla@gastech.com.kronos; Elsa.Orilla@gastech.com.kronos; Brand.Tempestad@gastech.com.kronos; Ingrid.Barranco@gastech.com.kronos; Ada.Campo-Corrente@gastech.com.kronos; Sten.Sanjorge Jr.@gastech.com.kronos; Orhan.Strum@gastech.com.kronos; Willem.Vasco-Pais@gastech.com.kronos; Bertrand.Ovan@gastech.com.kronos; Albina.Hafon@gastech.com.kronos; Benito.Hawelon@gastech.com.kronos; Claudio.Hawelon@gastech.com.kronos; Henk.Mies@gastech.com.kronos; Valeria.Morlun@gastech.com.kronos; Adan.Morlun@gastech.com.kronos; Cecilia.Morluniau@gastech.com.kronos; Irene.Nant@gastech.com.kronos; Dylan.Scozzese@gastech.com.kronos; Lucas.Alcazar@gastech.com.kronos; Isak.Baza@gastech.com.kronos; Linnea.Bergen@gastech.com.kronos; Nils.Calixto@gastech.com.kronos; Sven.Flecha@gastech.com.kronos; Hideki.Cocinaro@gastech.com.kronos; Inga.Ferro@gastech.com.kronos; Loreto.Bodrogi@gastech.com.kronos; Isia.Vann@gastech.com.kronos; Stenig.Fusil@gastech.com.kronos; Hennie.Osvaldo@gastech.com.kronos; Kanon.Herrero@gastech.com.kronos; Varja.Lagos@gastech.com.kronos; Minke.Mies@gastech.com.kronos; Felix.Resumir@gastech.com.kronos; Edvard.Vann@gastech.com.kronos; Emile.Arpa@gastech.com.kronos; Varro.Awelon@gastech.com.kronos; Mat.Bramar@gastech.com.kronos; Dante.Coginian@gastech.com.kronos; Carla.Forluniau@gastech.com.kronos; Linda.Lagos@gastech.com.kronos; Cornelia.Lais@gastech.com.kronos; Ruscella.Mies.Haber@gastech.com.kronos; Anda.Ribera@gastech.com.kronos,Rachel Pantanal; Lars Azada; Felix Balas; Isande Borrasca; Axel Calzas; Gustav Cazar; Lidelse Dedos; Birgitta Frente; Vira Frente; Adra Nubarron; Marin Onda; Kare Orilla; Elsa Orilla; Brand Tempestad; Ingrid Barranco; Ada Campo-Corrente; Sten Sanjorge Jr ; Orhan Strum; Willem Vasco-Pais; Bertrand Ovan; Albina Hafon; Benito Hawelon; Claudio Hawelon; Henk Mies; Valeria Morlun; Adan Morlun; Cecilia Morluniau; Irene Nant; Dylan Scozzese; Lucas Alcazar; Isak Baza; Linnea Bergen; Nils Calixto; Sven Flecha; Hideki Cocinaro; Inga Ferro; Loreto Bodrogi; Isia Vann; Stenig Fusil; Hennie Osvaldo; Kanon Herrero; Varja Lagos; Minke Mies; Felix Resumir; Edvard Vann; Emile Arpa; Varro Awelon; Mat Bramar; Dante Coginian; Carla Forluniau; Linda Lagos; Cornelia Lais; Ruscella Mies Haber; Anda Ribera,54,gastech.com.kronos,GAStech-Kronos,1/10/2014 15:16,2014-01-10 15:16,Daily morning announcements,Daily morning announcements,
492,Mat.Bramar@gastech.com.kronos,Mat Bramar,gastech.com.kronos,GAStech-Kronos,Mat.Bramar@gastech.com.kronos; Anda.Ribera@gastech.com.kronos; Rachel.Pantanal@gastech.com.kronos; Linda.Lagos@gastech.com.kronos; Ruscella.Mies.Haber@gastech.com.kronos; Carla.Forluniau@gastech.com.kronos; Cornelia.Lais@gastech.com.kronos,Mat Bramar; Anda Ribera; Rachel Pantanal; Linda Lagos; Ruscella Mies Haber; Carla Forluniau; Cornelia Lais,7,gastech.com.kronos,GAStech-Kronos,1/10/2014 15:17,2014-01-10 15:17,RE: Joke - funny!,Joke - funny!,
493,Isia.Vann@gastech.com.kronos,Isia Vann,gastech.com.kronos,GAStech-Kronos,Stenig.Fusil@gastech.com.kronos; Varja.Lagos@gastech.com.kronos; Kanon.Herrero@gastech.com.kronos,Stenig Fusil; Varja Lagos; Kanon Herrero,3,gastech.com.kronos,GAStech-Kronos,1/10/2014 15:17,2014-01-10 15:17,Vacation scheduling procedures,Vacation scheduling procedures,
494,Inga.Ferro@gastech.com.kronos,Inga Ferro,gastech.com.kronos,GAStech-Kronos,Henk.Mies@gastech.com.kronos,Henk Mies,1,gastech.com.kronos,GAStech-Kronos,1/10/2014 15:23,2014-01-10 15:23,RE: Late for meeting,Late for meeting,
495,Isak.Baza@gastech.com.kronos,Isak Baza,gastech.com.kronos,GAStech-Kronos,Nils.Calixto@gastech.com.kronos; Isak.Baza@gastech.com.kronos; Sven.Flecha@gastech.com.kronos,Nils Calixto; Isak Baza; Sven Flecha,3,gastech.com.kronos,GAStech-Kronos,1/10/2014 15:27,2014-01-10 15:27,Who's up for lunch?,Who's up for lunch?,
496,Ada.Campo-Corrente@gastech.com.kronos,Ada Campo-Corrente,gastech.com.kronos,GAStech-Kronos,Ingrid.Barranco@gastech.com.kronos; Sten.Sanjorge Jr.@gastech.com.tethys,Ingrid Barranco; Sten Sanjorge Jr ,2,gastech.com.kronos; gastech.com.tethys,GAStech-Kronos; GAStech-Tethys,1/10/2014 15:32,2014-01-10 15:32,Recommendations for a good investment advisor?,Recommendations for a good investment advisor?,
497,Henk.Mies@gastech.com.kronos,Henk Mies,gastech.com.kronos,GAStech-Kronos,Inga.Ferro@gastech.com.kronos,Inga Ferro,1,gastech.com.kronos,GAStech-Kronos,1/10/2014 15:42,2014-01-10 15:42,RE: Late for meeting,Late for meeting,
498,Lucas.Alcazar@gastech.com.kronos,Lucas Alcazar,gastech.com.kronos,GAStech-Kronos,Lucas.Alcazar@gastech.com.kronos; Sven.Flecha@gastech.com.kronos; Nils.Calixto@gastech.com.kronos,Lucas Alcazar; Sven Flecha; Nils Calixto,3,gastech.com.kronos,GAStech-Kronos,1/10/2014 15:52,2014-01-10 15:52,RE: Hardware failures,Hardware failures,
499,Benito.Hawelon@gastech.com.kronos,Benito Hawelon,gastech.com.kronos,GAStech-Kronos,Benito.Hawelon@gastech.com.kronos; Henk.Mies@gastech.com.kronos; Cecilia.Morluniau@gastech.com.kronos; Irene.Nant@gastech.com.kronos; Adan.Morlun@gastech.com.kronos; Claudio.Hawelon@gastech.com.kronos,Benito Hawelon; Henk Mies; Cecilia Morluniau; Irene Nant; Adan Morlun; Claudio Hawelon,6,gastech.com.kronos,GAStech-Kronos,1/10/2014 15:53,2014-01-10 15:53,RE: Who took the toolbox out of my truck?,Who took the toolbox out of my truck?,
500,Rachel.Pantanal@gastech.com.kronos,Rachel Pantanal,gastech.com.kronos,GAStech-Kronos,Albina.Hafon@gastech.com.kronos,Albina Hafon,1,gastech.com.kronos,GAStech-Kronos,1/10/2014 16:08,2014-01-10 16:08,RE: Service anniversary,Service anniversary,
501,Cornelia.Lais@gastech.com.kronos,Cornelia Lais,gastech.com.kronos,GAStech-Kronos,Mat.Bramar@gastech.com.kronos; Anda.Ribera@gastech.com.kronos; Rachel.Pantanal@gastech.com.kronos; Linda.Lagos@gastech.com.kronos; Ruscella.Mies.Haber@gastech.com.kronos; Carla.Forluniau@gastech.com.kronos; Cornelia.Lais@gastech.com.kronos,Mat Bramar; Anda Ribera; Rachel Pantanal; Linda Lagos; Ruscella Mies Haber; Carla Forluniau; Cornelia Lais,7,gastech.com.kronos,GAStech-Kronos,1/10/2014 16:11,2014-01-10 16:11,RE: Training opportunity,Training opportunity,
502,Lars.Azada@gastech.com.kronos,Lars Azada,gastech.com.kronos,GAStech-Kronos,Rachel.Pantanal@gastech.com.kronos; Lars.Azada@gastech.com.kronos; Felix.Balas@gastech.com.kronos; Isande.Borrasca@gastech.com.kronos; Axel.Calzas@gastech.com.kronos; Gustav.Cazar@gastech.com.kronos; Lidelse.Dedos@gastech.com.kronos; Birgitta.Frente@gastech.com.kronos; Vira.Frente@gastech.com.kronos; Adra.Nubarron@gastech.com.kronos; Marin.Onda@gastech.com.kronos; Kare.Orilla@gastech.com.kronos; Elsa.Orilla@gastech.com.kronos; Brand.Tempestad@gastech.com.kronos; Ingrid.Barranco@gastech.com.kronos; Ada.Campo-Corrente@gastech.com.kronos; Sten.Sanjorge Jr.@gastech.com.kronos; Orhan.Strum@gastech.com.kronos; Willem.Vasco-Pais@gastech.com.kronos; Bertrand.Ovan@gastech.com.kronos; Albina.Hafon@gastech.com.kronos; Benito.Hawelon@gastech.com.kronos; Claudio.Hawelon@gastech.com.kronos; Henk.Mies@gastech.com.kronos; Valeria.Morlun@gastech.com.kronos; Adan.Morlun@gastech.com.kronos; Cecilia.Morluniau@gastech.com.kronos; Irene.Nant@gastech.com.kronos; Dylan.Scozzese@gastech.com.kronos; Lucas.Alcazar@gastech.com.kronos; Isak.Baza@gastech.com.kronos; Linnea.Bergen@gastech.com.kronos; Nils.Calixto@gastech.com.kronos; Sven.Flecha@gastech.com.kronos; Hideki.Cocinaro@gastech.com.kronos; Inga.Ferro@gastech.com.kronos; Loreto.Bodrogi@gastech.com.kronos; Isia.Vann@gastech.com.kronos; Stenig.Fusil@gastech.com.kronos; Hennie.Osvaldo@gastech.com.kronos; Kanon.Herrero@gastech.com.kronos; Varja.Lagos@gastech.com.kronos; Minke.Mies@gastech.com.kronos; Felix.Resumir@gastech.com.kronos; Edvard.Vann@gastech.com.kronos; Emile.Arpa@gastech.com.kronos; Varro.Awelon@gastech.com.kronos; Mat.Bramar@gastech.com.kronos; Dante.Coginian@gastech.com.kronos; Carla.Forluniau@gastech.com.kronos; Linda.Lagos@gastech.com.kronos; Cornelia.Lais@gastech.com.kronos; Ruscella.Mies.Haber@gastech.com.kronos; Anda.Ribera@gastech.com.kronos,Rachel Pantanal; Lars Azada; Felix Balas; Isande Borrasca; Axel Calzas; Gustav Cazar; Lidelse Dedos; Birgitta Frente; Vira Frente; Adra Nubarron; Marin Onda; Kare Orilla; Elsa Orilla; Brand Tempestad; Ingrid Barranco; Ada Campo-Corrente; Sten Sanjorge Jr ; Orhan Strum; Willem Vasco-Pais; Bertrand Ovan; Albina Hafon; Benito Hawelon; Claudio Hawelon; Henk Mies; Valeria Morlun; Adan Morlun; Cecilia Morluniau; Irene Nant; Dylan Scozzese; Lucas Alcazar; Isak Baza; Linnea Bergen; Nils Calixto; Sven Flecha; Hideki Cocinaro; Inga Ferro; Loreto Bodrogi; Isia Vann; Stenig Fusil; Hennie Osvaldo; Kanon Herrero; Varja Lagos; Minke Mies; Felix Resumir; Edvard Vann; Emile Arpa; Varro Awelon; Mat Bramar; Dante Coginian; Carla Forluniau; Linda Lagos; Cornelia Lais; Ruscella Mies Haber; Anda Ribera,54,gastech.com.kronos,GAStech-Kronos,1/10/2014 16:14,2014-01-10 16:14,RE: GASTech announcements,GASTech announcements,
503,Irene.Nant@gastech.com.kronos,Irene Nant,gastech.com.kronos,GAStech-Kronos,Benito.Hawelon@gastech.com.kronos; Henk.Mies@gastech.com.kronos; Cecilia.Morluniau@gastech.com.kronos; Irene.Nant@gastech.com.kronos; Adan.Morlun@gastech.com.kronos; Claudio.Hawelon@gastech.com.kronos,Benito Hawelon; Henk Mies; Cecilia Morluniau; Irene Nant; Adan Morlun; Claudio Hawelon,6,gastech.com.kronos,GAStech-Kronos,1/10/2014 16:15,2014-01-10 16:15,RE: Who took the toolbox out of my truck?,Who took the toolbox out of my truck?,
504,Inga.Ferro@gastech.com.kronos,Inga Ferro,gastech.com.kronos,GAStech-Kronos,Henk.Mies@gastech.com.kronos,Henk Mies,1,gastech.com.kronos,GAStech-Kronos,1/10/2014 16:16,2014-01-10 16:16,RE: Late for meeting,Late for meeting,
505,Albina.Hafon@gastech.com.kronos,Albina Hafon,gastech.com.kronos,GAStech-Kronos,Rachel.Pantanal@gastech.com.kronos,Rachel Pantanal,1,gastech.com.kronos,GAStech-Kronos,1/10/2014 16:16,2014-01-10 16:16,RE: Service anniversary,Service anniversary,
506,Varro.Awelon@gastech.com.kronos,Varro Awelon,gastech.com.kronos,GAStech-Kronos,Valeria.Morlun@gastech.com.kronos; Varro.Awelon@gastech.com.kronos,Valeria Morlun; Varro Awelon,2,gastech.com.kronos,GAStech-Kronos,1/10/2014 16:19,2014-01-10 16:19,RE: Who took the toolbox out of my truck?,Who took the toolbox out of my truck?,
507,Stenig.Fusil@gastech.com.kronos,Stenig Fusil,gastech.com.kronos,GAStech-Kronos,Inga.Ferro@gastech.com.kronos; Hennie.Osvaldo@gastech.com.kronos; Varja.Lagos@gastech.com.kronos; Minke.Mies@gastech.com.kronos; Hideki.Cocinaro@gastech.com.kronos; Edvard.Vann@gastech.com.kronos; Stenig.Fusil@gastech.com.kronos; Isia.Vann@gastech.com.kronos,Inga Ferro; Hennie Osvaldo; Varja Lagos; Minke Mies; Hideki Cocinaro; Edvard Vann; Stenig Fusil; Isia Vann,8,gastech.com.kronos,GAStech-Kronos,1/10/2014 16:28,2014-01-10 16:28,RE: Updated assignments,Updated assignments,
508,Sven.Flecha@gastech.com.kronos,Sven Flecha,gastech.com.kronos,GAStech-Kronos,Isak.Baza@gastech.com.kronos; Sven.Flecha@gastech.com.kronos,Isak Baza; Sven Flecha,2,gastech.com.kronos,GAStech-Kronos,1/10/2014 16:36,2014-01-10 16:36,RE: Anyone have time to help troubleshoot some software?,Anyone have time to help troubleshoot some software?,
509,Sven.Flecha@gastech.com.kronos,Sven Flecha,gastech.com.kronos,GAStech-Kronos,Nils.Calixto@gastech.com.kronos; Sven.Flecha@gastech.com.kronos,Nils Calixto; Sven Flecha,2,gastech.com.kronos,GAStech-Kronos,1/10/2014 16:36,2014-01-10 16:36,RE: Web site,Web site,
510,Cornelia.Lais@gastech.com.kronos,Cornelia Lais,gastech.com.kronos,GAStech-Kronos,Mat.Bramar@gastech.com.kronos; Anda.Ribera@gastech.com.kronos; Rachel.Pantanal@gastech.com.kronos; Linda.Lagos@gastech.com.kronos; Ruscella.Mies.Haber@gastech.com.kronos; Carla.Forluniau@gastech.com.kronos; Cornelia.Lais@gastech.com.kronos,Mat Bramar; Anda Ribera; Rachel Pantanal; Linda Lagos; Ruscella Mies Haber; Carla Forluniau; Cornelia Lais,7,gastech.com.kronos,GAStech-Kronos,1/10/2014 16:37,2014-01-10 16:37,RE: Need volunteers - charity bake sale,Need volunteers - charity bake sale,
511,Henk.Mies@gastech.com.kronos,Henk Mies,gastech.com.kronos,GAStech-Kronos,Inga.Ferro@gastech.com.kronos,Inga Ferro,1,gastech.com.kronos,GAStech-Kronos,1/10/2014 16:41,2014-01-10 16:41,RE: Late for meeting,Late for meeting,
512,Sven.Flecha@gastech.com.kronos,Sven Flecha,gastech.com.kronos,GAStech-Kronos,Isak.Baza@gastech.com.kronos; Sven.Flecha@gastech.com.kronos,Isak Baza; Sven Flecha,2,gastech.com.kronos,GAStech-Kronos,1/10/2014 16:42,2014-01-10 16:42,RE: Anyone have time to help troubleshoot some software?,Anyone have time to help troubleshoot some software?,
513,Inga.Ferro@gastech.com.kronos,Inga Ferro,gastech.com.kronos,GAStech-Kronos,Henk.Mies@gastech.com.kronos,Henk Mies,1,gastech.com.kronos,GAStech-Kronos,1/10/2014 16:44,2014-01-10 16:44,RE: Late for meeting,Late for meeting,
514,Vira.Frente@gastech.com.kronos,Vira Frente,gastech.com.kronos,GAStech-Kronos,Stenig.Fusil@gastech.com.kronos,Stenig Fusil,1,gastech.com.kronos,GAStech-Kronos,1/10/2014 16:48,2014-01-10 16:48,"RE: Hey, Im going home sick.","Hey, Im going home sick.",
515,Lidelse.Dedos@gastech.com.kronos,Lidelse Dedos,gastech.com.kronos,GAStech-Kronos,Lidelse.Dedos@gastech.com.kronos; Lars.Azada@gastech.com.kronos; Vira.Frente@gastech.com.kronos; Kare.Orilla@gastech.com.kronos,Lidelse Dedos; Lars Azada; Vira Frente; Kare Orilla,4,gastech.com.kronos,GAStech-Kronos,1/10/2014 16:49,2014-01-10 16:49,RE: Downhole logging scheduled for 2516-00,Downhole logging scheduled for 2516-00,
516,Anda.Ribera@gastech.com.kronos,Anda Ribera,gastech.com.kronos,GAStech-Kronos,Mat.Bramar@gastech.com.kronos; Anda.Ribera@gastech.com.kronos; Rachel.Pantanal@gastech.com.kronos; Linda.Lagos@gastech.com.kronos; Ruscella.Mies.Haber@gastech.com.kronos; Carla.Forluniau@gastech.com.kronos; Cornelia.Lais@gastech.com.kronos,Mat Bramar; Anda Ribera; Rachel Pantanal; Linda Lagos; Ruscella Mies Haber; Carla Forluniau; Cornelia Lais,7,gastech.com.kronos,GAStech-Kronos,1/10/2014 16:54,2014-01-10 16:54,RE: Coupon club,Coupon club,
517,Rachel.Pantanal@gastech.com.kronos,Rachel Pantanal,gastech.com.kronos,GAStech-Kronos,Isia.Vann@gastech.com.kronos,Isia Vann,1,gastech.com.kronos,GAStech-Kronos,1/10/2014 16:55,2014-01-10 16:55,RE: New gyro place opened nearby - YUM,New gyro place opened nearby - YUM,
518,Valeria.Morlun@gastech.com.kronos,Valeria Morlun,gastech.com.kronos,GAStech-Kronos,Valeria.Morlun@gastech.com.kronos; Varro.Awelon@gastech.com.kronos,Valeria Morlun; Varro Awelon,2,gastech.com.kronos,GAStech-Kronos,1/10/2014 17:02,2014-01-10 17:02,RE: Who took the toolbox out of my truck?,Who took the toolbox out of my truck?,
519,Hideki.Cocinaro@gastech.com.kronos,Hideki Cocinaro,gastech.com.kronos,GAStech-Kronos,Inga.Ferro@gastech.com.kronos; Hennie.Osvaldo@gastech.com.kronos; Varja.Lagos@gastech.com.kronos; Minke.Mies@gastech.com.kronos; Hideki.Cocinaro@gastech.com.kronos; Edvard.Vann@gastech.com.kronos; Stenig.Fusil@gastech.com.kronos; Isia.Vann@gastech.com.kronos,Inga Ferro; Hennie Osvaldo; Varja Lagos; Minke Mies; Hideki Cocinaro; Edvard Vann; Stenig Fusil; Isia Vann,8,gastech.com.kronos,GAStech-Kronos,1/10/2014 17:06,2014-01-10 17:06,RE: Updated assignments,Updated assignments,
520,Benito.Hawelon@gastech.com.kronos,Benito Hawelon,gastech.com.kronos,GAStech-Kronos,Rachel.Pantanal@gastech.com.kronos; Lars.Azada@gastech.com.kronos; Felix.Balas@gastech.com.kronos; Isande.Borrasca@gastech.com.kronos; Axel.Calzas@gastech.com.kronos; Gustav.Cazar@gastech.com.kronos; Lidelse.Dedos@gastech.com.kronos; Birgitta.Frente@gastech.com.kronos; Vira.Frente@gastech.com.kronos; Adra.Nubarron@gastech.com.kronos; Marin.Onda@gastech.com.kronos; Kare.Orilla@gastech.com.kronos; Elsa.Orilla@gastech.com.kronos; Brand.Tempestad@gastech.com.kronos; Ingrid.Barranco@gastech.com.kronos; Ada.Campo-Corrente@gastech.com.kronos; Sten.Sanjorge Jr.@gastech.com.kronos; Orhan.Strum@gastech.com.kronos; Willem.Vasco-Pais@gastech.com.kronos; Bertrand.Ovan@gastech.com.kronos; Albina.Hafon@gastech.com.kronos; Benito.Hawelon@gastech.com.kronos; Claudio.Hawelon@gastech.com.kronos; Henk.Mies@gastech.com.kronos; Valeria.Morlun@gastech.com.kronos; Adan.Morlun@gastech.com.kronos; Cecilia.Morluniau@gastech.com.kronos; Irene.Nant@gastech.com.kronos; Dylan.Scozzese@gastech.com.kronos; Lucas.Alcazar@gastech.com.kronos; Isak.Baza@gastech.com.kronos; Linnea.Bergen@gastech.com.kronos; Nils.Calixto@gastech.com.kronos; Sven.Flecha@gastech.com.kronos; Hideki.Cocinaro@gastech.com.kronos; Inga.Ferro@gastech.com.kronos; Loreto.Bodrogi@gastech.com.kronos; Isia.Vann@gastech.com.kronos; Stenig.Fusil@gastech.com.kronos; Hennie.Osvaldo@gastech.com.kronos; Kanon.Herrero@gastech.com.kronos; Varja.Lagos@gastech.com.kronos; Minke.Mies@gastech.com.kronos; Felix.Resumir@gastech.com.kronos; Edvard.Vann@gastech.com.kronos; Emile.Arpa@gastech.com.kronos; Varro.Awelon@gastech.com.kronos; Mat.Bramar@gastech.com.kronos; Dante.Coginian@gastech.com.kronos; Carla.Forluniau@gastech.com.kronos; Linda.Lagos@gastech.com.kronos; Cornelia.Lais@gastech.com.kronos; Ruscella.Mies.Haber@gastech.com.kronos; Anda.Ribera@gastech.com.kronos,Rachel Pantanal; Lars Azada; Felix Balas; Isande Borrasca; Axel Calzas; Gustav Cazar; Lidelse Dedos; Birgitta Frente; Vira Frente; Adra Nubarron; Marin Onda; Kare Orilla; Elsa Orilla; Brand Tempestad; Ingrid Barranco; Ada Campo-Corrente; Sten Sanjorge Jr ; Orhan Strum; Willem Vasco-Pais; Bertrand Ovan; Albina Hafon; Benito Hawelon; Claudio Hawelon; Henk Mies; Valeria Morlun; Adan Morlun; Cecilia Morluniau; Irene Nant; Dylan Scozzese; Lucas Alcazar; Isak Baza; Linnea Bergen; Nils Calixto; Sven Flecha; Hideki Cocinaro; Inga Ferro; Loreto Bodrogi; Isia Vann; Stenig Fusil; Hennie Osvaldo; Kanon Herrero; Varja Lagos; Minke Mies; Felix Resumir; Edvard Vann; Emile Arpa; Varro Awelon; Mat Bramar; Dante Coginian; Carla Forluniau; Linda Lagos; Cornelia Lais; Ruscella Mies Haber; Anda Ribera,54,gastech.com.kronos,GAStech-Kronos,1/10/2014 17:06,2014-01-10 17:06,RE: GASTech announcements,GASTech announcements,
521,Rachel.Pantanal@gastech.com.kronos,Rachel Pantanal,gastech.com.kronos,GAStech-Kronos,Mat.Bramar@gastech.com.kronos; Anda.Ribera@gastech.com.kronos; Rachel.Pantanal@gastech.com.kronos; Linda.Lagos@gastech.com.kronos; Ruscella.Mies.Haber@gastech.com.kronos; Carla.Forluniau@gastech.com.kronos; Cornelia.Lais@gastech.com.kronos,Mat Bramar; Anda Ribera; Rachel Pantanal; Linda Lagos; Ruscella Mies Haber; Carla Forluniau; Cornelia Lais,7,gastech.com.kronos,GAStech-Kronos,1/10/2014 17:20,2014-01-10 17:20,RE: Watch found,Watch found,
522,Isia.Vann@gastech.com.kronos,Isia Vann,gastech.com.kronos,GAStech-Kronos,Inga.Ferro@gastech.com.kronos; Hennie.Osvaldo@gastech.com.kronos; Varja.Lagos@gastech.com.kronos; Minke.Mies@gastech.com.kronos; Hideki.Cocinaro@gastech.com.kronos; Edvard.Vann@gastech.com.kronos; Stenig.Fusil@gastech.com.kronos; Isia.Vann@gastech.com.kronos,Inga Ferro; Hennie Osvaldo; Varja Lagos; Minke Mies; Hideki Cocinaro; Edvard Vann; Stenig Fusil; Isia Vann,8,gastech.com.kronos,GAStech-Kronos,1/10/2014 17:21,2014-01-10 17:21,RE: Updated assignments,Updated assignments,
523,Ingrid.Barranco@gastech.com.kronos,Ingrid Barranco,gastech.com.kronos,GAStech-Kronos,Ingrid.Barranco@gastech.com.kronos; Ada.Campo-Corrente@gastech.com.kronos,Ingrid Barranco; Ada Campo-Corrente,2,gastech.com.kronos,GAStech-Kronos,1/10/2014 17:25,2014-01-10 17:25,RE: Reception after the corporate meeting Monday morning,Reception after the corporate meeting Monday morning,
524,Edvard.Vann@gastech.com.kronos,Edvard Vann,gastech.com.kronos,GAStech-Kronos,Rachel.Pantanal@gastech.com.kronos; Lars.Azada@gastech.com.kronos; Felix.Balas@gastech.com.kronos; Isande.Borrasca@gastech.com.kronos; Axel.Calzas@gastech.com.kronos; Gustav.Cazar@gastech.com.kronos; Lidelse.Dedos@gastech.com.kronos; Birgitta.Frente@gastech.com.kronos; Vira.Frente@gastech.com.kronos; Adra.Nubarron@gastech.com.kronos; Marin.Onda@gastech.com.kronos; Kare.Orilla@gastech.com.kronos; Elsa.Orilla@gastech.com.kronos; Brand.Tempestad@gastech.com.kronos; Ingrid.Barranco@gastech.com.kronos; Ada.Campo-Corrente@gastech.com.kronos; Sten.Sanjorge Jr.@gastech.com.kronos; Orhan.Strum@gastech.com.kronos; Willem.Vasco-Pais@gastech.com.kronos; Bertrand.Ovan@gastech.com.kronos; Albina.Hafon@gastech.com.kronos; Benito.Hawelon@gastech.com.kronos; Claudio.Hawelon@gastech.com.kronos; Henk.Mies@gastech.com.kronos; Valeria.Morlun@gastech.com.kronos; Adan.Morlun@gastech.com.kronos; Cecilia.Morluniau@gastech.com.kronos; Irene.Nant@gastech.com.kronos; Dylan.Scozzese@gastech.com.kronos; Lucas.Alcazar@gastech.com.kronos; Isak.Baza@gastech.com.kronos; Linnea.Bergen@gastech.com.kronos; Nils.Calixto@gastech.com.kronos; Sven.Flecha@gastech.com.kronos; Hideki.Cocinaro@gastech.com.kronos; Inga.Ferro@gastech.com.kronos; Loreto.Bodrogi@gastech.com.kronos; Isia.Vann@gastech.com.kronos; Stenig.Fusil@gastech.com.kronos; Hennie.Osvaldo@gastech.com.kronos; Kanon.Herrero@gastech.com.kronos; Varja.Lagos@gastech.com.kronos; Minke.Mies@gastech.com.kronos; Felix.Resumir@gastech.com.kronos; Edvard.Vann@gastech.com.kronos; Emile.Arpa@gastech.com.kronos; Varro.Awelon@gastech.com.kronos; Mat.Bramar@gastech.com.kronos; Dante.Coginian@gastech.com.kronos; Carla.Forluniau@gastech.com.kronos; Linda.Lagos@gastech.com.kronos; Cornelia.Lais@gastech.com.kronos; Ruscella.Mies.Haber@gastech.com.kronos; Anda.Ribera@gastech.com.kronos,Rachel Pantanal; Lars Azada; Felix Balas; Isande Borrasca; Axel Calzas; Gustav Cazar; Lidelse Dedos; Birgitta Frente; Vira Frente; Adra Nubarron; Marin Onda; Kare Orilla; Elsa Orilla; Brand Tempestad; Ingrid Barranco; Ada Campo-Corrente; Sten Sanjorge Jr ; Orhan Strum; Willem Vasco-Pais; Bertrand Ovan; Albina Hafon; Benito Hawelon; Claudio Hawelon; Henk Mies; Valeria Morlun; Adan Morlun; Cecilia Morluniau; Irene Nant; Dylan Scozzese; Lucas Alcazar; Isak Baza; Linnea Bergen; Nils Calixto; Sven Flecha; Hideki Cocinaro; Inga Ferro; Loreto Bodrogi; Isia Vann; Stenig Fusil; Hennie Osvaldo; Kanon Herrero; Varja Lagos; Minke Mies; Felix Resumir; Edvard Vann; Emile Arpa; Varro Awelon; Mat Bramar; Dante Coginian; Carla Forluniau; Linda Lagos; Cornelia Lais; Ruscella Mies Haber; Anda Ribera,54,gastech.com.kronos,GAStech-Kronos,1/10/2014 17:25,2014-01-10 17:25,RE: GASTech announcements,GASTech announcements,
525,Mat.Bramar@gastech.com.kronos,Mat Bramar,gastech.com.kronos,GAStech-Kronos,Mat.Bramar@gastech.com.kronos; Anda.Ribera@gastech.com.kronos; Rachel.Pantanal@gastech.com.kronos; Linda.Lagos@gastech.com.kronos; Ruscella.Mies.Haber@gastech.com.kronos; Carla.Forluniau@gastech.com.kronos; Cornelia.Lais@gastech.com.kronos,Mat Bramar; Anda Ribera; Rachel Pantanal; Linda Lagos; Ruscella Mies Haber; Carla Forluniau; Cornelia Lais,7,gastech.com.kronos,GAStech-Kronos,1/10/2014 17:27,2014-01-10 17:27,RE: Coupon club,Coupon club,
526,Stenig.Fusil@gastech.com.kronos,Stenig Fusil,gastech.com.kronos,GAStech-Kronos,Vira.Frente@gastech.com.kronos,Vira Frente,1,gastech.com.kronos,GAStech-Kronos,1/10/2014 17:34,2014-01-10 17:34,"RE: Hey, Im going home sick.","Hey, Im going home sick.",
527,Sten.Sanjorge Jr.@gastech.com.tethys,Sten Sanjorge Jr ,gastech.com.tethys,GAStech-Tethys,Ingrid.Barranco@gastech.com.kronos; Sten.Sanjorge Jr.@gastech.com.tethys,Ingrid Barranco; Sten Sanjorge Jr ,2,gastech.com.kronos; gastech.com.tethys,GAStech-Kronos; GAStech-Tethys,1/10/2014 17:41,2014-01-10 17:41,RE: Recommendations for a good investment advisor?,Recommendations for a good investment advisor?,
528,Sven.Flecha@gastech.com.kronos,Sven Flecha,gastech.com.kronos,GAStech-Kronos,Isak.Baza@gastech.com.kronos; Sven.Flecha@gastech.com.kronos,Isak Baza; Sven Flecha,2,gastech.com.kronos,GAStech-Kronos,1/10/2014 17:43,2014-01-10 17:43,RE: Anyone have time to help troubleshoot some software?,Anyone have time to help troubleshoot some software?,
529,Linda.Lagos@gastech.com.kronos,Linda Lagos,gastech.com.kronos,GAStech-Kronos,Mat.Bramar@gastech.com.kronos; Anda.Ribera@gastech.com.kronos; Rachel.Pantanal@gastech.com.kronos; Linda.Lagos@gastech.com.kronos; Ruscella.Mies.Haber@gastech.com.kronos; Carla.Forluniau@gastech.com.kronos; Cornelia.Lais@gastech.com.kronos,Mat Bramar; Anda Ribera; Rachel Pantanal; Linda Lagos; Ruscella Mies Haber; Carla Forluniau; Cornelia Lais,7,gastech.com.kronos,GAStech-Kronos,1/10/2014 17:44,2014-01-10 17:44,RE: Watch found,Watch found,
530,Anda.Ribera@gastech.com.kronos,Anda Ribera,gastech.com.kronos,GAStech-Kronos,Mat.Bramar@gastech.com.kronos; Anda.Ribera@gastech.com.kronos; Rachel.Pantanal@gastech.com.kronos; Linda.Lagos@gastech.com.kronos; Ruscella.Mies.Haber@gastech.com.kronos; Carla.Forluniau@gastech.com.kronos; Cornelia.Lais@gastech.com.kronos,Mat Bramar; Anda Ribera; Rachel Pantanal; Linda Lagos; Ruscella Mies Haber; Carla Forluniau; Cornelia Lais,7,gastech.com.kronos,GAStech-Kronos,1/10/2014 17:44,2014-01-10 17:44,RE: Joke - funny!,Joke - funny!,
531,Vira.Frente@gastech.com.kronos,Vira Frente,gastech.com.kronos,GAStech-Kronos,Stenig.Fusil@gastech.com.kronos,Stenig Fusil,1,gastech.com.kronos,GAStech-Kronos,1/10/2014 17:49,2014-01-10 17:49,"RE: Hey, Im going home sick.","Hey, Im going home sick.",
532,Sven.Flecha@gastech.com.kronos,Sven Flecha,gastech.com.kronos,GAStech-Kronos,Isak.Baza@gastech.com.kronos; Sven.Flecha@gastech.com.kronos,Isak Baza; Sven Flecha,2,gastech.com.kronos,GAStech-Kronos,1/10/2014 17:53,2014-01-10 17:53,RE: Anyone have time to help troubleshoot some software?,Anyone have time to help troubleshoot some software?,
533,Valeria.Morlun@gastech.com.kronos,Valeria Morlun,gastech.com.kronos,GAStech-Kronos,Valeria.Morlun@gastech.com.kronos; Varro.Awelon@gastech.com.kronos,Valeria Morlun; Varro Awelon,2,gastech.com.kronos,GAStech-Kronos,1/10/2014 17:55,2014-01-10 17:55,RE: Who took the toolbox out of my truck?,Who took the toolbox out of my truck?,
534,Isak.Baza@gastech.com.kronos,Isak Baza,gastech.com.kronos,GAStech-Kronos,Isak.Baza@gastech.com.kronos; Sven.Flecha@gastech.com.kronos,Isak Baza; Sven Flecha,2,gastech.com.kronos,GAStech-Kronos,1/10/2014 18:07,2014-01-10 18:07,RE: Anyone have time to help troubleshoot some software?,Anyone have time to help troubleshoot some software?,
535,Carla.Forluniau@gastech.com.kronos,Carla Forluniau,gastech.com.kronos,GAStech-Kronos,Mat.Bramar@gastech.com.kronos; Anda.Ribera@gastech.com.kronos; Rachel.Pantanal@gastech.com.kronos; Linda.Lagos@gastech.com.kronos; Ruscella.Mies.Haber@gastech.com.kronos; Carla.Forluniau@gastech.com.kronos; Cornelia.Lais@gastech.com.kronos,Mat Bramar; Anda Ribera; Rachel Pantanal; Linda Lagos; Ruscella Mies Haber; Carla Forluniau; Cornelia Lais,7,gastech.com.kronos,GAStech-Kronos,1/10/2014 18:12,2014-01-10 18:12,RE: Coupon club,Coupon club,
536,Varja.Lagos@gastech.com.kronos,Varja Lagos,gastech.com.kronos,GAStech-Kronos,Stenig.Fusil@gastech.com.kronos; Varja.Lagos@gastech.com.kronos; Kanon.Herrero@gastech.com.kronos,Stenig Fusil; Varja Lagos; Kanon Herrero,3,gastech.com.kronos,GAStech-Kronos,1/10/2014 18:16,2014-01-10 18:16,RE: Vacation scheduling procedures,Vacation scheduling procedures,
537,Ruscella.Mies.Haber@gastech.com.kronos,Ruscella Mies Haber,gastech.com.kronos,GAStech-Kronos,Mat.Bramar@gastech.com.kronos; Anda.Ribera@gastech.com.kronos; Rachel.Pantanal@gastech.com.kronos; Linda.Lagos@gastech.com.kronos; Ruscella.Mies.Haber@gastech.com.kronos; Carla.Forluniau@gastech.com.kronos; Cornelia.Lais@gastech.com.kronos,Mat Bramar; Anda Ribera; Rachel Pantanal; Linda Lagos; Ruscella Mies Haber; Carla Forluniau; Cornelia Lais,7,gastech.com.kronos,GAStech-Kronos,1/10/2014 18:24,2014-01-10 18:24,RE: Watch found,Watch found,
538,Nils.Calixto@gastech.com.kronos,Nils Calixto,gastech.com.kronos,GAStech-Kronos,Nils.Calixto@gastech.com.kronos; Sven.Flecha@gastech.com.kronos,Nils Calixto; Sven Flecha,2,gastech.com.kronos,GAStech-Kronos,1/10/2014 18:26,2014-01-10 18:26,RE: Web site,Web site,
539,Isak.Baza@gastech.com.kronos,Isak Baza,gastech.com.kronos,GAStech-Kronos,Isak.Baza@gastech.com.kronos; Sven.Flecha@gastech.com.kronos,Isak Baza; Sven Flecha,2,gastech.com.kronos,GAStech-Kronos,1/10/2014 18:34,2014-01-10 18:34,RE: Anyone have time to help troubleshoot some software?,Anyone have time to help troubleshoot some software?,
540,Kanon.Herrero@gastech.com.kronos,Kanon Herrero,gastech.com.kronos,GAStech-Kronos,Stenig.Fusil@gastech.com.kronos; Varja.Lagos@gastech.com.kronos; Kanon.Herrero@gastech.com.kronos,Stenig Fusil; Varja Lagos; Kanon Herrero,3,gastech.com.kronos,GAStech-Kronos,1/10/2014 18:35,2014-01-10 18:35,RE: Vacation scheduling procedures,Vacation scheduling procedures,
541,Henk.Mies@gastech.com.kronos,Henk Mies,gastech.com.kronos,GAStech-Kronos,Benito.Hawelon@gastech.com.kronos; Henk.Mies@gastech.com.kronos; Cecilia.Morluniau@gastech.com.kronos; Irene.Nant@gastech.com.kronos; Adan.Morlun@gastech.com.kronos; Claudio.Hawelon@gastech.com.kronos,Benito Hawelon; Henk Mies; Cecilia Morluniau; Irene Nant; Adan Morlun; Claudio Hawelon,6,gastech.com.kronos,GAStech-Kronos,1/10/2014 18:36,2014-01-10 18:36,RE: Who took the toolbox out of my truck?,Who took the toolbox out of my truck?,
542,Sven.Flecha@gastech.com.kronos,Sven Flecha,gastech.com.kronos,GAStech-Kronos,Nils.Calixto@gastech.com.kronos; Isak.Baza@gastech.com.kronos; Sven.Flecha@gastech.com.kronos,Nils Calixto; Isak Baza; Sven Flecha,3,gastech.com.kronos,GAStech-Kronos,1/10/2014 18:55,2014-01-10 18:55,RE: Who's up for lunch?,Who's up for lunch?,
543,Nils.Calixto@gastech.com.kronos,Nils Calixto,gastech.com.kronos,GAStech-Kronos,Nils.Calixto@gastech.com.kronos; Sven.Flecha@gastech.com.kronos,Nils Calixto; Sven Flecha,2,gastech.com.kronos,GAStech-Kronos,1/10/2014 18:57,2014-01-10 18:57,RE: Web site,Web site,
544,Sten.Sanjorge Jr.@gastech.com.tethys,Sten Sanjorge Jr ,gastech.com.tethys,GAStech-Tethys,Ingrid.Barranco@gastech.com.kronos; Sten.Sanjorge Jr.@gastech.com.tethys,Ingrid Barranco; Sten Sanjorge Jr ,2,gastech.com.kronos; gastech.com.tethys,GAStech-Kronos; GAStech-Tethys,1/10/2014 18:57,2014-01-10 18:57,RE: Recommendations for a good investment advisor?,Recommendations for a good investment advisor?,
545,Mat.Bramar@gastech.com.kronos,Mat Bramar,gastech.com.kronos,GAStech-Kronos,Mat.Bramar@gastech.com.kronos; Anda.Ribera@gastech.com.kronos; Rachel.Pantanal@gastech.com.kronos; Linda.Lagos@gastech.com.kronos; Ruscella.Mies.Haber@gastech.com.kronos; Carla.Forluniau@gastech.com.kronos; Cornelia.Lais@gastech.com.kronos,Mat Bramar; Anda Ribera; Rachel Pantanal; Linda Lagos; Ruscella Mies Haber; Carla Forluniau; Cornelia Lais,7,gastech.com.kronos,GAStech-Kronos,1/10/2014 19:26,2014-01-10 19:26,RE: Watch found,Watch found,
546,Isak.Baza@gastech.com.kronos,Isak Baza,gastech.com.kronos,GAStech-Kronos,Nils.Calixto@gastech.com.kronos; Isak.Baza@gastech.com.kronos; Sven.Flecha@gastech.com.kronos,Nils Calixto; Isak Baza; Sven Flecha,3,gastech.com.kronos,GAStech-Kronos,1/10/2014 19:38,2014-01-10 19:38,RE: Who's up for lunch?,Who's up for lunch?,
547,Isak.Baza@gastech.com.kronos,Isak Baza,gastech.com.kronos,GAStech-Kronos,Nils.Calixto@gastech.com.kronos; Isak.Baza@gastech.com.kronos; Sven.Flecha@gastech.com.kronos,Nils Calixto; Isak Baza; Sven Flecha,3,gastech.com.kronos,GAStech-Kronos,1/10/2014 19:44,2014-01-10 19:44,RE: Who's up for lunch?,Who's up for lunch?,
548,Sten.Sanjorge Jr.@gastech.com.tethys,Sten Sanjorge Jr ,gastech.com.tethys,GAStech-Tethys,Ingrid.Barranco@gastech.com.kronos; Sten.Sanjorge Jr.@gastech.com.tethys,Ingrid Barranco; Sten Sanjorge Jr ,2,gastech.com.kronos; gastech.com.tethys,GAStech-Kronos; GAStech-Tethys,1/10/2014 19:44,2014-01-10 19:44,RE: Recommendations for a good investment advisor?,Recommendations for a good investment advisor?,
549,Sven.Flecha@gastech.com.kronos,Sven Flecha,gastech.com.kronos,GAStech-Kronos,Nils.Calixto@gastech.com.kronos; Isak.Baza@gastech.com.kronos; Sven.Flecha@gastech.com.kronos,Nils Calixto; Isak Baza; Sven Flecha,3,gastech.com.kronos,GAStech-Kronos,1/10/2014 20:12,2014-01-10 20:12,RE: Who's up for lunch?,Who's up for lunch?,
550,Sven.Flecha@gastech.com.kronos,Sven Flecha,gastech.com.kronos,GAStech-Kronos,Nils.Calixto@gastech.com.kronos; Isak.Baza@gastech.com.kronos; Sven.Flecha@gastech.com.kronos,Nils Calixto; Isak Baza; Sven Flecha,3,gastech.com.kronos,GAStech-Kronos,1/10/2014 20:23,2014-01-10 20:23,RE: Who's up for lunch?,Who's up for lunch?,
551,Rachel.Pantanal@gastech.com.kronos,Rachel Pantanal,gastech.com.kronos,GAStech-Kronos,Ruscella.Mies.Haber@gastech.com.kronos,Ruscella Mies Haber,1,gastech.com.kronos,GAStech-Kronos,1/12/2014 13:22,2014-01-12 13:22,FW: ARISE - Inspiration for Defenders of Kronos,ARISE - Inspiration for Defenders of Kronos,
552,Rachel.Pantanal@gastech.com.kronos,Rachel Pantanal,gastech.com.kronos,GAStech-Kronos,Ruscella.Mies.Haber@gastech.com.kronos,Ruscella Mies Haber,1,gastech.com.kronos,GAStech-Kronos,1/12/2014 13:22,2014-01-12 13:22,FW: ARISE - Inspiration for Defenders of Kronos,ARISE - Inspiration for Defenders of Kronos,
553,Linnea.Bergen@gastech.com.kronos,Linnea Bergen,gastech.com.kronos,GAStech-Kronos,Ruscella.Mies.Haber@gastech.com.kronos,Ruscella Mies Haber,1,gastech.com.kronos,GAStech-Kronos,1/13/2014,1/13/2014,Action: Virus detected on your system,Action: Virus detected on your system,
554,Isia.Vann@gastech.com.kronos,Isia Vann,gastech.com.kronos,GAStech-Kronos,Claudio.Hawelon@gastech.com.kronos,Claudio Hawelon,1,gastech.com.kronos,GAStech-Kronos,1/13/2014 9:01,2014-01-13 09:01,The rest of the files are in your mailbox,The rest of the files are in your mailbox,
555,Isia.Vann@gastech.com.kronos,Isia Vann,gastech.com.kronos,GAStech-Kronos,Rachel.Pantanal@gastech.com.kronos,Rachel Pantanal,1,gastech.com.kronos,GAStech-Kronos,1/13/2014 9:24,2014-01-13 09:24,Did you like the flowers?,Did you like the flowers?,
556,Mat.Bramar@gastech.com.kronos,Mat Bramar,gastech.com.kronos,GAStech-Kronos,Rachel.Pantanal@gastech.com.kronos; Lars.Azada@gastech.com.kronos; Felix.Balas@gastech.com.kronos; Isande.Borrasca@gastech.com.kronos; Axel.Calzas@gastech.com.kronos; Gustav.Cazar@gastech.com.kronos; Lidelse.Dedos@gastech.com.kronos; Birgitta.Frente@gastech.com.kronos; Vira.Frente@gastech.com.kronos; Adra.Nubarron@gastech.com.kronos; Marin.Onda@gastech.com.kronos; Kare.Orilla@gastech.com.kronos; Elsa.Orilla@gastech.com.kronos; Brand.Tempestad@gastech.com.kronos; Ingrid.Barranco@gastech.com.kronos; Ada.Campo-Corrente@gastech.com.kronos; Sten.Sanjorge Jr.@gastech.com.kronos; Orhan.Strum@gastech.com.kronos; Willem.Vasco-Pais@gastech.com.kronos; Bertrand.Ovan@gastech.com.kronos; Albina.Hafon@gastech.com.kronos; Benito.Hawelon@gastech.com.kronos; Claudio.Hawelon@gastech.com.kronos; Henk.Mies@gastech.com.kronos; Valeria.Morlun@gastech.com.kronos; Adan.Morlun@gastech.com.kronos; Cecilia.Morluniau@gastech.com.kronos; Irene.Nant@gastech.com.kronos; Dylan.Scozzese@gastech.com.kronos; Lucas.Alcazar@gastech.com.kronos; Isak.Baza@gastech.com.kronos; Linnea.Bergen@gastech.com.kronos; Nils.Calixto@gastech.com.kronos; Sven.Flecha@gastech.com.kronos; Hideki.Cocinaro@gastech.com.kronos; Inga.Ferro@gastech.com.kronos; Loreto.Bodrogi@gastech.com.kronos; Isia.Vann@gastech.com.kronos; Stenig.Fusil@gastech.com.kronos; Hennie.Osvaldo@gastech.com.kronos; Kanon.Herrero@gastech.com.kronos; Varja.Lagos@gastech.com.kronos; Minke.Mies@gastech.com.kronos; Felix.Resumir@gastech.com.kronos; Edvard.Vann@gastech.com.kronos; Emile.Arpa@gastech.com.kronos; Varro.Awelon@gastech.com.kronos; Mat.Bramar@gastech.com.kronos; Dante.Coginian@gastech.com.kronos; Carla.Forluniau@gastech.com.kronos; Linda.Lagos@gastech.com.kronos; Cornelia.Lais@gastech.com.kronos; Ruscella.Mies.Haber@gastech.com.kronos; Anda.Ribera@gastech.com.kronos,Rachel Pantanal; Lars Azada; Felix Balas; Isande Borrasca; Axel Calzas; Gustav Cazar; Lidelse Dedos; Birgitta Frente; Vira Frente; Adra Nubarron; Marin Onda; Kare Orilla; Elsa Orilla; Brand Tempestad; Ingrid Barranco; Ada Campo-Corrente; Sten Sanjorge Jr ; Orhan Strum; Willem Vasco-Pais; Bertrand Ovan; Albina Hafon; Benito Hawelon; Claudio Hawelon; Henk Mies; Valeria Morlun; Adan Morlun; Cecilia Morluniau; Irene Nant; Dylan Scozzese; Lucas Alcazar; Isak Baza; Linnea Bergen; Nils Calixto; Sven Flecha; Hideki Cocinaro; Inga Ferro; Loreto Bodrogi; Isia Vann; Stenig Fusil; Hennie Osvaldo; Kanon Herrero; Varja Lagos; Minke Mies; Felix Resumir; Edvard Vann; Emile Arpa; Varro Awelon; Mat Bramar; Dante Coginian; Carla Forluniau; Linda Lagos; Cornelia Lais; Ruscella Mies Haber; Anda Ribera,54,gastech.com.kronos,GAStech-Kronos,1/13/2014 9:28,2014-01-13 09:28,How to Prepare for the January 20 VIP Meetings,How to Prepare for the January 20 VIP Meetings,security
557,Lucas.Alcazar@gastech.com.kronos,Lucas Alcazar,gastech.com.kronos,GAStech-Kronos,Lucas.Alcazar@gastech.com.kronos; Isak.Baza@gastech.com.kronos,Lucas Alcazar; Isak Baza,2,gastech.com.kronos,GAStech-Kronos,1/13/2014 9:40,2014-01-13 09:40,Have you seen this?  New security tool,Have you seen this?  New security tool,security
558,Lidelse.Dedos@gastech.com.kronos,Lidelse Dedos,gastech.com.kronos,GAStech-Kronos,Brand.Tempestad@gastech.com.kronos; Lidelse.Dedos@gastech.com.kronos; Lars.Azada@gastech.com.kronos,Brand Tempestad; Lidelse Dedos; Lars Azada,3,gastech.com.kronos,GAStech-Kronos,1/13/2014 9:42,2014-01-13 09:42,HASR Injection Progress,HASR Injection Progress,
559,Linda.Lagos@gastech.com.kronos,Linda Lagos,gastech.com.kronos,GAStech-Kronos,Mat.Bramar@gastech.com.kronos; Anda.Ribera@gastech.com.kronos; Rachel.Pantanal@gastech.com.kronos; Linda.Lagos@gastech.com.kronos; Ruscella.Mies.Haber@gastech.com.kronos; Carla.Forluniau@gastech.com.kronos; Cornelia.Lais@gastech.com.kronos,Mat Bramar; Anda Ribera; Rachel Pantanal; Linda Lagos; Ruscella Mies Haber; Carla Forluniau; Cornelia Lais,7,gastech.com.kronos,GAStech-Kronos,1/13/2014 10:03,2014-01-13 10:03,Training question,Training question,
560,Lucas.Alcazar@gastech.com.kronos,Lucas Alcazar,gastech.com.kronos,GAStech-Kronos,Lucas.Alcazar@gastech.com.kronos; Isak.Baza@gastech.com.kronos,Lucas Alcazar; Isak Baza,2,gastech.com.kronos,GAStech-Kronos,1/13/2014 10:10,2014-01-13 10:10,RE: Have you seen this?  New security tool,Have you seen this?  New security tool,security
561,Ruscella.Mies.Haber@gastech.com.kronos,Ruscella Mies Haber,gastech.com.kronos,GAStech-Kronos,Adra.Nubarron@gastech.com.kronos,Adra Nubarron,1,gastech.com.kronos,GAStech-Kronos,1/13/2014 10:15,2014-01-13 10:15,Plants,Plants,
562,Bertrand.Ovan@gastech.com.kronos,Bertrand Ovan,gastech.com.kronos,GAStech-Kronos,Emile.Arpa@gastech.com.kronos; Varro.Awelon@gastech.com.kronos; Dante.Coginian@gastech.com.kronos; Albina.Hafon@gastech.com.kronos; Benito.Hawelon@gastech.com.kronos; Claudio.Hawelon@gastech.com.kronos; Henk.Mies@gastech.com.kronos; Valeria.Morlun@gastech.com.kronos; Adan.Morlun@gastech.com.kronos; Cecilia.Morluniau@gastech.com.kronos; Irene.Nant@gastech.com.kronos; Dylan.Scozzese@gastech.com.kronos,Emile Arpa; Varro Awelon; Dante Coginian; Albina Hafon; Benito Hawelon; Claudio Hawelon; Henk Mies; Valeria Morlun; Adan Morlun; Cecilia Morluniau; Irene Nant; Dylan Scozzese,12,gastech.com.kronos,GAStech-Kronos,1/13/2014 10:18,2014-01-13 10:18,Safety First!,Safety First!,
563,Marin.Onda@gastech.com.kronos,Marin Onda,gastech.com.kronos,GAStech-Kronos,Gustav.Cazar@gastech.com.kronos; Kare.Orilla@gastech.com.kronos; Adra.Nubarron@gastech.com.kronos; Vira.Frente@gastech.com.kronos; Felix.Balas@gastech.com.kronos; Brand.Tempestad@gastech.com.kronos; Elsa.Orilla@gastech.com.kronos; Axel.Calzas@gastech.com.kronos; Marin.Onda@gastech.com.kronos; Isande.Borrasca@gastech.com.kronos; Lidelse.Dedos@gastech.com.kronos; Birgitta.Frente@gastech.com.kronos,Gustav Cazar; Kare Orilla; Adra Nubarron; Vira Frente; Felix Balas; Brand Tempestad; Elsa Orilla; Axel Calzas; Marin Onda; Isande Borrasca; Lidelse Dedos; Birgitta Frente,12,gastech.com.kronos,GAStech-Kronos,1/13/2014 10:46,2014-01-13 10:46,Cased-hole inspection schedule,Cased-hole inspection schedule,
564,Nils.Calixto@gastech.com.kronos,Nils Calixto,gastech.com.kronos,GAStech-Kronos,Lucas.Alcazar@gastech.com.kronos; Isak.Baza@gastech.com.kronos,Lucas Alcazar; Isak Baza,2,gastech.com.kronos,GAStech-Kronos,1/13/2014 10:47,2014-01-13 10:47,Spam reports,Spam reports,
565,Minke.Mies@gastech.com.kronos,Minke Mies,gastech.com.kronos,GAStech-Kronos,Nils.Calixto@gastech.com.kronos,Nils Calixto,1,gastech.com.kronos,GAStech-Kronos,1/13/2014 10:58,2014-01-13 10:58,Concert,Concert,
566,Orhan.Strum@gastech.com.kronos,Orhan Strum,gastech.com.kronos,GAStech-Kronos,Ingrid.Barranco@gastech.com.kronos; Ada.Campo-Corrente@gastech.com.kronos; Sten.Sanjorge Jr.@gastech.com.tethys; Willem.Vasco-Pais@gastech.com.kronos,Ingrid Barranco; Ada Campo-Corrente; Sten Sanjorge Jr ; Willem Vasco-Pais,4,gastech.com.kronos; gastech.com.tethys,GAStech-Kronos; GAStech-Tethys,1/13/2014 10:58,2014-01-13 10:58,Managing perceptions about the IPO,Managing perceptions about the IPO,ipo
567,Ingrid.Barranco@gastech.com.kronos,Ingrid Barranco,gastech.com.kronos,GAStech-Kronos,Kare.Orilla@gastech.com.kronos,Kare Orilla,1,gastech.com.kronos,GAStech-Kronos,1/13/2014 10:59,2014-01-13 10:59,"Works for me, thanks","Works for me, thanks",
568,Lucas.Alcazar@gastech.com.kronos,Lucas Alcazar,gastech.com.kronos,GAStech-Kronos,Lucas.Alcazar@gastech.com.kronos; Isak.Baza@gastech.com.kronos,Lucas Alcazar; Isak Baza,2,gastech.com.kronos,GAStech-Kronos,1/13/2014 11:11,2014-01-13 11:11,RE: Have you seen this?  New security tool,Have you seen this?  New security tool,security
569,Kare.Orilla@gastech.com.kronos,Kare Orilla,gastech.com.kronos,GAStech-Kronos,Ingrid.Barranco@gastech.com.kronos,Ingrid Barranco,1,gastech.com.kronos,GAStech-Kronos,1/13/2014 11:26,2014-01-13 11:26,"RE: Works for me, thanks","Works for me, thanks",
570,Lucas.Alcazar@gastech.com.kronos,Lucas Alcazar,gastech.com.kronos,GAStech-Kronos,Lucas.Alcazar@gastech.com.kronos; Isak.Baza@gastech.com.kronos,Lucas Alcazar; Isak Baza,2,gastech.com.kronos,GAStech-Kronos,1/13/2014 11:32,2014-01-13 11:32,RE: Have you seen this?  New security tool,Have you seen this?  New security tool,security
571,Isak.Baza@gastech.com.kronos,Isak Baza,gastech.com.kronos,GAStech-Kronos,Lucas.Alcazar@gastech.com.kronos; Isak.Baza@gastech.com.kronos,Lucas Alcazar; Isak Baza,2,gastech.com.kronos,GAStech-Kronos,1/13/2014 11:57,2014-01-13 11:57,RE: Have you seen this?  New security tool,Have you seen this?  New security tool,security
572,Bertrand.Ovan@gastech.com.kronos,Bertrand Ovan,gastech.com.kronos,GAStech-Kronos,Emile.Arpa@gastech.com.kronos; Varro.Awelon@gastech.com.kronos; Dante.Coginian@gastech.com.kronos; Albina.Hafon@gastech.com.kronos; Benito.Hawelon@gastech.com.kronos; Claudio.Hawelon@gastech.com.kronos; Henk.Mies@gastech.com.kronos; Valeria.Morlun@gastech.com.kronos; Adan.Morlun@gastech.com.kronos; Cecilia.Morluniau@gastech.com.kronos; Irene.Nant@gastech.com.kronos; Dylan.Scozzese@gastech.com.kronos,Emile Arpa; Varro Awelon; Dante Coginian; Albina Hafon; Benito Hawelon; Claudio Hawelon; Henk Mies; Valeria Morlun; Adan Morlun; Cecilia Morluniau; Irene Nant; Dylan Scozzese,12,gastech.com.kronos,GAStech-Kronos,1/13/2014 12:03,2014-01-13 12:03,Safety First!,Safety First!,
573,Carla.Forluniau@gastech.com.kronos,Carla Forluniau,gastech.com.kronos,GAStech-Kronos,Mat.Bramar@gastech.com.kronos; Anda.Ribera@gastech.com.kronos; Rachel.Pantanal@gastech.com.kronos; Linda.Lagos@gastech.com.kronos; Ruscella.Mies.Haber@gastech.com.kronos; Carla.Forluniau@gastech.com.kronos; Cornelia.Lais@gastech.com.kronos,Mat Bramar; Anda Ribera; Rachel Pantanal; Linda Lagos; Ruscella Mies Haber; Carla Forluniau; Cornelia Lais,7,gastech.com.kronos,GAStech-Kronos,1/13/2014 12:09,2014-01-13 12:09,Anyone have time to help on a project?,Anyone have time to help on a project?,
574,Lucas.Alcazar@gastech.com.kronos,Lucas Alcazar,gastech.com.kronos,GAStech-Kronos,Lucas.Alcazar@gastech.com.kronos; Isak.Baza@gastech.com.kronos,Lucas Alcazar; Isak Baza,2,gastech.com.kronos,GAStech-Kronos,1/13/2014 12:15,2014-01-13 12:15,RE: Have you seen this?  New security tool,Have you seen this?  New security tool,security
575,Henk.Mies@gastech.com.kronos,Henk Mies,gastech.com.kronos,GAStech-Kronos,Claudio.Hawelon@gastech.com.kronos; Benito.Hawelon@gastech.com.kronos; Cecilia.Morluniau@gastech.com.kronos; Emile.Arpa@gastech.com.kronos; Henk.Mies@gastech.com.kronos; Varro.Awelon@gastech.com.kronos,Claudio Hawelon; Benito Hawelon; Cecilia Morluniau; Emile Arpa; Henk Mies; Varro Awelon,6,gastech.com.kronos,GAStech-Kronos,1/13/2014 12:18,2014-01-13 12:18,RE: Safety First!,Safety First!,
576,Linnea.Bergen@gastech.com.kronos,Linnea Bergen,gastech.com.kronos,GAStech-Kronos,Rachel.Pantanal@gastech.com.kronos,Rachel Pantanal,1,gastech.com.kronos,GAStech-Kronos,1/13/2014 12:32,2014-01-13 12:32,Action: Virus detected on your system,Action: Virus detected on your system,
577,Linnea.Bergen@gastech.com.kronos,Linnea Bergen,gastech.com.kronos,GAStech-Kronos,Rachel.Pantanal@gastech.com.kronos,Rachel Pantanal,1,gastech.com.kronos,GAStech-Kronos,1/13/2014 12:32,2014-01-13 12:32,Action: Virus detected on your system,Action: Virus detected on your system,
578,Nils.Calixto@gastech.com.kronos,Nils Calixto,gastech.com.kronos,GAStech-Kronos,Minke.Mies@gastech.com.kronos,Minke Mies,1,gastech.com.kronos,GAStech-Kronos,1/13/2014 12:40,2014-01-13 12:40,RE: Concert,Concert,
579,Cornelia.Lais@gastech.com.kronos,Cornelia Lais,gastech.com.kronos,GAStech-Kronos,Rachel.Pantanal@gastech.com.kronos; Lars.Azada@gastech.com.kronos; Felix.Balas@gastech.com.kronos; Isande.Borrasca@gastech.com.kronos; Axel.Calzas@gastech.com.kronos; Gustav.Cazar@gastech.com.kronos; Lidelse.Dedos@gastech.com.kronos; Birgitta.Frente@gastech.com.kronos; Vira.Frente@gastech.com.kronos; Adra.Nubarron@gastech.com.kronos; Marin.Onda@gastech.com.kronos; Kare.Orilla@gastech.com.kronos; Elsa.Orilla@gastech.com.kronos; Brand.Tempestad@gastech.com.kronos; Ingrid.Barranco@gastech.com.kronos; Ada.Campo-Corrente@gastech.com.kronos; Sten.Sanjorge Jr.@gastech.com.kronos; Orhan.Strum@gastech.com.kronos; Willem.Vasco-Pais@gastech.com.kronos; Bertrand.Ovan@gastech.com.kronos; Albina.Hafon@gastech.com.kronos; Benito.Hawelon@gastech.com.kronos; Claudio.Hawelon@gastech.com.kronos; Henk.Mies@gastech.com.kronos; Valeria.Morlun@gastech.com.kronos; Adan.Morlun@gastech.com.kronos; Cecilia.Morluniau@gastech.com.kronos; Irene.Nant@gastech.com.kronos; Dylan.Scozzese@gastech.com.kronos; Lucas.Alcazar@gastech.com.kronos; Isak.Baza@gastech.com.kronos; Linnea.Bergen@gastech.com.kronos; Nils.Calixto@gastech.com.kronos; Sven.Flecha@gastech.com.kronos; Hideki.Cocinaro@gastech.com.kronos; Inga.Ferro@gastech.com.kronos; Loreto.Bodrogi@gastech.com.kronos; Isia.Vann@gastech.com.kronos; Stenig.Fusil@gastech.com.kronos; Hennie.Osvaldo@gastech.com.kronos; Kanon.Herrero@gastech.com.kronos; Varja.Lagos@gastech.com.kronos; Minke.Mies@gastech.com.kronos; Felix.Resumir@gastech.com.kronos; Edvard.Vann@gastech.com.kronos; Emile.Arpa@gastech.com.kronos; Varro.Awelon@gastech.com.kronos; Mat.Bramar@gastech.com.kronos; Dante.Coginian@gastech.com.kronos; Carla.Forluniau@gastech.com.kronos; Linda.Lagos@gastech.com.kronos; Cornelia.Lais@gastech.com.kronos; Ruscella.Mies.Haber@gastech.com.kronos; Anda.Ribera@gastech.com.kronos,Rachel Pantanal; Lars Azada; Felix Balas; Isande Borrasca; Axel Calzas; Gustav Cazar; Lidelse Dedos; Birgitta Frente; Vira Frente; Adra Nubarron; Marin Onda; Kare Orilla; Elsa Orilla; Brand Tempestad; Ingrid Barranco; Ada Campo-Corrente; Sten Sanjorge Jr ; Orhan Strum; Willem Vasco-Pais; Bertrand Ovan; Albina Hafon; Benito Hawelon; Claudio Hawelon; Henk Mies; Valeria Morlun; Adan Morlun; Cecilia Morluniau; Irene Nant; Dylan Scozzese; Lucas Alcazar; Isak Baza; Linnea Bergen; Nils Calixto; Sven Flecha; Hideki Cocinaro; Inga Ferro; Loreto Bodrogi; Isia Vann; Stenig Fusil; Hennie Osvaldo; Kanon Herrero; Varja Lagos; Minke Mies; Felix Resumir; Edvard Vann; Emile Arpa; Varro Awelon; Mat Bramar; Dante Coginian; Carla Forluniau; Linda Lagos; Cornelia Lais; Ruscella Mies Haber; Anda Ribera,54,gastech.com.kronos,GAStech-Kronos,1/13/2014 12:50,2014-01-13 12:50,RE: How to Prepare for the January 20 VIP Meetings,How to Prepare for the January 20 VIP Meetings,security
580,Ingrid.Barranco@gastech.com.kronos,Ingrid Barranco,gastech.com.kronos,GAStech-Kronos,Kare.Orilla@gastech.com.kronos,Kare Orilla,1,gastech.com.kronos,GAStech-Kronos,1/13/2014 12:51,2014-01-13 12:51,"RE: Works for me, thanks","Works for me, thanks",
581,Marin.Onda@gastech.com.kronos,Marin Onda,gastech.com.kronos,GAStech-Kronos,Rachel.Pantanal@gastech.com.kronos; Lars.Azada@gastech.com.kronos; Felix.Balas@gastech.com.kronos; Isande.Borrasca@gastech.com.kronos; Axel.Calzas@gastech.com.kronos; Gustav.Cazar@gastech.com.kronos; Lidelse.Dedos@gastech.com.kronos; Birgitta.Frente@gastech.com.kronos; Vira.Frente@gastech.com.kronos; Adra.Nubarron@gastech.com.kronos; Marin.Onda@gastech.com.kronos; Kare.Orilla@gastech.com.kronos; Elsa.Orilla@gastech.com.kronos; Brand.Tempestad@gastech.com.kronos; Ingrid.Barranco@gastech.com.kronos; Ada.Campo-Corrente@gastech.com.kronos; Sten.Sanjorge Jr.@gastech.com.kronos; Orhan.Strum@gastech.com.kronos; Willem.Vasco-Pais@gastech.com.kronos; Bertrand.Ovan@gastech.com.kronos; Albina.Hafon@gastech.com.kronos; Benito.Hawelon@gastech.com.kronos; Claudio.Hawelon@gastech.com.kronos; Henk.Mies@gastech.com.kronos; Valeria.Morlun@gastech.com.kronos; Adan.Morlun@gastech.com.kronos; Cecilia.Morluniau@gastech.com.kronos; Irene.Nant@gastech.com.kronos; Dylan.Scozzese@gastech.com.kronos; Lucas.Alcazar@gastech.com.kronos; Isak.Baza@gastech.com.kronos; Linnea.Bergen@gastech.com.kronos; Nils.Calixto@gastech.com.kronos; Sven.Flecha@gastech.com.kronos; Hideki.Cocinaro@gastech.com.kronos; Inga.Ferro@gastech.com.kronos; Loreto.Bodrogi@gastech.com.kronos; Isia.Vann@gastech.com.kronos; Stenig.Fusil@gastech.com.kronos; Hennie.Osvaldo@gastech.com.kronos; Kanon.Herrero@gastech.com.kronos; Varja.Lagos@gastech.com.kronos; Minke.Mies@gastech.com.kronos; Felix.Resumir@gastech.com.kronos; Edvard.Vann@gastech.com.kronos; Emile.Arpa@gastech.com.kronos; Varro.Awelon@gastech.com.kronos; Mat.Bramar@gastech.com.kronos; Dante.Coginian@gastech.com.kronos; Carla.Forluniau@gastech.com.kronos; Linda.Lagos@gastech.com.kronos; Cornelia.Lais@gastech.com.kronos; Ruscella.Mies.Haber@gastech.com.kronos; Anda.Ribera@gastech.com.kronos,Rachel Pantanal; Lars Azada; Felix Balas; Isande Borrasca; Axel Calzas; Gustav Cazar; Lidelse Dedos; Birgitta Frente; Vira Frente; Adra Nubarron; Marin Onda; Kare Orilla; Elsa Orilla; Brand Tempestad; Ingrid Barranco; Ada Campo-Corrente; Sten Sanjorge Jr ; Orhan Strum; Willem Vasco-Pais; Bertrand Ovan; Albina Hafon; Benito Hawelon; Claudio Hawelon; Henk Mies; Valeria Morlun; Adan Morlun; Cecilia Morluniau; Irene Nant; Dylan Scozzese; Lucas Alcazar; Isak Baza; Linnea Bergen; Nils Calixto; Sven Flecha; Hideki Cocinaro; Inga Ferro; Loreto Bodrogi; Isia Vann; Stenig Fusil; Hennie Osvaldo; Kanon Herrero; Varja Lagos; Minke Mies; Felix Resumir; Edvard Vann; Emile Arpa; Varro Awelon; Mat Bramar; Dante Coginian; Carla Forluniau; Linda Lagos; Cornelia Lais; Ruscella Mies Haber; Anda Ribera,54,gastech.com.kronos,GAStech-Kronos,1/13/2014 12:55,2014-01-13 12:55,RE: How to Prepare for the January 20 VIP Meetings,How to Prepare for the January 20 VIP Meetings,security
582,Adra.Nubarron@gastech.com.kronos,Adra Nubarron,gastech.com.kronos,GAStech-Kronos,Ruscella.Mies.Haber@gastech.com.kronos,Ruscella Mies Haber,1,gastech.com.kronos,GAStech-Kronos,1/13/2014 12:59,2014-01-13 12:59,RE: Plants,Plants,
583,Cecilia.Morluniau@gastech.com.kronos,Cecilia Morluniau,gastech.com.kronos,GAStech-Kronos,Benito.Hawelon@gastech.com.kronos; Dante.Coginian@gastech.com.kronos; Claudio.Hawelon@gastech.com.kronos; Irene.Nant@gastech.com.kronos; Emile.Arpa@gastech.com.kronos; Cecilia.Morluniau@gastech.com.kronos; Dylan.Scozzese@gastech.com.kronos; Albina.Hafon@gastech.com.kronos; Valeria.Morlun@gastech.com.kronos,Benito Hawelon; Dante Coginian; Claudio Hawelon; Irene Nant; Emile Arpa; Cecilia Morluniau; Dylan Scozzese; Albina Hafon; Valeria Morlun,9,gastech.com.kronos,GAStech-Kronos,1/13/2014 13:00,2014-01-13 13:00,RE: Safety First!,Safety First!,
584,Rachel.Pantanal@gastech.com.kronos,Rachel Pantanal,gastech.com.kronos,GAStech-Kronos,Mat.Bramar@gastech.com.kronos; Anda.Ribera@gastech.com.kronos; Rachel.Pantanal@gastech.com.kronos; Linda.Lagos@gastech.com.kronos; Ruscella.Mies.Haber@gastech.com.kronos; Carla.Forluniau@gastech.com.kronos; Cornelia.Lais@gastech.com.kronos,Mat Bramar; Anda Ribera; Rachel Pantanal; Linda Lagos; Ruscella Mies Haber; Carla Forluniau; Cornelia Lais,7,gastech.com.kronos,GAStech-Kronos,1/13/2014 13:06,2014-01-13 13:06,When you have a minute,When you have a minute,
585,Cornelia.Lais@gastech.com.kronos,Cornelia Lais,gastech.com.kronos,GAStech-Kronos,Mat.Bramar@gastech.com.kronos; Anda.Ribera@gastech.com.kronos; Rachel.Pantanal@gastech.com.kronos; Linda.Lagos@gastech.com.kronos; Ruscella.Mies.Haber@gastech.com.kronos; Carla.Forluniau@gastech.com.kronos; Cornelia.Lais@gastech.com.kronos,Mat Bramar; Anda Ribera; Rachel Pantanal; Linda Lagos; Ruscella Mies Haber; Carla Forluniau; Cornelia Lais,7,gastech.com.kronos,GAStech-Kronos,1/13/2014 13:07,2014-01-13 13:07,RE: Training question,Training question,
586,Ruscella.Mies.Haber@gastech.com.kronos,Ruscella Mies Haber,gastech.com.kronos,GAStech-Kronos,Adra.Nubarron@gastech.com.kronos,Adra Nubarron,1,gastech.com.kronos,GAStech-Kronos,1/13/2014 13:16,2014-01-13 13:16,RE: Plants,Plants,
587,Adra.Nubarron@gastech.com.kronos,Adra Nubarron,gastech.com.kronos,GAStech-Kronos,Ruscella.Mies.Haber@gastech.com.kronos,Ruscella Mies Haber,1,gastech.com.kronos,GAStech-Kronos,1/13/2014 13:22,2014-01-13 13:22,RE: Plants,Plants,
588,Brand.Tempestad@gastech.com.kronos,Brand Tempestad,gastech.com.kronos,GAStech-Kronos,Brand.Tempestad@gastech.com.kronos; Lidelse.Dedos@gastech.com.kronos; Lars.Azada@gastech.com.kronos,Brand Tempestad; Lidelse Dedos; Lars Azada,3,gastech.com.kronos,GAStech-Kronos,1/13/2014 13:22,2014-01-13 13:22,RE: HASR Injection Progress,HASR Injection Progress,
589,Hennie.Osvaldo@gastech.com.kronos,Hennie Osvaldo,gastech.com.kronos,GAStech-Kronos,Felix.Balas@gastech.com.kronos,Felix Balas,1,gastech.com.kronos,GAStech-Kronos,1/13/2014 13:25,2014-01-13 13:25,Supplies,Supplies,
590,Emile.Arpa@gastech.com.kronos,Emile Arpa,gastech.com.kronos,GAStech-Kronos,Rachel.Pantanal@gastech.com.kronos; Lars.Azada@gastech.com.kronos; Felix.Balas@gastech.com.kronos; Isande.Borrasca@gastech.com.kronos; Axel.Calzas@gastech.com.kronos; Gustav.Cazar@gastech.com.kronos; Lidelse.Dedos@gastech.com.kronos; Birgitta.Frente@gastech.com.kronos; Vira.Frente@gastech.com.kronos; Adra.Nubarron@gastech.com.kronos; Marin.Onda@gastech.com.kronos; Kare.Orilla@gastech.com.kronos; Elsa.Orilla@gastech.com.kronos; Brand.Tempestad@gastech.com.kronos; Ingrid.Barranco@gastech.com.kronos; Ada.Campo-Corrente@gastech.com.kronos; Sten.Sanjorge Jr.@gastech.com.kronos; Orhan.Strum@gastech.com.kronos; Willem.Vasco-Pais@gastech.com.kronos; Bertrand.Ovan@gastech.com.kronos; Albina.Hafon@gastech.com.kronos; Benito.Hawelon@gastech.com.kronos; Claudio.Hawelon@gastech.com.kronos; Henk.Mies@gastech.com.kronos; Valeria.Morlun@gastech.com.kronos; Adan.Morlun@gastech.com.kronos; Cecilia.Morluniau@gastech.com.kronos; Irene.Nant@gastech.com.kronos; Dylan.Scozzese@gastech.com.kronos; Lucas.Alcazar@gastech.com.kronos; Isak.Baza@gastech.com.kronos; Linnea.Bergen@gastech.com.kronos; Nils.Calixto@gastech.com.kronos; Sven.Flecha@gastech.com.kronos; Hideki.Cocinaro@gastech.com.kronos; Inga.Ferro@gastech.com.kronos; Loreto.Bodrogi@gastech.com.kronos; Isia.Vann@gastech.com.kronos; Stenig.Fusil@gastech.com.kronos; Hennie.Osvaldo@gastech.com.kronos; Kanon.Herrero@gastech.com.kronos; Varja.Lagos@gastech.com.kronos; Minke.Mies@gastech.com.kronos; Felix.Resumir@gastech.com.kronos; Edvard.Vann@gastech.com.kronos; Emile.Arpa@gastech.com.kronos; Varro.Awelon@gastech.com.kronos; Mat.Bramar@gastech.com.kronos; Dante.Coginian@gastech.com.kronos; Carla.Forluniau@gastech.com.kronos; Linda.Lagos@gastech.com.kronos; Cornelia.Lais@gastech.com.kronos; Ruscella.Mies.Haber@gastech.com.kronos; Anda.Ribera@gastech.com.kronos,Rachel Pantanal; Lars Azada; Felix Balas; Isande Borrasca; Axel Calzas; Gustav Cazar; Lidelse Dedos; Birgitta Frente; Vira Frente; Adra Nubarron; Marin Onda; Kare Orilla; Elsa Orilla; Brand Tempestad; Ingrid Barranco; Ada Campo-Corrente; Sten Sanjorge Jr ; Orhan Strum; Willem Vasco-Pais; Bertrand Ovan; Albina Hafon; Benito Hawelon; Claudio Hawelon; Henk Mies; Valeria Morlun; Adan Morlun; Cecilia Morluniau; Irene Nant; Dylan Scozzese; Lucas Alcazar; Isak Baza; Linnea Bergen; Nils Calixto; Sven Flecha; Hideki Cocinaro; Inga Ferro; Loreto Bodrogi; Isia Vann; Stenig Fusil; Hennie Osvaldo; Kanon Herrero; Varja Lagos; Minke Mies; Felix Resumir; Edvard Vann; Emile Arpa; Varro Awelon; Mat Bramar; Dante Coginian; Carla Forluniau; Linda Lagos; Cornelia Lais; Ruscella Mies Haber; Anda Ribera,54,gastech.com.kronos,GAStech-Kronos,1/13/2014 13:26,2014-01-13 13:26,RE: How to Prepare for the January 20 VIP Meetings,How to Prepare for the January 20 VIP Meetings,security
591,Elsa.Orilla@gastech.com.kronos,Elsa Orilla,gastech.com.kronos,GAStech-Kronos,Adra.Nubarron@gastech.com.kronos; Isande.Borrasca@gastech.com.kronos; Felix.Balas@gastech.com.kronos; Lars.Azada@gastech.com.kronos; Marin.Onda@gastech.com.kronos; Elsa.Orilla@gastech.com.kronos; Kare.Orilla@gastech.com.kronos; Birgitta.Frente@gastech.com.kronos; Brand.Tempestad@gastech.com.kronos; Vira.Frente@gastech.com.kronos,Adra Nubarron; Isande Borrasca; Felix Balas; Lars Azada; Marin Onda; Elsa Orilla; Kare Orilla; Birgitta Frente; Brand Tempestad; Vira Frente,10,gastech.com.kronos,GAStech-Kronos,1/13/2014 13:34,2014-01-13 13:34,Wellhead flow rate data,Wellhead flow rate data,environment
592,Minke.Mies@gastech.com.kronos,Minke Mies,gastech.com.kronos,GAStech-Kronos,Nils.Calixto@gastech.com.kronos,Nils Calixto,1,gastech.com.kronos,GAStech-Kronos,1/13/2014 13:43,2014-01-13 13:43,RE: Concert,Concert,
593,Ingrid.Barranco@gastech.com.kronos,Ingrid Barranco,gastech.com.kronos,GAStech-Kronos,Ingrid.Barranco@gastech.com.kronos; Ada.Campo-Corrente@gastech.com.kronos; Sten.Sanjorge Jr.@gastech.com.tethys; Willem.Vasco-Pais@gastech.com.kronos,Ingrid Barranco; Ada Campo-Corrente; Sten Sanjorge Jr ; Willem Vasco-Pais,4,gastech.com.kronos; gastech.com.tethys,GAStech-Kronos; GAStech-Tethys,1/13/2014 13:44,2014-01-13 13:44,RE: Managing perceptions about the IPO,Managing perceptions about the IPO,ipo
594,Gustav.Cazar@gastech.com.kronos,Gustav Cazar,gastech.com.kronos,GAStech-Kronos,Vira.Frente@gastech.com.kronos; Axel.Calzas@gastech.com.kronos,Vira Frente; Axel Calzas,2,gastech.com.kronos,GAStech-Kronos,1/13/2014 13:45,2014-01-13 13:45,2497-00 Initial flow rates,2497-00 Initial flow rates,
595,Willem.Vasco-Pais@gastech.com.kronos,Willem Vasco-Pais,gastech.com.kronos,GAStech-Kronos,Orhan.Strum@gastech.com.kronos; Willem.Vasco-Pais@gastech.com.kronos; Ada.Campo-Corrente@gastech.com.kronos; Sten.Sanjorge Jr.@gastech.com.tethys,Orhan Strum; Willem Vasco-Pais; Ada Campo-Corrente; Sten Sanjorge Jr ,4,gastech.com.kronos; gastech.com.tethys,GAStech-Kronos; GAStech-Tethys,1/13/2014 13:50,2014-01-13 13:50,Recommend a good vacation spot?,Recommend a good vacation spot?,
596,Mat.Bramar@gastech.com.kronos,Mat Bramar,gastech.com.kronos,GAStech-Kronos,Rachel.Pantanal@gastech.com.kronos; Lars.Azada@gastech.com.kronos; Felix.Balas@gastech.com.kronos; Isande.Borrasca@gastech.com.kronos; Axel.Calzas@gastech.com.kronos; Gustav.Cazar@gastech.com.kronos; Lidelse.Dedos@gastech.com.kronos; Birgitta.Frente@gastech.com.kronos; Vira.Frente@gastech.com.kronos; Adra.Nubarron@gastech.com.kronos; Marin.Onda@gastech.com.kronos; Kare.Orilla@gastech.com.kronos; Elsa.Orilla@gastech.com.kronos; Brand.Tempestad@gastech.com.kronos; Ingrid.Barranco@gastech.com.kronos; Ada.Campo-Corrente@gastech.com.kronos; Sten.Sanjorge Jr.@gastech.com.kronos; Orhan.Strum@gastech.com.kronos; Willem.Vasco-Pais@gastech.com.kronos; Bertrand.Ovan@gastech.com.kronos; Albina.Hafon@gastech.com.kronos; Benito.Hawelon@gastech.com.kronos; Claudio.Hawelon@gastech.com.kronos; Henk.Mies@gastech.com.kronos; Valeria.Morlun@gastech.com.kronos; Adan.Morlun@gastech.com.kronos; Cecilia.Morluniau@gastech.com.kronos; Irene.Nant@gastech.com.kronos; Dylan.Scozzese@gastech.com.kronos; Lucas.Alcazar@gastech.com.kronos; Isak.Baza@gastech.com.kronos; Linnea.Bergen@gastech.com.kronos; Nils.Calixto@gastech.com.kronos; Sven.Flecha@gastech.com.kronos; Hideki.Cocinaro@gastech.com.kronos; Inga.Ferro@gastech.com.kronos; Loreto.Bodrogi@gastech.com.kronos; Isia.Vann@gastech.com.kronos; Stenig.Fusil@gastech.com.kronos; Hennie.Osvaldo@gastech.com.kronos; Kanon.Herrero@gastech.com.kronos; Varja.Lagos@gastech.com.kronos; Minke.Mies@gastech.com.kronos; Felix.Resumir@gastech.com.kronos; Edvard.Vann@gastech.com.kronos; Emile.Arpa@gastech.com.kronos; Varro.Awelon@gastech.com.kronos; Mat.Bramar@gastech.com.kronos; Dante.Coginian@gastech.com.kronos; Carla.Forluniau@gastech.com.kronos; Linda.Lagos@gastech.com.kronos; Cornelia.Lais@gastech.com.kronos; Ruscella.Mies.Haber@gastech.com.kronos; Anda.Ribera@gastech.com.kronos,Rachel Pantanal; Lars Azada; Felix Balas; Isande Borrasca; Axel Calzas; Gustav Cazar; Lidelse Dedos; Birgitta Frente; Vira Frente; Adra Nubarron; Marin Onda; Kare Orilla; Elsa Orilla; Brand Tempestad; Ingrid Barranco; Ada Campo-Corrente; Sten Sanjorge Jr ; Orhan Strum; Willem Vasco-Pais; Bertrand Ovan; Albina Hafon; Benito Hawelon; Claudio Hawelon; Henk Mies; Valeria Morlun; Adan Morlun; Cecilia Morluniau; Irene Nant; Dylan Scozzese; Lucas Alcazar; Isak Baza; Linnea Bergen; Nils Calixto; Sven Flecha; Hideki Cocinaro; Inga Ferro; Loreto Bodrogi; Isia Vann; Stenig Fusil; Hennie Osvaldo; Kanon Herrero; Varja Lagos; Minke Mies; Felix Resumir; Edvard Vann; Emile Arpa; Varro Awelon; Mat Bramar; Dante Coginian; Carla Forluniau; Linda Lagos; Cornelia Lais; Ruscella Mies Haber; Anda Ribera,54,gastech.com.kronos,GAStech-Kronos,1/13/2014 13:56,2014-01-13 13:56,News on VIP Visit January 20 - Please Read!,News on VIP Visit January 20 - Please Read!,security
597,Henk.Mies@gastech.com.kronos,Henk Mies,gastech.com.kronos,GAStech-Kronos,Anda.Ribera@gastech.com.kronos,Anda Ribera,1,gastech.com.kronos,GAStech-Kronos,1/13/2014 14:00,2014-01-13 14:00,Tools,Tools,
598,Lars.Azada@gastech.com.kronos,Lars Azada,gastech.com.kronos,GAStech-Kronos,Brand.Tempestad@gastech.com.kronos; Lidelse.Dedos@gastech.com.kronos; Lars.Azada@gastech.com.kronos,Brand Tempestad; Lidelse Dedos; Lars Azada,3,gastech.com.kronos,GAStech-Kronos,1/13/2014 14:11,2014-01-13 14:11,RE: HASR Injection Progress,HASR Injection Progress,
599,Brand.Tempestad@gastech.com.kronos,Brand Tempestad,gastech.com.kronos,GAStech-Kronos,Gustav.Cazar@gastech.com.kronos; Kare.Orilla@gastech.com.kronos; Adra.Nubarron@gastech.com.kronos; Vira.Frente@gastech.com.kronos; Felix.Balas@gastech.com.kronos; Brand.Tempestad@gastech.com.kronos; Elsa.Orilla@gastech.com.kronos; Axel.Calzas@gastech.com.kronos; Marin.Onda@gastech.com.kronos; Isande.Borrasca@gastech.com.kronos; Lidelse.Dedos@gastech.com.kronos; Birgitta.Frente@gastech.com.kronos,Gustav Cazar; Kare Orilla; Adra Nubarron; Vira Frente; Felix Balas; Brand Tempestad; Elsa Orilla; Axel Calzas; Marin Onda; Isande Borrasca; Lidelse Dedos; Birgitta Frente,12,gastech.com.kronos,GAStech-Kronos,1/13/2014 14:13,2014-01-13 14:13,RE: Cased-hole inspection schedule,Cased-hole inspection schedule,
600,Ada.Campo-Corrente@gastech.com.kronos,Ada Campo-Corrente,gastech.com.kronos,GAStech-Kronos,Ingrid.Barranco@gastech.com.kronos; Ada.Campo-Corrente@gastech.com.kronos; Sten.Sanjorge Jr.@gastech.com.tethys; Willem.Vasco-Pais@gastech.com.kronos,Ingrid Barranco; Ada Campo-Corrente; Sten Sanjorge Jr ; Willem Vasco-Pais,4,gastech.com.kronos; gastech.com.tethys,GAStech-Kronos; GAStech-Tethys,1/13/2014 14:13,2014-01-13 14:13,RE: Managing perceptions about the IPO,Managing perceptions about the IPO,ipo
601,Vira.Frente@gastech.com.kronos,Vira Frente,gastech.com.kronos,GAStech-Kronos,Axel.Calzas@gastech.com.kronos; Vira.Frente@gastech.com.kronos; Birgitta.Frente@gastech.com.kronos; Isande.Borrasca@gastech.com.kronos; Brand.Tempestad@gastech.com.kronos; Felix.Balas@gastech.com.kronos; Gustav.Cazar@gastech.com.kronos; Marin.Onda@gastech.com.kronos; Kare.Orilla@gastech.com.kronos; Adra.Nubarron@gastech.com.kronos; Lidelse.Dedos@gastech.com.kronos; Elsa.Orilla@gastech.com.kronos,Axel Calzas; Vira Frente; Birgitta Frente; Isande Borrasca; Brand Tempestad; Felix Balas; Gustav Cazar; Marin Onda; Kare Orilla; Adra Nubarron; Lidelse Dedos; Elsa Orilla,12,gastech.com.kronos,GAStech-Kronos,1/13/2014 14:18,2014-01-13 14:18,2497-00 Perforation,2497-00 Perforation,
602,Benito.Hawelon@gastech.com.kronos,Benito Hawelon,gastech.com.kronos,GAStech-Kronos,Dante.Coginian@gastech.com.kronos; Dylan.Scozzese@gastech.com.kronos; Irene.Nant@gastech.com.kronos; Cecilia.Morluniau@gastech.com.kronos; Emile.Arpa@gastech.com.kronos; Adan.Morlun@gastech.com.kronos; Henk.Mies@gastech.com.kronos; Valeria.Morlun@gastech.com.kronos,Dante Coginian; Dylan Scozzese; Irene Nant; Cecilia Morluniau; Emile Arpa; Adan Morlun; Henk Mies; Valeria Morlun,8,gastech.com.kronos,GAStech-Kronos,1/13/2014 14:19,2014-01-13 14:19,RE: Safety First!,Safety First!,
603,Lars.Azada@gastech.com.kronos,Lars Azada,gastech.com.kronos,GAStech-Kronos,Brand.Tempestad@gastech.com.kronos; Lidelse.Dedos@gastech.com.kronos; Lars.Azada@gastech.com.kronos,Brand Tempestad; Lidelse Dedos; Lars Azada,3,gastech.com.kronos,GAStech-Kronos,1/13/2014 14:22,2014-01-13 14:22,RE: HASR Injection Progress,HASR Injection Progress,
604,Linda.Lagos@gastech.com.kronos,Linda Lagos,gastech.com.kronos,GAStech-Kronos,Mat.Bramar@gastech.com.kronos; Anda.Ribera@gastech.com.kronos; Rachel.Pantanal@gastech.com.kronos; Linda.Lagos@gastech.com.kronos; Ruscella.Mies.Haber@gastech.com.kronos; Carla.Forluniau@gastech.com.kronos; Cornelia.Lais@gastech.com.kronos,Mat Bramar; Anda Ribera; Rachel Pantanal; Linda Lagos; Ruscella Mies Haber; Carla Forluniau; Cornelia Lais,7,gastech.com.kronos,GAStech-Kronos,1/13/2014 14:35,2014-01-13 14:35,Too funy - you have to see this...,Too funy - you have to see this...,
605,Varro.Awelon@gastech.com.kronos,Varro Awelon,gastech.com.kronos,GAStech-Kronos,Albina.Hafon@gastech.com.kronos; Emile.Arpa@gastech.com.kronos; Varro.Awelon@gastech.com.kronos; Valeria.Morlun@gastech.com.kronos; Claudio.Hawelon@gastech.com.kronos; Cecilia.Morluniau@gastech.com.kronos; Henk.Mies@gastech.com.kronos; Adan.Morlun@gastech.com.kronos; Benito.Hawelon@gastech.com.kronos,Albina Hafon; Emile Arpa; Varro Awelon; Valeria Morlun; Claudio Hawelon; Cecilia Morluniau; Henk Mies; Adan Morlun; Benito Hawelon,9,gastech.com.kronos,GAStech-Kronos,1/13/2014 14:40,2014-01-13 14:40,RE: Safety First!,Safety First!,
606,Linnea.Bergen@gastech.com.kronos,Linnea Bergen,gastech.com.kronos,GAStech-Kronos,Ruscella.Mies.Haber@gastech.com.kronos,Ruscella Mies Haber,1,gastech.com.kronos,GAStech-Kronos,1/13/2014 14:50,2014-01-13 14:50,Action: Virus detected on your system,Action: Virus detected on your system,
607,Sten.Sanjorge Jr.@gastech.com.tethys,Sten Sanjorge Jr ,gastech.com.tethys,GAStech-Tethys,Ingrid.Barranco@gastech.com.kronos; Ada.Campo-Corrente@gastech.com.kronos; Sten.Sanjorge Jr.@gastech.com.tethys; Willem.Vasco-Pais@gastech.com.kronos,Ingrid Barranco; Ada Campo-Corrente; Sten Sanjorge Jr ; Willem Vasco-Pais,4,gastech.com.kronos; gastech.com.tethys,GAStech-Kronos; GAStech-Tethys,1/13/2014 14:53,2014-01-13 14:53,RE: Managing perceptions about the IPO,Managing perceptions about the IPO,ipo
608,Dylan.Scozzese@gastech.com.kronos,Dylan Scozzese,gastech.com.kronos,GAStech-Kronos,Varro.Awelon@gastech.com.kronos; Emile.Arpa@gastech.com.kronos,Varro Awelon; Emile Arpa,2,gastech.com.kronos,GAStech-Kronos,1/13/2014 15:01,2014-01-13 15:01,RE: Safety First!,Safety First!,
609,Ada.Campo-Corrente@gastech.com.kronos,Ada Campo-Corrente,gastech.com.kronos,GAStech-Kronos,Ingrid.Barranco@gastech.com.kronos; Ada.Campo-Corrente@gastech.com.kronos; Sten.Sanjorge Jr.@gastech.com.tethys; Willem.Vasco-Pais@gastech.com.kronos,Ingrid Barranco; Ada Campo-Corrente; Sten Sanjorge Jr ; Willem Vasco-Pais,4,gastech.com.kronos; gastech.com.tethys,GAStech-Kronos; GAStech-Tethys,1/13/2014 15:02,2014-01-13 15:02,RE: Managing perceptions about the IPO,Managing perceptions about the IPO,ipo
610,Bertrand.Ovan@gastech.com.kronos,Bertrand Ovan,gastech.com.kronos,GAStech-Kronos,Emile.Arpa@gastech.com.kronos; Varro.Awelon@gastech.com.kronos; Dante.Coginian@gastech.com.kronos; Albina.Hafon@gastech.com.kronos; Benito.Hawelon@gastech.com.kronos; Claudio.Hawelon@gastech.com.kronos; Henk.Mies@gastech.com.kronos; Valeria.Morlun@gastech.com.kronos; Adan.Morlun@gastech.com.kronos; Cecilia.Morluniau@gastech.com.kronos; Irene.Nant@gastech.com.kronos; Dylan.Scozzese@gastech.com.kronos,Emile Arpa; Varro Awelon; Dante Coginian; Albina Hafon; Benito Hawelon; Claudio Hawelon; Henk Mies; Valeria Morlun; Adan Morlun; Cecilia Morluniau; Irene Nant; Dylan Scozzese,12,gastech.com.kronos,GAStech-Kronos,1/13/2014 15:08,2014-01-13 15:08,Safety First!,Safety First!,
611,Emile.Arpa@gastech.com.kronos,Emile Arpa,gastech.com.kronos,GAStech-Kronos,Valeria.Morlun@gastech.com.kronos; Adan.Morlun@gastech.com.kronos; Emile.Arpa@gastech.com.kronos; Claudio.Hawelon@gastech.com.kronos,Valeria Morlun; Adan Morlun; Emile Arpa; Claudio Hawelon,4,gastech.com.kronos,GAStech-Kronos,1/13/2014 15:11,2014-01-13 15:11,"Guys night out - sorry, ladies","Guys night out - sorry, ladies",
612,Brand.Tempestad@gastech.com.kronos,Brand Tempestad,gastech.com.kronos,GAStech-Kronos,Brand.Tempestad@gastech.com.kronos; Lidelse.Dedos@gastech.com.kronos; Lars.Azada@gastech.com.kronos,Brand Tempestad; Lidelse Dedos; Lars Azada,3,gastech.com.kronos,GAStech-Kronos,1/13/2014 15:12,2014-01-13 15:12,RE: HASR Injection Progress,HASR Injection Progress,
613,Lucas.Alcazar@gastech.com.kronos,Lucas Alcazar,gastech.com.kronos,GAStech-Kronos,Lucas.Alcazar@gastech.com.kronos; Isak.Baza@gastech.com.kronos,Lucas Alcazar; Isak Baza,2,gastech.com.kronos,GAStech-Kronos,1/13/2014 15:19,2014-01-13 15:19,RE: Spam reports,Spam reports,
614,Hennie.Osvaldo@gastech.com.kronos,Hennie Osvaldo,gastech.com.kronos,GAStech-Kronos,Minke.Mies@gastech.com.kronos; Isia.Vann@gastech.com.kronos; Hideki.Cocinaro@gastech.com.kronos; Felix.Resumir@gastech.com.kronos; Loreto.Bodrogi@gastech.com.kronos; Kanon.Herrero@gastech.com.kronos; Stenig.Fusil@gastech.com.kronos; Varja.Lagos@gastech.com.kronos,Minke Mies; Isia Vann; Hideki Cocinaro; Felix Resumir; Loreto Bodrogi; Kanon Herrero; Stenig Fusil; Varja Lagos,8,gastech.com.kronos,GAStech-Kronos,1/13/2014 15:25,2014-01-13 15:25,Notification of outside visit,Notification of outside visit,
615,Elsa.Orilla@gastech.com.kronos,Elsa Orilla,gastech.com.kronos,GAStech-Kronos,Gustav.Cazar@gastech.com.kronos; Kare.Orilla@gastech.com.kronos; Adra.Nubarron@gastech.com.kronos; Vira.Frente@gastech.com.kronos; Felix.Balas@gastech.com.kronos; Brand.Tempestad@gastech.com.kronos; Elsa.Orilla@gastech.com.kronos; Axel.Calzas@gastech.com.kronos; Marin.Onda@gastech.com.kronos; Isande.Borrasca@gastech.com.kronos; Lidelse.Dedos@gastech.com.kronos; Birgitta.Frente@gastech.com.kronos,Gustav Cazar; Kare Orilla; Adra Nubarron; Vira Frente; Felix Balas; Brand Tempestad; Elsa Orilla; Axel Calzas; Marin Onda; Isande Borrasca; Lidelse Dedos; Birgitta Frente,12,gastech.com.kronos,GAStech-Kronos,1/13/2014 15:35,2014-01-13 15:35,RE: Cased-hole inspection schedule,Cased-hole inspection schedule,
616,Linda.Lagos@gastech.com.kronos,Linda Lagos,gastech.com.kronos,GAStech-Kronos,Mat.Bramar@gastech.com.kronos; Anda.Ribera@gastech.com.kronos; Rachel.Pantanal@gastech.com.kronos; Linda.Lagos@gastech.com.kronos; Ruscella.Mies.Haber@gastech.com.kronos; Carla.Forluniau@gastech.com.kronos; Cornelia.Lais@gastech.com.kronos,Mat Bramar; Anda Ribera; Rachel Pantanal; Linda Lagos; Ruscella Mies Haber; Carla Forluniau; Cornelia Lais,7,gastech.com.kronos,GAStech-Kronos,1/13/2014 15:35,2014-01-13 15:35,RE: When you have a minute,When you have a minute,
617,Cornelia.Lais@gastech.com.kronos,Cornelia Lais,gastech.com.kronos,GAStech-Kronos,Mat.Bramar@gastech.com.kronos; Anda.Ribera@gastech.com.kronos; Rachel.Pantanal@gastech.com.kronos; Linda.Lagos@gastech.com.kronos; Ruscella.Mies.Haber@gastech.com.kronos; Carla.Forluniau@gastech.com.kronos; Cornelia.Lais@gastech.com.kronos,Mat Bramar; Anda Ribera; Rachel Pantanal; Linda Lagos; Ruscella Mies Haber; Carla Forluniau; Cornelia Lais,7,gastech.com.kronos,GAStech-Kronos,1/13/2014 15:51,2014-01-13 15:51,RE: Anyone have time to help on a project?,Anyone have time to help on a project?,
618,Sten.Sanjorge Jr.@gastech.com.tethys,Sten Sanjorge Jr ,gastech.com.tethys,GAStech-Tethys,Orhan.Strum@gastech.com.kronos; Willem.Vasco-Pais@gastech.com.kronos; Ada.Campo-Corrente@gastech.com.kronos; Sten.Sanjorge Jr.@gastech.com.tethys,Orhan Strum; Willem Vasco-Pais; Ada Campo-Corrente; Sten Sanjorge Jr ,4,gastech.com.kronos; gastech.com.tethys,GAStech-Kronos; GAStech-Tethys,1/13/2014 15:56,2014-01-13 15:56,RE: Recommend a good vacation spot?,Recommend a good vacation spot?,
619,Ruscella.Mies.Haber@gastech.com.kronos,Ruscella Mies Haber,gastech.com.kronos,GAStech-Kronos,Rachel.Pantanal@gastech.com.kronos; Lars.Azada@gastech.com.kronos; Felix.Balas@gastech.com.kronos; Isande.Borrasca@gastech.com.kronos; Axel.Calzas@gastech.com.kronos; Gustav.Cazar@gastech.com.kronos; Lidelse.Dedos@gastech.com.kronos; Birgitta.Frente@gastech.com.kronos; Vira.Frente@gastech.com.kronos; Adra.Nubarron@gastech.com.kronos; Marin.Onda@gastech.com.kronos; Kare.Orilla@gastech.com.kronos; Elsa.Orilla@gastech.com.kronos; Brand.Tempestad@gastech.com.kronos; Ingrid.Barranco@gastech.com.kronos; Ada.Campo-Corrente@gastech.com.kronos; Sten.Sanjorge Jr.@gastech.com.kronos; Orhan.Strum@gastech.com.kronos; Willem.Vasco-Pais@gastech.com.kronos; Bertrand.Ovan@gastech.com.kronos; Albina.Hafon@gastech.com.kronos; Benito.Hawelon@gastech.com.kronos; Claudio.Hawelon@gastech.com.kronos; Henk.Mies@gastech.com.kronos; Valeria.Morlun@gastech.com.kronos; Adan.Morlun@gastech.com.kronos; Cecilia.Morluniau@gastech.com.kronos; Irene.Nant@gastech.com.kronos; Dylan.Scozzese@gastech.com.kronos; Lucas.Alcazar@gastech.com.kronos; Isak.Baza@gastech.com.kronos; Linnea.Bergen@gastech.com.kronos; Nils.Calixto@gastech.com.kronos; Sven.Flecha@gastech.com.kronos; Hideki.Cocinaro@gastech.com.kronos; Inga.Ferro@gastech.com.kronos; Loreto.Bodrogi@gastech.com.kronos; Isia.Vann@gastech.com.kronos; Stenig.Fusil@gastech.com.kronos; Hennie.Osvaldo@gastech.com.kronos; Kanon.Herrero@gastech.com.kronos; Varja.Lagos@gastech.com.kronos; Minke.Mies@gastech.com.kronos; Felix.Resumir@gastech.com.kronos; Edvard.Vann@gastech.com.kronos; Emile.Arpa@gastech.com.kronos; Varro.Awelon@gastech.com.kronos; Mat.Bramar@gastech.com.kronos; Dante.Coginian@gastech.com.kronos; Carla.Forluniau@gastech.com.kronos; Linda.Lagos@gastech.com.kronos; Cornelia.Lais@gastech.com.kronos; Ruscella.Mies.Haber@gastech.com.kronos; Anda.Ribera@gastech.com.kronos,Rachel Pantanal; Lars Azada; Felix Balas; Isande Borrasca; Axel Calzas; Gustav Cazar; Lidelse Dedos; Birgitta Frente; Vira Frente; Adra Nubarron; Marin Onda; Kare Orilla; Elsa Orilla; Brand Tempestad; Ingrid Barranco; Ada Campo-Corrente; Sten Sanjorge Jr ; Orhan Strum; Willem Vasco-Pais; Bertrand Ovan; Albina Hafon; Benito Hawelon; Claudio Hawelon; Henk Mies; Valeria Morlun; Adan Morlun; Cecilia Morluniau; Irene Nant; Dylan Scozzese; Lucas Alcazar; Isak Baza; Linnea Bergen; Nils Calixto; Sven Flecha; Hideki Cocinaro; Inga Ferro; Loreto Bodrogi; Isia Vann; Stenig Fusil; Hennie Osvaldo; Kanon Herrero; Varja Lagos; Minke Mies; Felix Resumir; Edvard Vann; Emile Arpa; Varro Awelon; Mat Bramar; Dante Coginian; Carla Forluniau; Linda Lagos; Cornelia Lais; Ruscella Mies Haber; Anda Ribera,54,gastech.com.kronos,GAStech-Kronos,1/13/2014 15:56,2014-01-13 15:56,"Good morning, GasTech!","Good morning, GasTech!",
620,Anda.Ribera@gastech.com.kronos,Anda Ribera,gastech.com.kronos,GAStech-Kronos,Mat.Bramar@gastech.com.kronos; Anda.Ribera@gastech.com.kronos; Rachel.Pantanal@gastech.com.kronos; Linda.Lagos@gastech.com.kronos; Ruscella.Mies.Haber@gastech.com.kronos; Carla.Forluniau@gastech.com.kronos; Cornelia.Lais@gastech.com.kronos,Mat Bramar; Anda Ribera; Rachel Pantanal; Linda Lagos; Ruscella Mies Haber; Carla Forluniau; Cornelia Lais,7,gastech.com.kronos,GAStech-Kronos,1/13/2014 16:01,2014-01-13 16:01,RE: Anyone have time to help on a project?,Anyone have time to help on a project?,
621,Claudio.Hawelon@gastech.com.kronos,Claudio Hawelon,gastech.com.kronos,GAStech-Kronos,Albina.Hafon@gastech.com.kronos; Dylan.Scozzese@gastech.com.kronos; Henk.Mies@gastech.com.kronos; Claudio.Hawelon@gastech.com.kronos; Cecilia.Morluniau@gastech.com.kronos; Valeria.Morlun@gastech.com.kronos; Irene.Nant@gastech.com.kronos,Albina Hafon; Dylan Scozzese; Henk Mies; Claudio Hawelon; Cecilia Morluniau; Valeria Morlun; Irene Nant,7,gastech.com.kronos,GAStech-Kronos,1/13/2014 16:06,2014-01-13 16:06,"Guys night out - sorry, ladies","Guys night out - sorry, ladies",
622,Sven.Flecha@gastech.com.kronos,Sven Flecha,gastech.com.kronos,GAStech-Kronos,Sven.Flecha@gastech.com.kronos; Lucas.Alcazar@gastech.com.kronos; Isak.Baza@gastech.com.kronos,Sven Flecha; Lucas Alcazar; Isak Baza,3,gastech.com.kronos,GAStech-Kronos,1/13/2014 16:15,2014-01-13 16:15,Hackathon Friday night - my place,Hackathon Friday night - my place,
623,Adra.Nubarron@gastech.com.kronos,Adra Nubarron,gastech.com.kronos,GAStech-Kronos,Rachel.Pantanal@gastech.com.kronos; Lars.Azada@gastech.com.kronos; Felix.Balas@gastech.com.kronos; Isande.Borrasca@gastech.com.kronos; Axel.Calzas@gastech.com.kronos; Gustav.Cazar@gastech.com.kronos; Lidelse.Dedos@gastech.com.kronos; Birgitta.Frente@gastech.com.kronos; Vira.Frente@gastech.com.kronos; Adra.Nubarron@gastech.com.kronos; Marin.Onda@gastech.com.kronos; Kare.Orilla@gastech.com.kronos; Elsa.Orilla@gastech.com.kronos; Brand.Tempestad@gastech.com.kronos; Ingrid.Barranco@gastech.com.kronos; Ada.Campo-Corrente@gastech.com.kronos; Sten.Sanjorge Jr.@gastech.com.kronos; Orhan.Strum@gastech.com.kronos; Willem.Vasco-Pais@gastech.com.kronos; Bertrand.Ovan@gastech.com.kronos; Albina.Hafon@gastech.com.kronos; Benito.Hawelon@gastech.com.kronos; Claudio.Hawelon@gastech.com.kronos; Henk.Mies@gastech.com.kronos; Valeria.Morlun@gastech.com.kronos; Adan.Morlun@gastech.com.kronos; Cecilia.Morluniau@gastech.com.kronos; Irene.Nant@gastech.com.kronos; Dylan.Scozzese@gastech.com.kronos; Lucas.Alcazar@gastech.com.kronos; Isak.Baza@gastech.com.kronos; Linnea.Bergen@gastech.com.kronos; Nils.Calixto@gastech.com.kronos; Sven.Flecha@gastech.com.kronos; Hideki.Cocinaro@gastech.com.kronos; Inga.Ferro@gastech.com.kronos; Loreto.Bodrogi@gastech.com.kronos; Isia.Vann@gastech.com.kronos; Stenig.Fusil@gastech.com.kronos; Hennie.Osvaldo@gastech.com.kronos; Kanon.Herrero@gastech.com.kronos; Varja.Lagos@gastech.com.kronos; Minke.Mies@gastech.com.kronos; Felix.Resumir@gastech.com.kronos; Edvard.Vann@gastech.com.kronos; Emile.Arpa@gastech.com.kronos; Varro.Awelon@gastech.com.kronos; Mat.Bramar@gastech.com.kronos; Dante.Coginian@gastech.com.kronos; Carla.Forluniau@gastech.com.kronos; Linda.Lagos@gastech.com.kronos; Cornelia.Lais@gastech.com.kronos; Ruscella.Mies.Haber@gastech.com.kronos; Anda.Ribera@gastech.com.kronos,Rachel Pantanal; Lars Azada; Felix Balas; Isande Borrasca; Axel Calzas; Gustav Cazar; Lidelse Dedos; Birgitta Frente; Vira Frente; Adra Nubarron; Marin Onda; Kare Orilla; Elsa Orilla; Brand Tempestad; Ingrid Barranco; Ada Campo-Corrente; Sten Sanjorge Jr ; Orhan Strum; Willem Vasco-Pais; Bertrand Ovan; Albina Hafon; Benito Hawelon; Claudio Hawelon; Henk Mies; Valeria Morlun; Adan Morlun; Cecilia Morluniau; Irene Nant; Dylan Scozzese; Lucas Alcazar; Isak Baza; Linnea Bergen; Nils Calixto; Sven Flecha; Hideki Cocinaro; Inga Ferro; Loreto Bodrogi; Isia Vann; Stenig Fusil; Hennie Osvaldo; Kanon Herrero; Varja Lagos; Minke Mies; Felix Resumir; Edvard Vann; Emile Arpa; Varro Awelon; Mat Bramar; Dante Coginian; Carla Forluniau; Linda Lagos; Cornelia Lais; Ruscella Mies Haber; Anda Ribera,54,gastech.com.kronos,GAStech-Kronos,1/13/2014 16:19,2014-01-13 16:19,RE: News on VIP Visit January 20 - Please Read!,News on VIP Visit January 20 - Please Read!,security
624,Felix.Balas@gastech.com.kronos,Felix Balas,gastech.com.kronos,GAStech-Kronos,Hennie.Osvaldo@gastech.com.kronos,Hennie Osvaldo,1,gastech.com.kronos,GAStech-Kronos,1/13/2014 16:23,2014-01-13 16:23,RE: Supplies,Supplies,
625,Anda.Ribera@gastech.com.kronos,Anda Ribera,gastech.com.kronos,GAStech-Kronos,Henk.Mies@gastech.com.kronos,Henk Mies,1,gastech.com.kronos,GAStech-Kronos,1/13/2014 16:31,2014-01-13 16:31,RE: Tools,Tools,
626,Henk.Mies@gastech.com.kronos,Henk Mies,gastech.com.kronos,GAStech-Kronos,Henk.Mies@gastech.com.kronos; Benito.Hawelon@gastech.com.kronos; Cecilia.Morluniau@gastech.com.kronos; Claudio.Hawelon@gastech.com.kronos; Valeria.Morlun@gastech.com.kronos; Albina.Hafon@gastech.com.kronos; Irene.Nant@gastech.com.kronos,Henk Mies; Benito Hawelon; Cecilia Morluniau; Claudio Hawelon; Valeria Morlun; Albina Hafon; Irene Nant,7,gastech.com.kronos,GAStech-Kronos,1/13/2014 16:32,2014-01-13 16:32,Funny!!,Funny!!,
627,Henk.Mies@gastech.com.kronos,Henk Mies,gastech.com.kronos,GAStech-Kronos,Anda.Ribera@gastech.com.kronos,Anda Ribera,1,gastech.com.kronos,GAStech-Kronos,1/13/2014 16:33,2014-01-13 16:33,RE: Tools,Tools,
628,Valeria.Morlun@gastech.com.kronos,Valeria Morlun,gastech.com.kronos,GAStech-Kronos,Albina.Hafon@gastech.com.kronos; Dylan.Scozzese@gastech.com.kronos; Henk.Mies@gastech.com.kronos; Claudio.Hawelon@gastech.com.kronos; Cecilia.Morluniau@gastech.com.kronos; Valeria.Morlun@gastech.com.kronos; Irene.Nant@gastech.com.kronos,Albina Hafon; Dylan Scozzese; Henk Mies; Claudio Hawelon; Cecilia Morluniau; Valeria Morlun; Irene Nant,7,gastech.com.kronos,GAStech-Kronos,1/13/2014 16:35,2014-01-13 16:35,"RE: Guys night out - sorry, ladies","Guys night out - sorry, ladies",
629,Adra.Nubarron@gastech.com.kronos,Adra Nubarron,gastech.com.kronos,GAStech-Kronos,Adra.Nubarron@gastech.com.kronos; Isande.Borrasca@gastech.com.kronos; Felix.Balas@gastech.com.kronos; Lars.Azada@gastech.com.kronos; Marin.Onda@gastech.com.kronos; Elsa.Orilla@gastech.com.kronos; Kare.Orilla@gastech.com.kronos; Birgitta.Frente@gastech.com.kronos; Brand.Tempestad@gastech.com.kronos; Vira.Frente@gastech.com.kronos,Adra Nubarron; Isande Borrasca; Felix Balas; Lars Azada; Marin Onda; Elsa Orilla; Kare Orilla; Birgitta Frente; Brand Tempestad; Vira Frente,10,gastech.com.kronos,GAStech-Kronos,1/13/2014 16:36,2014-01-13 16:36,RE: Wellhead flow rate data,Wellhead flow rate data,environment
630,Cecilia.Morluniau@gastech.com.kronos,Cecilia Morluniau,gastech.com.kronos,GAStech-Kronos,Albina.Hafon@gastech.com.kronos; Dylan.Scozzese@gastech.com.kronos; Henk.Mies@gastech.com.kronos; Claudio.Hawelon@gastech.com.kronos; Cecilia.Morluniau@gastech.com.kronos; Valeria.Morlun@gastech.com.kronos; Irene.Nant@gastech.com.kronos,Albina Hafon; Dylan Scozzese; Henk Mies; Claudio Hawelon; Cecilia Morluniau; Valeria Morlun; Irene Nant,7,gastech.com.kronos,GAStech-Kronos,1/13/2014 16:37,2014-01-13 16:37,"RE: Guys night out - sorry, ladies","Guys night out - sorry, ladies",
631,Vira.Frente@gastech.com.kronos,Vira Frente,gastech.com.kronos,GAStech-Kronos,Vira.Frente@gastech.com.kronos; Axel.Calzas@gastech.com.kronos,Vira Frente; Axel Calzas,2,gastech.com.kronos,GAStech-Kronos,1/13/2014 16:40,2014-01-13 16:40,RE: 2497-00 Initial flow rates,2497-00 Initial flow rates,
632,Vira.Frente@gastech.com.kronos,Vira Frente,gastech.com.kronos,GAStech-Kronos,Vira.Frente@gastech.com.kronos; Axel.Calzas@gastech.com.kronos,Vira Frente; Axel Calzas,2,gastech.com.kronos,GAStech-Kronos,1/13/2014 16:47,2014-01-13 16:47,RE: 2497-00 Initial flow rates,2497-00 Initial flow rates,
633,Ruscella.Mies.Haber@gastech.com.kronos,Ruscella Mies Haber,gastech.com.kronos,GAStech-Kronos,Inga.Ferro@gastech.com.kronos; Loreto.Bodrogi@gastech.com.kronos; Isia.Vann@gastech.com.kronos; Hennie.Osvaldo@gastech.com.kronos; Minke.Mies@gastech.com.kronos,Inga Ferro; Loreto Bodrogi; Isia Vann; Hennie Osvaldo; Minke Mies,5,gastech.com.kronos,GAStech-Kronos,1/13/2014 16:48,2014-01-13 16:48,FW: ARISE - Inspiration for Defenders of Kronos,ARISE - Inspiration for Defenders of Kronos,
634,Hennie.Osvaldo@gastech.com.kronos,Hennie Osvaldo,gastech.com.kronos,GAStech-Kronos,Rachel.Pantanal@gastech.com.kronos; Lars.Azada@gastech.com.kronos; Felix.Balas@gastech.com.kronos; Isande.Borrasca@gastech.com.kronos; Axel.Calzas@gastech.com.kronos; Gustav.Cazar@gastech.com.kronos; Lidelse.Dedos@gastech.com.kronos; Birgitta.Frente@gastech.com.kronos; Vira.Frente@gastech.com.kronos; Adra.Nubarron@gastech.com.kronos; Marin.Onda@gastech.com.kronos; Kare.Orilla@gastech.com.kronos; Elsa.Orilla@gastech.com.kronos; Brand.Tempestad@gastech.com.kronos; Ingrid.Barranco@gastech.com.kronos; Ada.Campo-Corrente@gastech.com.kronos; Sten.Sanjorge Jr.@gastech.com.kronos; Orhan.Strum@gastech.com.kronos; Willem.Vasco-Pais@gastech.com.kronos; Bertrand.Ovan@gastech.com.kronos; Albina.Hafon@gastech.com.kronos; Benito.Hawelon@gastech.com.kronos; Claudio.Hawelon@gastech.com.kronos; Henk.Mies@gastech.com.kronos; Valeria.Morlun@gastech.com.kronos; Adan.Morlun@gastech.com.kronos; Cecilia.Morluniau@gastech.com.kronos; Irene.Nant@gastech.com.kronos; Dylan.Scozzese@gastech.com.kronos; Lucas.Alcazar@gastech.com.kronos; Isak.Baza@gastech.com.kronos; Linnea.Bergen@gastech.com.kronos; Nils.Calixto@gastech.com.kronos; Sven.Flecha@gastech.com.kronos; Hideki.Cocinaro@gastech.com.kronos; Inga.Ferro@gastech.com.kronos; Loreto.Bodrogi@gastech.com.kronos; Isia.Vann@gastech.com.kronos; Stenig.Fusil@gastech.com.kronos; Hennie.Osvaldo@gastech.com.kronos; Kanon.Herrero@gastech.com.kronos; Varja.Lagos@gastech.com.kronos; Minke.Mies@gastech.com.kronos; Felix.Resumir@gastech.com.kronos; Edvard.Vann@gastech.com.kronos; Emile.Arpa@gastech.com.kronos; Varro.Awelon@gastech.com.kronos; Mat.Bramar@gastech.com.kronos; Dante.Coginian@gastech.com.kronos; Carla.Forluniau@gastech.com.kronos; Linda.Lagos@gastech.com.kronos; Cornelia.Lais@gastech.com.kronos; Ruscella.Mies.Haber@gastech.com.kronos; Anda.Ribera@gastech.com.kronos,Rachel Pantanal; Lars Azada; Felix Balas; Isande Borrasca; Axel Calzas; Gustav Cazar; Lidelse Dedos; Birgitta Frente; Vira Frente; Adra Nubarron; Marin Onda; Kare Orilla; Elsa Orilla; Brand Tempestad; Ingrid Barranco; Ada Campo-Corrente; Sten Sanjorge Jr ; Orhan Strum; Willem Vasco-Pais; Bertrand Ovan; Albina Hafon; Benito Hawelon; Claudio Hawelon; Henk Mies; Valeria Morlun; Adan Morlun; Cecilia Morluniau; Irene Nant; Dylan Scozzese; Lucas Alcazar; Isak Baza; Linnea Bergen; Nils Calixto; Sven Flecha; Hideki Cocinaro; Inga Ferro; Loreto Bodrogi; Isia Vann; Stenig Fusil; Hennie Osvaldo; Kanon Herrero; Varja Lagos; Minke Mies; Felix Resumir; Edvard Vann; Emile Arpa; Varro Awelon; Mat Bramar; Dante Coginian; Carla Forluniau; Linda Lagos; Cornelia Lais; Ruscella Mies Haber; Anda Ribera,54,gastech.com.kronos,GAStech-Kronos,1/13/2014 16:51,2014-01-13 16:51,RE: News on VIP Visit January 20 - Please Read!,News on VIP Visit January 20 - Please Read!,security
635,Varro.Awelon@gastech.com.kronos,Varro Awelon,gastech.com.kronos,GAStech-Kronos,Valeria.Morlun@gastech.com.kronos; Dylan.Scozzese@gastech.com.kronos,Valeria Morlun; Dylan Scozzese,2,gastech.com.kronos,GAStech-Kronos,1/13/2014 16:54,2014-01-13 16:54,RE: Safety First!,Safety First!,
636,Henk.Mies@gastech.com.kronos,Henk Mies,gastech.com.kronos,GAStech-Kronos,Albina.Hafon@gastech.com.kronos; Dylan.Scozzese@gastech.com.kronos; Henk.Mies@gastech.com.kronos; Claudio.Hawelon@gastech.com.kronos; Cecilia.Morluniau@gastech.com.kronos; Valeria.Morlun@gastech.com.kronos; Irene.Nant@gastech.com.kronos,Albina Hafon; Dylan Scozzese; Henk Mies; Claudio Hawelon; Cecilia Morluniau; Valeria Morlun; Irene Nant,7,gastech.com.kronos,GAStech-Kronos,1/13/2014 17:00,2014-01-13 17:00,"RE: Guys night out - sorry, ladies","Guys night out - sorry, ladies",
637,Anda.Ribera@gastech.com.kronos,Anda Ribera,gastech.com.kronos,GAStech-Kronos,Henk.Mies@gastech.com.kronos,Henk Mies,1,gastech.com.kronos,GAStech-Kronos,1/13/2014 17:01,2014-01-13 17:01,RE: Tools,Tools,
638,Valeria.Morlun@gastech.com.kronos,Valeria Morlun,gastech.com.kronos,GAStech-Kronos,Emile.Arpa@gastech.com.kronos; Dante.Coginian@gastech.com.kronos,Emile Arpa; Dante Coginian,2,gastech.com.kronos,GAStech-Kronos,1/13/2014 17:02,2014-01-13 17:02,RE: Safety First!,Safety First!,
639,Claudio.Hawelon@gastech.com.kronos,Claudio Hawelon,gastech.com.kronos,GAStech-Kronos,Albina.Hafon@gastech.com.kronos; Dylan.Scozzese@gastech.com.kronos; Henk.Mies@gastech.com.kronos; Claudio.Hawelon@gastech.com.kronos; Cecilia.Morluniau@gastech.com.kronos; Valeria.Morlun@gastech.com.kronos; Irene.Nant@gastech.com.kronos,Albina Hafon; Dylan Scozzese; Henk Mies; Claudio Hawelon; Cecilia Morluniau; Valeria Morlun; Irene Nant,7,gastech.com.kronos,GAStech-Kronos,1/13/2014 17:04,2014-01-13 17:04,"RE: Guys night out - sorry, ladies","Guys night out - sorry, ladies",
640,Lars.Azada@gastech.com.kronos,Lars Azada,gastech.com.kronos,GAStech-Kronos,Adra.Nubarron@gastech.com.kronos; Isande.Borrasca@gastech.com.kronos; Felix.Balas@gastech.com.kronos; Lars.Azada@gastech.com.kronos; Marin.Onda@gastech.com.kronos; Elsa.Orilla@gastech.com.kronos; Kare.Orilla@gastech.com.kronos; Birgitta.Frente@gastech.com.kronos; Brand.Tempestad@gastech.com.kronos; Vira.Frente@gastech.com.kronos,Adra Nubarron; Isande Borrasca; Felix Balas; Lars Azada; Marin Onda; Elsa Orilla; Kare Orilla; Birgitta Frente; Brand Tempestad; Vira Frente,10,gastech.com.kronos,GAStech-Kronos,1/13/2014 17:06,2014-01-13 17:06,RE: Wellhead flow rate data,Wellhead flow rate data,environment
641,Carla.Forluniau@gastech.com.kronos,Carla Forluniau,gastech.com.kronos,GAStech-Kronos,Mat.Bramar@gastech.com.kronos; Anda.Ribera@gastech.com.kronos; Rachel.Pantanal@gastech.com.kronos; Linda.Lagos@gastech.com.kronos; Ruscella.Mies.Haber@gastech.com.kronos; Carla.Forluniau@gastech.com.kronos; Cornelia.Lais@gastech.com.kronos,Mat Bramar; Anda Ribera; Rachel Pantanal; Linda Lagos; Ruscella Mies Haber; Carla Forluniau; Cornelia Lais,7,gastech.com.kronos,GAStech-Kronos,1/13/2014 17:08,2014-01-13 17:08,RE: When you have a minute,When you have a minute,
642,Carla.Forluniau@gastech.com.kronos,Carla Forluniau,gastech.com.kronos,GAStech-Kronos,Mat.Bramar@gastech.com.kronos; Anda.Ribera@gastech.com.kronos; Rachel.Pantanal@gastech.com.kronos; Linda.Lagos@gastech.com.kronos; Ruscella.Mies.Haber@gastech.com.kronos; Carla.Forluniau@gastech.com.kronos; Cornelia.Lais@gastech.com.kronos,Mat Bramar; Anda Ribera; Rachel Pantanal; Linda Lagos; Ruscella Mies Haber; Carla Forluniau; Cornelia Lais,7,gastech.com.kronos,GAStech-Kronos,1/13/2014 17:11,2014-01-13 17:11,RE: Too funy - you have to see this...,Too funy - you have to see this...,
643,Anda.Ribera@gastech.com.kronos,Anda Ribera,gastech.com.kronos,GAStech-Kronos,Mat.Bramar@gastech.com.kronos; Anda.Ribera@gastech.com.kronos; Rachel.Pantanal@gastech.com.kronos; Linda.Lagos@gastech.com.kronos; Ruscella.Mies.Haber@gastech.com.kronos; Carla.Forluniau@gastech.com.kronos; Cornelia.Lais@gastech.com.kronos,Mat Bramar; Anda Ribera; Rachel Pantanal; Linda Lagos; Ruscella Mies Haber; Carla Forluniau; Cornelia Lais,7,gastech.com.kronos,GAStech-Kronos,1/13/2014 17:16,2014-01-13 17:16,RE: Anyone have time to help on a project?,Anyone have time to help on a project?,
644,Adra.Nubarron@gastech.com.kronos,Adra Nubarron,gastech.com.kronos,GAStech-Kronos,Axel.Calzas@gastech.com.kronos; Vira.Frente@gastech.com.kronos; Birgitta.Frente@gastech.com.kronos; Isande.Borrasca@gastech.com.kronos; Brand.Tempestad@gastech.com.kronos; Felix.Balas@gastech.com.kronos; Gustav.Cazar@gastech.com.kronos; Marin.Onda@gastech.com.kronos; Kare.Orilla@gastech.com.kronos; Adra.Nubarron@gastech.com.kronos; Lidelse.Dedos@gastech.com.kronos; Elsa.Orilla@gastech.com.kronos,Axel Calzas; Vira Frente; Birgitta Frente; Isande Borrasca; Brand Tempestad; Felix Balas; Gustav Cazar; Marin Onda; Kare Orilla; Adra Nubarron; Lidelse Dedos; Elsa Orilla,12,gastech.com.kronos,GAStech-Kronos,1/13/2014 17:24,2014-01-13 17:24,RE: 2497-00 Perforation,2497-00 Perforation,
645,Sten.Sanjorge Jr.@gastech.com.tethys,Sten Sanjorge Jr ,gastech.com.tethys,GAStech-Tethys,Orhan.Strum@gastech.com.kronos; Willem.Vasco-Pais@gastech.com.kronos; Ada.Campo-Corrente@gastech.com.kronos; Sten.Sanjorge Jr.@gastech.com.tethys,Orhan Strum; Willem Vasco-Pais; Ada Campo-Corrente; Sten Sanjorge Jr ,4,gastech.com.kronos; gastech.com.tethys,GAStech-Kronos; GAStech-Tethys,1/13/2014 17:32,2014-01-13 17:32,RE: Recommend a good vacation spot?,Recommend a good vacation spot?,
646,Lars.Azada@gastech.com.kronos,Lars Azada,gastech.com.kronos,GAStech-Kronos,Adra.Nubarron@gastech.com.kronos; Isande.Borrasca@gastech.com.kronos; Felix.Balas@gastech.com.kronos; Lars.Azada@gastech.com.kronos; Marin.Onda@gastech.com.kronos; Elsa.Orilla@gastech.com.kronos; Kare.Orilla@gastech.com.kronos; Birgitta.Frente@gastech.com.kronos; Brand.Tempestad@gastech.com.kronos; Vira.Frente@gastech.com.kronos,Adra Nubarron; Isande Borrasca; Felix Balas; Lars Azada; Marin Onda; Elsa Orilla; Kare Orilla; Birgitta Frente; Brand Tempestad; Vira Frente,10,gastech.com.kronos,GAStech-Kronos,1/13/2014 17:53,2014-01-13 17:53,RE: Wellhead flow rate data,Wellhead flow rate data,environment
647,Mat.Bramar@gastech.com.kronos,Mat Bramar,gastech.com.kronos,GAStech-Kronos,Mat.Bramar@gastech.com.kronos; Anda.Ribera@gastech.com.kronos; Rachel.Pantanal@gastech.com.kronos; Linda.Lagos@gastech.com.kronos; Ruscella.Mies.Haber@gastech.com.kronos; Carla.Forluniau@gastech.com.kronos; Cornelia.Lais@gastech.com.kronos,Mat Bramar; Anda Ribera; Rachel Pantanal; Linda Lagos; Ruscella Mies Haber; Carla Forluniau; Cornelia Lais,7,gastech.com.kronos,GAStech-Kronos,1/13/2014 17:54,2014-01-13 17:54,RE: When you have a minute,When you have a minute,
648,Axel.Calzas@gastech.com.kronos,Axel Calzas,gastech.com.kronos,GAStech-Kronos,Vira.Frente@gastech.com.kronos; Axel.Calzas@gastech.com.kronos,Vira Frente; Axel Calzas,2,gastech.com.kronos,GAStech-Kronos,1/13/2014 17:55,2014-01-13 17:55,RE: 2497-00 Initial flow rates,2497-00 Initial flow rates,
649,Adan.Morlun@gastech.com.kronos,Adan Morlun,gastech.com.kronos,GAStech-Kronos,Valeria.Morlun@gastech.com.kronos; Adan.Morlun@gastech.com.kronos; Emile.Arpa@gastech.com.kronos; Claudio.Hawelon@gastech.com.kronos,Valeria Morlun; Adan Morlun; Emile Arpa; Claudio Hawelon,4,gastech.com.kronos,GAStech-Kronos,1/13/2014 18:00,2014-01-13 18:00,"RE: Guys night out - sorry, ladies","Guys night out - sorry, ladies",
650,Valeria.Morlun@gastech.com.kronos,Valeria Morlun,gastech.com.kronos,GAStech-Kronos,Adan.Morlun@gastech.com.kronos; Claudio.Hawelon@gastech.com.kronos,Adan Morlun; Claudio Hawelon,2,gastech.com.kronos,GAStech-Kronos,1/13/2014 18:04,2014-01-13 18:04,RE: Safety First!,Safety First!,
651,Carla.Forluniau@gastech.com.kronos,Carla Forluniau,gastech.com.kronos,GAStech-Kronos,Mat.Bramar@gastech.com.kronos; Anda.Ribera@gastech.com.kronos; Rachel.Pantanal@gastech.com.kronos; Linda.Lagos@gastech.com.kronos; Ruscella.Mies.Haber@gastech.com.kronos; Carla.Forluniau@gastech.com.kronos; Cornelia.Lais@gastech.com.kronos,Mat Bramar; Anda Ribera; Rachel Pantanal; Linda Lagos; Ruscella Mies Haber; Carla Forluniau; Cornelia Lais,7,gastech.com.kronos,GAStech-Kronos,1/13/2014 18:12,2014-01-13 18:12,RE: When you have a minute,When you have a minute,
652,Mat.Bramar@gastech.com.kronos,Mat Bramar,gastech.com.kronos,GAStech-Kronos,Mat.Bramar@gastech.com.kronos; Anda.Ribera@gastech.com.kronos; Rachel.Pantanal@gastech.com.kronos; Linda.Lagos@gastech.com.kronos; Ruscella.Mies.Haber@gastech.com.kronos; Carla.Forluniau@gastech.com.kronos; Cornelia.Lais@gastech.com.kronos,Mat Bramar; Anda Ribera; Rachel Pantanal; Linda Lagos; Ruscella Mies Haber; Carla Forluniau; Cornelia Lais,7,gastech.com.kronos,GAStech-Kronos,1/13/2014 18:12,2014-01-13 18:12,RE: Too funy - you have to see this...,Too funy - you have to see this...,
653,Felix.Balas@gastech.com.kronos,Felix Balas,gastech.com.kronos,GAStech-Kronos,Adra.Nubarron@gastech.com.kronos; Isande.Borrasca@gastech.com.kronos; Felix.Balas@gastech.com.kronos; Lars.Azada@gastech.com.kronos; Marin.Onda@gastech.com.kronos; Elsa.Orilla@gastech.com.kronos; Kare.Orilla@gastech.com.kronos; Birgitta.Frente@gastech.com.kronos; Brand.Tempestad@gastech.com.kronos; Vira.Frente@gastech.com.kronos,Adra Nubarron; Isande Borrasca; Felix Balas; Lars Azada; Marin Onda; Elsa Orilla; Kare Orilla; Birgitta Frente; Brand Tempestad; Vira Frente,10,gastech.com.kronos,GAStech-Kronos,1/13/2014 18:16,2014-01-13 18:16,RE: Wellhead flow rate data,Wellhead flow rate data,environment
654,Valeria.Morlun@gastech.com.kronos,Valeria Morlun,gastech.com.kronos,GAStech-Kronos,Valeria.Morlun@gastech.com.kronos; Adan.Morlun@gastech.com.kronos; Emile.Arpa@gastech.com.kronos; Claudio.Hawelon@gastech.com.kronos,Valeria Morlun; Adan Morlun; Emile Arpa; Claudio Hawelon,4,gastech.com.kronos,GAStech-Kronos,1/13/2014 18:24,2014-01-13 18:24,"RE: Guys night out - sorry, ladies","Guys night out - sorry, ladies",
655,Valeria.Morlun@gastech.com.kronos,Valeria Morlun,gastech.com.kronos,GAStech-Kronos,Henk.Mies@gastech.com.kronos; Benito.Hawelon@gastech.com.kronos; Cecilia.Morluniau@gastech.com.kronos; Claudio.Hawelon@gastech.com.kronos; Valeria.Morlun@gastech.com.kronos; Albina.Hafon@gastech.com.kronos; Irene.Nant@gastech.com.kronos,Henk Mies; Benito Hawelon; Cecilia Morluniau; Claudio Hawelon; Valeria Morlun; Albina Hafon; Irene Nant,7,gastech.com.kronos,GAStech-Kronos,1/13/2014 18:35,2014-01-13 18:35,RE: Funny!!,Funny!!,
656,Dylan.Scozzese@gastech.com.kronos,Dylan Scozzese,gastech.com.kronos,GAStech-Kronos,Albina.Hafon@gastech.com.kronos; Dylan.Scozzese@gastech.com.kronos; Henk.Mies@gastech.com.kronos; Claudio.Hawelon@gastech.com.kronos; Cecilia.Morluniau@gastech.com.kronos; Valeria.Morlun@gastech.com.kronos; Irene.Nant@gastech.com.kronos,Albina Hafon; Dylan Scozzese; Henk Mies; Claudio Hawelon; Cecilia Morluniau; Valeria Morlun; Irene Nant,7,gastech.com.kronos,GAStech-Kronos,1/13/2014 18:50,2014-01-13 18:50,"RE: Guys night out - sorry, ladies","Guys night out - sorry, ladies",
657,Henk.Mies@gastech.com.kronos,Henk Mies,gastech.com.kronos,GAStech-Kronos,Dante.Coginian@gastech.com.kronos; Emile.Arpa@gastech.com.kronos; Varro.Awelon@gastech.com.kronos; Cecilia.Morluniau@gastech.com.kronos; Dylan.Scozzese@gastech.com.kronos; Henk.Mies@gastech.com.kronos; Claudio.Hawelon@gastech.com.kronos; Irene.Nant@gastech.com.kronos,Dante Coginian; Emile Arpa; Varro Awelon; Cecilia Morluniau; Dylan Scozzese; Henk Mies; Claudio Hawelon; Irene Nant,8,gastech.com.kronos,GAStech-Kronos,1/13/2014 18:58,2014-01-13 18:58,RE: Safety First!,Safety First!,
658,Vira.Frente@gastech.com.kronos,Vira Frente,gastech.com.kronos,GAStech-Kronos,Vira.Frente@gastech.com.kronos; Axel.Calzas@gastech.com.kronos,Vira Frente; Axel Calzas,2,gastech.com.kronos,GAStech-Kronos,1/13/2014 19:09,2014-01-13 19:09,RE: 2497-00 Initial flow rates,2497-00 Initial flow rates,
659,Loreto.Bodrogi@gastech.com.kronos,Loreto Bodrogi,gastech.com.kronos,GAStech-Kronos,Inga.Ferro@gastech.com.kronos; Loreto.Bodrogi@gastech.com.kronos; Isia.Vann@gastech.com.kronos; Hennie.Osvaldo@gastech.com.kronos; Minke.Mies@gastech.com.kronos,Inga Ferro; Loreto Bodrogi; Isia Vann; Hennie Osvaldo; Minke Mies,5,gastech.com.kronos,GAStech-Kronos,1/13/2014 19:28,2014-01-13 19:28,RE: FW: ARISE - Inspiration for Defenders of Kronos,ARISE - Inspiration for Defenders of Kronos,
660,Mat.Bramar@gastech.com.kronos,Mat Bramar,gastech.com.kronos,GAStech-Kronos,Mat.Bramar@gastech.com.kronos; Anda.Ribera@gastech.com.kronos; Rachel.Pantanal@gastech.com.kronos; Linda.Lagos@gastech.com.kronos; Ruscella.Mies.Haber@gastech.com.kronos; Carla.Forluniau@gastech.com.kronos; Cornelia.Lais@gastech.com.kronos,Mat Bramar; Anda Ribera; Rachel Pantanal; Linda Lagos; Ruscella Mies Haber; Carla Forluniau; Cornelia Lais,7,gastech.com.kronos,GAStech-Kronos,1/13/2014 19:30,2014-01-13 19:30,RE: Too funy - you have to see this...,Too funy - you have to see this...,
661,Inga.Ferro@gastech.com.kronos,Inga Ferro,gastech.com.kronos,GAStech-Kronos,Inga.Ferro@gastech.com.kronos; Loreto.Bodrogi@gastech.com.kronos; Isia.Vann@gastech.com.kronos; Hennie.Osvaldo@gastech.com.kronos; Minke.Mies@gastech.com.kronos,Inga Ferro; Loreto Bodrogi; Isia Vann; Hennie Osvaldo; Minke Mies,5,gastech.com.kronos,GAStech-Kronos,1/13/2014 19:31,2014-01-13 19:31,RE: FW: ARISE - Inspiration for Defenders of Kronos,ARISE - Inspiration for Defenders of Kronos,
662,Lucas.Alcazar@gastech.com.kronos,Lucas Alcazar,gastech.com.kronos,GAStech-Kronos,Sven.Flecha@gastech.com.kronos; Lucas.Alcazar@gastech.com.kronos; Isak.Baza@gastech.com.kronos,Sven Flecha; Lucas Alcazar; Isak Baza,3,gastech.com.kronos,GAStech-Kronos,1/13/2014 19:46,2014-01-13 19:46,RE: Hackathon Friday night - my place,Hackathon Friday night - my place,
663,Isia.Vann@gastech.com.kronos,Isia Vann,gastech.com.kronos,GAStech-Kronos,Inga.Ferro@gastech.com.kronos; Loreto.Bodrogi@gastech.com.kronos; Isia.Vann@gastech.com.kronos; Hennie.Osvaldo@gastech.com.kronos; Minke.Mies@gastech.com.kronos,Inga Ferro; Loreto Bodrogi; Isia Vann; Hennie Osvaldo; Minke Mies,5,gastech.com.kronos,GAStech-Kronos,1/13/2014 20:05,2014-01-13 20:05,RE: FW: ARISE - Inspiration for Defenders of Kronos,ARISE - Inspiration for Defenders of Kronos,
664,Isak.Baza@gastech.com.kronos,Isak Baza,gastech.com.kronos,GAStech-Kronos,Sven.Flecha@gastech.com.kronos; Lucas.Alcazar@gastech.com.kronos; Isak.Baza@gastech.com.kronos,Sven Flecha; Lucas Alcazar; Isak Baza,3,gastech.com.kronos,GAStech-Kronos,1/13/2014 20:06,2014-01-13 20:06,RE: Hackathon Friday night - my place,Hackathon Friday night - my place,
665,Sven.Flecha@gastech.com.kronos,Sven Flecha,gastech.com.kronos,GAStech-Kronos,Sven.Flecha@gastech.com.kronos; Lucas.Alcazar@gastech.com.kronos; Isak.Baza@gastech.com.kronos,Sven Flecha; Lucas Alcazar; Isak Baza,3,gastech.com.kronos,GAStech-Kronos,1/13/2014 20:09,2014-01-13 20:09,RE: Hackathon Friday night - my place,Hackathon Friday night - my place,
666,Benito.Hawelon@gastech.com.kronos,Benito Hawelon,gastech.com.kronos,GAStech-Kronos,Henk.Mies@gastech.com.kronos; Benito.Hawelon@gastech.com.kronos; Cecilia.Morluniau@gastech.com.kronos; Claudio.Hawelon@gastech.com.kronos; Valeria.Morlun@gastech.com.kronos; Albina.Hafon@gastech.com.kronos; Irene.Nant@gastech.com.kronos,Henk Mies; Benito Hawelon; Cecilia Morluniau; Claudio Hawelon; Valeria Morlun; Albina Hafon; Irene Nant,7,gastech.com.kronos,GAStech-Kronos,1/13/2014 20:14,2014-01-13 20:14,RE: Funny!!,Funny!!,
667,Lucas.Alcazar@gastech.com.kronos,Lucas Alcazar,gastech.com.kronos,GAStech-Kronos,Sven.Flecha@gastech.com.kronos; Lucas.Alcazar@gastech.com.kronos; Isak.Baza@gastech.com.kronos,Sven Flecha; Lucas Alcazar; Isak Baza,3,gastech.com.kronos,GAStech-Kronos,1/13/2014 20:16,2014-01-13 20:16,RE: Hackathon Friday night - my place,Hackathon Friday night - my place,
668,Sven.Flecha@gastech.com.kronos,Sven Flecha,gastech.com.kronos,GAStech-Kronos,Sven.Flecha@gastech.com.kronos; Lucas.Alcazar@gastech.com.kronos; Isak.Baza@gastech.com.kronos,Sven Flecha; Lucas Alcazar; Isak Baza,3,gastech.com.kronos,GAStech-Kronos,1/13/2014 20:20,2014-01-13 20:20,RE: Hackathon Friday night - my place,Hackathon Friday night - my place,
669,Varja.Lagos@gastech.com.kronos,Varja Lagos,gastech.com.kronos,GAStech-Kronos,Minke.Mies@gastech.com.kronos; Isia.Vann@gastech.com.kronos; Hideki.Cocinaro@gastech.com.kronos; Felix.Resumir@gastech.com.kronos; Loreto.Bodrogi@gastech.com.kronos; Kanon.Herrero@gastech.com.kronos; Stenig.Fusil@gastech.com.kronos; Varja.Lagos@gastech.com.kronos,Minke Mies; Isia Vann; Hideki Cocinaro; Felix Resumir; Loreto Bodrogi; Kanon Herrero; Stenig Fusil; Varja Lagos,8,gastech.com.kronos,GAStech-Kronos,1/13/2014 20:42,2014-01-13 20:42,RE: Notification of outside visit,Notification of outside visit,
670,Isak.Baza@gastech.com.kronos,Isak Baza,gastech.com.kronos,GAStech-Kronos,Sven.Flecha@gastech.com.kronos; Lucas.Alcazar@gastech.com.kronos; Isak.Baza@gastech.com.kronos,Sven Flecha; Lucas Alcazar; Isak Baza,3,gastech.com.kronos,GAStech-Kronos,1/13/2014 21:15,2014-01-13 21:15,RE: Hackathon Friday night - my place,Hackathon Friday night - my place,
671,Inga.Ferro@gastech.com.kronos,Inga Ferro,gastech.com.kronos,GAStech-Kronos,Inga.Ferro@gastech.com.kronos; Loreto.Bodrogi@gastech.com.kronos; Isia.Vann@gastech.com.kronos; Hennie.Osvaldo@gastech.com.kronos; Minke.Mies@gastech.com.kronos,Inga Ferro; Loreto Bodrogi; Isia Vann; Hennie Osvaldo; Minke Mies,5,gastech.com.kronos,GAStech-Kronos,1/13/2014 21:33,2014-01-13 21:33,RE: FW: ARISE - Inspiration for Defenders of Kronos,ARISE - Inspiration for Defenders of Kronos,
672,Loreto.Bodrogi@gastech.com.kronos,Loreto Bodrogi,gastech.com.kronos,GAStech-Kronos,Hideki.Cocinaro@gastech.com.kronos; Varja.Lagos@gastech.com.kronos; Isia.Vann@gastech.com.kronos,Hideki Cocinaro; Varja Lagos; Isia Vann,3,gastech.com.kronos,GAStech-Kronos,1/14/2014 8:18,2014-01-14 08:18,Security procedures for January 20 VIP visit,Security procedures for January 20 VIP visit,security
673,Isia.Vann@gastech.com.kronos,Isia Vann,gastech.com.kronos,GAStech-Kronos,Rachel.Pantanal@gastech.com.kronos,Rachel Pantanal,1,gastech.com.kronos,GAStech-Kronos,1/14/2014 9:31,2014-01-14 09:31,Did you like the flowers?,Did you like the flowers?,
674,Nils.Calixto@gastech.com.kronos,Nils Calixto,gastech.com.kronos,GAStech-Kronos,Lucas.Alcazar@gastech.com.kronos; Isak.Baza@gastech.com.kronos; Nils.Calixto@gastech.com.kronos; Sven.Flecha@gastech.com.kronos,Lucas Alcazar; Isak Baza; Nils Calixto; Sven Flecha,4,gastech.com.kronos,GAStech-Kronos,1/14/2014 9:50,2014-01-14 09:50,Action: Review network logs,Action: Review network logs,
675,Rachel.Pantanal@gastech.com.kronos,Rachel Pantanal,gastech.com.kronos,GAStech-Kronos,Isia.Vann@gastech.com.kronos,Isia Vann,1,gastech.com.kronos,GAStech-Kronos,1/14/2014 9:50,2014-01-14 09:50,RE: Did you like the flowers? - yes!,Did you like the flowers? - yes!,
676,Mat.Bramar@gastech.com.kronos,Mat Bramar,gastech.com.kronos,GAStech-Kronos,Rachel.Pantanal@gastech.com.kronos; Lars.Azada@gastech.com.kronos; Felix.Balas@gastech.com.kronos; Isande.Borrasca@gastech.com.kronos; Axel.Calzas@gastech.com.kronos; Gustav.Cazar@gastech.com.kronos; Lidelse.Dedos@gastech.com.kronos; Birgitta.Frente@gastech.com.kronos; Vira.Frente@gastech.com.kronos; Adra.Nubarron@gastech.com.kronos; Marin.Onda@gastech.com.kronos; Kare.Orilla@gastech.com.kronos; Elsa.Orilla@gastech.com.kronos; Brand.Tempestad@gastech.com.kronos; Ingrid.Barranco@gastech.com.kronos; Ada.Campo-Corrente@gastech.com.kronos; Sten.Sanjorge Jr.@gastech.com.kronos; Orhan.Strum@gastech.com.kronos; Willem.Vasco-Pais@gastech.com.kronos; Bertrand.Ovan@gastech.com.kronos; Albina.Hafon@gastech.com.kronos; Benito.Hawelon@gastech.com.kronos; Claudio.Hawelon@gastech.com.kronos; Henk.Mies@gastech.com.kronos; Valeria.Morlun@gastech.com.kronos; Adan.Morlun@gastech.com.kronos; Cecilia.Morluniau@gastech.com.kronos; Irene.Nant@gastech.com.kronos; Dylan.Scozzese@gastech.com.kronos; Lucas.Alcazar@gastech.com.kronos; Isak.Baza@gastech.com.kronos; Linnea.Bergen@gastech.com.kronos; Nils.Calixto@gastech.com.kronos; Sven.Flecha@gastech.com.kronos; Hideki.Cocinaro@gastech.com.kronos; Inga.Ferro@gastech.com.kronos; Loreto.Bodrogi@gastech.com.kronos; Isia.Vann@gastech.com.kronos; Stenig.Fusil@gastech.com.kronos; Hennie.Osvaldo@gastech.com.kronos; Kanon.Herrero@gastech.com.kronos; Varja.Lagos@gastech.com.kronos; Minke.Mies@gastech.com.kronos; Felix.Resumir@gastech.com.kronos; Edvard.Vann@gastech.com.kronos; Emile.Arpa@gastech.com.kronos; Varro.Awelon@gastech.com.kronos; Mat.Bramar@gastech.com.kronos; Dante.Coginian@gastech.com.kronos; Carla.Forluniau@gastech.com.kronos; Linda.Lagos@gastech.com.kronos; Cornelia.Lais@gastech.com.kronos; Ruscella.Mies.Haber@gastech.com.kronos; Anda.Ribera@gastech.com.kronos,Rachel Pantanal; Lars Azada; Felix Balas; Isande Borrasca; Axel Calzas; Gustav Cazar; Lidelse Dedos; Birgitta Frente; Vira Frente; Adra Nubarron; Marin Onda; Kare Orilla; Elsa Orilla; Brand Tempestad; Ingrid Barranco; Ada Campo-Corrente; Sten Sanjorge Jr ; Orhan Strum; Willem Vasco-Pais; Bertrand Ovan; Albina Hafon; Benito Hawelon; Claudio Hawelon; Henk Mies; Valeria Morlun; Adan Morlun; Cecilia Morluniau; Irene Nant; Dylan Scozzese; Lucas Alcazar; Isak Baza; Linnea Bergen; Nils Calixto; Sven Flecha; Hideki Cocinaro; Inga Ferro; Loreto Bodrogi; Isia Vann; Stenig Fusil; Hennie Osvaldo; Kanon Herrero; Varja Lagos; Minke Mies; Felix Resumir; Edvard Vann; Emile Arpa; Varro Awelon; Mat Bramar; Dante Coginian; Carla Forluniau; Linda Lagos; Cornelia Lais; Ruscella Mies Haber; Anda Ribera,54,gastech.com.kronos,GAStech-Kronos,1/14/2014 10:06,2014-01-14 10:06,Mandatory training,Mandatory training,
677,Lucas.Alcazar@gastech.com.kronos,Lucas Alcazar,gastech.com.kronos,GAStech-Kronos,Sven.Flecha@gastech.com.kronos; Isak.Baza@gastech.com.kronos,Sven Flecha; Isak Baza,2,gastech.com.kronos,GAStech-Kronos,1/14/2014 10:17,2014-01-14 10:17,Patch status,Patch status,
678,Varja.Lagos@gastech.com.kronos,Varja Lagos,gastech.com.kronos,GAStech-Kronos,Hideki.Cocinaro@gastech.com.kronos; Varja.Lagos@gastech.com.kronos; Isia.Vann@gastech.com.kronos,Hideki Cocinaro; Varja Lagos; Isia Vann,3,gastech.com.kronos,GAStech-Kronos,1/14/2014 10:24,2014-01-14 10:24,RE: Security procedures for January 20 VIP visit,Security procedures for January 20 VIP visit,security
679,Lucas.Alcazar@gastech.com.kronos,Lucas Alcazar,gastech.com.kronos,GAStech-Kronos,Lucas.Alcazar@gastech.com.kronos; Isak.Baza@gastech.com.kronos; Nils.Calixto@gastech.com.kronos; Sven.Flecha@gastech.com.kronos,Lucas Alcazar; Isak Baza; Nils Calixto; Sven Flecha,4,gastech.com.kronos,GAStech-Kronos,1/14/2014 10:49,2014-01-14 10:49,Seeing strange network activity,Seeing strange network activity,
680,Sven.Flecha@gastech.com.kronos,Sven Flecha,gastech.com.kronos,GAStech-Kronos,Sven.Flecha@gastech.com.kronos; Isak.Baza@gastech.com.kronos,Sven Flecha; Isak Baza,2,gastech.com.kronos,GAStech-Kronos,1/14/2014 11:11,2014-01-14 11:11,RE: Patch status,Patch status,
681,Varja.Lagos@gastech.com.kronos,Varja Lagos,gastech.com.kronos,GAStech-Kronos,Hideki.Cocinaro@gastech.com.kronos; Varja.Lagos@gastech.com.kronos; Isia.Vann@gastech.com.kronos,Hideki Cocinaro; Varja Lagos; Isia Vann,3,gastech.com.kronos,GAStech-Kronos,1/14/2014 11:18,2014-01-14 11:18,RE: Security procedures for January 20 VIP visit,Security procedures for January 20 VIP visit,security
682,Lars.Azada@gastech.com.kronos,Lars Azada,gastech.com.kronos,GAStech-Kronos,Anda.Ribera@gastech.com.kronos,Anda Ribera,1,gastech.com.kronos,GAStech-Kronos,1/14/2014 11:19,2014-01-14 11:19,Whos tracking the office pool,Whos tracking the office pool,
683,Isak.Baza@gastech.com.kronos,Isak Baza,gastech.com.kronos,GAStech-Kronos,Lucas.Alcazar@gastech.com.kronos; Isak.Baza@gastech.com.kronos; Nils.Calixto@gastech.com.kronos; Sven.Flecha@gastech.com.kronos,Lucas Alcazar; Isak Baza; Nils Calixto; Sven Flecha,4,gastech.com.kronos,GAStech-Kronos,1/14/2014 11:19,2014-01-14 11:19,RE: Action: Review network logs,Action: Review network logs,
684,Nils.Calixto@gastech.com.kronos,Nils Calixto,gastech.com.kronos,GAStech-Kronos,Lucas.Alcazar@gastech.com.kronos; Isak.Baza@gastech.com.kronos; Nils.Calixto@gastech.com.kronos; Sven.Flecha@gastech.com.kronos,Lucas Alcazar; Isak Baza; Nils Calixto; Sven Flecha,4,gastech.com.kronos,GAStech-Kronos,1/14/2014 11:21,2014-01-14 11:21,RE: Seeing strange network activity,Seeing strange network activity,
685,Isak.Baza@gastech.com.kronos,Isak Baza,gastech.com.kronos,GAStech-Kronos,Lucas.Alcazar@gastech.com.kronos; Isak.Baza@gastech.com.kronos; Nils.Calixto@gastech.com.kronos; Sven.Flecha@gastech.com.kronos,Lucas Alcazar; Isak Baza; Nils Calixto; Sven Flecha,4,gastech.com.kronos,GAStech-Kronos,1/14/2014 11:25,2014-01-14 11:25,RE: Seeing strange network activity,Seeing strange network activity,
686,Hideki.Cocinaro@gastech.com.kronos,Hideki Cocinaro,gastech.com.kronos,GAStech-Kronos,Hideki.Cocinaro@gastech.com.kronos; Varja.Lagos@gastech.com.kronos; Isia.Vann@gastech.com.kronos,Hideki Cocinaro; Varja Lagos; Isia Vann,3,gastech.com.kronos,GAStech-Kronos,1/14/2014 11:26,2014-01-14 11:26,RE: Security procedures for January 20 VIP visit,Security procedures for January 20 VIP visit,security
687,Isak.Baza@gastech.com.kronos,Isak Baza,gastech.com.kronos,GAStech-Kronos,Sven.Flecha@gastech.com.kronos; Isak.Baza@gastech.com.kronos,Sven Flecha; Isak Baza,2,gastech.com.kronos,GAStech-Kronos,1/14/2014 11:27,2014-01-14 11:27,RE: Patch status,Patch status,
688,Sven.Flecha@gastech.com.kronos,Sven Flecha,gastech.com.kronos,GAStech-Kronos,Lucas.Alcazar@gastech.com.kronos; Isak.Baza@gastech.com.kronos; Nils.Calixto@gastech.com.kronos; Sven.Flecha@gastech.com.kronos,Lucas Alcazar; Isak Baza; Nils Calixto; Sven Flecha,4,gastech.com.kronos,GAStech-Kronos,1/14/2014 11:31,2014-01-14 11:31,RE: Action: Review network logs,Action: Review network logs,
689,Isak.Baza@gastech.com.kronos,Isak Baza,gastech.com.kronos,GAStech-Kronos,Sven.Flecha@gastech.com.kronos; Isak.Baza@gastech.com.kronos,Sven Flecha; Isak Baza,2,gastech.com.kronos,GAStech-Kronos,1/14/2014 11:32,2014-01-14 11:32,RE: Patch status,Patch status,
690,Isak.Baza@gastech.com.kronos,Isak Baza,gastech.com.kronos,GAStech-Kronos,Lucas.Alcazar@gastech.com.kronos; Isak.Baza@gastech.com.kronos; Nils.Calixto@gastech.com.kronos; Sven.Flecha@gastech.com.kronos,Lucas Alcazar; Isak Baza; Nils Calixto; Sven Flecha,4,gastech.com.kronos,GAStech-Kronos,1/14/2014 11:34,2014-01-14 11:34,RE: Action: Review network logs,Action: Review network logs,
691,Nils.Calixto@gastech.com.kronos,Nils Calixto,gastech.com.kronos,GAStech-Kronos,Lucas.Alcazar@gastech.com.kronos; Isak.Baza@gastech.com.kronos; Nils.Calixto@gastech.com.kronos; Sven.Flecha@gastech.com.kronos,Lucas Alcazar; Isak Baza; Nils Calixto; Sven Flecha,4,gastech.com.kronos,GAStech-Kronos,1/14/2014 11:36,2014-01-14 11:36,RE: Action: Review network logs,Action: Review network logs,
692,Isak.Baza@gastech.com.kronos,Isak Baza,gastech.com.kronos,GAStech-Kronos,Lucas.Alcazar@gastech.com.kronos; Isak.Baza@gastech.com.kronos; Nils.Calixto@gastech.com.kronos; Sven.Flecha@gastech.com.kronos,Lucas Alcazar; Isak Baza; Nils Calixto; Sven Flecha,4,gastech.com.kronos,GAStech-Kronos,1/14/2014 11:43,2014-01-14 11:43,Take a look at this,Take a look at this,
693,Ruscella.Mies.Haber@gastech.com.kronos,Ruscella Mies Haber,gastech.com.kronos,GAStech-Kronos,Rachel.Pantanal@gastech.com.kronos; Lars.Azada@gastech.com.kronos; Felix.Balas@gastech.com.kronos; Isande.Borrasca@gastech.com.kronos; Axel.Calzas@gastech.com.kronos; Gustav.Cazar@gastech.com.kronos; Lidelse.Dedos@gastech.com.kronos; Birgitta.Frente@gastech.com.kronos; Vira.Frente@gastech.com.kronos; Adra.Nubarron@gastech.com.kronos; Marin.Onda@gastech.com.kronos; Kare.Orilla@gastech.com.kronos; Elsa.Orilla@gastech.com.kronos; Brand.Tempestad@gastech.com.kronos; Ingrid.Barranco@gastech.com.kronos; Ada.Campo-Corrente@gastech.com.kronos; Sten.Sanjorge Jr.@gastech.com.kronos; Orhan.Strum@gastech.com.kronos; Willem.Vasco-Pais@gastech.com.kronos; Bertrand.Ovan@gastech.com.kronos; Albina.Hafon@gastech.com.kronos; Benito.Hawelon@gastech.com.kronos; Claudio.Hawelon@gastech.com.kronos; Henk.Mies@gastech.com.kronos; Valeria.Morlun@gastech.com.kronos; Adan.Morlun@gastech.com.kronos; Cecilia.Morluniau@gastech.com.kronos; Irene.Nant@gastech.com.kronos; Dylan.Scozzese@gastech.com.kronos; Lucas.Alcazar@gastech.com.kronos; Isak.Baza@gastech.com.kronos; Linnea.Bergen@gastech.com.kronos; Nils.Calixto@gastech.com.kronos; Sven.Flecha@gastech.com.kronos; Hideki.Cocinaro@gastech.com.kronos; Inga.Ferro@gastech.com.kronos; Loreto.Bodrogi@gastech.com.kronos; Isia.Vann@gastech.com.kronos; Stenig.Fusil@gastech.com.kronos; Hennie.Osvaldo@gastech.com.kronos; Kanon.Herrero@gastech.com.kronos; Varja.Lagos@gastech.com.kronos; Minke.Mies@gastech.com.kronos; Felix.Resumir@gastech.com.kronos; Edvard.Vann@gastech.com.kronos; Emile.Arpa@gastech.com.kronos; Varro.Awelon@gastech.com.kronos; Mat.Bramar@gastech.com.kronos; Dante.Coginian@gastech.com.kronos; Carla.Forluniau@gastech.com.kronos; Linda.Lagos@gastech.com.kronos; Cornelia.Lais@gastech.com.kronos; Ruscella.Mies.Haber@gastech.com.kronos; Anda.Ribera@gastech.com.kronos,Rachel Pantanal; Lars Azada; Felix Balas; Isande Borrasca; Axel Calzas; Gustav Cazar; Lidelse Dedos; Birgitta Frente; Vira Frente; Adra Nubarron; Marin Onda; Kare Orilla; Elsa Orilla; Brand Tempestad; Ingrid Barranco; Ada Campo-Corrente; Sten Sanjorge Jr ; Orhan Strum; Willem Vasco-Pais; Bertrand Ovan; Albina Hafon; Benito Hawelon; Claudio Hawelon; Henk Mies; Valeria Morlun; Adan Morlun; Cecilia Morluniau; Irene Nant; Dylan Scozzese; Lucas Alcazar; Isak Baza; Linnea Bergen; Nils Calixto; Sven Flecha; Hideki Cocinaro; Inga Ferro; Loreto Bodrogi; Isia Vann; Stenig Fusil; Hennie Osvaldo; Kanon Herrero; Varja Lagos; Minke Mies; Felix Resumir; Edvard Vann; Emile Arpa; Varro Awelon; Mat Bramar; Dante Coginian; Carla Forluniau; Linda Lagos; Cornelia Lais; Ruscella Mies Haber; Anda Ribera,54,gastech.com.kronos,GAStech-Kronos,1/14/2014 12:04,2014-01-14 12:04,Daily morning announcements,Daily morning announcements,
694,Isak.Baza@gastech.com.kronos,Isak Baza,gastech.com.kronos,GAStech-Kronos,Lucas.Alcazar@gastech.com.kronos; Isak.Baza@gastech.com.kronos; Nils.Calixto@gastech.com.kronos; Sven.Flecha@gastech.com.kronos,Lucas Alcazar; Isak Baza; Nils Calixto; Sven Flecha,4,gastech.com.kronos,GAStech-Kronos,1/14/2014 12:05,2014-01-14 12:05,Man your battlestations!,Man your battlestations!,
695,Isia.Vann@gastech.com.kronos,Isia Vann,gastech.com.kronos,GAStech-Kronos,Hideki.Cocinaro@gastech.com.kronos; Varja.Lagos@gastech.com.kronos; Isia.Vann@gastech.com.kronos,Hideki Cocinaro; Varja Lagos; Isia Vann,3,gastech.com.kronos,GAStech-Kronos,1/14/2014 12:11,2014-01-14 12:11,RE: Security procedures for January 20 VIP visit,Security procedures for January 20 VIP visit,security
696,Bertrand.Ovan@gastech.com.kronos,Bertrand Ovan,gastech.com.kronos,GAStech-Kronos,Emile.Arpa@gastech.com.kronos; Varro.Awelon@gastech.com.kronos; Dante.Coginian@gastech.com.kronos; Albina.Hafon@gastech.com.kronos; Benito.Hawelon@gastech.com.kronos; Claudio.Hawelon@gastech.com.kronos; Henk.Mies@gastech.com.kronos; Valeria.Morlun@gastech.com.kronos; Adan.Morlun@gastech.com.kronos; Cecilia.Morluniau@gastech.com.kronos; Irene.Nant@gastech.com.kronos; Dylan.Scozzese@gastech.com.kronos,Emile Arpa; Varro Awelon; Dante Coginian; Albina Hafon; Benito Hawelon; Claudio Hawelon; Henk Mies; Valeria Morlun; Adan Morlun; Cecilia Morluniau; Irene Nant; Dylan Scozzese,12,gastech.com.kronos,GAStech-Kronos,1/14/2014 12:22,2014-01-14 12:22,Be Careful!,Be Careful!,
697,Loreto.Bodrogi@gastech.com.kronos,Loreto Bodrogi,gastech.com.kronos,GAStech-Kronos,Rachel.Pantanal@gastech.com.kronos; Lars.Azada@gastech.com.kronos; Felix.Balas@gastech.com.kronos; Isande.Borrasca@gastech.com.kronos; Axel.Calzas@gastech.com.kronos; Gustav.Cazar@gastech.com.kronos; Lidelse.Dedos@gastech.com.kronos; Birgitta.Frente@gastech.com.kronos; Vira.Frente@gastech.com.kronos; Adra.Nubarron@gastech.com.kronos; Marin.Onda@gastech.com.kronos; Kare.Orilla@gastech.com.kronos; Elsa.Orilla@gastech.com.kronos; Brand.Tempestad@gastech.com.kronos; Ingrid.Barranco@gastech.com.kronos; Ada.Campo-Corrente@gastech.com.kronos; Sten.Sanjorge Jr.@gastech.com.kronos; Orhan.Strum@gastech.com.kronos; Willem.Vasco-Pais@gastech.com.kronos; Bertrand.Ovan@gastech.com.kronos; Albina.Hafon@gastech.com.kronos; Benito.Hawelon@gastech.com.kronos; Claudio.Hawelon@gastech.com.kronos; Henk.Mies@gastech.com.kronos; Valeria.Morlun@gastech.com.kronos; Adan.Morlun@gastech.com.kronos; Cecilia.Morluniau@gastech.com.kronos; Irene.Nant@gastech.com.kronos; Dylan.Scozzese@gastech.com.kronos; Lucas.Alcazar@gastech.com.kronos; Isak.Baza@gastech.com.kronos; Linnea.Bergen@gastech.com.kronos; Nils.Calixto@gastech.com.kronos; Sven.Flecha@gastech.com.kronos; Hideki.Cocinaro@gastech.com.kronos; Inga.Ferro@gastech.com.kronos; Loreto.Bodrogi@gastech.com.kronos; Isia.Vann@gastech.com.kronos; Stenig.Fusil@gastech.com.kronos; Hennie.Osvaldo@gastech.com.kronos; Kanon.Herrero@gastech.com.kronos; Varja.Lagos@gastech.com.kronos; Minke.Mies@gastech.com.kronos; Felix.Resumir@gastech.com.kronos; Edvard.Vann@gastech.com.kronos; Emile.Arpa@gastech.com.kronos; Varro.Awelon@gastech.com.kronos; Mat.Bramar@gastech.com.kronos; Dante.Coginian@gastech.com.kronos; Carla.Forluniau@gastech.com.kronos; Linda.Lagos@gastech.com.kronos; Cornelia.Lais@gastech.com.kronos; Ruscella.Mies.Haber@gastech.com.kronos; Anda.Ribera@gastech.com.kronos,Rachel Pantanal; Lars Azada; Felix Balas; Isande Borrasca; Axel Calzas; Gustav Cazar; Lidelse Dedos; Birgitta Frente; Vira Frente; Adra Nubarron; Marin Onda; Kare Orilla; Elsa Orilla; Brand Tempestad; Ingrid Barranco; Ada Campo-Corrente; Sten Sanjorge Jr ; Orhan Strum; Willem Vasco-Pais; Bertrand Ovan; Albina Hafon; Benito Hawelon; Claudio Hawelon; Henk Mies; Valeria Morlun; Adan Morlun; Cecilia Morluniau; Irene Nant; Dylan Scozzese; Lucas Alcazar; Isak Baza; Linnea Bergen; Nils Calixto; Sven Flecha; Hideki Cocinaro; Inga Ferro; Loreto Bodrogi; Isia Vann; Stenig Fusil; Hennie Osvaldo; Kanon Herrero; Varja Lagos; Minke Mies; Felix Resumir; Edvard Vann; Emile Arpa; Varro Awelon; Mat Bramar; Dante Coginian; Carla Forluniau; Linda Lagos; Cornelia Lais; Ruscella Mies Haber; Anda Ribera,54,gastech.com.kronos,GAStech-Kronos,1/14/2014 12:29,2014-01-14 12:29,RE: Mandatory training,Mandatory training,
698,Inga.Ferro@gastech.com.kronos,Inga Ferro,gastech.com.kronos,GAStech-Kronos,Stenig.Fusil@gastech.com.kronos,Stenig Fusil,1,gastech.com.kronos,GAStech-Kronos,1/14/2014 12:35,2014-01-14 12:35,Plants,Plants,
699,Linda.Lagos@gastech.com.kronos,Linda Lagos,gastech.com.kronos,GAStech-Kronos,Mat.Bramar@gastech.com.kronos; Anda.Ribera@gastech.com.kronos; Rachel.Pantanal@gastech.com.kronos; Linda.Lagos@gastech.com.kronos; Ruscella.Mies.Haber@gastech.com.kronos; Carla.Forluniau@gastech.com.kronos; Cornelia.Lais@gastech.com.kronos,Mat Bramar; Anda Ribera; Rachel Pantanal; Linda Lagos; Ruscella Mies Haber; Carla Forluniau; Cornelia Lais,7,gastech.com.kronos,GAStech-Kronos,1/14/2014 12:35,2014-01-14 12:35,Babysitting recommendations,Babysitting recommendations,
700,Anda.Ribera@gastech.com.kronos,Anda Ribera,gastech.com.kronos,GAStech-Kronos,Mat.Bramar@gastech.com.kronos; Anda.Ribera@gastech.com.kronos; Rachel.Pantanal@gastech.com.kronos; Linda.Lagos@gastech.com.kronos; Ruscella.Mies.Haber@gastech.com.kronos; Carla.Forluniau@gastech.com.kronos; Cornelia.Lais@gastech.com.kronos,Mat Bramar; Anda Ribera; Rachel Pantanal; Linda Lagos; Ruscella Mies Haber; Carla Forluniau; Cornelia Lais,7,gastech.com.kronos,GAStech-Kronos,1/14/2014 12:37,2014-01-14 12:37,Too funy - you have to see this...,Too funy - you have to see this...,
701,Henk.Mies@gastech.com.kronos,Henk Mies,gastech.com.kronos,GAStech-Kronos,Adan.Morlun@gastech.com.kronos; Henk.Mies@gastech.com.kronos; Benito.Hawelon@gastech.com.kronos,Adan Morlun; Henk Mies; Benito Hawelon,3,gastech.com.kronos,GAStech-Kronos,1/14/2014 12:43,2014-01-14 12:43,"Guys night out - sorry, ladies","Guys night out - sorry, ladies",
702,Isak.Baza@gastech.com.kronos,Isak Baza,gastech.com.kronos,GAStech-Kronos,Lucas.Alcazar@gastech.com.kronos; Isak.Baza@gastech.com.kronos; Nils.Calixto@gastech.com.kronos; Sven.Flecha@gastech.com.kronos,Lucas Alcazar; Isak Baza; Nils Calixto; Sven Flecha,4,gastech.com.kronos,GAStech-Kronos,1/14/2014 12:46,2014-01-14 12:46,Can someone verify this behavior?,Can someone verify this behavior?,
703,Sven.Flecha@gastech.com.kronos,Sven Flecha,gastech.com.kronos,GAStech-Kronos,Lucas.Alcazar@gastech.com.kronos; Isak.Baza@gastech.com.kronos; Nils.Calixto@gastech.com.kronos; Sven.Flecha@gastech.com.kronos,Lucas Alcazar; Isak Baza; Nils Calixto; Sven Flecha,4,gastech.com.kronos,GAStech-Kronos,1/14/2014 12:48,2014-01-14 12:48,RE: Man your battlestations!,Man your battlestations!,
704,Lucas.Alcazar@gastech.com.kronos,Lucas Alcazar,gastech.com.kronos,GAStech-Kronos,Rachel.Pantanal@gastech.com.kronos; Lars.Azada@gastech.com.kronos; Felix.Balas@gastech.com.kronos; Isande.Borrasca@gastech.com.kronos; Axel.Calzas@gastech.com.kronos; Gustav.Cazar@gastech.com.kronos; Lidelse.Dedos@gastech.com.kronos; Birgitta.Frente@gastech.com.kronos; Vira.Frente@gastech.com.kronos; Adra.Nubarron@gastech.com.kronos; Marin.Onda@gastech.com.kronos; Kare.Orilla@gastech.com.kronos; Elsa.Orilla@gastech.com.kronos; Brand.Tempestad@gastech.com.kronos; Ingrid.Barranco@gastech.com.kronos; Ada.Campo-Corrente@gastech.com.kronos; Sten.Sanjorge Jr.@gastech.com.kronos; Orhan.Strum@gastech.com.kronos; Willem.Vasco-Pais@gastech.com.kronos; Bertrand.Ovan@gastech.com.kronos; Albina.Hafon@gastech.com.kronos; Benito.Hawelon@gastech.com.kronos; Claudio.Hawelon@gastech.com.kronos; Henk.Mies@gastech.com.kronos; Valeria.Morlun@gastech.com.kronos; Adan.Morlun@gastech.com.kronos; Cecilia.Morluniau@gastech.com.kronos; Irene.Nant@gastech.com.kronos; Dylan.Scozzese@gastech.com.kronos; Lucas.Alcazar@gastech.com.kronos; Isak.Baza@gastech.com.kronos; Linnea.Bergen@gastech.com.kronos; Nils.Calixto@gastech.com.kronos; Sven.Flecha@gastech.com.kronos; Hideki.Cocinaro@gastech.com.kronos; Inga.Ferro@gastech.com.kronos; Loreto.Bodrogi@gastech.com.kronos; Isia.Vann@gastech.com.kronos; Stenig.Fusil@gastech.com.kronos; Hennie.Osvaldo@gastech.com.kronos; Kanon.Herrero@gastech.com.kronos; Varja.Lagos@gastech.com.kronos; Minke.Mies@gastech.com.kronos; Felix.Resumir@gastech.com.kronos; Edvard.Vann@gastech.com.kronos; Emile.Arpa@gastech.com.kronos; Varro.Awelon@gastech.com.kronos; Mat.Bramar@gastech.com.kronos; Dante.Coginian@gastech.com.kronos; Carla.Forluniau@gastech.com.kronos; Linda.Lagos@gastech.com.kronos; Cornelia.Lais@gastech.com.kronos; Ruscella.Mies.Haber@gastech.com.kronos; Anda.Ribera@gastech.com.kronos,Rachel Pantanal; Lars Azada; Felix Balas; Isande Borrasca; Axel Calzas; Gustav Cazar; Lidelse Dedos; Birgitta Frente; Vira Frente; Adra Nubarron; Marin Onda; Kare Orilla; Elsa Orilla; Brand Tempestad; Ingrid Barranco; Ada Campo-Corrente; Sten Sanjorge Jr ; Orhan Strum; Willem Vasco-Pais; Bertrand Ovan; Albina Hafon; Benito Hawelon; Claudio Hawelon; Henk Mies; Valeria Morlun; Adan Morlun; Cecilia Morluniau; Irene Nant; Dylan Scozzese; Lucas Alcazar; Isak Baza; Linnea Bergen; Nils Calixto; Sven Flecha; Hideki Cocinaro; Inga Ferro; Loreto Bodrogi; Isia Vann; Stenig Fusil; Hennie Osvaldo; Kanon Herrero; Varja Lagos; Minke Mies; Felix Resumir; Edvard Vann; Emile Arpa; Varro Awelon; Mat Bramar; Dante Coginian; Carla Forluniau; Linda Lagos; Cornelia Lais; Ruscella Mies Haber; Anda Ribera,54,gastech.com.kronos,GAStech-Kronos,1/14/2014 12:57,2014-01-14 12:57,RE: Mandatory training,Mandatory training,
705,Sven.Flecha@gastech.com.kronos,Sven Flecha,gastech.com.kronos,GAStech-Kronos,Lucas.Alcazar@gastech.com.kronos; Isak.Baza@gastech.com.kronos; Nils.Calixto@gastech.com.kronos; Sven.Flecha@gastech.com.kronos,Lucas Alcazar; Isak Baza; Nils Calixto; Sven Flecha,4,gastech.com.kronos,GAStech-Kronos,1/14/2014 12:58,2014-01-14 12:58,RE: Action: Review network logs,Action: Review network logs,
706,Sven.Flecha@gastech.com.kronos,Sven Flecha,gastech.com.kronos,GAStech-Kronos,Lucas.Alcazar@gastech.com.kronos; Isak.Baza@gastech.com.kronos; Nils.Calixto@gastech.com.kronos; Sven.Flecha@gastech.com.kronos,Lucas Alcazar; Isak Baza; Nils Calixto; Sven Flecha,4,gastech.com.kronos,GAStech-Kronos,1/14/2014 13:01,2014-01-14 13:01,RE: Man your battlestations!,Man your battlestations!,
707,Willem.Vasco-Pais@gastech.com.kronos,Willem Vasco-Pais,gastech.com.kronos,GAStech-Kronos,Sten.Sanjorge Jr.@gastech.com.tethys; Willem.Vasco-Pais@gastech.com.kronos,Sten Sanjorge Jr ; Willem Vasco-Pais,2,gastech.com.kronos; gastech.com.tethys,GAStech-Kronos; GAStech-Tethys,1/14/2014 13:07,2014-01-14 13:07,Operational efficiencies,Operational efficiencies,
708,Isak.Baza@gastech.com.kronos,Isak Baza,gastech.com.kronos,GAStech-Kronos,Lucas.Alcazar@gastech.com.kronos; Isak.Baza@gastech.com.kronos; Nils.Calixto@gastech.com.kronos; Sven.Flecha@gastech.com.kronos,Lucas Alcazar; Isak Baza; Nils Calixto; Sven Flecha,4,gastech.com.kronos,GAStech-Kronos,1/14/2014 13:12,2014-01-14 13:12,RE: Man your battlestations!,Man your battlestations!,
709,Rachel.Pantanal@gastech.com.kronos,Rachel Pantanal,gastech.com.kronos,GAStech-Kronos,Mat.Bramar@gastech.com.kronos; Anda.Ribera@gastech.com.kronos; Rachel.Pantanal@gastech.com.kronos; Linda.Lagos@gastech.com.kronos; Ruscella.Mies.Haber@gastech.com.kronos; Carla.Forluniau@gastech.com.kronos; Cornelia.Lais@gastech.com.kronos,Mat Bramar; Anda Ribera; Rachel Pantanal; Linda Lagos; Ruscella Mies Haber; Carla Forluniau; Cornelia Lais,7,gastech.com.kronos,GAStech-Kronos,1/14/2014 13:15,2014-01-14 13:15,Training opportunity,Training opportunity,
710,Orhan.Strum@gastech.com.kronos,Orhan Strum,gastech.com.kronos,GAStech-Kronos,Willem.Vasco-Pais@gastech.com.kronos; Orhan.Strum@gastech.com.kronos,Willem Vasco-Pais; Orhan Strum,2,gastech.com.kronos,GAStech-Kronos,1/14/2014 13:15,2014-01-14 13:15,Maximizing quarterly profits,Maximizing quarterly profits,business
711,Bertrand.Ovan@gastech.com.kronos,Bertrand Ovan,gastech.com.kronos,GAStech-Kronos,Emile.Arpa@gastech.com.kronos; Varro.Awelon@gastech.com.kronos; Dante.Coginian@gastech.com.kronos; Albina.Hafon@gastech.com.kronos; Benito.Hawelon@gastech.com.kronos; Claudio.Hawelon@gastech.com.kronos; Henk.Mies@gastech.com.kronos; Valeria.Morlun@gastech.com.kronos; Adan.Morlun@gastech.com.kronos; Cecilia.Morluniau@gastech.com.kronos; Irene.Nant@gastech.com.kronos; Dylan.Scozzese@gastech.com.kronos,Emile Arpa; Varro Awelon; Dante Coginian; Albina Hafon; Benito Hawelon; Claudio Hawelon; Henk Mies; Valeria Morlun; Adan Morlun; Cecilia Morluniau; Irene Nant; Dylan Scozzese,12,gastech.com.kronos,GAStech-Kronos,1/14/2014 13:17,2014-01-14 13:17,Facilities preparations for VIP visit,Facilities preparations for VIP visit,security
712,Nils.Calixto@gastech.com.kronos,Nils Calixto,gastech.com.kronos,GAStech-Kronos,Lucas.Alcazar@gastech.com.kronos; Isak.Baza@gastech.com.kronos; Nils.Calixto@gastech.com.kronos; Sven.Flecha@gastech.com.kronos,Lucas Alcazar; Isak Baza; Nils Calixto; Sven Flecha,4,gastech.com.kronos,GAStech-Kronos,1/14/2014 13:20,2014-01-14 13:20,RE: Take a look at this,Take a look at this,
713,Nils.Calixto@gastech.com.kronos,Nils Calixto,gastech.com.kronos,GAStech-Kronos,Lucas.Alcazar@gastech.com.kronos; Isak.Baza@gastech.com.kronos; Nils.Calixto@gastech.com.kronos; Sven.Flecha@gastech.com.kronos,Lucas Alcazar; Isak Baza; Nils Calixto; Sven Flecha,4,gastech.com.kronos,GAStech-Kronos,1/14/2014 13:27,2014-01-14 13:27,RE: Man your battlestations!,Man your battlestations!,
714,Nils.Calixto@gastech.com.kronos,Nils Calixto,gastech.com.kronos,GAStech-Kronos,Lucas.Alcazar@gastech.com.kronos; Isak.Baza@gastech.com.kronos; Nils.Calixto@gastech.com.kronos; Sven.Flecha@gastech.com.kronos,Lucas Alcazar; Isak Baza; Nils Calixto; Sven Flecha,4,gastech.com.kronos,GAStech-Kronos,1/14/2014 13:34,2014-01-14 13:34,RE: Man your battlestations!,Man your battlestations!,
715,Anda.Ribera@gastech.com.kronos,Anda Ribera,gastech.com.kronos,GAStech-Kronos,Lars.Azada@gastech.com.kronos,Lars Azada,1,gastech.com.kronos,GAStech-Kronos,1/14/2014 13:35,2014-01-14 13:35,RE: Whos tracking the office pool,Whos tracking the office pool,
716,Sven.Flecha@gastech.com.kronos,Sven Flecha,gastech.com.kronos,GAStech-Kronos,Lucas.Alcazar@gastech.com.kronos; Isak.Baza@gastech.com.kronos; Nils.Calixto@gastech.com.kronos; Sven.Flecha@gastech.com.kronos,Lucas Alcazar; Isak Baza; Nils Calixto; Sven Flecha,4,gastech.com.kronos,GAStech-Kronos,1/14/2014 13:35,2014-01-14 13:35,RE: Seeing strange network activity,Seeing strange network activity,
717,Nils.Calixto@gastech.com.kronos,Nils Calixto,gastech.com.kronos,GAStech-Kronos,Lucas.Alcazar@gastech.com.kronos; Isak.Baza@gastech.com.kronos; Nils.Calixto@gastech.com.kronos; Sven.Flecha@gastech.com.kronos,Lucas Alcazar; Isak Baza; Nils Calixto; Sven Flecha,4,gastech.com.kronos,GAStech-Kronos,1/14/2014 13:38,2014-01-14 13:38,RE: Can someone verify this behavior?,Can someone verify this behavior?,
718,Willem.Vasco-Pais@gastech.com.kronos,Willem Vasco-Pais,gastech.com.kronos,GAStech-Kronos,Ada.Campo-Corrente@gastech.com.kronos; Orhan.Strum@gastech.com.kronos; Willem.Vasco-Pais@gastech.com.kronos; Ingrid.Barranco@gastech.com.kronos,Ada Campo-Corrente; Orhan Strum; Willem Vasco-Pais; Ingrid Barranco,4,gastech.com.kronos,GAStech-Kronos,1/14/2014 13:39,2014-01-14 13:39,Impact of local politics on profit margin,Impact of local politics on profit margin,business
719,Adan.Morlun@gastech.com.kronos,Adan Morlun,gastech.com.kronos,GAStech-Kronos,Rachel.Pantanal@gastech.com.kronos; Lars.Azada@gastech.com.kronos; Felix.Balas@gastech.com.kronos; Isande.Borrasca@gastech.com.kronos; Axel.Calzas@gastech.com.kronos; Gustav.Cazar@gastech.com.kronos; Lidelse.Dedos@gastech.com.kronos; Birgitta.Frente@gastech.com.kronos; Vira.Frente@gastech.com.kronos; Adra.Nubarron@gastech.com.kronos; Marin.Onda@gastech.com.kronos; Kare.Orilla@gastech.com.kronos; Elsa.Orilla@gastech.com.kronos; Brand.Tempestad@gastech.com.kronos; Ingrid.Barranco@gastech.com.kronos; Ada.Campo-Corrente@gastech.com.kronos; Sten.Sanjorge Jr.@gastech.com.kronos; Orhan.Strum@gastech.com.kronos; Willem.Vasco-Pais@gastech.com.kronos; Bertrand.Ovan@gastech.com.kronos; Albina.Hafon@gastech.com.kronos; Benito.Hawelon@gastech.com.kronos; Claudio.Hawelon@gastech.com.kronos; Henk.Mies@gastech.com.kronos; Valeria.Morlun@gastech.com.kronos; Adan.Morlun@gastech.com.kronos; Cecilia.Morluniau@gastech.com.kronos; Irene.Nant@gastech.com.kronos; Dylan.Scozzese@gastech.com.kronos; Lucas.Alcazar@gastech.com.kronos; Isak.Baza@gastech.com.kronos; Linnea.Bergen@gastech.com.kronos; Nils.Calixto@gastech.com.kronos; Sven.Flecha@gastech.com.kronos; Hideki.Cocinaro@gastech.com.kronos; Inga.Ferro@gastech.com.kronos; Loreto.Bodrogi@gastech.com.kronos; Isia.Vann@gastech.com.kronos; Stenig.Fusil@gastech.com.kronos; Hennie.Osvaldo@gastech.com.kronos; Kanon.Herrero@gastech.com.kronos; Varja.Lagos@gastech.com.kronos; Minke.Mies@gastech.com.kronos; Felix.Resumir@gastech.com.kronos; Edvard.Vann@gastech.com.kronos; Emile.Arpa@gastech.com.kronos; Varro.Awelon@gastech.com.kronos; Mat.Bramar@gastech.com.kronos; Dante.Coginian@gastech.com.kronos; Carla.Forluniau@gastech.com.kronos; Linda.Lagos@gastech.com.kronos; Cornelia.Lais@gastech.com.kronos; Ruscella.Mies.Haber@gastech.com.kronos; Anda.Ribera@gastech.com.kronos,Rachel Pantanal; Lars Azada; Felix Balas; Isande Borrasca; Axel Calzas; Gustav Cazar; Lidelse Dedos; Birgitta Frente; Vira Frente; Adra Nubarron; Marin Onda; Kare Orilla; Elsa Orilla; Brand Tempestad; Ingrid Barranco; Ada Campo-Corrente; Sten Sanjorge Jr ; Orhan Strum; Willem Vasco-Pais; Bertrand Ovan; Albina Hafon; Benito Hawelon; Claudio Hawelon; Henk Mies; Valeria Morlun; Adan Morlun; Cecilia Morluniau; Irene Nant; Dylan Scozzese; Lucas Alcazar; Isak Baza; Linnea Bergen; Nils Calixto; Sven Flecha; Hideki Cocinaro; Inga Ferro; Loreto Bodrogi; Isia Vann; Stenig Fusil; Hennie Osvaldo; Kanon Herrero; Varja Lagos; Minke Mies; Felix Resumir; Edvard Vann; Emile Arpa; Varro Awelon; Mat Bramar; Dante Coginian; Carla Forluniau; Linda Lagos; Cornelia Lais; Ruscella Mies Haber; Anda Ribera,54,gastech.com.kronos,GAStech-Kronos,1/14/2014 13:41,2014-01-14 13:41,RE: Mandatory training,Mandatory training,
720,Isande.Borrasca@gastech.com.kronos,Isande Borrasca,gastech.com.kronos,GAStech-Kronos,Vira.Frente@gastech.com.kronos; Felix.Balas@gastech.com.kronos; Axel.Calzas@gastech.com.kronos,Vira Frente; Felix Balas; Axel Calzas,3,gastech.com.kronos,GAStech-Kronos,1/14/2014 13:43,2014-01-14 13:43,Wellhead flow rate data,Wellhead flow rate data,environment
721,Orhan.Strum@gastech.com.kronos,Orhan Strum,gastech.com.kronos,GAStech-Kronos,Willem.Vasco-Pais@gastech.com.kronos; Orhan.Strum@gastech.com.kronos,Willem Vasco-Pais; Orhan Strum,2,gastech.com.kronos,GAStech-Kronos,1/14/2014 13:43,2014-01-14 13:43,RE: Maximizing quarterly profits,Maximizing quarterly profits,business
722,Isak.Baza@gastech.com.kronos,Isak Baza,gastech.com.kronos,GAStech-Kronos,Lucas.Alcazar@gastech.com.kronos; Isak.Baza@gastech.com.kronos; Nils.Calixto@gastech.com.kronos; Sven.Flecha@gastech.com.kronos,Lucas Alcazar; Isak Baza; Nils Calixto; Sven Flecha,4,gastech.com.kronos,GAStech-Kronos,1/14/2014 13:43,2014-01-14 13:43,RE: Man your battlestations!,Man your battlestations!,
723,Nils.Calixto@gastech.com.kronos,Nils Calixto,gastech.com.kronos,GAStech-Kronos,Lucas.Alcazar@gastech.com.kronos; Isak.Baza@gastech.com.kronos; Nils.Calixto@gastech.com.kronos; Sven.Flecha@gastech.com.kronos,Lucas Alcazar; Isak Baza; Nils Calixto; Sven Flecha,4,gastech.com.kronos,GAStech-Kronos,1/14/2014 13:43,2014-01-14 13:43,RE: Seeing strange network activity,Seeing strange network activity,
724,Albina.Hafon@gastech.com.kronos,Albina Hafon,gastech.com.kronos,GAStech-Kronos,Dylan.Scozzese@gastech.com.kronos; Claudio.Hawelon@gastech.com.kronos; Emile.Arpa@gastech.com.kronos; Irene.Nant@gastech.com.kronos,Dylan Scozzese; Claudio Hawelon; Emile Arpa; Irene Nant,4,gastech.com.kronos,GAStech-Kronos,1/14/2014 13:43,2014-01-14 13:43,Traffic advisory for today,Traffic advisory for today,
725,Orhan.Strum@gastech.com.kronos,Orhan Strum,gastech.com.kronos,GAStech-Kronos,Willem.Vasco-Pais@gastech.com.kronos; Orhan.Strum@gastech.com.kronos,Willem Vasco-Pais; Orhan Strum,2,gastech.com.kronos,GAStech-Kronos,1/14/2014 13:48,2014-01-14 13:48,RE: Maximizing quarterly profits,Maximizing quarterly profits,business
726,Lucas.Alcazar@gastech.com.kronos,Lucas Alcazar,gastech.com.kronos,GAStech-Kronos,Lucas.Alcazar@gastech.com.kronos; Isak.Baza@gastech.com.kronos; Nils.Calixto@gastech.com.kronos; Sven.Flecha@gastech.com.kronos,Lucas Alcazar; Isak Baza; Nils Calixto; Sven Flecha,4,gastech.com.kronos,GAStech-Kronos,1/14/2014 13:51,2014-01-14 13:51,RE: Seeing strange network activity,Seeing strange network activity,
727,Lucas.Alcazar@gastech.com.kronos,Lucas Alcazar,gastech.com.kronos,GAStech-Kronos,Lucas.Alcazar@gastech.com.kronos; Isak.Baza@gastech.com.kronos; Nils.Calixto@gastech.com.kronos; Sven.Flecha@gastech.com.kronos,Lucas Alcazar; Isak Baza; Nils Calixto; Sven Flecha,4,gastech.com.kronos,GAStech-Kronos,1/14/2014 14:00,2014-01-14 14:00,RE: Can someone verify this behavior?,Can someone verify this behavior?,
728,Lucas.Alcazar@gastech.com.kronos,Lucas Alcazar,gastech.com.kronos,GAStech-Kronos,Lucas.Alcazar@gastech.com.kronos; Isak.Baza@gastech.com.kronos; Nils.Calixto@gastech.com.kronos; Sven.Flecha@gastech.com.kronos,Lucas Alcazar; Isak Baza; Nils Calixto; Sven Flecha,4,gastech.com.kronos,GAStech-Kronos,1/14/2014 14:02,2014-01-14 14:02,RE: Can someone verify this behavior?,Can someone verify this behavior?,
729,Felix.Balas@gastech.com.kronos,Felix Balas,gastech.com.kronos,GAStech-Kronos,Vira.Frente@gastech.com.kronos; Felix.Balas@gastech.com.kronos; Axel.Calzas@gastech.com.kronos,Vira Frente; Felix Balas; Axel Calzas,3,gastech.com.kronos,GAStech-Kronos,1/14/2014 14:10,2014-01-14 14:10,RE: Wellhead flow rate data,Wellhead flow rate data,environment
730,Inga.Ferro@gastech.com.kronos,Inga Ferro,gastech.com.kronos,GAStech-Kronos,Minke.Mies@gastech.com.kronos,Minke Mies,1,gastech.com.kronos,GAStech-Kronos,1/14/2014 14:14,2014-01-14 14:14,Late for meeting,Late for meeting,
731,Lars.Azada@gastech.com.kronos,Lars Azada,gastech.com.kronos,GAStech-Kronos,Anda.Ribera@gastech.com.kronos,Anda Ribera,1,gastech.com.kronos,GAStech-Kronos,1/14/2014 14:15,2014-01-14 14:15,RE: Whos tracking the office pool,Whos tracking the office pool,
732,Sven.Flecha@gastech.com.kronos,Sven Flecha,gastech.com.kronos,GAStech-Kronos,Lucas.Alcazar@gastech.com.kronos; Isak.Baza@gastech.com.kronos; Nils.Calixto@gastech.com.kronos; Sven.Flecha@gastech.com.kronos,Lucas Alcazar; Isak Baza; Nils Calixto; Sven Flecha,4,gastech.com.kronos,GAStech-Kronos,1/14/2014 14:19,2014-01-14 14:19,RE: Take a look at this,Take a look at this,
733,Anda.Ribera@gastech.com.kronos,Anda Ribera,gastech.com.kronos,GAStech-Kronos,Lars.Azada@gastech.com.kronos,Lars Azada,1,gastech.com.kronos,GAStech-Kronos,1/14/2014 14:22,2014-01-14 14:22,RE: Whos tracking the office pool,Whos tracking the office pool,
734,Carla.Forluniau@gastech.com.kronos,Carla Forluniau,gastech.com.kronos,GAStech-Kronos,Mat.Bramar@gastech.com.kronos; Anda.Ribera@gastech.com.kronos; Rachel.Pantanal@gastech.com.kronos; Linda.Lagos@gastech.com.kronos; Ruscella.Mies.Haber@gastech.com.kronos; Carla.Forluniau@gastech.com.kronos; Cornelia.Lais@gastech.com.kronos,Mat Bramar; Anda Ribera; Rachel Pantanal; Linda Lagos; Ruscella Mies Haber; Carla Forluniau; Cornelia Lais,7,gastech.com.kronos,GAStech-Kronos,1/14/2014 14:22,2014-01-14 14:22,RE: Babysitting recommendations,Babysitting recommendations,
735,Vira.Frente@gastech.com.kronos,Vira Frente,gastech.com.kronos,GAStech-Kronos,Vira.Frente@gastech.com.kronos; Felix.Balas@gastech.com.kronos; Axel.Calzas@gastech.com.kronos,Vira Frente; Felix Balas; Axel Calzas,3,gastech.com.kronos,GAStech-Kronos,1/14/2014 14:23,2014-01-14 14:23,RE: Wellhead flow rate data,Wellhead flow rate data,environment
736,Linnea.Bergen@gastech.com.kronos,Linnea Bergen,gastech.com.kronos,GAStech-Kronos,Inga.Ferro@gastech.com.kronos; Loreto.Bodrogi@gastech.com.kronos; Isia.Vann@gastech.com.kronos; Hennie.Osvaldo@gastech.com.kronos; Minke.Mies@gastech.com.kronos; Ruscella.Mies.Haber@gastech.com.kronos,Inga Ferro; Loreto Bodrogi; Isia Vann; Hennie Osvaldo; Minke Mies; Ruscella Mies Haber,6,gastech.com.kronos,GAStech-Kronos,1/14/2014 14:33,2014-01-14 14:33,Action: Virus detected on your system,Action: Virus detected on your system,
737,Linnea.Bergen@gastech.com.kronos,Linnea Bergen,gastech.com.kronos,GAStech-Kronos,Inga.Ferro@gastech.com.kronos; Loreto.Bodrogi@gastech.com.kronos; Isia.Vann@gastech.com.kronos; Hennie.Osvaldo@gastech.com.kronos; Minke.Mies@gastech.com.kronos; Ruscella.Mies.Haber@gastech.com.kronos,Inga Ferro; Loreto Bodrogi; Isia Vann; Hennie Osvaldo; Minke Mies; Ruscella Mies Haber,6,gastech.com.kronos,GAStech-Kronos,1/14/2014 14:33,2014-01-14 14:33,Action: Virus detected on your system,Action: Virus detected on your system,
738,Linnea.Bergen@gastech.com.kronos,Linnea Bergen,gastech.com.kronos,GAStech-Kronos,Inga.Ferro@gastech.com.kronos; Loreto.Bodrogi@gastech.com.kronos; Isia.Vann@gastech.com.kronos; Hennie.Osvaldo@gastech.com.kronos; Minke.Mies@gastech.com.kronos; Ruscella.Mies.Haber@gastech.com.kronos,Inga Ferro; Loreto Bodrogi; Isia Vann; Hennie Osvaldo; Minke Mies; Ruscella Mies Haber,6,gastech.com.kronos,GAStech-Kronos,1/14/2014 14:33,2014-01-14 14:33,Action: Virus detected on your system,Action: Virus detected on your system,
739,Lars.Azada@gastech.com.kronos,Lars Azada,gastech.com.kronos,GAStech-Kronos,Lidelse.Dedos@gastech.com.kronos,Lidelse Dedos,1,gastech.com.kronos,GAStech-Kronos,1/14/2014 14:38,2014-01-14 14:38,Supplies,Supplies,
740,Sven.Flecha@gastech.com.kronos,Sven Flecha,gastech.com.kronos,GAStech-Kronos,Lucas.Alcazar@gastech.com.kronos; Sven.Flecha@gastech.com.kronos; Isak.Baza@gastech.com.kronos,Lucas Alcazar; Sven Flecha; Isak Baza,3,gastech.com.kronos,GAStech-Kronos,1/14/2014 14:41,2014-01-14 14:41,Conference report,Conference report,
741,Valeria.Morlun@gastech.com.kronos,Valeria Morlun,gastech.com.kronos,GAStech-Kronos,Varro.Awelon@gastech.com.kronos; Claudio.Hawelon@gastech.com.kronos; Dante.Coginian@gastech.com.kronos; Dylan.Scozzese@gastech.com.kronos; Benito.Hawelon@gastech.com.kronos; Henk.Mies@gastech.com.kronos; Emile.Arpa@gastech.com.kronos,Varro Awelon; Claudio Hawelon; Dante Coginian; Dylan Scozzese; Benito Hawelon; Henk Mies; Emile Arpa,7,gastech.com.kronos,GAStech-Kronos,1/14/2014 14:48,2014-01-14 14:48,RE: Facilities preparations for VIP visit,Facilities preparations for VIP visit,security
742,Nils.Calixto@gastech.com.kronos,Nils Calixto,gastech.com.kronos,GAStech-Kronos,Lucas.Alcazar@gastech.com.kronos; Isak.Baza@gastech.com.kronos; Nils.Calixto@gastech.com.kronos; Sven.Flecha@gastech.com.kronos,Lucas Alcazar; Isak Baza; Nils Calixto; Sven Flecha,4,gastech.com.kronos,GAStech-Kronos,1/14/2014 14:58,2014-01-14 14:58,RE: Can someone verify this behavior?,Can someone verify this behavior?,
743,Sven.Flecha@gastech.com.kronos,Sven Flecha,gastech.com.kronos,GAStech-Kronos,Lucas.Alcazar@gastech.com.kronos; Isak.Baza@gastech.com.kronos; Nils.Calixto@gastech.com.kronos; Sven.Flecha@gastech.com.kronos,Lucas Alcazar; Isak Baza; Nils Calixto; Sven Flecha,4,gastech.com.kronos,GAStech-Kronos,1/14/2014 15:01,2014-01-14 15:01,RE: Can someone verify this behavior?,Can someone verify this behavior?,
744,Minke.Mies@gastech.com.kronos,Minke Mies,gastech.com.kronos,GAStech-Kronos,Inga.Ferro@gastech.com.kronos,Inga Ferro,1,gastech.com.kronos,GAStech-Kronos,1/14/2014 15:04,2014-01-14 15:04,RE: Late for meeting,Late for meeting,
745,Inga.Ferro@gastech.com.kronos,Inga Ferro,gastech.com.kronos,GAStech-Kronos,Minke.Mies@gastech.com.kronos,Minke Mies,1,gastech.com.kronos,GAStech-Kronos,1/14/2014 15:05,2014-01-14 15:05,RE: Late for meeting,Late for meeting,
746,Mat.Bramar@gastech.com.kronos,Mat Bramar,gastech.com.kronos,GAStech-Kronos,Mat.Bramar@gastech.com.kronos; Anda.Ribera@gastech.com.kronos; Rachel.Pantanal@gastech.com.kronos; Linda.Lagos@gastech.com.kronos; Ruscella.Mies.Haber@gastech.com.kronos; Carla.Forluniau@gastech.com.kronos; Cornelia.Lais@gastech.com.kronos,Mat Bramar; Anda Ribera; Rachel Pantanal; Linda Lagos; Ruscella Mies Haber; Carla Forluniau; Cornelia Lais,7,gastech.com.kronos,GAStech-Kronos,1/14/2014 15:06,2014-01-14 15:06,RE: Babysitting recommendations,Babysitting recommendations,
747,Claudio.Hawelon@gastech.com.kronos,Claudio Hawelon,gastech.com.kronos,GAStech-Kronos,Albina.Hafon@gastech.com.kronos; Emile.Arpa@gastech.com.kronos; Varro.Awelon@gastech.com.kronos,Albina Hafon; Emile Arpa; Varro Awelon,3,gastech.com.kronos,GAStech-Kronos,1/14/2014 15:13,2014-01-14 15:13,RE: Facilities preparations for VIP visit,Facilities preparations for VIP visit,security
748,Axel.Calzas@gastech.com.kronos,Axel Calzas,gastech.com.kronos,GAStech-Kronos,Vira.Frente@gastech.com.kronos; Felix.Balas@gastech.com.kronos; Axel.Calzas@gastech.com.kronos,Vira Frente; Felix Balas; Axel Calzas,3,gastech.com.kronos,GAStech-Kronos,1/14/2014 15:18,2014-01-14 15:18,RE: Wellhead flow rate data,Wellhead flow rate data,environment
749,Ada.Campo-Corrente@gastech.com.kronos,Ada Campo-Corrente,gastech.com.kronos,GAStech-Kronos,Ada.Campo-Corrente@gastech.com.kronos; Orhan.Strum@gastech.com.kronos; Willem.Vasco-Pais@gastech.com.kronos; Ingrid.Barranco@gastech.com.kronos,Ada Campo-Corrente; Orhan Strum; Willem Vasco-Pais; Ingrid Barranco,4,gastech.com.kronos,GAStech-Kronos,1/14/2014 15:20,2014-01-14 15:20,RE: Impact of local politics on profit margin,Impact of local politics on profit margin,business
750,Axel.Calzas@gastech.com.kronos,Axel Calzas,gastech.com.kronos,GAStech-Kronos,Vira.Frente@gastech.com.kronos; Felix.Balas@gastech.com.kronos; Axel.Calzas@gastech.com.kronos,Vira Frente; Felix Balas; Axel Calzas,3,gastech.com.kronos,GAStech-Kronos,1/14/2014 15:20,2014-01-14 15:20,RE: Wellhead flow rate data,Wellhead flow rate data,environment
751,Willem.Vasco-Pais@gastech.com.kronos,Willem Vasco-Pais,gastech.com.kronos,GAStech-Kronos,Ada.Campo-Corrente@gastech.com.kronos; Orhan.Strum@gastech.com.kronos; Willem.Vasco-Pais@gastech.com.kronos; Ingrid.Barranco@gastech.com.kronos,Ada Campo-Corrente; Orhan Strum; Willem Vasco-Pais; Ingrid Barranco,4,gastech.com.kronos,GAStech-Kronos,1/14/2014 15:24,2014-01-14 15:24,RE: Impact of local politics on profit margin,Impact of local politics on profit margin,business
752,Irene.Nant@gastech.com.kronos,Irene Nant,gastech.com.kronos,GAStech-Kronos,Cecilia.Morluniau@gastech.com.kronos; Claudio.Hawelon@gastech.com.kronos; Albina.Hafon@gastech.com.kronos,Cecilia Morluniau; Claudio Hawelon; Albina Hafon,3,gastech.com.kronos,GAStech-Kronos,1/14/2014 15:25,2014-01-14 15:25,Who took the toolbox out of my truck?,Who took the toolbox out of my truck?,
753,Lucas.Alcazar@gastech.com.kronos,Lucas Alcazar,gastech.com.kronos,GAStech-Kronos,Lucas.Alcazar@gastech.com.kronos; Isak.Baza@gastech.com.kronos; Nils.Calixto@gastech.com.kronos; Sven.Flecha@gastech.com.kronos,Lucas Alcazar; Isak Baza; Nils Calixto; Sven Flecha,4,gastech.com.kronos,GAStech-Kronos,1/14/2014 15:28,2014-01-14 15:28,RE: Can someone verify this behavior?,Can someone verify this behavior?,
754,Mat.Bramar@gastech.com.kronos,Mat Bramar,gastech.com.kronos,GAStech-Kronos,Mat.Bramar@gastech.com.kronos; Anda.Ribera@gastech.com.kronos; Rachel.Pantanal@gastech.com.kronos; Linda.Lagos@gastech.com.kronos; Ruscella.Mies.Haber@gastech.com.kronos; Carla.Forluniau@gastech.com.kronos; Cornelia.Lais@gastech.com.kronos,Mat Bramar; Anda Ribera; Rachel Pantanal; Linda Lagos; Ruscella Mies Haber; Carla Forluniau; Cornelia Lais,7,gastech.com.kronos,GAStech-Kronos,1/14/2014 15:28,2014-01-14 15:28,RE: Babysitting recommendations,Babysitting recommendations,
755,Minke.Mies@gastech.com.kronos,Minke Mies,gastech.com.kronos,GAStech-Kronos,Inga.Ferro@gastech.com.kronos,Inga Ferro,1,gastech.com.kronos,GAStech-Kronos,1/14/2014 15:36,2014-01-14 15:36,RE: Late for meeting,Late for meeting,
756,Mat.Bramar@gastech.com.kronos,Mat Bramar,gastech.com.kronos,GAStech-Kronos,Mat.Bramar@gastech.com.kronos; Anda.Ribera@gastech.com.kronos; Rachel.Pantanal@gastech.com.kronos; Linda.Lagos@gastech.com.kronos; Ruscella.Mies.Haber@gastech.com.kronos; Carla.Forluniau@gastech.com.kronos; Cornelia.Lais@gastech.com.kronos,Mat Bramar; Anda Ribera; Rachel Pantanal; Linda Lagos; Ruscella Mies Haber; Carla Forluniau; Cornelia Lais,7,gastech.com.kronos,GAStech-Kronos,1/14/2014 15:37,2014-01-14 15:37,RE: Too funy - you have to see this...,Too funy - you have to see this...,
757,Cecilia.Morluniau@gastech.com.kronos,Cecilia Morluniau,gastech.com.kronos,GAStech-Kronos,Irene.Nant@gastech.com.kronos; Albina.Hafon@gastech.com.kronos,Irene Nant; Albina Hafon,2,gastech.com.kronos,GAStech-Kronos,1/14/2014 15:37,2014-01-14 15:37,RE: Be Careful!,Be Careful!,
758,Nils.Calixto@gastech.com.kronos,Nils Calixto,gastech.com.kronos,GAStech-Kronos,Lucas.Alcazar@gastech.com.kronos; Isak.Baza@gastech.com.kronos; Nils.Calixto@gastech.com.kronos; Sven.Flecha@gastech.com.kronos,Lucas Alcazar; Isak Baza; Nils Calixto; Sven Flecha,4,gastech.com.kronos,GAStech-Kronos,1/14/2014 15:42,2014-01-14 15:42,RE: Can someone verify this behavior?,Can someone verify this behavior?,
759,Henk.Mies@gastech.com.kronos,Henk Mies,gastech.com.kronos,GAStech-Kronos,Claudio.Hawelon@gastech.com.kronos; Albina.Hafon@gastech.com.kronos; Dylan.Scozzese@gastech.com.kronos; Irene.Nant@gastech.com.kronos; Varro.Awelon@gastech.com.kronos; Benito.Hawelon@gastech.com.kronos; Dante.Coginian@gastech.com.kronos,Claudio Hawelon; Albina Hafon; Dylan Scozzese; Irene Nant; Varro Awelon; Benito Hawelon; Dante Coginian,7,gastech.com.kronos,GAStech-Kronos,1/14/2014 15:42,2014-01-14 15:42,Route suggestion for next shift,Route suggestion for next shift,
760,Inga.Ferro@gastech.com.kronos,Inga Ferro,gastech.com.kronos,GAStech-Kronos,Minke.Mies@gastech.com.kronos,Minke Mies,1,gastech.com.kronos,GAStech-Kronos,1/14/2014 15:48,2014-01-14 15:48,RE: Late for meeting,Late for meeting,
761,Lucas.Alcazar@gastech.com.kronos,Lucas Alcazar,gastech.com.kronos,GAStech-Kronos,Lucas.Alcazar@gastech.com.kronos; Nils.Calixto@gastech.com.kronos,Lucas Alcazar; Nils Calixto,2,gastech.com.kronos,GAStech-Kronos,1/14/2014 15:48,2014-01-14 15:48,Article - interesting,Article - interesting,
762,Emile.Arpa@gastech.com.kronos,Emile Arpa,gastech.com.kronos,GAStech-Kronos,Cecilia.Morluniau@gastech.com.kronos; Claudio.Hawelon@gastech.com.kronos; Adan.Morlun@gastech.com.kronos; Varro.Awelon@gastech.com.kronos; Albina.Hafon@gastech.com.kronos; Valeria.Morlun@gastech.com.kronos,Cecilia Morluniau; Claudio Hawelon; Adan Morlun; Varro Awelon; Albina Hafon; Valeria Morlun,6,gastech.com.kronos,GAStech-Kronos,1/14/2014 15:51,2014-01-14 15:51,RE: Facilities preparations for VIP visit,Facilities preparations for VIP visit,security
763,Sten.Sanjorge Jr.@gastech.com.tethys,Sten Sanjorge Jr ,gastech.com.tethys,GAStech-Tethys,Sten.Sanjorge Jr.@gastech.com.tethys; Willem.Vasco-Pais@gastech.com.kronos,Sten Sanjorge Jr ; Willem Vasco-Pais,2,gastech.com.kronos; gastech.com.tethys,GAStech-Kronos; GAStech-Tethys,1/14/2014 15:52,2014-01-14 15:52,RE: Operational efficiencies,Operational efficiencies,
764,Henk.Mies@gastech.com.kronos,Henk Mies,gastech.com.kronos,GAStech-Kronos,Dylan.Scozzese@gastech.com.kronos; Varro.Awelon@gastech.com.kronos; Emile.Arpa@gastech.com.kronos,Dylan Scozzese; Varro Awelon; Emile Arpa,3,gastech.com.kronos,GAStech-Kronos,1/14/2014 15:55,2014-01-14 15:55,RE: Be Careful!,Be Careful!,
765,Lidelse.Dedos@gastech.com.kronos,Lidelse Dedos,gastech.com.kronos,GAStech-Kronos,Axel.Calzas@gastech.com.kronos; Lidelse.Dedos@gastech.com.kronos,Axel Calzas; Lidelse Dedos,2,gastech.com.kronos,GAStech-Kronos,1/14/2014 15:57,2014-01-14 15:57,Wellhead flow rate data,Wellhead flow rate data,environment
766,Willem.Vasco-Pais@gastech.com.kronos,Willem Vasco-Pais,gastech.com.kronos,GAStech-Kronos,Willem.Vasco-Pais@gastech.com.kronos; Orhan.Strum@gastech.com.kronos,Willem Vasco-Pais; Orhan Strum,2,gastech.com.kronos,GAStech-Kronos,1/14/2014 16:02,2014-01-14 16:02,RE: Maximizing quarterly profits,Maximizing quarterly profits,business
767,Willem.Vasco-Pais@gastech.com.kronos,Willem Vasco-Pais,gastech.com.kronos,GAStech-Kronos,Ada.Campo-Corrente@gastech.com.kronos; Orhan.Strum@gastech.com.kronos; Willem.Vasco-Pais@gastech.com.kronos; Ingrid.Barranco@gastech.com.kronos,Ada Campo-Corrente; Orhan Strum; Willem Vasco-Pais; Ingrid Barranco,4,gastech.com.kronos,GAStech-Kronos,1/14/2014 16:13,2014-01-14 16:13,RE: Impact of local politics on profit margin,Impact of local politics on profit margin,business
768,Minke.Mies@gastech.com.kronos,Minke Mies,gastech.com.kronos,GAStech-Kronos,Inga.Ferro@gastech.com.kronos,Inga Ferro,1,gastech.com.kronos,GAStech-Kronos,1/14/2014 16:18,2014-01-14 16:18,RE: Late for meeting,Late for meeting,
769,Ruscella.Mies.Haber@gastech.com.kronos,Ruscella Mies Haber,gastech.com.kronos,GAStech-Kronos,Mat.Bramar@gastech.com.kronos; Anda.Ribera@gastech.com.kronos; Rachel.Pantanal@gastech.com.kronos; Linda.Lagos@gastech.com.kronos; Ruscella.Mies.Haber@gastech.com.kronos; Carla.Forluniau@gastech.com.kronos; Cornelia.Lais@gastech.com.kronos,Mat Bramar; Anda Ribera; Rachel Pantanal; Linda Lagos; Ruscella Mies Haber; Carla Forluniau; Cornelia Lais,7,gastech.com.kronos,GAStech-Kronos,1/14/2014 16:21,2014-01-14 16:21,RE: Babysitting recommendations,Babysitting recommendations,
770,Irene.Nant@gastech.com.kronos,Irene Nant,gastech.com.kronos,GAStech-Kronos,Dylan.Scozzese@gastech.com.kronos; Claudio.Hawelon@gastech.com.kronos; Emile.Arpa@gastech.com.kronos; Irene.Nant@gastech.com.kronos,Dylan Scozzese; Claudio Hawelon; Emile Arpa; Irene Nant,4,gastech.com.kronos,GAStech-Kronos,1/14/2014 16:27,2014-01-14 16:27,RE: Traffic advisory for today,Traffic advisory for today,
771,Dylan.Scozzese@gastech.com.kronos,Dylan Scozzese,gastech.com.kronos,GAStech-Kronos,Valeria.Morlun@gastech.com.kronos; Varro.Awelon@gastech.com.kronos; Albina.Hafon@gastech.com.kronos; Henk.Mies@gastech.com.kronos; Benito.Hawelon@gastech.com.kronos,Valeria Morlun; Varro Awelon; Albina Hafon; Henk Mies; Benito Hawelon,5,gastech.com.kronos,GAStech-Kronos,1/14/2014 16:29,2014-01-14 16:29,RE: Facilities preparations for VIP visit,Facilities preparations for VIP visit,security
772,Dante.Coginian@gastech.com.kronos,Dante Coginian,gastech.com.kronos,GAStech-Kronos,Irene.Nant@gastech.com.kronos; Cecilia.Morluniau@gastech.com.kronos; Claudio.Hawelon@gastech.com.kronos; Benito.Hawelon@gastech.com.kronos; Dylan.Scozzese@gastech.com.kronos; Adan.Morlun@gastech.com.kronos; Henk.Mies@gastech.com.kronos; Emile.Arpa@gastech.com.kronos; Varro.Awelon@gastech.com.kronos,Irene Nant; Cecilia Morluniau; Claudio Hawelon; Benito Hawelon; Dylan Scozzese; Adan Morlun; Henk Mies; Emile Arpa; Varro Awelon,9,gastech.com.kronos,GAStech-Kronos,1/14/2014 16:29,2014-01-14 16:29,RE: Be Careful!,Be Careful!,
773,Irene.Nant@gastech.com.kronos,Irene Nant,gastech.com.kronos,GAStech-Kronos,Benito.Hawelon@gastech.com.kronos; Claudio.Hawelon@gastech.com.kronos; Cecilia.Morluniau@gastech.com.kronos; Dylan.Scozzese@gastech.com.kronos; Emile.Arpa@gastech.com.kronos; Dante.Coginian@gastech.com.kronos; Adan.Morlun@gastech.com.kronos; Varro.Awelon@gastech.com.kronos; Irene.Nant@gastech.com.kronos,Benito Hawelon; Claudio Hawelon; Cecilia Morluniau; Dylan Scozzese; Emile Arpa; Dante Coginian; Adan Morlun; Varro Awelon; Irene Nant,9,gastech.com.kronos,GAStech-Kronos,1/14/2014 16:52,2014-01-14 16:52,RE: Be Careful!,Be Careful!,
774,Mat.Bramar@gastech.com.kronos,Mat Bramar,gastech.com.kronos,GAStech-Kronos,Rachel.Pantanal@gastech.com.kronos; Lars.Azada@gastech.com.kronos; Felix.Balas@gastech.com.kronos; Isande.Borrasca@gastech.com.kronos; Axel.Calzas@gastech.com.kronos; Gustav.Cazar@gastech.com.kronos; Lidelse.Dedos@gastech.com.kronos; Birgitta.Frente@gastech.com.kronos; Vira.Frente@gastech.com.kronos; Adra.Nubarron@gastech.com.kronos; Marin.Onda@gastech.com.kronos; Kare.Orilla@gastech.com.kronos; Elsa.Orilla@gastech.com.kronos; Brand.Tempestad@gastech.com.kronos; Ingrid.Barranco@gastech.com.kronos; Ada.Campo-Corrente@gastech.com.kronos; Sten.Sanjorge Jr.@gastech.com.kronos; Orhan.Strum@gastech.com.kronos; Willem.Vasco-Pais@gastech.com.kronos; Bertrand.Ovan@gastech.com.kronos; Albina.Hafon@gastech.com.kronos; Benito.Hawelon@gastech.com.kronos; Claudio.Hawelon@gastech.com.kronos; Henk.Mies@gastech.com.kronos; Valeria.Morlun@gastech.com.kronos; Adan.Morlun@gastech.com.kronos; Cecilia.Morluniau@gastech.com.kronos; Irene.Nant@gastech.com.kronos; Dylan.Scozzese@gastech.com.kronos; Lucas.Alcazar@gastech.com.kronos; Isak.Baza@gastech.com.kronos; Linnea.Bergen@gastech.com.kronos; Nils.Calixto@gastech.com.kronos; Sven.Flecha@gastech.com.kronos; Hideki.Cocinaro@gastech.com.kronos; Inga.Ferro@gastech.com.kronos; Loreto.Bodrogi@gastech.com.kronos; Isia.Vann@gastech.com.kronos; Stenig.Fusil@gastech.com.kronos; Hennie.Osvaldo@gastech.com.kronos; Kanon.Herrero@gastech.com.kronos; Varja.Lagos@gastech.com.kronos; Minke.Mies@gastech.com.kronos; Felix.Resumir@gastech.com.kronos; Edvard.Vann@gastech.com.kronos; Emile.Arpa@gastech.com.kronos; Varro.Awelon@gastech.com.kronos; Mat.Bramar@gastech.com.kronos; Dante.Coginian@gastech.com.kronos; Carla.Forluniau@gastech.com.kronos; Linda.Lagos@gastech.com.kronos; Cornelia.Lais@gastech.com.kronos; Ruscella.Mies.Haber@gastech.com.kronos; Anda.Ribera@gastech.com.kronos,Rachel Pantanal; Lars Azada; Felix Balas; Isande Borrasca; Axel Calzas; Gustav Cazar; Lidelse Dedos; Birgitta Frente; Vira Frente; Adra Nubarron; Marin Onda; Kare Orilla; Elsa Orilla; Brand Tempestad; Ingrid Barranco; Ada Campo-Corrente; Sten Sanjorge Jr ; Orhan Strum; Willem Vasco-Pais; Bertrand Ovan; Albina Hafon; Benito Hawelon; Claudio Hawelon; Henk Mies; Valeria Morlun; Adan Morlun; Cecilia Morluniau; Irene Nant; Dylan Scozzese; Lucas Alcazar; Isak Baza; Linnea Bergen; Nils Calixto; Sven Flecha; Hideki Cocinaro; Inga Ferro; Loreto Bodrogi; Isia Vann; Stenig Fusil; Hennie Osvaldo; Kanon Herrero; Varja Lagos; Minke Mies; Felix Resumir; Edvard Vann; Emile Arpa; Varro Awelon; Mat Bramar; Dante Coginian; Carla Forluniau; Linda Lagos; Cornelia Lais; Ruscella Mies Haber; Anda Ribera,54,gastech.com.kronos,GAStech-Kronos,1/14/2014 16:54,2014-01-14 16:54,Updated Safety Policies,Updated Safety Policies,
775,Linda.Lagos@gastech.com.kronos,Linda Lagos,gastech.com.kronos,GAStech-Kronos,Mat.Bramar@gastech.com.kronos; Anda.Ribera@gastech.com.kronos; Rachel.Pantanal@gastech.com.kronos; Linda.Lagos@gastech.com.kronos; Ruscella.Mies.Haber@gastech.com.kronos; Carla.Forluniau@gastech.com.kronos; Cornelia.Lais@gastech.com.kronos,Mat Bramar; Anda Ribera; Rachel Pantanal; Linda Lagos; Ruscella Mies Haber; Carla Forluniau; Cornelia Lais,7,gastech.com.kronos,GAStech-Kronos,1/14/2014 16:54,2014-01-14 16:54,RE: Too funy - you have to see this...,Too funy - you have to see this...,
776,Carla.Forluniau@gastech.com.kronos,Carla Forluniau,gastech.com.kronos,GAStech-Kronos,Mat.Bramar@gastech.com.kronos; Anda.Ribera@gastech.com.kronos; Rachel.Pantanal@gastech.com.kronos; Linda.Lagos@gastech.com.kronos; Ruscella.Mies.Haber@gastech.com.kronos; Carla.Forluniau@gastech.com.kronos; Cornelia.Lais@gastech.com.kronos,Mat Bramar; Anda Ribera; Rachel Pantanal; Linda Lagos; Ruscella Mies Haber; Carla Forluniau; Cornelia Lais,7,gastech.com.kronos,GAStech-Kronos,1/14/2014 16:56,2014-01-14 16:56,RE: Too funy - you have to see this...,Too funy - you have to see this...,
777,Carla.Forluniau@gastech.com.kronos,Carla Forluniau,gastech.com.kronos,GAStech-Kronos,Mat.Bramar@gastech.com.kronos; Anda.Ribera@gastech.com.kronos; Rachel.Pantanal@gastech.com.kronos; Linda.Lagos@gastech.com.kronos; Ruscella.Mies.Haber@gastech.com.kronos; Carla.Forluniau@gastech.com.kronos; Cornelia.Lais@gastech.com.kronos,Mat Bramar; Anda Ribera; Rachel Pantanal; Linda Lagos; Ruscella Mies Haber; Carla Forluniau; Cornelia Lais,7,gastech.com.kronos,GAStech-Kronos,1/14/2014 16:57,2014-01-14 16:57,RE: Training opportunity,Training opportunity,
778,Ruscella.Mies.Haber@gastech.com.kronos,Ruscella Mies Haber,gastech.com.kronos,GAStech-Kronos,Inga.Ferro@gastech.com.kronos; Loreto.Bodrogi@gastech.com.kronos; Isia.Vann@gastech.com.kronos; Hennie.Osvaldo@gastech.com.kronos; Minke.Mies@gastech.com.kronos; Ruscella.Mies.Haber@gastech.com.kronos,Inga Ferro; Loreto Bodrogi; Isia Vann; Hennie Osvaldo; Minke Mies; Ruscella Mies Haber,6,gastech.com.kronos,GAStech-Kronos,1/14/2014 16:57,2014-01-14 16:57,RE: Action: Virus detected on your system,Action: Virus detected on your system,
779,Ingrid.Barranco@gastech.com.kronos,Ingrid Barranco,gastech.com.kronos,GAStech-Kronos,Ada.Campo-Corrente@gastech.com.kronos; Orhan.Strum@gastech.com.kronos; Willem.Vasco-Pais@gastech.com.kronos; Ingrid.Barranco@gastech.com.kronos,Ada Campo-Corrente; Orhan Strum; Willem Vasco-Pais; Ingrid Barranco,4,gastech.com.kronos,GAStech-Kronos,1/14/2014 17:01,2014-01-14 17:01,RE: Impact of local politics on profit margin,Impact of local politics on profit margin,business
780,Varro.Awelon@gastech.com.kronos,Varro Awelon,gastech.com.kronos,GAStech-Kronos,Claudio.Hawelon@gastech.com.kronos; Albina.Hafon@gastech.com.kronos; Dylan.Scozzese@gastech.com.kronos; Irene.Nant@gastech.com.kronos; Varro.Awelon@gastech.com.kronos; Benito.Hawelon@gastech.com.kronos; Dante.Coginian@gastech.com.kronos,Claudio Hawelon; Albina Hafon; Dylan Scozzese; Irene Nant; Varro Awelon; Benito Hawelon; Dante Coginian,7,gastech.com.kronos,GAStech-Kronos,1/14/2014 17:04,2014-01-14 17:04,RE: Route suggestion for next shift,Route suggestion for next shift,
781,Hennie.Osvaldo@gastech.com.kronos,Hennie Osvaldo,gastech.com.kronos,GAStech-Kronos,Inga.Ferro@gastech.com.kronos; Loreto.Bodrogi@gastech.com.kronos; Isia.Vann@gastech.com.kronos; Hennie.Osvaldo@gastech.com.kronos; Minke.Mies@gastech.com.kronos; Ruscella.Mies.Haber@gastech.com.kronos,Inga Ferro; Loreto Bodrogi; Isia Vann; Hennie Osvaldo; Minke Mies; Ruscella Mies Haber,6,gastech.com.kronos,GAStech-Kronos,1/14/2014 17:09,2014-01-14 17:09,RE: Action: Virus detected on your system,Action: Virus detected on your system,
782,Dylan.Scozzese@gastech.com.kronos,Dylan Scozzese,gastech.com.kronos,GAStech-Kronos,Dylan.Scozzese@gastech.com.kronos; Claudio.Hawelon@gastech.com.kronos; Emile.Arpa@gastech.com.kronos; Irene.Nant@gastech.com.kronos,Dylan Scozzese; Claudio Hawelon; Emile Arpa; Irene Nant,4,gastech.com.kronos,GAStech-Kronos,1/14/2014 17:10,2014-01-14 17:10,RE: Traffic advisory for today,Traffic advisory for today,
783,Irene.Nant@gastech.com.kronos,Irene Nant,gastech.com.kronos,GAStech-Kronos,Claudio.Hawelon@gastech.com.kronos; Albina.Hafon@gastech.com.kronos; Dylan.Scozzese@gastech.com.kronos; Irene.Nant@gastech.com.kronos; Varro.Awelon@gastech.com.kronos; Benito.Hawelon@gastech.com.kronos; Dante.Coginian@gastech.com.kronos,Claudio Hawelon; Albina Hafon; Dylan Scozzese; Irene Nant; Varro Awelon; Benito Hawelon; Dante Coginian,7,gastech.com.kronos,GAStech-Kronos,1/14/2014 17:13,2014-01-14 17:13,RE: Route suggestion for next shift,Route suggestion for next shift,
784,Loreto.Bodrogi@gastech.com.kronos,Loreto Bodrogi,gastech.com.kronos,GAStech-Kronos,Inga.Ferro@gastech.com.kronos; Loreto.Bodrogi@gastech.com.kronos; Isia.Vann@gastech.com.kronos; Hennie.Osvaldo@gastech.com.kronos; Minke.Mies@gastech.com.kronos; Ruscella.Mies.Haber@gastech.com.kronos,Inga Ferro; Loreto Bodrogi; Isia Vann; Hennie Osvaldo; Minke Mies; Ruscella Mies Haber,6,gastech.com.kronos,GAStech-Kronos,1/14/2014 17:15,2014-01-14 17:15,RE: Action: Virus detected on your system,Action: Virus detected on your system,
785,Linda.Lagos@gastech.com.kronos,Linda Lagos,gastech.com.kronos,GAStech-Kronos,Mat.Bramar@gastech.com.kronos; Anda.Ribera@gastech.com.kronos; Rachel.Pantanal@gastech.com.kronos; Linda.Lagos@gastech.com.kronos; Ruscella.Mies.Haber@gastech.com.kronos; Carla.Forluniau@gastech.com.kronos; Cornelia.Lais@gastech.com.kronos,Mat Bramar; Anda Ribera; Rachel Pantanal; Linda Lagos; Ruscella Mies Haber; Carla Forluniau; Cornelia Lais,7,gastech.com.kronos,GAStech-Kronos,1/14/2014 17:21,2014-01-14 17:21,RE: Training opportunity,Training opportunity,
786,Linda.Lagos@gastech.com.kronos,Linda Lagos,gastech.com.kronos,GAStech-Kronos,Mat.Bramar@gastech.com.kronos; Anda.Ribera@gastech.com.kronos; Rachel.Pantanal@gastech.com.kronos; Linda.Lagos@gastech.com.kronos; Ruscella.Mies.Haber@gastech.com.kronos; Carla.Forluniau@gastech.com.kronos; Cornelia.Lais@gastech.com.kronos,Mat Bramar; Anda Ribera; Rachel Pantanal; Linda Lagos; Ruscella Mies Haber; Carla Forluniau; Cornelia Lais,7,gastech.com.kronos,GAStech-Kronos,1/14/2014 17:25,2014-01-14 17:25,RE: Too funy - you have to see this...,Too funy - you have to see this...,
787,Isak.Baza@gastech.com.kronos,Isak Baza,gastech.com.kronos,GAStech-Kronos,Lucas.Alcazar@gastech.com.kronos; Sven.Flecha@gastech.com.kronos; Isak.Baza@gastech.com.kronos,Lucas Alcazar; Sven Flecha; Isak Baza,3,gastech.com.kronos,GAStech-Kronos,1/14/2014 17:38,2014-01-14 17:38,RE: Conference report,Conference report,
788,Claudio.Hawelon@gastech.com.kronos,Claudio Hawelon,gastech.com.kronos,GAStech-Kronos,Dylan.Scozzese@gastech.com.kronos; Claudio.Hawelon@gastech.com.kronos; Emile.Arpa@gastech.com.kronos; Irene.Nant@gastech.com.kronos,Dylan Scozzese; Claudio Hawelon; Emile Arpa; Irene Nant,4,gastech.com.kronos,GAStech-Kronos,1/14/2014 17:47,2014-01-14 17:47,RE: Traffic advisory for today,Traffic advisory for today,
789,Linda.Lagos@gastech.com.kronos,Linda Lagos,gastech.com.kronos,GAStech-Kronos,Mat.Bramar@gastech.com.kronos; Anda.Ribera@gastech.com.kronos; Rachel.Pantanal@gastech.com.kronos; Linda.Lagos@gastech.com.kronos; Ruscella.Mies.Haber@gastech.com.kronos; Carla.Forluniau@gastech.com.kronos; Cornelia.Lais@gastech.com.kronos,Mat Bramar; Anda Ribera; Rachel Pantanal; Linda Lagos; Ruscella Mies Haber; Carla Forluniau; Cornelia Lais,7,gastech.com.kronos,GAStech-Kronos,1/14/2014 17:56,2014-01-14 17:56,RE: Training opportunity,Training opportunity,
790,Inga.Ferro@gastech.com.kronos,Inga Ferro,gastech.com.kronos,GAStech-Kronos,Inga.Ferro@gastech.com.kronos; Loreto.Bodrogi@gastech.com.kronos; Isia.Vann@gastech.com.kronos; Hennie.Osvaldo@gastech.com.kronos; Minke.Mies@gastech.com.kronos; Ruscella.Mies.Haber@gastech.com.kronos,Inga Ferro; Loreto Bodrogi; Isia Vann; Hennie Osvaldo; Minke Mies; Ruscella Mies Haber,6,gastech.com.kronos,GAStech-Kronos,1/14/2014 17:58,2014-01-14 17:58,RE: Action: Virus detected on your system,Action: Virus detected on your system,
791,Lucas.Alcazar@gastech.com.kronos,Lucas Alcazar,gastech.com.kronos,GAStech-Kronos,Lucas.Alcazar@gastech.com.kronos; Sven.Flecha@gastech.com.kronos; Isak.Baza@gastech.com.kronos,Lucas Alcazar; Sven Flecha; Isak Baza,3,gastech.com.kronos,GAStech-Kronos,1/14/2014 18:01,2014-01-14 18:01,RE: Conference report,Conference report,
792,Sten.Sanjorge Jr.@gastech.com.tethys,Sten Sanjorge Jr ,gastech.com.tethys,GAStech-Tethys,Sten.Sanjorge Jr.@gastech.com.tethys; Willem.Vasco-Pais@gastech.com.kronos,Sten Sanjorge Jr ; Willem Vasco-Pais,2,gastech.com.kronos; gastech.com.tethys,GAStech-Kronos; GAStech-Tethys,1/14/2014 18:05,2014-01-14 18:05,RE: Operational efficiencies,Operational efficiencies,
793,Albina.Hafon@gastech.com.kronos,Albina Hafon,gastech.com.kronos,GAStech-Kronos,Claudio.Hawelon@gastech.com.kronos; Albina.Hafon@gastech.com.kronos; Dylan.Scozzese@gastech.com.kronos; Irene.Nant@gastech.com.kronos; Varro.Awelon@gastech.com.kronos; Benito.Hawelon@gastech.com.kronos; Dante.Coginian@gastech.com.kronos,Claudio Hawelon; Albina Hafon; Dylan Scozzese; Irene Nant; Varro Awelon; Benito Hawelon; Dante Coginian,7,gastech.com.kronos,GAStech-Kronos,1/14/2014 18:05,2014-01-14 18:05,RE: Route suggestion for next shift,Route suggestion for next shift,
794,Lucas.Alcazar@gastech.com.kronos,Lucas Alcazar,gastech.com.kronos,GAStech-Kronos,Lucas.Alcazar@gastech.com.kronos; Sven.Flecha@gastech.com.kronos; Isak.Baza@gastech.com.kronos,Lucas Alcazar; Sven Flecha; Isak Baza,3,gastech.com.kronos,GAStech-Kronos,1/14/2014 18:19,2014-01-14 18:19,RE: Conference report,Conference report,
795,Emile.Arpa@gastech.com.kronos,Emile Arpa,gastech.com.kronos,GAStech-Kronos,Dylan.Scozzese@gastech.com.kronos; Claudio.Hawelon@gastech.com.kronos; Emile.Arpa@gastech.com.kronos; Irene.Nant@gastech.com.kronos,Dylan Scozzese; Claudio Hawelon; Emile Arpa; Irene Nant,4,gastech.com.kronos,GAStech-Kronos,1/14/2014 18:38,2014-01-14 18:38,RE: Traffic advisory for today,Traffic advisory for today,
796,Hennie.Osvaldo@gastech.com.kronos,Hennie Osvaldo,gastech.com.kronos,GAStech-Kronos,Inga.Ferro@gastech.com.kronos; Loreto.Bodrogi@gastech.com.kronos; Isia.Vann@gastech.com.kronos; Hennie.Osvaldo@gastech.com.kronos; Minke.Mies@gastech.com.kronos; Ruscella.Mies.Haber@gastech.com.kronos,Inga Ferro; Loreto Bodrogi; Isia Vann; Hennie Osvaldo; Minke Mies; Ruscella Mies Haber,6,gastech.com.kronos,GAStech-Kronos,1/14/2014 18:45,2014-01-14 18:45,RE: Action: Virus detected on your system,Action: Virus detected on your system,
797,Claudio.Hawelon@gastech.com.kronos,Claudio Hawelon,gastech.com.kronos,GAStech-Kronos,Cecilia.Morluniau@gastech.com.kronos; Claudio.Hawelon@gastech.com.kronos; Albina.Hafon@gastech.com.kronos,Cecilia Morluniau; Claudio Hawelon; Albina Hafon,3,gastech.com.kronos,GAStech-Kronos,1/14/2014 18:45,2014-01-14 18:45,RE: Who took the toolbox out of my truck?,Who took the toolbox out of my truck?,
798,Dylan.Scozzese@gastech.com.kronos,Dylan Scozzese,gastech.com.kronos,GAStech-Kronos,Dylan.Scozzese@gastech.com.kronos; Claudio.Hawelon@gastech.com.kronos; Emile.Arpa@gastech.com.kronos; Irene.Nant@gastech.com.kronos,Dylan Scozzese; Claudio Hawelon; Emile Arpa; Irene Nant,4,gastech.com.kronos,GAStech-Kronos,1/14/2014 18:56,2014-01-14 18:56,RE: Traffic advisory for today,Traffic advisory for today,
799,Claudio.Hawelon@gastech.com.kronos,Claudio Hawelon,gastech.com.kronos,GAStech-Kronos,Cecilia.Morluniau@gastech.com.kronos; Claudio.Hawelon@gastech.com.kronos; Albina.Hafon@gastech.com.kronos,Cecilia Morluniau; Claudio Hawelon; Albina Hafon,3,gastech.com.kronos,GAStech-Kronos,1/14/2014 19:02,2014-01-14 19:02,RE: Who took the toolbox out of my truck?,Who took the toolbox out of my truck?,
800,Lucas.Alcazar@gastech.com.kronos,Lucas Alcazar,gastech.com.kronos,GAStech-Kronos,Lucas.Alcazar@gastech.com.kronos; Sven.Flecha@gastech.com.kronos; Isak.Baza@gastech.com.kronos,Lucas Alcazar; Sven Flecha; Isak Baza,3,gastech.com.kronos,GAStech-Kronos,1/14/2014 19:13,2014-01-14 19:13,RE: Conference report,Conference report,
801,Isak.Baza@gastech.com.kronos,Isak Baza,gastech.com.kronos,GAStech-Kronos,Lucas.Alcazar@gastech.com.kronos; Sven.Flecha@gastech.com.kronos; Isak.Baza@gastech.com.kronos,Lucas Alcazar; Sven Flecha; Isak Baza,3,gastech.com.kronos,GAStech-Kronos,1/14/2014 19:14,2014-01-14 19:14,RE: Conference report,Conference report,
802,Minke.Mies@gastech.com.kronos,Minke Mies,gastech.com.kronos,GAStech-Kronos,Inga.Ferro@gastech.com.kronos; Loreto.Bodrogi@gastech.com.kronos; Isia.Vann@gastech.com.kronos; Hennie.Osvaldo@gastech.com.kronos; Minke.Mies@gastech.com.kronos; Ruscella.Mies.Haber@gastech.com.kronos,Inga Ferro; Loreto Bodrogi; Isia Vann; Hennie Osvaldo; Minke Mies; Ruscella Mies Haber,6,gastech.com.kronos,GAStech-Kronos,1/14/2014 19:25,2014-01-14 19:25,RE: Action: Virus detected on your system,Action: Virus detected on your system,
803,Isak.Baza@gastech.com.kronos,Isak Baza,gastech.com.kronos,GAStech-Kronos,Lucas.Alcazar@gastech.com.kronos; Sven.Flecha@gastech.com.kronos; Isak.Baza@gastech.com.kronos,Lucas Alcazar; Sven Flecha; Isak Baza,3,gastech.com.kronos,GAStech-Kronos,1/14/2014 19:33,2014-01-14 19:33,RE: Conference report,Conference report,
804,Inga.Ferro@gastech.com.kronos,Inga Ferro,gastech.com.kronos,GAStech-Kronos,Inga.Ferro@gastech.com.kronos; Loreto.Bodrogi@gastech.com.kronos; Isia.Vann@gastech.com.kronos; Hennie.Osvaldo@gastech.com.kronos; Minke.Mies@gastech.com.kronos; Ruscella.Mies.Haber@gastech.com.kronos,Inga Ferro; Loreto Bodrogi; Isia Vann; Hennie Osvaldo; Minke Mies; Ruscella Mies Haber,6,gastech.com.kronos,GAStech-Kronos,1/14/2014 19:33,2014-01-14 19:33,RE: Action: Virus detected on your system,Action: Virus detected on your system,
805,Nils.Calixto@gastech.com.kronos,Nils Calixto,gastech.com.kronos,GAStech-Kronos,Lucas.Alcazar@gastech.com.kronos; Nils.Calixto@gastech.com.kronos,Lucas Alcazar; Nils Calixto,2,gastech.com.kronos,GAStech-Kronos,1/14/2014 19:38,2014-01-14 19:38,RE: Article - interesting,Article - interesting,
806,Nils.Calixto@gastech.com.kronos,Nils Calixto,gastech.com.kronos,GAStech-Kronos,Lucas.Alcazar@gastech.com.kronos; Nils.Calixto@gastech.com.kronos,Lucas Alcazar; Nils Calixto,2,gastech.com.kronos,GAStech-Kronos,1/14/2014 19:40,2014-01-14 19:40,RE: Article - interesting,Article - interesting,
807,Nils.Calixto@gastech.com.kronos,Nils Calixto,gastech.com.kronos,GAStech-Kronos,Lucas.Alcazar@gastech.com.kronos; Nils.Calixto@gastech.com.kronos,Lucas Alcazar; Nils Calixto,2,gastech.com.kronos,GAStech-Kronos,1/14/2014 19:46,2014-01-14 19:46,RE: Article - interesting,Article - interesting,
808,Lidelse.Dedos@gastech.com.kronos,Lidelse Dedos,gastech.com.kronos,GAStech-Kronos,Axel.Calzas@gastech.com.kronos; Lidelse.Dedos@gastech.com.kronos,Axel Calzas; Lidelse Dedos,2,gastech.com.kronos,GAStech-Kronos,1/14/2014 20:05,2014-01-14 20:05,RE: Wellhead flow rate data,Wellhead flow rate data,environment
809,Axel.Calzas@gastech.com.kronos,Axel Calzas,gastech.com.kronos,GAStech-Kronos,Axel.Calzas@gastech.com.kronos; Lidelse.Dedos@gastech.com.kronos,Axel Calzas; Lidelse Dedos,2,gastech.com.kronos,GAStech-Kronos,1/14/2014 20:26,2014-01-14 20:26,RE: Wellhead flow rate data,Wellhead flow rate data,environment
810,Hennie.Osvaldo@gastech.com.kronos,Hennie Osvaldo,gastech.com.kronos,GAStech-Kronos,Rachel.Pantanal@gastech.com.kronos; Lars.Azada@gastech.com.kronos; Felix.Balas@gastech.com.kronos; Isande.Borrasca@gastech.com.kronos; Axel.Calzas@gastech.com.kronos; Gustav.Cazar@gastech.com.kronos; Lidelse.Dedos@gastech.com.kronos; Birgitta.Frente@gastech.com.kronos; Vira.Frente@gastech.com.kronos; Adra.Nubarron@gastech.com.kronos; Marin.Onda@gastech.com.kronos; Kare.Orilla@gastech.com.kronos; Elsa.Orilla@gastech.com.kronos; Brand.Tempestad@gastech.com.kronos; Ingrid.Barranco@gastech.com.kronos; Ada.Campo-Corrente@gastech.com.kronos; Sten.Sanjorge Jr.@gastech.com.kronos; Orhan.Strum@gastech.com.kronos; Willem.Vasco-Pais@gastech.com.kronos; Bertrand.Ovan@gastech.com.kronos; Albina.Hafon@gastech.com.kronos; Benito.Hawelon@gastech.com.kronos; Claudio.Hawelon@gastech.com.kronos; Henk.Mies@gastech.com.kronos; Valeria.Morlun@gastech.com.kronos; Adan.Morlun@gastech.com.kronos; Cecilia.Morluniau@gastech.com.kronos; Irene.Nant@gastech.com.kronos; Dylan.Scozzese@gastech.com.kronos; Lucas.Alcazar@gastech.com.kronos; Isak.Baza@gastech.com.kronos; Linnea.Bergen@gastech.com.kronos; Nils.Calixto@gastech.com.kronos; Sven.Flecha@gastech.com.kronos; Hideki.Cocinaro@gastech.com.kronos; Inga.Ferro@gastech.com.kronos; Loreto.Bodrogi@gastech.com.kronos; Isia.Vann@gastech.com.kronos; Stenig.Fusil@gastech.com.kronos; Hennie.Osvaldo@gastech.com.kronos; Kanon.Herrero@gastech.com.kronos; Varja.Lagos@gastech.com.kronos; Minke.Mies@gastech.com.kronos; Felix.Resumir@gastech.com.kronos; Edvard.Vann@gastech.com.kronos; Emile.Arpa@gastech.com.kronos; Varro.Awelon@gastech.com.kronos; Mat.Bramar@gastech.com.kronos; Dante.Coginian@gastech.com.kronos; Carla.Forluniau@gastech.com.kronos; Linda.Lagos@gastech.com.kronos; Cornelia.Lais@gastech.com.kronos; Ruscella.Mies.Haber@gastech.com.kronos; Anda.Ribera@gastech.com.kronos,Rachel Pantanal; Lars Azada; Felix Balas; Isande Borrasca; Axel Calzas; Gustav Cazar; Lidelse Dedos; Birgitta Frente; Vira Frente; Adra Nubarron; Marin Onda; Kare Orilla; Elsa Orilla; Brand Tempestad; Ingrid Barranco; Ada Campo-Corrente; Sten Sanjorge Jr ; Orhan Strum; Willem Vasco-Pais; Bertrand Ovan; Albina Hafon; Benito Hawelon; Claudio Hawelon; Henk Mies; Valeria Morlun; Adan Morlun; Cecilia Morluniau; Irene Nant; Dylan Scozzese; Lucas Alcazar; Isak Baza; Linnea Bergen; Nils Calixto; Sven Flecha; Hideki Cocinaro; Inga Ferro; Loreto Bodrogi; Isia Vann; Stenig Fusil; Hennie Osvaldo; Kanon Herrero; Varja Lagos; Minke Mies; Felix Resumir; Edvard Vann; Emile Arpa; Varro Awelon; Mat Bramar; Dante Coginian; Carla Forluniau; Linda Lagos; Cornelia Lais; Ruscella Mies Haber; Anda Ribera,54,gastech.com.kronos,GAStech-Kronos,1/14/2014 20:29,2014-01-14 20:29,RE: Updated Safety Policies,Updated Safety Policies,
811,Dante.Coginian@gastech.com.kronos,Dante Coginian,gastech.com.kronos,GAStech-Kronos,Rachel.Pantanal@gastech.com.kronos; Lars.Azada@gastech.com.kronos; Felix.Balas@gastech.com.kronos; Isande.Borrasca@gastech.com.kronos; Axel.Calzas@gastech.com.kronos; Gustav.Cazar@gastech.com.kronos; Lidelse.Dedos@gastech.com.kronos; Birgitta.Frente@gastech.com.kronos; Vira.Frente@gastech.com.kronos; Adra.Nubarron@gastech.com.kronos; Marin.Onda@gastech.com.kronos; Kare.Orilla@gastech.com.kronos; Elsa.Orilla@gastech.com.kronos; Brand.Tempestad@gastech.com.kronos; Ingrid.Barranco@gastech.com.kronos; Ada.Campo-Corrente@gastech.com.kronos; Sten.Sanjorge Jr.@gastech.com.kronos; Orhan.Strum@gastech.com.kronos; Willem.Vasco-Pais@gastech.com.kronos; Bertrand.Ovan@gastech.com.kronos; Albina.Hafon@gastech.com.kronos; Benito.Hawelon@gastech.com.kronos; Claudio.Hawelon@gastech.com.kronos; Henk.Mies@gastech.com.kronos; Valeria.Morlun@gastech.com.kronos; Adan.Morlun@gastech.com.kronos; Cecilia.Morluniau@gastech.com.kronos; Irene.Nant@gastech.com.kronos; Dylan.Scozzese@gastech.com.kronos; Lucas.Alcazar@gastech.com.kronos; Isak.Baza@gastech.com.kronos; Linnea.Bergen@gastech.com.kronos; Nils.Calixto@gastech.com.kronos; Sven.Flecha@gastech.com.kronos; Hideki.Cocinaro@gastech.com.kronos; Inga.Ferro@gastech.com.kronos; Loreto.Bodrogi@gastech.com.kronos; Isia.Vann@gastech.com.kronos; Stenig.Fusil@gastech.com.kronos; Hennie.Osvaldo@gastech.com.kronos; Kanon.Herrero@gastech.com.kronos; Varja.Lagos@gastech.com.kronos; Minke.Mies@gastech.com.kronos; Felix.Resumir@gastech.com.kronos; Edvard.Vann@gastech.com.kronos; Emile.Arpa@gastech.com.kronos; Varro.Awelon@gastech.com.kronos; Mat.Bramar@gastech.com.kronos; Dante.Coginian@gastech.com.kronos; Carla.Forluniau@gastech.com.kronos; Linda.Lagos@gastech.com.kronos; Cornelia.Lais@gastech.com.kronos; Ruscella.Mies.Haber@gastech.com.kronos; Anda.Ribera@gastech.com.kronos,Rachel Pantanal; Lars Azada; Felix Balas; Isande Borrasca; Axel Calzas; Gustav Cazar; Lidelse Dedos; Birgitta Frente; Vira Frente; Adra Nubarron; Marin Onda; Kare Orilla; Elsa Orilla; Brand Tempestad; Ingrid Barranco; Ada Campo-Corrente; Sten Sanjorge Jr ; Orhan Strum; Willem Vasco-Pais; Bertrand Ovan; Albina Hafon; Benito Hawelon; Claudio Hawelon; Henk Mies; Valeria Morlun; Adan Morlun; Cecilia Morluniau; Irene Nant; Dylan Scozzese; Lucas Alcazar; Isak Baza; Linnea Bergen; Nils Calixto; Sven Flecha; Hideki Cocinaro; Inga Ferro; Loreto Bodrogi; Isia Vann; Stenig Fusil; Hennie Osvaldo; Kanon Herrero; Varja Lagos; Minke Mies; Felix Resumir; Edvard Vann; Emile Arpa; Varro Awelon; Mat Bramar; Dante Coginian; Carla Forluniau; Linda Lagos; Cornelia Lais; Ruscella Mies Haber; Anda Ribera,54,gastech.com.kronos,GAStech-Kronos,1/14/2014 20:31,2014-01-14 20:31,RE: Updated Safety Policies,Updated Safety Policies,
812,Albina.Hafon@gastech.com.kronos,Albina Hafon,gastech.com.kronos,GAStech-Kronos,Cecilia.Morluniau@gastech.com.kronos; Claudio.Hawelon@gastech.com.kronos; Albina.Hafon@gastech.com.kronos,Cecilia Morluniau; Claudio Hawelon; Albina Hafon,3,gastech.com.kronos,GAStech-Kronos,1/14/2014 20:46,2014-01-14 20:46,RE: Who took the toolbox out of my truck?,Who took the toolbox out of my truck?,
813,Irene.Nant@gastech.com.kronos,Irene Nant,gastech.com.kronos,GAStech-Kronos,Rachel.Pantanal@gastech.com.kronos; Lars.Azada@gastech.com.kronos; Felix.Balas@gastech.com.kronos; Isande.Borrasca@gastech.com.kronos; Axel.Calzas@gastech.com.kronos; Gustav.Cazar@gastech.com.kronos; Lidelse.Dedos@gastech.com.kronos; Birgitta.Frente@gastech.com.kronos; Vira.Frente@gastech.com.kronos; Adra.Nubarron@gastech.com.kronos; Marin.Onda@gastech.com.kronos; Kare.Orilla@gastech.com.kronos; Elsa.Orilla@gastech.com.kronos; Brand.Tempestad@gastech.com.kronos; Ingrid.Barranco@gastech.com.kronos; Ada.Campo-Corrente@gastech.com.kronos; Sten.Sanjorge Jr.@gastech.com.kronos; Orhan.Strum@gastech.com.kronos; Willem.Vasco-Pais@gastech.com.kronos; Bertrand.Ovan@gastech.com.kronos; Albina.Hafon@gastech.com.kronos; Benito.Hawelon@gastech.com.kronos; Claudio.Hawelon@gastech.com.kronos; Henk.Mies@gastech.com.kronos; Valeria.Morlun@gastech.com.kronos; Adan.Morlun@gastech.com.kronos; Cecilia.Morluniau@gastech.com.kronos; Irene.Nant@gastech.com.kronos; Dylan.Scozzese@gastech.com.kronos; Lucas.Alcazar@gastech.com.kronos; Isak.Baza@gastech.com.kronos; Linnea.Bergen@gastech.com.kronos; Nils.Calixto@gastech.com.kronos; Sven.Flecha@gastech.com.kronos; Hideki.Cocinaro@gastech.com.kronos; Inga.Ferro@gastech.com.kronos; Loreto.Bodrogi@gastech.com.kronos; Isia.Vann@gastech.com.kronos; Stenig.Fusil@gastech.com.kronos; Hennie.Osvaldo@gastech.com.kronos; Kanon.Herrero@gastech.com.kronos; Varja.Lagos@gastech.com.kronos; Minke.Mies@gastech.com.kronos; Felix.Resumir@gastech.com.kronos; Edvard.Vann@gastech.com.kronos; Emile.Arpa@gastech.com.kronos; Varro.Awelon@gastech.com.kronos; Mat.Bramar@gastech.com.kronos; Dante.Coginian@gastech.com.kronos; Carla.Forluniau@gastech.com.kronos; Linda.Lagos@gastech.com.kronos; Cornelia.Lais@gastech.com.kronos; Ruscella.Mies.Haber@gastech.com.kronos; Anda.Ribera@gastech.com.kronos,Rachel Pantanal; Lars Azada; Felix Balas; Isande Borrasca; Axel Calzas; Gustav Cazar; Lidelse Dedos; Birgitta Frente; Vira Frente; Adra Nubarron; Marin Onda; Kare Orilla; Elsa Orilla; Brand Tempestad; Ingrid Barranco; Ada Campo-Corrente; Sten Sanjorge Jr ; Orhan Strum; Willem Vasco-Pais; Bertrand Ovan; Albina Hafon; Benito Hawelon; Claudio Hawelon; Henk Mies; Valeria Morlun; Adan Morlun; Cecilia Morluniau; Irene Nant; Dylan Scozzese; Lucas Alcazar; Isak Baza; Linnea Bergen; Nils Calixto; Sven Flecha; Hideki Cocinaro; Inga Ferro; Loreto Bodrogi; Isia Vann; Stenig Fusil; Hennie Osvaldo; Kanon Herrero; Varja Lagos; Minke Mies; Felix Resumir; Edvard Vann; Emile Arpa; Varro Awelon; Mat Bramar; Dante Coginian; Carla Forluniau; Linda Lagos; Cornelia Lais; Ruscella Mies Haber; Anda Ribera,54,gastech.com.kronos,GAStech-Kronos,1/14/2014 20:55,2014-01-14 20:55,RE: Updated Safety Policies,Updated Safety Policies,
814,Ingrid.Barranco@gastech.com.kronos,Ingrid Barranco,gastech.com.kronos,GAStech-Kronos,Rachel.Pantanal@gastech.com.kronos; Lars.Azada@gastech.com.kronos; Felix.Balas@gastech.com.kronos; Isande.Borrasca@gastech.com.kronos; Axel.Calzas@gastech.com.kronos; Gustav.Cazar@gastech.com.kronos; Lidelse.Dedos@gastech.com.kronos; Birgitta.Frente@gastech.com.kronos; Vira.Frente@gastech.com.kronos; Adra.Nubarron@gastech.com.kronos; Marin.Onda@gastech.com.kronos; Kare.Orilla@gastech.com.kronos; Elsa.Orilla@gastech.com.kronos; Brand.Tempestad@gastech.com.kronos; Ingrid.Barranco@gastech.com.kronos; Ada.Campo-Corrente@gastech.com.kronos; Sten.Sanjorge Jr.@gastech.com.kronos; Orhan.Strum@gastech.com.kronos; Willem.Vasco-Pais@gastech.com.kronos; Bertrand.Ovan@gastech.com.kronos; Albina.Hafon@gastech.com.kronos; Benito.Hawelon@gastech.com.kronos; Claudio.Hawelon@gastech.com.kronos; Henk.Mies@gastech.com.kronos; Valeria.Morlun@gastech.com.kronos; Adan.Morlun@gastech.com.kronos; Cecilia.Morluniau@gastech.com.kronos; Irene.Nant@gastech.com.kronos; Dylan.Scozzese@gastech.com.kronos; Lucas.Alcazar@gastech.com.kronos; Isak.Baza@gastech.com.kronos; Linnea.Bergen@gastech.com.kronos; Nils.Calixto@gastech.com.kronos; Sven.Flecha@gastech.com.kronos; Hideki.Cocinaro@gastech.com.kronos; Inga.Ferro@gastech.com.kronos; Loreto.Bodrogi@gastech.com.kronos; Isia.Vann@gastech.com.kronos; Stenig.Fusil@gastech.com.kronos; Hennie.Osvaldo@gastech.com.kronos; Kanon.Herrero@gastech.com.kronos; Varja.Lagos@gastech.com.kronos; Minke.Mies@gastech.com.kronos; Felix.Resumir@gastech.com.kronos; Edvard.Vann@gastech.com.kronos; Emile.Arpa@gastech.com.kronos; Varro.Awelon@gastech.com.kronos; Mat.Bramar@gastech.com.kronos; Dante.Coginian@gastech.com.kronos; Carla.Forluniau@gastech.com.kronos; Linda.Lagos@gastech.com.kronos; Cornelia.Lais@gastech.com.kronos; Ruscella.Mies.Haber@gastech.com.kronos; Anda.Ribera@gastech.com.kronos,Rachel Pantanal; Lars Azada; Felix Balas; Isande Borrasca; Axel Calzas; Gustav Cazar; Lidelse Dedos; Birgitta Frente; Vira Frente; Adra Nubarron; Marin Onda; Kare Orilla; Elsa Orilla; Brand Tempestad; Ingrid Barranco; Ada Campo-Corrente; Sten Sanjorge Jr ; Orhan Strum; Willem Vasco-Pais; Bertrand Ovan; Albina Hafon; Benito Hawelon; Claudio Hawelon; Henk Mies; Valeria Morlun; Adan Morlun; Cecilia Morluniau; Irene Nant; Dylan Scozzese; Lucas Alcazar; Isak Baza; Linnea Bergen; Nils Calixto; Sven Flecha; Hideki Cocinaro; Inga Ferro; Loreto Bodrogi; Isia Vann; Stenig Fusil; Hennie Osvaldo; Kanon Herrero; Varja Lagos; Minke Mies; Felix Resumir; Edvard Vann; Emile Arpa; Varro Awelon; Mat Bramar; Dante Coginian; Carla Forluniau; Linda Lagos; Cornelia Lais; Ruscella Mies Haber; Anda Ribera,54,gastech.com.kronos,GAStech-Kronos,1/14/2014 21:00,2014-01-14 21:00,RE: Updated Safety Policies,Updated Safety Policies,
815,Isak.Baza@gastech.com.kronos,Isak Baza,gastech.com.kronos,GAStech-Kronos,Lucas.Alcazar@gastech.com.kronos; Nils.Calixto@gastech.com.kronos,Lucas Alcazar; Nils Calixto,2,gastech.com.kronos,GAStech-Kronos,1/15/2014 9:15,2014-01-15 09:15,The most creative spam I've seen lately.,The most creative spam I've seen lately.,
816,Benito.Hawelon@gastech.com.kronos,Benito Hawelon,gastech.com.kronos,GAStech-Kronos,Albina.Hafon@gastech.com.kronos; Emile.Arpa@gastech.com.kronos; Dylan.Scozzese@gastech.com.kronos; Claudio.Hawelon@gastech.com.kronos; Dante.Coginian@gastech.com.kronos; Bertrand.Ovan@gastech.com.kronos; Henk.Mies@gastech.com.kronos; Valeria.Morlun@gastech.com.kronos,Albina Hafon; Emile Arpa; Dylan Scozzese; Claudio Hawelon; Dante Coginian; Bertrand Ovan; Henk Mies; Valeria Morlun,8,gastech.com.kronos,GAStech-Kronos,1/15/2014 9:45,2014-01-15 09:45,Who took the toolbox out of my truck?,Who took the toolbox out of my truck?,
817,Orhan.Strum@gastech.com.kronos,Orhan Strum,gastech.com.kronos,GAStech-Kronos,Irene.Nant@gastech.com.kronos,Irene Nant,1,gastech.com.kronos,GAStech-Kronos,1/15/2014 9:52,2014-01-15 09:52,Ha ha,Ha ha,
818,Isande.Borrasca@gastech.com.kronos,Isande Borrasca,gastech.com.kronos,GAStech-Kronos,Hideki.Cocinaro@gastech.com.kronos,Hideki Cocinaro,1,gastech.com.kronos,GAStech-Kronos,1/15/2014 10:19,2014-01-15 10:19,On my way,On my way,
819,Irene.Nant@gastech.com.kronos,Irene Nant,gastech.com.kronos,GAStech-Kronos,Orhan.Strum@gastech.com.kronos,Orhan Strum,1,gastech.com.kronos,GAStech-Kronos,1/15/2014 10:38,2014-01-15 10:38,RE: Ha ha,Ha ha,
820,Orhan.Strum@gastech.com.kronos,Orhan Strum,gastech.com.kronos,GAStech-Kronos,Irene.Nant@gastech.com.kronos,Irene Nant,1,gastech.com.kronos,GAStech-Kronos,1/15/2014 10:54,2014-01-15 10:54,RE: Ha ha,Ha ha,
821,Bertrand.Ovan@gastech.com.kronos,Bertrand Ovan,gastech.com.kronos,GAStech-Kronos,Emile.Arpa@gastech.com.kronos; Varro.Awelon@gastech.com.kronos; Dante.Coginian@gastech.com.kronos; Albina.Hafon@gastech.com.kronos; Benito.Hawelon@gastech.com.kronos; Claudio.Hawelon@gastech.com.kronos; Henk.Mies@gastech.com.kronos; Valeria.Morlun@gastech.com.kronos; Adan.Morlun@gastech.com.kronos; Cecilia.Morluniau@gastech.com.kronos; Irene.Nant@gastech.com.kronos; Dylan.Scozzese@gastech.com.kronos,Emile Arpa; Varro Awelon; Dante Coginian; Albina Hafon; Benito Hawelon; Claudio Hawelon; Henk Mies; Valeria Morlun; Adan Morlun; Cecilia Morluniau; Irene Nant; Dylan Scozzese,12,gastech.com.kronos,GAStech-Kronos,1/15/2014 11:05,2014-01-15 11:05,Don't text and drive!,Don't text and drive!,
822,Valeria.Morlun@gastech.com.kronos,Valeria Morlun,gastech.com.kronos,GAStech-Kronos,Stenig.Fusil@gastech.com.kronos,Stenig Fusil,1,gastech.com.kronos,GAStech-Kronos,1/15/2014 11:07,2014-01-15 11:07,Favor - borrow hedge trimmer,Favor - borrow hedge trimmer,
823,Albina.Hafon@gastech.com.kronos,Albina Hafon,gastech.com.kronos,GAStech-Kronos,Dylan.Scozzese@gastech.com.kronos,Dylan Scozzese,1,gastech.com.kronos,GAStech-Kronos,1/15/2014 11:07,2014-01-15 11:07,Tools,Tools,
824,Nils.Calixto@gastech.com.kronos,Nils Calixto,gastech.com.kronos,GAStech-Kronos,Nils.Calixto@gastech.com.kronos; Sven.Flecha@gastech.com.kronos,Nils Calixto; Sven Flecha,2,gastech.com.kronos,GAStech-Kronos,1/15/2014 11:14,2014-01-15 11:14,Draft report - comments needed by Monday,Draft report - comments needed by Monday,
825,Marin.Onda@gastech.com.kronos,Marin Onda,gastech.com.kronos,GAStech-Kronos,Emile.Arpa@gastech.com.kronos,Emile Arpa,1,gastech.com.kronos,GAStech-Kronos,1/15/2014 11:17,2014-01-15 11:17,Files,Files,
826,Ruscella.Mies.Haber@gastech.com.kronos,Ruscella Mies Haber,gastech.com.kronos,GAStech-Kronos,Rachel.Pantanal@gastech.com.kronos; Lars.Azada@gastech.com.kronos; Felix.Balas@gastech.com.kronos; Isande.Borrasca@gastech.com.kronos; Axel.Calzas@gastech.com.kronos; Gustav.Cazar@gastech.com.kronos; Lidelse.Dedos@gastech.com.kronos; Birgitta.Frente@gastech.com.kronos; Vira.Frente@gastech.com.kronos; Adra.Nubarron@gastech.com.kronos; Marin.Onda@gastech.com.kronos; Kare.Orilla@gastech.com.kronos; Elsa.Orilla@gastech.com.kronos; Brand.Tempestad@gastech.com.kronos; Ingrid.Barranco@gastech.com.kronos; Ada.Campo-Corrente@gastech.com.kronos; Sten.Sanjorge Jr.@gastech.com.kronos; Orhan.Strum@gastech.com.kronos; Willem.Vasco-Pais@gastech.com.kronos; Bertrand.Ovan@gastech.com.kronos; Albina.Hafon@gastech.com.kronos; Benito.Hawelon@gastech.com.kronos; Claudio.Hawelon@gastech.com.kronos; Henk.Mies@gastech.com.kronos; Valeria.Morlun@gastech.com.kronos; Adan.Morlun@gastech.com.kronos; Cecilia.Morluniau@gastech.com.kronos; Irene.Nant@gastech.com.kronos; Dylan.Scozzese@gastech.com.kronos; Lucas.Alcazar@gastech.com.kronos; Isak.Baza@gastech.com.kronos; Linnea.Bergen@gastech.com.kronos; Nils.Calixto@gastech.com.kronos; Sven.Flecha@gastech.com.kronos; Hideki.Cocinaro@gastech.com.kronos; Inga.Ferro@gastech.com.kronos; Loreto.Bodrogi@gastech.com.kronos; Isia.Vann@gastech.com.kronos; Stenig.Fusil@gastech.com.kronos; Hennie.Osvaldo@gastech.com.kronos; Kanon.Herrero@gastech.com.kronos; Varja.Lagos@gastech.com.kronos; Minke.Mies@gastech.com.kronos; Felix.Resumir@gastech.com.kronos; Edvard.Vann@gastech.com.kronos; Emile.Arpa@gastech.com.kronos; Varro.Awelon@gastech.com.kronos; Mat.Bramar@gastech.com.kronos; Dante.Coginian@gastech.com.kronos; Carla.Forluniau@gastech.com.kronos; Linda.Lagos@gastech.com.kronos; Cornelia.Lais@gastech.com.kronos; Ruscella.Mies.Haber@gastech.com.kronos; Anda.Ribera@gastech.com.kronos,Rachel Pantanal; Lars Azada; Felix Balas; Isande Borrasca; Axel Calzas; Gustav Cazar; Lidelse Dedos; Birgitta Frente; Vira Frente; Adra Nubarron; Marin Onda; Kare Orilla; Elsa Orilla; Brand Tempestad; Ingrid Barranco; Ada Campo-Corrente; Sten Sanjorge Jr ; Orhan Strum; Willem Vasco-Pais; Bertrand Ovan; Albina Hafon; Benito Hawelon; Claudio Hawelon; Henk Mies; Valeria Morlun; Adan Morlun; Cecilia Morluniau; Irene Nant; Dylan Scozzese; Lucas Alcazar; Isak Baza; Linnea Bergen; Nils Calixto; Sven Flecha; Hideki Cocinaro; Inga Ferro; Loreto Bodrogi; Isia Vann; Stenig Fusil; Hennie Osvaldo; Kanon Herrero; Varja Lagos; Minke Mies; Felix Resumir; Edvard Vann; Emile Arpa; Varro Awelon; Mat Bramar; Dante Coginian; Carla Forluniau; Linda Lagos; Cornelia Lais; Ruscella Mies Haber; Anda Ribera,54,gastech.com.kronos,GAStech-Kronos,1/15/2014 11:17,2014-01-15 11:17,Daily morning announcements,Daily morning announcements,
827,Dylan.Scozzese@gastech.com.kronos,Dylan Scozzese,gastech.com.kronos,GAStech-Kronos,Cecilia.Morluniau@gastech.com.kronos; Benito.Hawelon@gastech.com.kronos; Albina.Hafon@gastech.com.kronos; Adan.Morlun@gastech.com.kronos; Claudio.Hawelon@gastech.com.kronos; Valeria.Morlun@gastech.com.kronos; Irene.Nant@gastech.com.kronos,Cecilia Morluniau; Benito Hawelon; Albina Hafon; Adan Morlun; Claudio Hawelon; Valeria Morlun; Irene Nant,7,gastech.com.kronos,GAStech-Kronos,1/15/2014 11:24,2014-01-15 11:24,List of repairs needed,List of repairs needed,
828,Lucas.Alcazar@gastech.com.kronos,Lucas Alcazar,gastech.com.kronos,GAStech-Kronos,Linnea.Bergen@gastech.com.kronos,Linnea Bergen,1,gastech.com.kronos,GAStech-Kronos,1/15/2014 11:26,2014-01-15 11:26,Favor - water plants please next month,Favor - water plants please next month,
829,Irene.Nant@gastech.com.kronos,Irene Nant,gastech.com.kronos,GAStech-Kronos,Orhan.Strum@gastech.com.kronos,Orhan Strum,1,gastech.com.kronos,GAStech-Kronos,1/15/2014 11:27,2014-01-15 11:27,RE: Ha ha,Ha ha,
830,Gustav.Cazar@gastech.com.kronos,Gustav Cazar,gastech.com.kronos,GAStech-Kronos,Marin.Onda@gastech.com.kronos; Brand.Tempestad@gastech.com.kronos; Elsa.Orilla@gastech.com.kronos; Axel.Calzas@gastech.com.kronos; Isande.Borrasca@gastech.com.kronos; Birgitta.Frente@gastech.com.kronos; Kare.Orilla@gastech.com.kronos,Marin Onda; Brand Tempestad; Elsa Orilla; Axel Calzas; Isande Borrasca; Birgitta Frente; Kare Orilla,7,gastech.com.kronos,GAStech-Kronos,1/15/2014 11:28,2014-01-15 11:28,Wellhead flow rate data - overpressure at well 1783-03?,Wellhead flow rate data - overpressure at well 1783-03?,environment
831,Dante.Coginian@gastech.com.kronos,Dante Coginian,gastech.com.kronos,GAStech-Kronos,Claudio.Hawelon@gastech.com.kronos; Dylan.Scozzese@gastech.com.kronos; Cecilia.Morluniau@gastech.com.kronos,Claudio Hawelon; Dylan Scozzese; Cecilia Morluniau,3,gastech.com.kronos,GAStech-Kronos,1/15/2014 11:52,2014-01-15 11:52,RE: Don't text and drive!,Don't text and drive!,
832,Dylan.Scozzese@gastech.com.kronos,Dylan Scozzese,gastech.com.kronos,GAStech-Kronos,Adan.Morlun@gastech.com.kronos; Claudio.Hawelon@gastech.com.kronos; Benito.Hawelon@gastech.com.kronos; Valeria.Morlun@gastech.com.kronos,Adan Morlun; Claudio Hawelon; Benito Hawelon; Valeria Morlun,4,gastech.com.kronos,GAStech-Kronos,1/15/2014 12:01,2014-01-15 12:01,RE: Don't text and drive!,Don't text and drive!,
833,Linnea.Bergen@gastech.com.kronos,Linnea Bergen,gastech.com.kronos,GAStech-Kronos,Claudio.Hawelon@gastech.com.kronos,Claudio Hawelon,1,gastech.com.kronos,GAStech-Kronos,1/15/2014 12:10,2014-01-15 12:10,Favor - borrow hedge trimmer,Favor - borrow hedge trimmer,
834,Dylan.Scozzese@gastech.com.kronos,Dylan Scozzese,gastech.com.kronos,GAStech-Kronos,Albina.Hafon@gastech.com.kronos,Albina Hafon,1,gastech.com.kronos,GAStech-Kronos,1/15/2014 12:17,2014-01-15 12:17,RE: Tools,Tools,
835,Nils.Calixto@gastech.com.kronos,Nils Calixto,gastech.com.kronos,GAStech-Kronos,Lucas.Alcazar@gastech.com.kronos; Nils.Calixto@gastech.com.kronos,Lucas Alcazar; Nils Calixto,2,gastech.com.kronos,GAStech-Kronos,1/15/2014 12:20,2014-01-15 12:20,RE: The most creative spam I've seen lately.,The most creative spam I've seen lately.,
836,Loreto.Bodrogi@gastech.com.kronos,Loreto Bodrogi,gastech.com.kronos,GAStech-Kronos,Isia.Vann@gastech.com.kronos; Edvard.Vann@gastech.com.kronos; Stenig.Fusil@gastech.com.kronos,Isia Vann; Edvard Vann; Stenig Fusil,3,gastech.com.kronos,GAStech-Kronos,1/15/2014 12:25,2014-01-15 12:25,Inspection request for site,Inspection request for site,
837,Claudio.Hawelon@gastech.com.kronos,Claudio Hawelon,gastech.com.kronos,GAStech-Kronos,Linnea.Bergen@gastech.com.kronos,Linnea Bergen,1,gastech.com.kronos,GAStech-Kronos,1/15/2014 12:31,2014-01-15 12:31,RE: Favor - borrow hedge trimmer,Favor - borrow hedge trimmer,
838,Hideki.Cocinaro@gastech.com.kronos,Hideki Cocinaro,gastech.com.kronos,GAStech-Kronos,Isande.Borrasca@gastech.com.kronos,Isande Borrasca,1,gastech.com.kronos,GAStech-Kronos,1/15/2014 12:41,2014-01-15 12:41,RE: On my way,On my way,
839,Mat.Bramar@gastech.com.kronos,Mat Bramar,gastech.com.kronos,GAStech-Kronos,Rachel.Pantanal@gastech.com.kronos; Lars.Azada@gastech.com.kronos; Felix.Balas@gastech.com.kronos; Isande.Borrasca@gastech.com.kronos; Axel.Calzas@gastech.com.kronos; Gustav.Cazar@gastech.com.kronos; Lidelse.Dedos@gastech.com.kronos; Birgitta.Frente@gastech.com.kronos; Vira.Frente@gastech.com.kronos; Adra.Nubarron@gastech.com.kronos; Marin.Onda@gastech.com.kronos; Kare.Orilla@gastech.com.kronos; Elsa.Orilla@gastech.com.kronos; Brand.Tempestad@gastech.com.kronos; Ingrid.Barranco@gastech.com.kronos; Ada.Campo-Corrente@gastech.com.kronos; Sten.Sanjorge Jr.@gastech.com.kronos; Orhan.Strum@gastech.com.kronos; Willem.Vasco-Pais@gastech.com.kronos; Bertrand.Ovan@gastech.com.kronos; Albina.Hafon@gastech.com.kronos; Benito.Hawelon@gastech.com.kronos; Claudio.Hawelon@gastech.com.kronos; Henk.Mies@gastech.com.kronos; Valeria.Morlun@gastech.com.kronos; Adan.Morlun@gastech.com.kronos; Cecilia.Morluniau@gastech.com.kronos; Irene.Nant@gastech.com.kronos; Dylan.Scozzese@gastech.com.kronos; Lucas.Alcazar@gastech.com.kronos; Isak.Baza@gastech.com.kronos; Linnea.Bergen@gastech.com.kronos; Nils.Calixto@gastech.com.kronos; Sven.Flecha@gastech.com.kronos; Hideki.Cocinaro@gastech.com.kronos; Inga.Ferro@gastech.com.kronos; Loreto.Bodrogi@gastech.com.kronos; Isia.Vann@gastech.com.kronos; Stenig.Fusil@gastech.com.kronos; Hennie.Osvaldo@gastech.com.kronos; Kanon.Herrero@gastech.com.kronos; Varja.Lagos@gastech.com.kronos; Minke.Mies@gastech.com.kronos; Felix.Resumir@gastech.com.kronos; Edvard.Vann@gastech.com.kronos; Emile.Arpa@gastech.com.kronos; Varro.Awelon@gastech.com.kronos; Mat.Bramar@gastech.com.kronos; Dante.Coginian@gastech.com.kronos; Carla.Forluniau@gastech.com.kronos; Linda.Lagos@gastech.com.kronos; Cornelia.Lais@gastech.com.kronos; Ruscella.Mies.Haber@gastech.com.kronos; Anda.Ribera@gastech.com.kronos,Rachel Pantanal; Lars Azada; Felix Balas; Isande Borrasca; Axel Calzas; Gustav Cazar; Lidelse Dedos; Birgitta Frente; Vira Frente; Adra Nubarron; Marin Onda; Kare Orilla; Elsa Orilla; Brand Tempestad; Ingrid Barranco; Ada Campo-Corrente; Sten Sanjorge Jr ; Orhan Strum; Willem Vasco-Pais; Bertrand Ovan; Albina Hafon; Benito Hawelon; Claudio Hawelon; Henk Mies; Valeria Morlun; Adan Morlun; Cecilia Morluniau; Irene Nant; Dylan Scozzese; Lucas Alcazar; Isak Baza; Linnea Bergen; Nils Calixto; Sven Flecha; Hideki Cocinaro; Inga Ferro; Loreto Bodrogi; Isia Vann; Stenig Fusil; Hennie Osvaldo; Kanon Herrero; Varja Lagos; Minke Mies; Felix Resumir; Edvard Vann; Emile Arpa; Varro Awelon; Mat Bramar; Dante Coginian; Carla Forluniau; Linda Lagos; Cornelia Lais; Ruscella Mies Haber; Anda Ribera,54,gastech.com.kronos,GAStech-Kronos,1/15/2014 12:43,2014-01-15 12:43,Reminder: Refer all media inquiries,Reminder: Refer all media inquiries,
840,Linnea.Bergen@gastech.com.kronos,Linnea Bergen,gastech.com.kronos,GAStech-Kronos,Lucas.Alcazar@gastech.com.kronos,Lucas Alcazar,1,gastech.com.kronos,GAStech-Kronos,1/15/2014 12:48,2014-01-15 12:48,RE: Favor - water plants please next month,Favor - water plants please next month,
841,Axel.Calzas@gastech.com.kronos,Axel Calzas,gastech.com.kronos,GAStech-Kronos,Nils.Calixto@gastech.com.kronos,Nils Calixto,1,gastech.com.kronos,GAStech-Kronos,1/15/2014 12:51,2014-01-15 12:51,Going home sick,Going home sick,
842,Albina.Hafon@gastech.com.kronos,Albina Hafon,gastech.com.kronos,GAStech-Kronos,Dylan.Scozzese@gastech.com.kronos,Dylan Scozzese,1,gastech.com.kronos,GAStech-Kronos,1/15/2014 12:51,2014-01-15 12:51,RE: Tools,Tools,
843,Dylan.Scozzese@gastech.com.kronos,Dylan Scozzese,gastech.com.kronos,GAStech-Kronos,Albina.Hafon@gastech.com.kronos,Albina Hafon,1,gastech.com.kronos,GAStech-Kronos,1/15/2014 12:53,2014-01-15 12:53,RE: Tools,Tools,
844,Sven.Flecha@gastech.com.kronos,Sven Flecha,gastech.com.kronos,GAStech-Kronos,Isak.Baza@gastech.com.kronos; Nils.Calixto@gastech.com.kronos,Isak Baza; Nils Calixto,2,gastech.com.kronos,GAStech-Kronos,1/15/2014 13:07,2014-01-15 13:07,New hardware - advice needed?,New hardware - advice needed?,
845,Dylan.Scozzese@gastech.com.kronos,Dylan Scozzese,gastech.com.kronos,GAStech-Kronos,Valeria.Morlun@gastech.com.kronos; Albina.Hafon@gastech.com.kronos; Cecilia.Morluniau@gastech.com.kronos; Adan.Morlun@gastech.com.kronos; Emile.Arpa@gastech.com.kronos,Valeria Morlun; Albina Hafon; Cecilia Morluniau; Adan Morlun; Emile Arpa,5,gastech.com.kronos,GAStech-Kronos,1/15/2014 13:11,2014-01-15 13:11,RE: Don't text and drive!,Don't text and drive!,
846,Albina.Hafon@gastech.com.kronos,Albina Hafon,gastech.com.kronos,GAStech-Kronos,Dylan.Scozzese@gastech.com.kronos,Dylan Scozzese,1,gastech.com.kronos,GAStech-Kronos,1/15/2014 13:13,2014-01-15 13:13,RE: Tools,Tools,
847,Mat.Bramar@gastech.com.kronos,Mat Bramar,gastech.com.kronos,GAStech-Kronos,Rachel.Pantanal@gastech.com.kronos; Lars.Azada@gastech.com.kronos; Felix.Balas@gastech.com.kronos; Isande.Borrasca@gastech.com.kronos; Axel.Calzas@gastech.com.kronos; Gustav.Cazar@gastech.com.kronos; Lidelse.Dedos@gastech.com.kronos; Birgitta.Frente@gastech.com.kronos; Vira.Frente@gastech.com.kronos; Adra.Nubarron@gastech.com.kronos; Marin.Onda@gastech.com.kronos; Kare.Orilla@gastech.com.kronos; Elsa.Orilla@gastech.com.kronos; Brand.Tempestad@gastech.com.kronos; Ingrid.Barranco@gastech.com.kronos; Ada.Campo-Corrente@gastech.com.kronos; Sten.Sanjorge Jr.@gastech.com.kronos; Orhan.Strum@gastech.com.kronos; Willem.Vasco-Pais@gastech.com.kronos; Bertrand.Ovan@gastech.com.kronos; Albina.Hafon@gastech.com.kronos; Benito.Hawelon@gastech.com.kronos; Claudio.Hawelon@gastech.com.kronos; Henk.Mies@gastech.com.kronos; Valeria.Morlun@gastech.com.kronos; Adan.Morlun@gastech.com.kronos; Cecilia.Morluniau@gastech.com.kronos; Irene.Nant@gastech.com.kronos; Dylan.Scozzese@gastech.com.kronos; Lucas.Alcazar@gastech.com.kronos; Isak.Baza@gastech.com.kronos; Linnea.Bergen@gastech.com.kronos; Nils.Calixto@gastech.com.kronos; Sven.Flecha@gastech.com.kronos; Hideki.Cocinaro@gastech.com.kronos; Inga.Ferro@gastech.com.kronos; Loreto.Bodrogi@gastech.com.kronos; Isia.Vann@gastech.com.kronos; Stenig.Fusil@gastech.com.kronos; Hennie.Osvaldo@gastech.com.kronos; Kanon.Herrero@gastech.com.kronos; Varja.Lagos@gastech.com.kronos; Minke.Mies@gastech.com.kronos; Felix.Resumir@gastech.com.kronos; Edvard.Vann@gastech.com.kronos; Emile.Arpa@gastech.com.kronos; Varro.Awelon@gastech.com.kronos; Mat.Bramar@gastech.com.kronos; Dante.Coginian@gastech.com.kronos; Carla.Forluniau@gastech.com.kronos; Linda.Lagos@gastech.com.kronos; Cornelia.Lais@gastech.com.kronos; Ruscella.Mies.Haber@gastech.com.kronos; Anda.Ribera@gastech.com.kronos,Rachel Pantanal; Lars Azada; Felix Balas; Isande Borrasca; Axel Calzas; Gustav Cazar; Lidelse Dedos; Birgitta Frente; Vira Frente; Adra Nubarron; Marin Onda; Kare Orilla; Elsa Orilla; Brand Tempestad; Ingrid Barranco; Ada Campo-Corrente; Sten Sanjorge Jr ; Orhan Strum; Willem Vasco-Pais; Bertrand Ovan; Albina Hafon; Benito Hawelon; Claudio Hawelon; Henk Mies; Valeria Morlun; Adan Morlun; Cecilia Morluniau; Irene Nant; Dylan Scozzese; Lucas Alcazar; Isak Baza; Linnea Bergen; Nils Calixto; Sven Flecha; Hideki Cocinaro; Inga Ferro; Loreto Bodrogi; Isia Vann; Stenig Fusil; Hennie Osvaldo; Kanon Herrero; Varja Lagos; Minke Mies; Felix Resumir; Edvard Vann; Emile Arpa; Varro Awelon; Mat Bramar; Dante Coginian; Carla Forluniau; Linda Lagos; Cornelia Lais; Ruscella Mies Haber; Anda Ribera,54,gastech.com.kronos,GAStech-Kronos,1/15/2014 13:13,2014-01-15 13:13,Employee of the month,Employee of the month,business
848,Linnea.Bergen@gastech.com.kronos,Linnea Bergen,gastech.com.kronos,GAStech-Kronos,Claudio.Hawelon@gastech.com.kronos,Claudio Hawelon,1,gastech.com.kronos,GAStech-Kronos,1/15/2014 13:15,2014-01-15 13:15,RE: Favor - borrow hedge trimmer,Favor - borrow hedge trimmer,
849,Henk.Mies@gastech.com.kronos,Henk Mies,gastech.com.kronos,GAStech-Kronos,Valeria.Morlun@gastech.com.kronos; Benito.Hawelon@gastech.com.kronos; Albina.Hafon@gastech.com.kronos; Adan.Morlun@gastech.com.kronos; Dante.Coginian@gastech.com.kronos; Emile.Arpa@gastech.com.kronos; Varro.Awelon@gastech.com.kronos; Claudio.Hawelon@gastech.com.kronos; Cecilia.Morluniau@gastech.com.kronos,Valeria Morlun; Benito Hawelon; Albina Hafon; Adan Morlun; Dante Coginian; Emile Arpa; Varro Awelon; Claudio Hawelon; Cecilia Morluniau,9,gastech.com.kronos,GAStech-Kronos,1/15/2014 13:19,2014-01-15 13:19,RE: Don't text and drive!,Don't text and drive!,
850,Anda.Ribera@gastech.com.kronos,Anda Ribera,gastech.com.kronos,GAStech-Kronos,Mat.Bramar@gastech.com.kronos; Anda.Ribera@gastech.com.kronos; Rachel.Pantanal@gastech.com.kronos; Linda.Lagos@gastech.com.kronos; Ruscella.Mies.Haber@gastech.com.kronos; Carla.Forluniau@gastech.com.kronos; Cornelia.Lais@gastech.com.kronos,Mat Bramar; Anda Ribera; Rachel Pantanal; Linda Lagos; Ruscella Mies Haber; Carla Forluniau; Cornelia Lais,7,gastech.com.kronos,GAStech-Kronos,1/15/2014 13:23,2014-01-15 13:23,Coupon club,Coupon club,
851,Stenig.Fusil@gastech.com.kronos,Stenig Fusil,gastech.com.kronos,GAStech-Kronos,Stenig.Fusil@gastech.com.kronos,Stenig Fusil,1,gastech.com.kronos,GAStech-Kronos,1/15/2014 13:24,2014-01-15 13:24,Favor - borrow hedge trimmer,Favor - borrow hedge trimmer,
852,Birgitta.Frente@gastech.com.kronos,Birgitta Frente,gastech.com.kronos,GAStech-Kronos,Marin.Onda@gastech.com.kronos; Brand.Tempestad@gastech.com.kronos; Elsa.Orilla@gastech.com.kronos; Axel.Calzas@gastech.com.kronos; Isande.Borrasca@gastech.com.kronos; Birgitta.Frente@gastech.com.kronos; Kare.Orilla@gastech.com.kronos,Marin Onda; Brand Tempestad; Elsa Orilla; Axel Calzas; Isande Borrasca; Birgitta Frente; Kare Orilla,7,gastech.com.kronos,GAStech-Kronos,1/15/2014 13:26,2014-01-15 13:26,RE: Wellhead flow rate data - overpressure at well 1783-03?,Wellhead flow rate data - overpressure at well 1783-03?,environment
853,Dylan.Scozzese@gastech.com.kronos,Dylan Scozzese,gastech.com.kronos,GAStech-Kronos,Albina.Hafon@gastech.com.kronos,Albina Hafon,1,gastech.com.kronos,GAStech-Kronos,1/15/2014 13:27,2014-01-15 13:27,RE: Tools,Tools,
854,Elsa.Orilla@gastech.com.kronos,Elsa Orilla,gastech.com.kronos,GAStech-Kronos,Marin.Onda@gastech.com.kronos; Brand.Tempestad@gastech.com.kronos; Elsa.Orilla@gastech.com.kronos; Axel.Calzas@gastech.com.kronos; Isande.Borrasca@gastech.com.kronos; Birgitta.Frente@gastech.com.kronos; Kare.Orilla@gastech.com.kronos,Marin Onda; Brand Tempestad; Elsa Orilla; Axel Calzas; Isande Borrasca; Birgitta Frente; Kare Orilla,7,gastech.com.kronos,GAStech-Kronos,1/15/2014 13:30,2014-01-15 13:30,RE: Wellhead flow rate data - overpressure at well 1783-03?,Wellhead flow rate data - overpressure at well 1783-03?,environment
855,Carla.Forluniau@gastech.com.kronos,Carla Forluniau,gastech.com.kronos,GAStech-Kronos,Mat.Bramar@gastech.com.kronos; Anda.Ribera@gastech.com.kronos; Rachel.Pantanal@gastech.com.kronos; Linda.Lagos@gastech.com.kronos; Ruscella.Mies.Haber@gastech.com.kronos; Carla.Forluniau@gastech.com.kronos; Cornelia.Lais@gastech.com.kronos,Mat Bramar; Anda Ribera; Rachel Pantanal; Linda Lagos; Ruscella Mies Haber; Carla Forluniau; Cornelia Lais,7,gastech.com.kronos,GAStech-Kronos,1/15/2014 13:31,2014-01-15 13:31,Catering?!?,Catering?!?,
856,Nils.Calixto@gastech.com.kronos,Nils Calixto,gastech.com.kronos,GAStech-Kronos,Lucas.Alcazar@gastech.com.kronos; Nils.Calixto@gastech.com.kronos,Lucas Alcazar; Nils Calixto,2,gastech.com.kronos,GAStech-Kronos,1/15/2014 13:36,2014-01-15 13:36,RE: The most creative spam I've seen lately.,The most creative spam I've seen lately.,
857,Claudio.Hawelon@gastech.com.kronos,Claudio Hawelon,gastech.com.kronos,GAStech-Kronos,Claudio.Hawelon@gastech.com.kronos,Claudio Hawelon,1,gastech.com.kronos,GAStech-Kronos,1/15/2014 13:40,2014-01-15 13:40,Favor - borrow hedge trimmer,Favor - borrow hedge trimmer,
858,Birgitta.Frente@gastech.com.kronos,Birgitta Frente,gastech.com.kronos,GAStech-Kronos,Isak.Baza@gastech.com.kronos,Isak Baza,1,gastech.com.kronos,GAStech-Kronos,1/15/2014 13:45,2014-01-15 13:45,Are you buying coffee?,Are you buying coffee?,
859,Emile.Arpa@gastech.com.kronos,Emile Arpa,gastech.com.kronos,GAStech-Kronos,Marin.Onda@gastech.com.kronos,Marin Onda,1,gastech.com.kronos,GAStech-Kronos,1/15/2014 13:45,2014-01-15 13:45,RE: Files,Files,
860,Sven.Flecha@gastech.com.kronos,Sven Flecha,gastech.com.kronos,GAStech-Kronos,Nils.Calixto@gastech.com.kronos; Sven.Flecha@gastech.com.kronos,Nils Calixto; Sven Flecha,2,gastech.com.kronos,GAStech-Kronos,1/15/2014 13:55,2014-01-15 13:55,RE: Draft report - comments needed by Monday,Draft report - comments needed by Monday,
861,Bertrand.Ovan@gastech.com.kronos,Bertrand Ovan,gastech.com.kronos,GAStech-Kronos,Emile.Arpa@gastech.com.kronos; Varro.Awelon@gastech.com.kronos; Dante.Coginian@gastech.com.kronos; Albina.Hafon@gastech.com.kronos; Benito.Hawelon@gastech.com.kronos; Claudio.Hawelon@gastech.com.kronos; Henk.Mies@gastech.com.kronos; Valeria.Morlun@gastech.com.kronos; Adan.Morlun@gastech.com.kronos; Cecilia.Morluniau@gastech.com.kronos; Irene.Nant@gastech.com.kronos; Dylan.Scozzese@gastech.com.kronos,Emile Arpa; Varro Awelon; Dante Coginian; Albina Hafon; Benito Hawelon; Claudio Hawelon; Henk Mies; Valeria Morlun; Adan Morlun; Cecilia Morluniau; Irene Nant; Dylan Scozzese,12,gastech.com.kronos,GAStech-Kronos,1/15/2014 13:55,2014-01-15 13:55,Don't text and drive!,Don't text and drive!,
862,Nils.Calixto@gastech.com.kronos,Nils Calixto,gastech.com.kronos,GAStech-Kronos,Nils.Calixto@gastech.com.kronos; Sven.Flecha@gastech.com.kronos,Nils Calixto; Sven Flecha,2,gastech.com.kronos,GAStech-Kronos,1/15/2014 13:57,2014-01-15 13:57,RE: Draft report - comments needed by Monday,Draft report - comments needed by Monday,
863,Sten.Sanjorge Jr.@gastech.com.tethys,Sten Sanjorge Jr ,gastech.com.tethys,GAStech-Tethys,Willem.Vasco-Pais@gastech.com.kronos; Sten.Sanjorge Jr.@gastech.com.tethys; Ada.Campo-Corrente@gastech.com.kronos; Orhan.Strum@gastech.com.kronos,Willem Vasco-Pais; Sten Sanjorge Jr ; Ada Campo-Corrente; Orhan Strum,4,gastech.com.kronos; gastech.com.tethys,GAStech-Kronos; GAStech-Tethys,1/15/2014 13:59,2014-01-15 13:59,Yearly numbers looking good,Yearly numbers looking good,
864,Marin.Onda@gastech.com.kronos,Marin Onda,gastech.com.kronos,GAStech-Kronos,Emile.Arpa@gastech.com.kronos,Emile Arpa,1,gastech.com.kronos,GAStech-Kronos,1/15/2014 14:04,2014-01-15 14:04,RE: Files,Files,
865,Stenig.Fusil@gastech.com.kronos,Stenig Fusil,gastech.com.kronos,GAStech-Kronos,Stenig.Fusil@gastech.com.kronos,Stenig Fusil,1,gastech.com.kronos,GAStech-Kronos,1/15/2014 14:07,2014-01-15 14:07,Favor - borrow hedge trimmer,Favor - borrow hedge trimmer,
866,Dylan.Scozzese@gastech.com.kronos,Dylan Scozzese,gastech.com.kronos,GAStech-Kronos,Dante.Coginian@gastech.com.kronos; Valeria.Morlun@gastech.com.kronos; Dylan.Scozzese@gastech.com.kronos; Cecilia.Morluniau@gastech.com.kronos,Dante Coginian; Valeria Morlun; Dylan Scozzese; Cecilia Morluniau,4,gastech.com.kronos,GAStech-Kronos,1/15/2014 14:07,2014-01-15 14:07,Route suggestion for next shift,Route suggestion for next shift,
867,Nils.Calixto@gastech.com.kronos,Nils Calixto,gastech.com.kronos,GAStech-Kronos,Nils.Calixto@gastech.com.kronos; Sven.Flecha@gastech.com.kronos,Nils Calixto; Sven Flecha,2,gastech.com.kronos,GAStech-Kronos,1/15/2014 14:14,2014-01-15 14:14,RE: Draft report - comments needed by Monday,Draft report - comments needed by Monday,
868,Dante.Coginian@gastech.com.kronos,Dante Coginian,gastech.com.kronos,GAStech-Kronos,Albina.Hafon@gastech.com.kronos; Emile.Arpa@gastech.com.kronos; Dylan.Scozzese@gastech.com.kronos; Claudio.Hawelon@gastech.com.kronos; Dante.Coginian@gastech.com.kronos; Bertrand.Ovan@gastech.com.kronos; Henk.Mies@gastech.com.kronos; Valeria.Morlun@gastech.com.kronos,Albina Hafon; Emile Arpa; Dylan Scozzese; Claudio Hawelon; Dante Coginian; Bertrand Ovan; Henk Mies; Valeria Morlun,8,gastech.com.kronos,GAStech-Kronos,1/15/2014 14:15,2014-01-15 14:15,RE: Who took the toolbox out of my truck?,Who took the toolbox out of my truck?,
869,Emile.Arpa@gastech.com.kronos,Emile Arpa,gastech.com.kronos,GAStech-Kronos,Marin.Onda@gastech.com.kronos,Marin Onda,1,gastech.com.kronos,GAStech-Kronos,1/15/2014 14:19,2014-01-15 14:19,RE: Files,Files,
870,Nils.Calixto@gastech.com.kronos,Nils Calixto,gastech.com.kronos,GAStech-Kronos,Axel.Calzas@gastech.com.kronos,Axel Calzas,1,gastech.com.kronos,GAStech-Kronos,1/15/2014 14:30,2014-01-15 14:30,RE: Going home sick,Going home sick,
871,Gustav.Cazar@gastech.com.kronos,Gustav Cazar,gastech.com.kronos,GAStech-Kronos,Vira.Frente@gastech.com.kronos; Axel.Calzas@gastech.com.kronos; Lidelse.Dedos@gastech.com.kronos; Adra.Nubarron@gastech.com.kronos; Brand.Tempestad@gastech.com.kronos; Isande.Borrasca@gastech.com.kronos,Vira Frente; Axel Calzas; Lidelse Dedos; Adra Nubarron; Brand Tempestad; Isande Borrasca,6,gastech.com.kronos,GAStech-Kronos,1/15/2014 14:32,2014-01-15 14:32,Well 1033-01 stabilization progress report,Well 1033-01 stabilization progress report,
872,Stenig.Fusil@gastech.com.kronos,Stenig Fusil,gastech.com.kronos,GAStech-Kronos,Stenig.Fusil@gastech.com.kronos,Stenig Fusil,1,gastech.com.kronos,GAStech-Kronos,1/15/2014 14:33,2014-01-15 14:33,RE: Favor - borrow hedge trimmer,Favor - borrow hedge trimmer,
873,Isia.Vann@gastech.com.kronos,Isia Vann,gastech.com.kronos,GAStech-Kronos,Rachel.Pantanal@gastech.com.kronos,Rachel Pantanal,1,gastech.com.kronos,GAStech-Kronos,1/15/2014 14:33,2014-01-15 14:33,This weekend?,This weekend?,
874,Henk.Mies@gastech.com.kronos,Henk Mies,gastech.com.kronos,GAStech-Kronos,Adan.Morlun@gastech.com.kronos; Claudio.Hawelon@gastech.com.kronos; Dylan.Scozzese@gastech.com.kronos; Albina.Hafon@gastech.com.kronos; Irene.Nant@gastech.com.kronos; Henk.Mies@gastech.com.kronos; Benito.Hawelon@gastech.com.kronos,Adan Morlun; Claudio Hawelon; Dylan Scozzese; Albina Hafon; Irene Nant; Henk Mies; Benito Hawelon,7,gastech.com.kronos,GAStech-Kronos,1/15/2014 14:43,2014-01-15 14:43,Funny!!,Funny!!,
875,Axel.Calzas@gastech.com.kronos,Axel Calzas,gastech.com.kronos,GAStech-Kronos,Nils.Calixto@gastech.com.kronos,Nils Calixto,1,gastech.com.kronos,GAStech-Kronos,1/15/2014 14:49,2014-01-15 14:49,RE: Going home sick,Going home sick,
876,Mat.Bramar@gastech.com.kronos,Mat Bramar,gastech.com.kronos,GAStech-Kronos,Rachel.Pantanal@gastech.com.kronos; Lars.Azada@gastech.com.kronos; Felix.Balas@gastech.com.kronos; Isande.Borrasca@gastech.com.kronos; Axel.Calzas@gastech.com.kronos; Gustav.Cazar@gastech.com.kronos; Lidelse.Dedos@gastech.com.kronos; Birgitta.Frente@gastech.com.kronos; Vira.Frente@gastech.com.kronos; Adra.Nubarron@gastech.com.kronos; Marin.Onda@gastech.com.kronos; Kare.Orilla@gastech.com.kronos; Elsa.Orilla@gastech.com.kronos; Brand.Tempestad@gastech.com.kronos; Ingrid.Barranco@gastech.com.kronos; Ada.Campo-Corrente@gastech.com.kronos; Sten.Sanjorge Jr.@gastech.com.kronos; Orhan.Strum@gastech.com.kronos; Willem.Vasco-Pais@gastech.com.kronos; Bertrand.Ovan@gastech.com.kronos; Albina.Hafon@gastech.com.kronos; Benito.Hawelon@gastech.com.kronos; Claudio.Hawelon@gastech.com.kronos; Henk.Mies@gastech.com.kronos; Valeria.Morlun@gastech.com.kronos; Adan.Morlun@gastech.com.kronos; Cecilia.Morluniau@gastech.com.kronos; Irene.Nant@gastech.com.kronos; Dylan.Scozzese@gastech.com.kronos; Lucas.Alcazar@gastech.com.kronos; Isak.Baza@gastech.com.kronos; Linnea.Bergen@gastech.com.kronos; Nils.Calixto@gastech.com.kronos; Sven.Flecha@gastech.com.kronos; Hideki.Cocinaro@gastech.com.kronos; Inga.Ferro@gastech.com.kronos; Loreto.Bodrogi@gastech.com.kronos; Isia.Vann@gastech.com.kronos; Stenig.Fusil@gastech.com.kronos; Hennie.Osvaldo@gastech.com.kronos; Kanon.Herrero@gastech.com.kronos; Varja.Lagos@gastech.com.kronos; Minke.Mies@gastech.com.kronos; Felix.Resumir@gastech.com.kronos; Edvard.Vann@gastech.com.kronos; Emile.Arpa@gastech.com.kronos; Varro.Awelon@gastech.com.kronos; Mat.Bramar@gastech.com.kronos; Dante.Coginian@gastech.com.kronos; Carla.Forluniau@gastech.com.kronos; Linda.Lagos@gastech.com.kronos; Cornelia.Lais@gastech.com.kronos; Ruscella.Mies.Haber@gastech.com.kronos; Anda.Ribera@gastech.com.kronos,Rachel Pantanal; Lars Azada; Felix Balas; Isande Borrasca; Axel Calzas; Gustav Cazar; Lidelse Dedos; Birgitta Frente; Vira Frente; Adra Nubarron; Marin Onda; Kare Orilla; Elsa Orilla; Brand Tempestad; Ingrid Barranco; Ada Campo-Corrente; Sten Sanjorge Jr ; Orhan Strum; Willem Vasco-Pais; Bertrand Ovan; Albina Hafon; Benito Hawelon; Claudio Hawelon; Henk Mies; Valeria Morlun; Adan Morlun; Cecilia Morluniau; Irene Nant; Dylan Scozzese; Lucas Alcazar; Isak Baza; Linnea Bergen; Nils Calixto; Sven Flecha; Hideki Cocinaro; Inga Ferro; Loreto Bodrogi; Isia Vann; Stenig Fusil; Hennie Osvaldo; Kanon Herrero; Varja Lagos; Minke Mies; Felix Resumir; Edvard Vann; Emile Arpa; Varro Awelon; Mat Bramar; Dante Coginian; Carla Forluniau; Linda Lagos; Cornelia Lais; Ruscella Mies Haber; Anda Ribera,54,gastech.com.kronos,GAStech-Kronos,1/15/2014 15:02,2014-01-15 15:02,Equipment audit approaching,Equipment audit approaching,
877,Ingrid.Barranco@gastech.com.kronos,Ingrid Barranco,gastech.com.kronos,GAStech-Kronos,Rachel.Pantanal@gastech.com.kronos; Lars.Azada@gastech.com.kronos; Felix.Balas@gastech.com.kronos; Isande.Borrasca@gastech.com.kronos; Axel.Calzas@gastech.com.kronos; Gustav.Cazar@gastech.com.kronos; Lidelse.Dedos@gastech.com.kronos; Birgitta.Frente@gastech.com.kronos; Vira.Frente@gastech.com.kronos; Adra.Nubarron@gastech.com.kronos; Marin.Onda@gastech.com.kronos; Kare.Orilla@gastech.com.kronos; Elsa.Orilla@gastech.com.kronos; Brand.Tempestad@gastech.com.kronos; Ingrid.Barranco@gastech.com.kronos; Ada.Campo-Corrente@gastech.com.kronos; Sten.Sanjorge Jr.@gastech.com.kronos; Orhan.Strum@gastech.com.kronos; Willem.Vasco-Pais@gastech.com.kronos; Bertrand.Ovan@gastech.com.kronos; Albina.Hafon@gastech.com.kronos; Benito.Hawelon@gastech.com.kronos; Claudio.Hawelon@gastech.com.kronos; Henk.Mies@gastech.com.kronos; Valeria.Morlun@gastech.com.kronos; Adan.Morlun@gastech.com.kronos; Cecilia.Morluniau@gastech.com.kronos; Irene.Nant@gastech.com.kronos; Dylan.Scozzese@gastech.com.kronos; Lucas.Alcazar@gastech.com.kronos; Isak.Baza@gastech.com.kronos; Linnea.Bergen@gastech.com.kronos; Nils.Calixto@gastech.com.kronos; Sven.Flecha@gastech.com.kronos; Hideki.Cocinaro@gastech.com.kronos; Inga.Ferro@gastech.com.kronos; Loreto.Bodrogi@gastech.com.kronos; Isia.Vann@gastech.com.kronos; Stenig.Fusil@gastech.com.kronos; Hennie.Osvaldo@gastech.com.kronos; Kanon.Herrero@gastech.com.kronos; Varja.Lagos@gastech.com.kronos; Minke.Mies@gastech.com.kronos; Felix.Resumir@gastech.com.kronos; Edvard.Vann@gastech.com.kronos; Emile.Arpa@gastech.com.kronos; Varro.Awelon@gastech.com.kronos; Mat.Bramar@gastech.com.kronos; Dante.Coginian@gastech.com.kronos; Carla.Forluniau@gastech.com.kronos; Linda.Lagos@gastech.com.kronos; Cornelia.Lais@gastech.com.kronos; Ruscella.Mies.Haber@gastech.com.kronos; Anda.Ribera@gastech.com.kronos,Rachel Pantanal; Lars Azada; Felix Balas; Isande Borrasca; Axel Calzas; Gustav Cazar; Lidelse Dedos; Birgitta Frente; Vira Frente; Adra Nubarron; Marin Onda; Kare Orilla; Elsa Orilla; Brand Tempestad; Ingrid Barranco; Ada Campo-Corrente; Sten Sanjorge Jr ; Orhan Strum; Willem Vasco-Pais; Bertrand Ovan; Albina Hafon; Benito Hawelon; Claudio Hawelon; Henk Mies; Valeria Morlun; Adan Morlun; Cecilia Morluniau; Irene Nant; Dylan Scozzese; Lucas Alcazar; Isak Baza; Linnea Bergen; Nils Calixto; Sven Flecha; Hideki Cocinaro; Inga Ferro; Loreto Bodrogi; Isia Vann; Stenig Fusil; Hennie Osvaldo; Kanon Herrero; Varja Lagos; Minke Mies; Felix Resumir; Edvard Vann; Emile Arpa; Varro Awelon; Mat Bramar; Dante Coginian; Carla Forluniau; Linda Lagos; Cornelia Lais; Ruscella Mies Haber; Anda Ribera,54,gastech.com.kronos,GAStech-Kronos,1/15/2014 15:04,2014-01-15 15:04,RE: Employee of the month,Employee of the month,business
878,Sven.Flecha@gastech.com.kronos,Sven Flecha,gastech.com.kronos,GAStech-Kronos,Nils.Calixto@gastech.com.kronos; Sven.Flecha@gastech.com.kronos,Nils Calixto; Sven Flecha,2,gastech.com.kronos,GAStech-Kronos,1/15/2014 15:06,2014-01-15 15:06,RE: Draft report - comments needed by Monday,Draft report - comments needed by Monday,
879,Adan.Morlun@gastech.com.kronos,Adan Morlun,gastech.com.kronos,GAStech-Kronos,Cecilia.Morluniau@gastech.com.kronos; Benito.Hawelon@gastech.com.kronos; Albina.Hafon@gastech.com.kronos; Adan.Morlun@gastech.com.kronos; Claudio.Hawelon@gastech.com.kronos; Valeria.Morlun@gastech.com.kronos; Irene.Nant@gastech.com.kronos,Cecilia Morluniau; Benito Hawelon; Albina Hafon; Adan Morlun; Claudio Hawelon; Valeria Morlun; Irene Nant,7,gastech.com.kronos,GAStech-Kronos,1/15/2014 15:08,2014-01-15 15:08,RE: List of repairs needed,List of repairs needed,
880,Dylan.Scozzese@gastech.com.kronos,Dylan Scozzese,gastech.com.kronos,GAStech-Kronos,Albina.Hafon@gastech.com.kronos; Emile.Arpa@gastech.com.kronos; Dylan.Scozzese@gastech.com.kronos; Claudio.Hawelon@gastech.com.kronos; Dante.Coginian@gastech.com.kronos; Bertrand.Ovan@gastech.com.kronos; Henk.Mies@gastech.com.kronos; Valeria.Morlun@gastech.com.kronos,Albina Hafon; Emile Arpa; Dylan Scozzese; Claudio Hawelon; Dante Coginian; Bertrand Ovan; Henk Mies; Valeria Morlun,8,gastech.com.kronos,GAStech-Kronos,1/15/2014 15:12,2014-01-15 15:12,RE: Who took the toolbox out of my truck?,Who took the toolbox out of my truck?,
881,Isande.Borrasca@gastech.com.kronos,Isande Borrasca,gastech.com.kronos,GAStech-Kronos,Marin.Onda@gastech.com.kronos; Brand.Tempestad@gastech.com.kronos; Elsa.Orilla@gastech.com.kronos; Axel.Calzas@gastech.com.kronos; Isande.Borrasca@gastech.com.kronos; Birgitta.Frente@gastech.com.kronos; Kare.Orilla@gastech.com.kronos,Marin Onda; Brand Tempestad; Elsa Orilla; Axel Calzas; Isande Borrasca; Birgitta Frente; Kare Orilla,7,gastech.com.kronos,GAStech-Kronos,1/15/2014 15:12,2014-01-15 15:12,RE: Wellhead flow rate data - overpressure at well 1783-03?,Wellhead flow rate data - overpressure at well 1783-03?,environment
882,Isak.Baza@gastech.com.kronos,Isak Baza,gastech.com.kronos,GAStech-Kronos,Birgitta.Frente@gastech.com.kronos,Birgitta Frente,1,gastech.com.kronos,GAStech-Kronos,1/15/2014 15:14,2014-01-15 15:14,RE: Are you buying coffee?,Are you buying coffee?,
883,Sven.Flecha@gastech.com.kronos,Sven Flecha,gastech.com.kronos,GAStech-Kronos,Nils.Calixto@gastech.com.kronos; Sven.Flecha@gastech.com.kronos,Nils Calixto; Sven Flecha,2,gastech.com.kronos,GAStech-Kronos,1/15/2014 15:17,2014-01-15 15:17,RE: Draft report - comments needed by Monday,Draft report - comments needed by Monday,
884,Birgitta.Frente@gastech.com.kronos,Birgitta Frente,gastech.com.kronos,GAStech-Kronos,Isak.Baza@gastech.com.kronos,Isak Baza,1,gastech.com.kronos,GAStech-Kronos,1/15/2014 15:18,2014-01-15 15:18,RE: Are you buying coffee?,Are you buying coffee?,
885,Nils.Calixto@gastech.com.kronos,Nils Calixto,gastech.com.kronos,GAStech-Kronos,Axel.Calzas@gastech.com.kronos,Axel Calzas,1,gastech.com.kronos,GAStech-Kronos,1/15/2014 15:25,2014-01-15 15:25,RE: Going home sick,Going home sick,
886,Bertrand.Ovan@gastech.com.kronos,Bertrand Ovan,gastech.com.kronos,GAStech-Kronos,Albina.Hafon@gastech.com.kronos; Emile.Arpa@gastech.com.kronos; Dylan.Scozzese@gastech.com.kronos; Claudio.Hawelon@gastech.com.kronos; Dante.Coginian@gastech.com.kronos; Bertrand.Ovan@gastech.com.kronos; Henk.Mies@gastech.com.kronos; Valeria.Morlun@gastech.com.kronos,Albina Hafon; Emile Arpa; Dylan Scozzese; Claudio Hawelon; Dante Coginian; Bertrand Ovan; Henk Mies; Valeria Morlun,8,gastech.com.kronos,GAStech-Kronos,1/15/2014 15:27,2014-01-15 15:27,RE: Who took the toolbox out of my truck?,Who took the toolbox out of my truck?,
887,Isak.Baza@gastech.com.kronos,Isak Baza,gastech.com.kronos,GAStech-Kronos,Birgitta.Frente@gastech.com.kronos,Birgitta Frente,1,gastech.com.kronos,GAStech-Kronos,1/15/2014 15:30,2014-01-15 15:30,RE: Are you buying coffee?,Are you buying coffee?,
888,Axel.Calzas@gastech.com.kronos,Axel Calzas,gastech.com.kronos,GAStech-Kronos,Nils.Calixto@gastech.com.kronos,Nils Calixto,1,gastech.com.kronos,GAStech-Kronos,1/15/2014 15:33,2014-01-15 15:33,RE: Going home sick,Going home sick,
889,Minke.Mies@gastech.com.kronos,Minke Mies,gastech.com.kronos,GAStech-Kronos,Rachel.Pantanal@gastech.com.kronos; Lars.Azada@gastech.com.kronos; Felix.Balas@gastech.com.kronos; Isande.Borrasca@gastech.com.kronos; Axel.Calzas@gastech.com.kronos; Gustav.Cazar@gastech.com.kronos; Lidelse.Dedos@gastech.com.kronos; Birgitta.Frente@gastech.com.kronos; Vira.Frente@gastech.com.kronos; Adra.Nubarron@gastech.com.kronos; Marin.Onda@gastech.com.kronos; Kare.Orilla@gastech.com.kronos; Elsa.Orilla@gastech.com.kronos; Brand.Tempestad@gastech.com.kronos; Ingrid.Barranco@gastech.com.kronos; Ada.Campo-Corrente@gastech.com.kronos; Sten.Sanjorge Jr.@gastech.com.kronos; Orhan.Strum@gastech.com.kronos; Willem.Vasco-Pais@gastech.com.kronos; Bertrand.Ovan@gastech.com.kronos; Albina.Hafon@gastech.com.kronos; Benito.Hawelon@gastech.com.kronos; Claudio.Hawelon@gastech.com.kronos; Henk.Mies@gastech.com.kronos; Valeria.Morlun@gastech.com.kronos; Adan.Morlun@gastech.com.kronos; Cecilia.Morluniau@gastech.com.kronos; Irene.Nant@gastech.com.kronos; Dylan.Scozzese@gastech.com.kronos; Lucas.Alcazar@gastech.com.kronos; Isak.Baza@gastech.com.kronos; Linnea.Bergen@gastech.com.kronos; Nils.Calixto@gastech.com.kronos; Sven.Flecha@gastech.com.kronos; Hideki.Cocinaro@gastech.com.kronos; Inga.Ferro@gastech.com.kronos; Loreto.Bodrogi@gastech.com.kronos; Isia.Vann@gastech.com.kronos; Stenig.Fusil@gastech.com.kronos; Hennie.Osvaldo@gastech.com.kronos; Kanon.Herrero@gastech.com.kronos; Varja.Lagos@gastech.com.kronos; Minke.Mies@gastech.com.kronos; Felix.Resumir@gastech.com.kronos; Edvard.Vann@gastech.com.kronos; Emile.Arpa@gastech.com.kronos; Varro.Awelon@gastech.com.kronos; Mat.Bramar@gastech.com.kronos; Dante.Coginian@gastech.com.kronos; Carla.Forluniau@gastech.com.kronos; Linda.Lagos@gastech.com.kronos; Cornelia.Lais@gastech.com.kronos; Ruscella.Mies.Haber@gastech.com.kronos; Anda.Ribera@gastech.com.kronos,Rachel Pantanal; Lars Azada; Felix Balas; Isande Borrasca; Axel Calzas; Gustav Cazar; Lidelse Dedos; Birgitta Frente; Vira Frente; Adra Nubarron; Marin Onda; Kare Orilla; Elsa Orilla; Brand Tempestad; Ingrid Barranco; Ada Campo-Corrente; Sten Sanjorge Jr ; Orhan Strum; Willem Vasco-Pais; Bertrand Ovan; Albina Hafon; Benito Hawelon; Claudio Hawelon; Henk Mies; Valeria Morlun; Adan Morlun; Cecilia Morluniau; Irene Nant; Dylan Scozzese; Lucas Alcazar; Isak Baza; Linnea Bergen; Nils Calixto; Sven Flecha; Hideki Cocinaro; Inga Ferro; Loreto Bodrogi; Isia Vann; Stenig Fusil; Hennie Osvaldo; Kanon Herrero; Varja Lagos; Minke Mies; Felix Resumir; Edvard Vann; Emile Arpa; Varro Awelon; Mat Bramar; Dante Coginian; Carla Forluniau; Linda Lagos; Cornelia Lais; Ruscella Mies Haber; Anda Ribera,54,gastech.com.kronos,GAStech-Kronos,1/15/2014 15:33,2014-01-15 15:33,RE: Employee of the month,Employee of the month,business
890,Ada.Campo-Corrente@gastech.com.kronos,Ada Campo-Corrente,gastech.com.kronos,GAStech-Kronos,Ruscella.Mies.Haber@gastech.com.kronos,Ruscella Mies Haber,1,gastech.com.kronos,GAStech-Kronos,1/15/2014 15:41,2014-01-15 15:41,Deadline changed?,Deadline changed?,
891,Isande.Borrasca@gastech.com.kronos,Isande Borrasca,gastech.com.kronos,GAStech-Kronos,Marin.Onda@gastech.com.kronos; Brand.Tempestad@gastech.com.kronos; Elsa.Orilla@gastech.com.kronos; Axel.Calzas@gastech.com.kronos; Isande.Borrasca@gastech.com.kronos; Birgitta.Frente@gastech.com.kronos; Kare.Orilla@gastech.com.kronos,Marin Onda; Brand Tempestad; Elsa Orilla; Axel Calzas; Isande Borrasca; Birgitta Frente; Kare Orilla,7,gastech.com.kronos,GAStech-Kronos,1/15/2014 15:53,2014-01-15 15:53,RE: Wellhead flow rate data - overpressure at well 1783-03?,Wellhead flow rate data - overpressure at well 1783-03?,environment
892,Brand.Tempestad@gastech.com.kronos,Brand Tempestad,gastech.com.kronos,GAStech-Kronos,Vira.Frente@gastech.com.kronos; Axel.Calzas@gastech.com.kronos; Lidelse.Dedos@gastech.com.kronos; Adra.Nubarron@gastech.com.kronos; Brand.Tempestad@gastech.com.kronos; Isande.Borrasca@gastech.com.kronos,Vira Frente; Axel Calzas; Lidelse Dedos; Adra Nubarron; Brand Tempestad; Isande Borrasca,6,gastech.com.kronos,GAStech-Kronos,1/15/2014 16:02,2014-01-15 16:02,RE: Well 1033-01 stabilization progress report,Well 1033-01 stabilization progress report,
893,Albina.Hafon@gastech.com.kronos,Albina Hafon,gastech.com.kronos,GAStech-Kronos,Cecilia.Morluniau@gastech.com.kronos; Benito.Hawelon@gastech.com.kronos; Albina.Hafon@gastech.com.kronos; Adan.Morlun@gastech.com.kronos; Claudio.Hawelon@gastech.com.kronos; Valeria.Morlun@gastech.com.kronos; Irene.Nant@gastech.com.kronos,Cecilia Morluniau; Benito Hawelon; Albina Hafon; Adan Morlun; Claudio Hawelon; Valeria Morlun; Irene Nant,7,gastech.com.kronos,GAStech-Kronos,1/15/2014 16:03,2014-01-15 16:03,RE: List of repairs needed,List of repairs needed,
894,Kare.Orilla@gastech.com.kronos,Kare Orilla,gastech.com.kronos,GAStech-Kronos,Marin.Onda@gastech.com.kronos; Brand.Tempestad@gastech.com.kronos; Elsa.Orilla@gastech.com.kronos; Axel.Calzas@gastech.com.kronos; Isande.Borrasca@gastech.com.kronos; Birgitta.Frente@gastech.com.kronos; Kare.Orilla@gastech.com.kronos,Marin Onda; Brand Tempestad; Elsa Orilla; Axel Calzas; Isande Borrasca; Birgitta Frente; Kare Orilla,7,gastech.com.kronos,GAStech-Kronos,1/15/2014 16:03,2014-01-15 16:03,RE: Wellhead flow rate data - overpressure at well 1783-03?,Wellhead flow rate data - overpressure at well 1783-03?,environment
895,Isak.Baza@gastech.com.kronos,Isak Baza,gastech.com.kronos,GAStech-Kronos,Isak.Baza@gastech.com.kronos; Nils.Calixto@gastech.com.kronos,Isak Baza; Nils Calixto,2,gastech.com.kronos,GAStech-Kronos,1/15/2014 16:07,2014-01-15 16:07,RE: New hardware - advice needed?,New hardware - advice needed?,
896,Henk.Mies@gastech.com.kronos,Henk Mies,gastech.com.kronos,GAStech-Kronos,Henk.Mies@gastech.com.kronos; Dante.Coginian@gastech.com.kronos,Henk Mies; Dante Coginian,2,gastech.com.kronos,GAStech-Kronos,1/15/2014 16:13,2014-01-15 16:13,RE: Don't text and drive!,Don't text and drive!,
897,Sven.Flecha@gastech.com.kronos,Sven Flecha,gastech.com.kronos,GAStech-Kronos,Nils.Calixto@gastech.com.kronos; Sven.Flecha@gastech.com.kronos,Nils Calixto; Sven Flecha,2,gastech.com.kronos,GAStech-Kronos,1/15/2014 16:15,2014-01-15 16:15,RE: Draft report - comments needed by Monday,Draft report - comments needed by Monday,
898,Claudio.Hawelon@gastech.com.kronos,Claudio Hawelon,gastech.com.kronos,GAStech-Kronos,Rachel.Pantanal@gastech.com.kronos; Lars.Azada@gastech.com.kronos; Felix.Balas@gastech.com.kronos; Isande.Borrasca@gastech.com.kronos; Axel.Calzas@gastech.com.kronos; Gustav.Cazar@gastech.com.kronos; Lidelse.Dedos@gastech.com.kronos; Birgitta.Frente@gastech.com.kronos; Vira.Frente@gastech.com.kronos; Adra.Nubarron@gastech.com.kronos; Marin.Onda@gastech.com.kronos; Kare.Orilla@gastech.com.kronos; Elsa.Orilla@gastech.com.kronos; Brand.Tempestad@gastech.com.kronos; Ingrid.Barranco@gastech.com.kronos; Ada.Campo-Corrente@gastech.com.kronos; Sten.Sanjorge Jr.@gastech.com.kronos; Orhan.Strum@gastech.com.kronos; Willem.Vasco-Pais@gastech.com.kronos; Bertrand.Ovan@gastech.com.kronos; Albina.Hafon@gastech.com.kronos; Benito.Hawelon@gastech.com.kronos; Claudio.Hawelon@gastech.com.kronos; Henk.Mies@gastech.com.kronos; Valeria.Morlun@gastech.com.kronos; Adan.Morlun@gastech.com.kronos; Cecilia.Morluniau@gastech.com.kronos; Irene.Nant@gastech.com.kronos; Dylan.Scozzese@gastech.com.kronos; Lucas.Alcazar@gastech.com.kronos; Isak.Baza@gastech.com.kronos; Linnea.Bergen@gastech.com.kronos; Nils.Calixto@gastech.com.kronos; Sven.Flecha@gastech.com.kronos; Hideki.Cocinaro@gastech.com.kronos; Inga.Ferro@gastech.com.kronos; Loreto.Bodrogi@gastech.com.kronos; Isia.Vann@gastech.com.kronos; Stenig.Fusil@gastech.com.kronos; Hennie.Osvaldo@gastech.com.kronos; Kanon.Herrero@gastech.com.kronos; Varja.Lagos@gastech.com.kronos; Minke.Mies@gastech.com.kronos; Felix.Resumir@gastech.com.kronos; Edvard.Vann@gastech.com.kronos; Emile.Arpa@gastech.com.kronos; Varro.Awelon@gastech.com.kronos; Mat.Bramar@gastech.com.kronos; Dante.Coginian@gastech.com.kronos; Carla.Forluniau@gastech.com.kronos; Linda.Lagos@gastech.com.kronos; Cornelia.Lais@gastech.com.kronos; Ruscella.Mies.Haber@gastech.com.kronos; Anda.Ribera@gastech.com.kronos,Rachel Pantanal; Lars Azada; Felix Balas; Isande Borrasca; Axel Calzas; Gustav Cazar; Lidelse Dedos; Birgitta Frente; Vira Frente; Adra Nubarron; Marin Onda; Kare Orilla; Elsa Orilla; Brand Tempestad; Ingrid Barranco; Ada Campo-Corrente; Sten Sanjorge Jr ; Orhan Strum; Willem Vasco-Pais; Bertrand Ovan; Albina Hafon; Benito Hawelon; Claudio Hawelon; Henk Mies; Valeria Morlun; Adan Morlun; Cecilia Morluniau; Irene Nant; Dylan Scozzese; Lucas Alcazar; Isak Baza; Linnea Bergen; Nils Calixto; Sven Flecha; Hideki Cocinaro; Inga Ferro; Loreto Bodrogi; Isia Vann; Stenig Fusil; Hennie Osvaldo; Kanon Herrero; Varja Lagos; Minke Mies; Felix Resumir; Edvard Vann; Emile Arpa; Varro Awelon; Mat Bramar; Dante Coginian; Carla Forluniau; Linda Lagos; Cornelia Lais; Ruscella Mies Haber; Anda Ribera,54,gastech.com.kronos,GAStech-Kronos,1/15/2014 16:17,2014-01-15 16:17,RE: Reminder: Refer all media inquiries,Reminder: Refer all media inquiries,
899,Birgitta.Frente@gastech.com.kronos,Birgitta Frente,gastech.com.kronos,GAStech-Kronos,Isak.Baza@gastech.com.kronos,Isak Baza,1,gastech.com.kronos,GAStech-Kronos,1/15/2014 16:18,2014-01-15 16:18,RE: Are you buying coffee?,Are you buying coffee?,
900,Axel.Calzas@gastech.com.kronos,Axel Calzas,gastech.com.kronos,GAStech-Kronos,Rachel.Pantanal@gastech.com.kronos; Lars.Azada@gastech.com.kronos; Felix.Balas@gastech.com.kronos; Isande.Borrasca@gastech.com.kronos; Axel.Calzas@gastech.com.kronos; Gustav.Cazar@gastech.com.kronos; Lidelse.Dedos@gastech.com.kronos; Birgitta.Frente@gastech.com.kronos; Vira.Frente@gastech.com.kronos; Adra.Nubarron@gastech.com.kronos; Marin.Onda@gastech.com.kronos; Kare.Orilla@gastech.com.kronos; Elsa.Orilla@gastech.com.kronos; Brand.Tempestad@gastech.com.kronos; Ingrid.Barranco@gastech.com.kronos; Ada.Campo-Corrente@gastech.com.kronos; Sten.Sanjorge Jr.@gastech.com.kronos; Orhan.Strum@gastech.com.kronos; Willem.Vasco-Pais@gastech.com.kronos; Bertrand.Ovan@gastech.com.kronos; Albina.Hafon@gastech.com.kronos; Benito.Hawelon@gastech.com.kronos; Claudio.Hawelon@gastech.com.kronos; Henk.Mies@gastech.com.kronos; Valeria.Morlun@gastech.com.kronos; Adan.Morlun@gastech.com.kronos; Cecilia.Morluniau@gastech.com.kronos; Irene.Nant@gastech.com.kronos; Dylan.Scozzese@gastech.com.kronos; Lucas.Alcazar@gastech.com.kronos; Isak.Baza@gastech.com.kronos; Linnea.Bergen@gastech.com.kronos; Nils.Calixto@gastech.com.kronos; Sven.Flecha@gastech.com.kronos; Hideki.Cocinaro@gastech.com.kronos; Inga.Ferro@gastech.com.kronos; Loreto.Bodrogi@gastech.com.kronos; Isia.Vann@gastech.com.kronos; Stenig.Fusil@gastech.com.kronos; Hennie.Osvaldo@gastech.com.kronos; Kanon.Herrero@gastech.com.kronos; Varja.Lagos@gastech.com.kronos; Minke.Mies@gastech.com.kronos; Felix.Resumir@gastech.com.kronos; Edvard.Vann@gastech.com.kronos; Emile.Arpa@gastech.com.kronos; Varro.Awelon@gastech.com.kronos; Mat.Bramar@gastech.com.kronos; Dante.Coginian@gastech.com.kronos; Carla.Forluniau@gastech.com.kronos; Linda.Lagos@gastech.com.kronos; Cornelia.Lais@gastech.com.kronos; Ruscella.Mies.Haber@gastech.com.kronos; Anda.Ribera@gastech.com.kronos,Rachel Pantanal; Lars Azada; Felix Balas; Isande Borrasca; Axel Calzas; Gustav Cazar; Lidelse Dedos; Birgitta Frente; Vira Frente; Adra Nubarron; Marin Onda; Kare Orilla; Elsa Orilla; Brand Tempestad; Ingrid Barranco; Ada Campo-Corrente; Sten Sanjorge Jr ; Orhan Strum; Willem Vasco-Pais; Bertrand Ovan; Albina Hafon; Benito Hawelon; Claudio Hawelon; Henk Mies; Valeria Morlun; Adan Morlun; Cecilia Morluniau; Irene Nant; Dylan Scozzese; Lucas Alcazar; Isak Baza; Linnea Bergen; Nils Calixto; Sven Flecha; Hideki Cocinaro; Inga Ferro; Loreto Bodrogi; Isia Vann; Stenig Fusil; Hennie Osvaldo; Kanon Herrero; Varja Lagos; Minke Mies; Felix Resumir; Edvard Vann; Emile Arpa; Varro Awelon; Mat Bramar; Dante Coginian; Carla Forluniau; Linda Lagos; Cornelia Lais; Ruscella Mies Haber; Anda Ribera,54,gastech.com.kronos,GAStech-Kronos,1/15/2014 16:23,2014-01-15 16:23,RE: Employee of the month,Employee of the month,business
901,Claudio.Hawelon@gastech.com.kronos,Claudio Hawelon,gastech.com.kronos,GAStech-Kronos,Cecilia.Morluniau@gastech.com.kronos; Benito.Hawelon@gastech.com.kronos; Albina.Hafon@gastech.com.kronos; Adan.Morlun@gastech.com.kronos; Claudio.Hawelon@gastech.com.kronos; Valeria.Morlun@gastech.com.kronos; Irene.Nant@gastech.com.kronos,Cecilia Morluniau; Benito Hawelon; Albina Hafon; Adan Morlun; Claudio Hawelon; Valeria Morlun; Irene Nant,7,gastech.com.kronos,GAStech-Kronos,1/15/2014 16:24,2014-01-15 16:24,RE: List of repairs needed,List of repairs needed,
902,Mat.Bramar@gastech.com.kronos,Mat Bramar,gastech.com.kronos,GAStech-Kronos,Mat.Bramar@gastech.com.kronos; Anda.Ribera@gastech.com.kronos; Rachel.Pantanal@gastech.com.kronos; Linda.Lagos@gastech.com.kronos; Ruscella.Mies.Haber@gastech.com.kronos; Carla.Forluniau@gastech.com.kronos; Cornelia.Lais@gastech.com.kronos,Mat Bramar; Anda Ribera; Rachel Pantanal; Linda Lagos; Ruscella Mies Haber; Carla Forluniau; Cornelia Lais,7,gastech.com.kronos,GAStech-Kronos,1/15/2014 16:27,2014-01-15 16:27,RE: Coupon club,Coupon club,
903,Rachel.Pantanal@gastech.com.kronos,Rachel Pantanal,gastech.com.kronos,GAStech-Kronos,Isia.Vann@gastech.com.kronos,Isia Vann,1,gastech.com.kronos,GAStech-Kronos,1/15/2014 16:33,2014-01-15 16:33,RE: This weekend?,This weekend?,
904,Irene.Nant@gastech.com.kronos,Irene Nant,gastech.com.kronos,GAStech-Kronos,Cecilia.Morluniau@gastech.com.kronos; Benito.Hawelon@gastech.com.kronos; Albina.Hafon@gastech.com.kronos; Adan.Morlun@gastech.com.kronos; Claudio.Hawelon@gastech.com.kronos; Valeria.Morlun@gastech.com.kronos; Irene.Nant@gastech.com.kronos,Cecilia Morluniau; Benito Hawelon; Albina Hafon; Adan Morlun; Claudio Hawelon; Valeria Morlun; Irene Nant,7,gastech.com.kronos,GAStech-Kronos,1/15/2014 16:36,2014-01-15 16:36,RE: List of repairs needed,List of repairs needed,
905,Linda.Lagos@gastech.com.kronos,Linda Lagos,gastech.com.kronos,GAStech-Kronos,Mat.Bramar@gastech.com.kronos; Anda.Ribera@gastech.com.kronos; Rachel.Pantanal@gastech.com.kronos; Linda.Lagos@gastech.com.kronos; Ruscella.Mies.Haber@gastech.com.kronos; Carla.Forluniau@gastech.com.kronos; Cornelia.Lais@gastech.com.kronos,Mat Bramar; Anda Ribera; Rachel Pantanal; Linda Lagos; Ruscella Mies Haber; Carla Forluniau; Cornelia Lais,7,gastech.com.kronos,GAStech-Kronos,1/15/2014 16:40,2014-01-15 16:40,RE: Catering?!?,Catering?!?,
906,Cecilia.Morluniau@gastech.com.kronos,Cecilia Morluniau,gastech.com.kronos,GAStech-Kronos,Dante.Coginian@gastech.com.kronos; Valeria.Morlun@gastech.com.kronos; Dylan.Scozzese@gastech.com.kronos; Cecilia.Morluniau@gastech.com.kronos,Dante Coginian; Valeria Morlun; Dylan Scozzese; Cecilia Morluniau,4,gastech.com.kronos,GAStech-Kronos,1/15/2014 16:54,2014-01-15 16:54,RE: Route suggestion for next shift,Route suggestion for next shift,
907,Isia.Vann@gastech.com.kronos,Isia Vann,gastech.com.kronos,GAStech-Kronos,Rachel.Pantanal@gastech.com.kronos,Rachel Pantanal,1,gastech.com.kronos,GAStech-Kronos,1/15/2014 16:56,2014-01-15 16:56,RE: This weekend?,This weekend?,
908,Inga.Ferro@gastech.com.kronos,Inga Ferro,gastech.com.kronos,GAStech-Kronos,Rachel.Pantanal@gastech.com.kronos; Lars.Azada@gastech.com.kronos; Felix.Balas@gastech.com.kronos; Isande.Borrasca@gastech.com.kronos; Axel.Calzas@gastech.com.kronos; Gustav.Cazar@gastech.com.kronos; Lidelse.Dedos@gastech.com.kronos; Birgitta.Frente@gastech.com.kronos; Vira.Frente@gastech.com.kronos; Adra.Nubarron@gastech.com.kronos; Marin.Onda@gastech.com.kronos; Kare.Orilla@gastech.com.kronos; Elsa.Orilla@gastech.com.kronos; Brand.Tempestad@gastech.com.kronos; Ingrid.Barranco@gastech.com.kronos; Ada.Campo-Corrente@gastech.com.kronos; Sten.Sanjorge Jr.@gastech.com.kronos; Orhan.Strum@gastech.com.kronos; Willem.Vasco-Pais@gastech.com.kronos; Bertrand.Ovan@gastech.com.kronos; Albina.Hafon@gastech.com.kronos; Benito.Hawelon@gastech.com.kronos; Claudio.Hawelon@gastech.com.kronos; Henk.Mies@gastech.com.kronos; Valeria.Morlun@gastech.com.kronos; Adan.Morlun@gastech.com.kronos; Cecilia.Morluniau@gastech.com.kronos; Irene.Nant@gastech.com.kronos; Dylan.Scozzese@gastech.com.kronos; Lucas.Alcazar@gastech.com.kronos; Isak.Baza@gastech.com.kronos; Linnea.Bergen@gastech.com.kronos; Nils.Calixto@gastech.com.kronos; Sven.Flecha@gastech.com.kronos; Hideki.Cocinaro@gastech.com.kronos; Inga.Ferro@gastech.com.kronos; Loreto.Bodrogi@gastech.com.kronos; Isia.Vann@gastech.com.kronos; Stenig.Fusil@gastech.com.kronos; Hennie.Osvaldo@gastech.com.kronos; Kanon.Herrero@gastech.com.kronos; Varja.Lagos@gastech.com.kronos; Minke.Mies@gastech.com.kronos; Felix.Resumir@gastech.com.kronos; Edvard.Vann@gastech.com.kronos; Emile.Arpa@gastech.com.kronos; Varro.Awelon@gastech.com.kronos; Mat.Bramar@gastech.com.kronos; Dante.Coginian@gastech.com.kronos; Carla.Forluniau@gastech.com.kronos; Linda.Lagos@gastech.com.kronos; Cornelia.Lais@gastech.com.kronos; Ruscella.Mies.Haber@gastech.com.kronos; Anda.Ribera@gastech.com.kronos,Rachel Pantanal; Lars Azada; Felix Balas; Isande Borrasca; Axel Calzas; Gustav Cazar; Lidelse Dedos; Birgitta Frente; Vira Frente; Adra Nubarron; Marin Onda; Kare Orilla; Elsa Orilla; Brand Tempestad; Ingrid Barranco; Ada Campo-Corrente; Sten Sanjorge Jr ; Orhan Strum; Willem Vasco-Pais; Bertrand Ovan; Albina Hafon; Benito Hawelon; Claudio Hawelon; Henk Mies; Valeria Morlun; Adan Morlun; Cecilia Morluniau; Irene Nant; Dylan Scozzese; Lucas Alcazar; Isak Baza; Linnea Bergen; Nils Calixto; Sven Flecha; Hideki Cocinaro; Inga Ferro; Loreto Bodrogi; Isia Vann; Stenig Fusil; Hennie Osvaldo; Kanon Herrero; Varja Lagos; Minke Mies; Felix Resumir; Edvard Vann; Emile Arpa; Varro Awelon; Mat Bramar; Dante Coginian; Carla Forluniau; Linda Lagos; Cornelia Lais; Ruscella Mies Haber; Anda Ribera,54,gastech.com.kronos,GAStech-Kronos,1/15/2014 17:00,2014-01-15 17:00,RE: Equipment audit approaching,Equipment audit approaching,
909,Dylan.Scozzese@gastech.com.kronos,Dylan Scozzese,gastech.com.kronos,GAStech-Kronos,Dante.Coginian@gastech.com.kronos; Valeria.Morlun@gastech.com.kronos; Dylan.Scozzese@gastech.com.kronos; Cecilia.Morluniau@gastech.com.kronos,Dante Coginian; Valeria Morlun; Dylan Scozzese; Cecilia Morluniau,4,gastech.com.kronos,GAStech-Kronos,1/15/2014 17:05,2014-01-15 17:05,RE: Route suggestion for next shift,Route suggestion for next shift,
910,Cecilia.Morluniau@gastech.com.kronos,Cecilia Morluniau,gastech.com.kronos,GAStech-Kronos,Adan.Morlun@gastech.com.kronos; Claudio.Hawelon@gastech.com.kronos; Albina.Hafon@gastech.com.kronos; Henk.Mies@gastech.com.kronos,Adan Morlun; Claudio Hawelon; Albina Hafon; Henk Mies,4,gastech.com.kronos,GAStech-Kronos,1/15/2014 17:07,2014-01-15 17:07,RE: Don't text and drive!,Don't text and drive!,
911,Anda.Ribera@gastech.com.kronos,Anda Ribera,gastech.com.kronos,GAStech-Kronos,Rachel.Pantanal@gastech.com.kronos; Lars.Azada@gastech.com.kronos; Felix.Balas@gastech.com.kronos; Isande.Borrasca@gastech.com.kronos; Axel.Calzas@gastech.com.kronos; Gustav.Cazar@gastech.com.kronos; Lidelse.Dedos@gastech.com.kronos; Birgitta.Frente@gastech.com.kronos; Vira.Frente@gastech.com.kronos; Adra.Nubarron@gastech.com.kronos; Marin.Onda@gastech.com.kronos; Kare.Orilla@gastech.com.kronos; Elsa.Orilla@gastech.com.kronos; Brand.Tempestad@gastech.com.kronos; Ingrid.Barranco@gastech.com.kronos; Ada.Campo-Corrente@gastech.com.kronos; Sten.Sanjorge Jr.@gastech.com.kronos; Orhan.Strum@gastech.com.kronos; Willem.Vasco-Pais@gastech.com.kronos; Bertrand.Ovan@gastech.com.kronos; Albina.Hafon@gastech.com.kronos; Benito.Hawelon@gastech.com.kronos; Claudio.Hawelon@gastech.com.kronos; Henk.Mies@gastech.com.kronos; Valeria.Morlun@gastech.com.kronos; Adan.Morlun@gastech.com.kronos; Cecilia.Morluniau@gastech.com.kronos; Irene.Nant@gastech.com.kronos; Dylan.Scozzese@gastech.com.kronos; Lucas.Alcazar@gastech.com.kronos; Isak.Baza@gastech.com.kronos; Linnea.Bergen@gastech.com.kronos; Nils.Calixto@gastech.com.kronos; Sven.Flecha@gastech.com.kronos; Hideki.Cocinaro@gastech.com.kronos; Inga.Ferro@gastech.com.kronos; Loreto.Bodrogi@gastech.com.kronos; Isia.Vann@gastech.com.kronos; Stenig.Fusil@gastech.com.kronos; Hennie.Osvaldo@gastech.com.kronos; Kanon.Herrero@gastech.com.kronos; Varja.Lagos@gastech.com.kronos; Minke.Mies@gastech.com.kronos; Felix.Resumir@gastech.com.kronos; Edvard.Vann@gastech.com.kronos; Emile.Arpa@gastech.com.kronos; Varro.Awelon@gastech.com.kronos; Mat.Bramar@gastech.com.kronos; Dante.Coginian@gastech.com.kronos; Carla.Forluniau@gastech.com.kronos; Linda.Lagos@gastech.com.kronos; Cornelia.Lais@gastech.com.kronos; Ruscella.Mies.Haber@gastech.com.kronos; Anda.Ribera@gastech.com.kronos,Rachel Pantanal; Lars Azada; Felix Balas; Isande Borrasca; Axel Calzas; Gustav Cazar; Lidelse Dedos; Birgitta Frente; Vira Frente; Adra Nubarron; Marin Onda; Kare Orilla; Elsa Orilla; Brand Tempestad; Ingrid Barranco; Ada Campo-Corrente; Sten Sanjorge Jr ; Orhan Strum; Willem Vasco-Pais; Bertrand Ovan; Albina Hafon; Benito Hawelon; Claudio Hawelon; Henk Mies; Valeria Morlun; Adan Morlun; Cecilia Morluniau; Irene Nant; Dylan Scozzese; Lucas Alcazar; Isak Baza; Linnea Bergen; Nils Calixto; Sven Flecha; Hideki Cocinaro; Inga Ferro; Loreto Bodrogi; Isia Vann; Stenig Fusil; Hennie Osvaldo; Kanon Herrero; Varja Lagos; Minke Mies; Felix Resumir; Edvard Vann; Emile Arpa; Varro Awelon; Mat Bramar; Dante Coginian; Carla Forluniau; Linda Lagos; Cornelia Lais; Ruscella Mies Haber; Anda Ribera,54,gastech.com.kronos,GAStech-Kronos,1/15/2014 17:08,2014-01-15 17:08,RE: Reminder: Refer all media inquiries,Reminder: Refer all media inquiries,
912,Inga.Ferro@gastech.com.kronos,Inga Ferro,gastech.com.kronos,GAStech-Kronos,Rachel.Pantanal@gastech.com.kronos; Lars.Azada@gastech.com.kronos; Felix.Balas@gastech.com.kronos; Isande.Borrasca@gastech.com.kronos; Axel.Calzas@gastech.com.kronos; Gustav.Cazar@gastech.com.kronos; Lidelse.Dedos@gastech.com.kronos; Birgitta.Frente@gastech.com.kronos; Vira.Frente@gastech.com.kronos; Adra.Nubarron@gastech.com.kronos; Marin.Onda@gastech.com.kronos; Kare.Orilla@gastech.com.kronos; Elsa.Orilla@gastech.com.kronos; Brand.Tempestad@gastech.com.kronos; Ingrid.Barranco@gastech.com.kronos; Ada.Campo-Corrente@gastech.com.kronos; Sten.Sanjorge Jr.@gastech.com.kronos; Orhan.Strum@gastech.com.kronos; Willem.Vasco-Pais@gastech.com.kronos; Bertrand.Ovan@gastech.com.kronos; Albina.Hafon@gastech.com.kronos; Benito.Hawelon@gastech.com.kronos; Claudio.Hawelon@gastech.com.kronos; Henk.Mies@gastech.com.kronos; Valeria.Morlun@gastech.com.kronos; Adan.Morlun@gastech.com.kronos; Cecilia.Morluniau@gastech.com.kronos; Irene.Nant@gastech.com.kronos; Dylan.Scozzese@gastech.com.kronos; Lucas.Alcazar@gastech.com.kronos; Isak.Baza@gastech.com.kronos; Linnea.Bergen@gastech.com.kronos; Nils.Calixto@gastech.com.kronos; Sven.Flecha@gastech.com.kronos; Hideki.Cocinaro@gastech.com.kronos; Inga.Ferro@gastech.com.kronos; Loreto.Bodrogi@gastech.com.kronos; Isia.Vann@gastech.com.kronos; Stenig.Fusil@gastech.com.kronos; Hennie.Osvaldo@gastech.com.kronos; Kanon.Herrero@gastech.com.kronos; Varja.Lagos@gastech.com.kronos; Minke.Mies@gastech.com.kronos; Felix.Resumir@gastech.com.kronos; Edvard.Vann@gastech.com.kronos; Emile.Arpa@gastech.com.kronos; Varro.Awelon@gastech.com.kronos; Mat.Bramar@gastech.com.kronos; Dante.Coginian@gastech.com.kronos; Carla.Forluniau@gastech.com.kronos; Linda.Lagos@gastech.com.kronos; Cornelia.Lais@gastech.com.kronos; Ruscella.Mies.Haber@gastech.com.kronos; Anda.Ribera@gastech.com.kronos,Rachel Pantanal; Lars Azada; Felix Balas; Isande Borrasca; Axel Calzas; Gustav Cazar; Lidelse Dedos; Birgitta Frente; Vira Frente; Adra Nubarron; Marin Onda; Kare Orilla; Elsa Orilla; Brand Tempestad; Ingrid Barranco; Ada Campo-Corrente; Sten Sanjorge Jr ; Orhan Strum; Willem Vasco-Pais; Bertrand Ovan; Albina Hafon; Benito Hawelon; Claudio Hawelon; Henk Mies; Valeria Morlun; Adan Morlun; Cecilia Morluniau; Irene Nant; Dylan Scozzese; Lucas Alcazar; Isak Baza; Linnea Bergen; Nils Calixto; Sven Flecha; Hideki Cocinaro; Inga Ferro; Loreto Bodrogi; Isia Vann; Stenig Fusil; Hennie Osvaldo; Kanon Herrero; Varja Lagos; Minke Mies; Felix Resumir; Edvard Vann; Emile Arpa; Varro Awelon; Mat Bramar; Dante Coginian; Carla Forluniau; Linda Lagos; Cornelia Lais; Ruscella Mies Haber; Anda Ribera,54,gastech.com.kronos,GAStech-Kronos,1/15/2014 17:21,2014-01-15 17:21,RE: Reminder: Refer all media inquiries,Reminder: Refer all media inquiries,
913,Ada.Campo-Corrente@gastech.com.kronos,Ada Campo-Corrente,gastech.com.kronos,GAStech-Kronos,Willem.Vasco-Pais@gastech.com.kronos; Sten.Sanjorge Jr.@gastech.com.tethys; Ada.Campo-Corrente@gastech.com.kronos; Orhan.Strum@gastech.com.kronos,Willem Vasco-Pais; Sten Sanjorge Jr ; Ada Campo-Corrente; Orhan Strum,4,gastech.com.kronos; gastech.com.tethys,GAStech-Kronos; GAStech-Tethys,1/15/2014 17:46,2014-01-15 17:46,RE: Yearly numbers looking good,Yearly numbers looking good,
914,Varro.Awelon@gastech.com.kronos,Varro Awelon,gastech.com.kronos,GAStech-Kronos,Rachel.Pantanal@gastech.com.kronos; Lars.Azada@gastech.com.kronos; Felix.Balas@gastech.com.kronos; Isande.Borrasca@gastech.com.kronos; Axel.Calzas@gastech.com.kronos; Gustav.Cazar@gastech.com.kronos; Lidelse.Dedos@gastech.com.kronos; Birgitta.Frente@gastech.com.kronos; Vira.Frente@gastech.com.kronos; Adra.Nubarron@gastech.com.kronos; Marin.Onda@gastech.com.kronos; Kare.Orilla@gastech.com.kronos; Elsa.Orilla@gastech.com.kronos; Brand.Tempestad@gastech.com.kronos; Ingrid.Barranco@gastech.com.kronos; Ada.Campo-Corrente@gastech.com.kronos; Sten.Sanjorge Jr.@gastech.com.kronos; Orhan.Strum@gastech.com.kronos; Willem.Vasco-Pais@gastech.com.kronos; Bertrand.Ovan@gastech.com.kronos; Albina.Hafon@gastech.com.kronos; Benito.Hawelon@gastech.com.kronos; Claudio.Hawelon@gastech.com.kronos; Henk.Mies@gastech.com.kronos; Valeria.Morlun@gastech.com.kronos; Adan.Morlun@gastech.com.kronos; Cecilia.Morluniau@gastech.com.kronos; Irene.Nant@gastech.com.kronos; Dylan.Scozzese@gastech.com.kronos; Lucas.Alcazar@gastech.com.kronos; Isak.Baza@gastech.com.kronos; Linnea.Bergen@gastech.com.kronos; Nils.Calixto@gastech.com.kronos; Sven.Flecha@gastech.com.kronos; Hideki.Cocinaro@gastech.com.kronos; Inga.Ferro@gastech.com.kronos; Loreto.Bodrogi@gastech.com.kronos; Isia.Vann@gastech.com.kronos; Stenig.Fusil@gastech.com.kronos; Hennie.Osvaldo@gastech.com.kronos; Kanon.Herrero@gastech.com.kronos; Varja.Lagos@gastech.com.kronos; Minke.Mies@gastech.com.kronos; Felix.Resumir@gastech.com.kronos; Edvard.Vann@gastech.com.kronos; Emile.Arpa@gastech.com.kronos; Varro.Awelon@gastech.com.kronos; Mat.Bramar@gastech.com.kronos; Dante.Coginian@gastech.com.kronos; Carla.Forluniau@gastech.com.kronos; Linda.Lagos@gastech.com.kronos; Cornelia.Lais@gastech.com.kronos; Ruscella.Mies.Haber@gastech.com.kronos; Anda.Ribera@gastech.com.kronos,Rachel Pantanal; Lars Azada; Felix Balas; Isande Borrasca; Axel Calzas; Gustav Cazar; Lidelse Dedos; Birgitta Frente; Vira Frente; Adra Nubarron; Marin Onda; Kare Orilla; Elsa Orilla; Brand Tempestad; Ingrid Barranco; Ada Campo-Corrente; Sten Sanjorge Jr ; Orhan Strum; Willem Vasco-Pais; Bertrand Ovan; Albina Hafon; Benito Hawelon; Claudio Hawelon; Henk Mies; Valeria Morlun; Adan Morlun; Cecilia Morluniau; Irene Nant; Dylan Scozzese; Lucas Alcazar; Isak Baza; Linnea Bergen; Nils Calixto; Sven Flecha; Hideki Cocinaro; Inga Ferro; Loreto Bodrogi; Isia Vann; Stenig Fusil; Hennie Osvaldo; Kanon Herrero; Varja Lagos; Minke Mies; Felix Resumir; Edvard Vann; Emile Arpa; Varro Awelon; Mat Bramar; Dante Coginian; Carla Forluniau; Linda Lagos; Cornelia Lais; Ruscella Mies Haber; Anda Ribera,54,gastech.com.kronos,GAStech-Kronos,1/15/2014 17:49,2014-01-15 17:49,RE: Equipment audit approaching,Equipment audit approaching,
915,Willem.Vasco-Pais@gastech.com.kronos,Willem Vasco-Pais,gastech.com.kronos,GAStech-Kronos,Willem.Vasco-Pais@gastech.com.kronos; Sten.Sanjorge Jr.@gastech.com.tethys; Ada.Campo-Corrente@gastech.com.kronos; Orhan.Strum@gastech.com.kronos,Willem Vasco-Pais; Sten Sanjorge Jr ; Ada Campo-Corrente; Orhan Strum,4,gastech.com.kronos; gastech.com.tethys,GAStech-Kronos; GAStech-Tethys,1/15/2014 17:59,2014-01-15 17:59,RE: Yearly numbers looking good,Yearly numbers looking good,
916,Isak.Baza@gastech.com.kronos,Isak Baza,gastech.com.kronos,GAStech-Kronos,Isak.Baza@gastech.com.kronos; Nils.Calixto@gastech.com.kronos,Isak Baza; Nils Calixto,2,gastech.com.kronos,GAStech-Kronos,1/15/2014 18:00,2014-01-15 18:00,RE: New hardware - advice needed?,New hardware - advice needed?,
917,Ruscella.Mies.Haber@gastech.com.kronos,Ruscella Mies Haber,gastech.com.kronos,GAStech-Kronos,Ada.Campo-Corrente@gastech.com.kronos,Ada Campo-Corrente,1,gastech.com.kronos,GAStech-Kronos,1/15/2014 18:04,2014-01-15 18:04,RE: Deadline changed?,Deadline changed?,
918,Ingrid.Barranco@gastech.com.kronos,Ingrid Barranco,gastech.com.kronos,GAStech-Kronos,Rachel.Pantanal@gastech.com.kronos; Lars.Azada@gastech.com.kronos; Felix.Balas@gastech.com.kronos; Isande.Borrasca@gastech.com.kronos; Axel.Calzas@gastech.com.kronos; Gustav.Cazar@gastech.com.kronos; Lidelse.Dedos@gastech.com.kronos; Birgitta.Frente@gastech.com.kronos; Vira.Frente@gastech.com.kronos; Adra.Nubarron@gastech.com.kronos; Marin.Onda@gastech.com.kronos; Kare.Orilla@gastech.com.kronos; Elsa.Orilla@gastech.com.kronos; Brand.Tempestad@gastech.com.kronos; Ingrid.Barranco@gastech.com.kronos; Ada.Campo-Corrente@gastech.com.kronos; Sten.Sanjorge Jr.@gastech.com.kronos; Orhan.Strum@gastech.com.kronos; Willem.Vasco-Pais@gastech.com.kronos; Bertrand.Ovan@gastech.com.kronos; Albina.Hafon@gastech.com.kronos; Benito.Hawelon@gastech.com.kronos; Claudio.Hawelon@gastech.com.kronos; Henk.Mies@gastech.com.kronos; Valeria.Morlun@gastech.com.kronos; Adan.Morlun@gastech.com.kronos; Cecilia.Morluniau@gastech.com.kronos; Irene.Nant@gastech.com.kronos; Dylan.Scozzese@gastech.com.kronos; Lucas.Alcazar@gastech.com.kronos; Isak.Baza@gastech.com.kronos; Linnea.Bergen@gastech.com.kronos; Nils.Calixto@gastech.com.kronos; Sven.Flecha@gastech.com.kronos; Hideki.Cocinaro@gastech.com.kronos; Inga.Ferro@gastech.com.kronos; Loreto.Bodrogi@gastech.com.kronos; Isia.Vann@gastech.com.kronos; Stenig.Fusil@gastech.com.kronos; Hennie.Osvaldo@gastech.com.kronos; Kanon.Herrero@gastech.com.kronos; Varja.Lagos@gastech.com.kronos; Minke.Mies@gastech.com.kronos; Felix.Resumir@gastech.com.kronos; Edvard.Vann@gastech.com.kronos; Emile.Arpa@gastech.com.kronos; Varro.Awelon@gastech.com.kronos; Mat.Bramar@gastech.com.kronos; Dante.Coginian@gastech.com.kronos; Carla.Forluniau@gastech.com.kronos; Linda.Lagos@gastech.com.kronos; Cornelia.Lais@gastech.com.kronos; Ruscella.Mies.Haber@gastech.com.kronos; Anda.Ribera@gastech.com.kronos,Rachel Pantanal; Lars Azada; Felix Balas; Isande Borrasca; Axel Calzas; Gustav Cazar; Lidelse Dedos; Birgitta Frente; Vira Frente; Adra Nubarron; Marin Onda; Kare Orilla; Elsa Orilla; Brand Tempestad; Ingrid Barranco; Ada Campo-Corrente; Sten Sanjorge Jr ; Orhan Strum; Willem Vasco-Pais; Bertrand Ovan; Albina Hafon; Benito Hawelon; Claudio Hawelon; Henk Mies; Valeria Morlun; Adan Morlun; Cecilia Morluniau; Irene Nant; Dylan Scozzese; Lucas Alcazar; Isak Baza; Linnea Bergen; Nils Calixto; Sven Flecha; Hideki Cocinaro; Inga Ferro; Loreto Bodrogi; Isia Vann; Stenig Fusil; Hennie Osvaldo; Kanon Herrero; Varja Lagos; Minke Mies; Felix Resumir; Edvard Vann; Emile Arpa; Varro Awelon; Mat Bramar; Dante Coginian; Carla Forluniau; Linda Lagos; Cornelia Lais; Ruscella Mies Haber; Anda Ribera,54,gastech.com.kronos,GAStech-Kronos,1/15/2014 18:04,2014-01-15 18:04,RE: Reminder: Refer all media inquiries,Reminder: Refer all media inquiries,
919,Ada.Campo-Corrente@gastech.com.kronos,Ada Campo-Corrente,gastech.com.kronos,GAStech-Kronos,Willem.Vasco-Pais@gastech.com.kronos; Sten.Sanjorge Jr.@gastech.com.tethys; Ada.Campo-Corrente@gastech.com.kronos; Orhan.Strum@gastech.com.kronos,Willem Vasco-Pais; Sten Sanjorge Jr ; Ada Campo-Corrente; Orhan Strum,4,gastech.com.kronos; gastech.com.tethys,GAStech-Kronos; GAStech-Tethys,1/15/2014 18:06,2014-01-15 18:06,RE: Yearly numbers looking good,Yearly numbers looking good,
920,Isande.Borrasca@gastech.com.kronos,Isande Borrasca,gastech.com.kronos,GAStech-Kronos,Rachel.Pantanal@gastech.com.kronos; Lars.Azada@gastech.com.kronos; Felix.Balas@gastech.com.kronos; Isande.Borrasca@gastech.com.kronos; Axel.Calzas@gastech.com.kronos; Gustav.Cazar@gastech.com.kronos; Lidelse.Dedos@gastech.com.kronos; Birgitta.Frente@gastech.com.kronos; Vira.Frente@gastech.com.kronos; Adra.Nubarron@gastech.com.kronos; Marin.Onda@gastech.com.kronos; Kare.Orilla@gastech.com.kronos; Elsa.Orilla@gastech.com.kronos; Brand.Tempestad@gastech.com.kronos; Ingrid.Barranco@gastech.com.kronos; Ada.Campo-Corrente@gastech.com.kronos; Sten.Sanjorge Jr.@gastech.com.kronos; Orhan.Strum@gastech.com.kronos; Willem.Vasco-Pais@gastech.com.kronos; Bertrand.Ovan@gastech.com.kronos; Albina.Hafon@gastech.com.kronos; Benito.Hawelon@gastech.com.kronos; Claudio.Hawelon@gastech.com.kronos; Henk.Mies@gastech.com.kronos; Valeria.Morlun@gastech.com.kronos; Adan.Morlun@gastech.com.kronos; Cecilia.Morluniau@gastech.com.kronos; Irene.Nant@gastech.com.kronos; Dylan.Scozzese@gastech.com.kronos; Lucas.Alcazar@gastech.com.kronos; Isak.Baza@gastech.com.kronos; Linnea.Bergen@gastech.com.kronos; Nils.Calixto@gastech.com.kronos; Sven.Flecha@gastech.com.kronos; Hideki.Cocinaro@gastech.com.kronos; Inga.Ferro@gastech.com.kronos; Loreto.Bodrogi@gastech.com.kronos; Isia.Vann@gastech.com.kronos; Stenig.Fusil@gastech.com.kronos; Hennie.Osvaldo@gastech.com.kronos; Kanon.Herrero@gastech.com.kronos; Varja.Lagos@gastech.com.kronos; Minke.Mies@gastech.com.kronos; Felix.Resumir@gastech.com.kronos; Edvard.Vann@gastech.com.kronos; Emile.Arpa@gastech.com.kronos; Varro.Awelon@gastech.com.kronos; Mat.Bramar@gastech.com.kronos; Dante.Coginian@gastech.com.kronos; Carla.Forluniau@gastech.com.kronos; Linda.Lagos@gastech.com.kronos; Cornelia.Lais@gastech.com.kronos; Ruscella.Mies.Haber@gastech.com.kronos; Anda.Ribera@gastech.com.kronos,Rachel Pantanal; Lars Azada; Felix Balas; Isande Borrasca; Axel Calzas; Gustav Cazar; Lidelse Dedos; Birgitta Frente; Vira Frente; Adra Nubarron; Marin Onda; Kare Orilla; Elsa Orilla; Brand Tempestad; Ingrid Barranco; Ada Campo-Corrente; Sten Sanjorge Jr ; Orhan Strum; Willem Vasco-Pais; Bertrand Ovan; Albina Hafon; Benito Hawelon; Claudio Hawelon; Henk Mies; Valeria Morlun; Adan Morlun; Cecilia Morluniau; Irene Nant; Dylan Scozzese; Lucas Alcazar; Isak Baza; Linnea Bergen; Nils Calixto; Sven Flecha; Hideki Cocinaro; Inga Ferro; Loreto Bodrogi; Isia Vann; Stenig Fusil; Hennie Osvaldo; Kanon Herrero; Varja Lagos; Minke Mies; Felix Resumir; Edvard Vann; Emile Arpa; Varro Awelon; Mat Bramar; Dante Coginian; Carla Forluniau; Linda Lagos; Cornelia Lais; Ruscella Mies Haber; Anda Ribera,54,gastech.com.kronos,GAStech-Kronos,1/15/2014 18:14,2014-01-15 18:14,RE: Equipment audit approaching,Equipment audit approaching,
921,Willem.Vasco-Pais@gastech.com.kronos,Willem Vasco-Pais,gastech.com.kronos,GAStech-Kronos,Willem.Vasco-Pais@gastech.com.kronos; Sten.Sanjorge Jr.@gastech.com.tethys; Ada.Campo-Corrente@gastech.com.kronos; Orhan.Strum@gastech.com.kronos,Willem Vasco-Pais; Sten Sanjorge Jr ; Ada Campo-Corrente; Orhan Strum,4,gastech.com.kronos; gastech.com.tethys,GAStech-Kronos; GAStech-Tethys,1/15/2014 18:35,2014-01-15 18:35,RE: Yearly numbers looking good,Yearly numbers looking good,
922,Brand.Tempestad@gastech.com.kronos,Brand Tempestad,gastech.com.kronos,GAStech-Kronos,Vira.Frente@gastech.com.kronos; Axel.Calzas@gastech.com.kronos; Lidelse.Dedos@gastech.com.kronos; Adra.Nubarron@gastech.com.kronos; Brand.Tempestad@gastech.com.kronos; Isande.Borrasca@gastech.com.kronos,Vira Frente; Axel Calzas; Lidelse Dedos; Adra Nubarron; Brand Tempestad; Isande Borrasca,6,gastech.com.kronos,GAStech-Kronos,1/15/2014 18:46,2014-01-15 18:46,RE: Well 1033-01 stabilization progress report,Well 1033-01 stabilization progress report,
923,Sten.Sanjorge Jr.@gastech.com.tethys,Sten Sanjorge Jr ,gastech.com.tethys,GAStech-Tethys,Willem.Vasco-Pais@gastech.com.kronos; Sten.Sanjorge Jr.@gastech.com.tethys; Ada.Campo-Corrente@gastech.com.kronos; Orhan.Strum@gastech.com.kronos,Willem Vasco-Pais; Sten Sanjorge Jr ; Ada Campo-Corrente; Orhan Strum,4,gastech.com.kronos; gastech.com.tethys,GAStech-Kronos; GAStech-Tethys,1/15/2014 18:49,2014-01-15 18:49,RE: Yearly numbers looking good,Yearly numbers looking good,
924,Claudio.Hawelon@gastech.com.kronos,Claudio Hawelon,gastech.com.kronos,GAStech-Kronos,Adan.Morlun@gastech.com.kronos; Claudio.Hawelon@gastech.com.kronos; Dylan.Scozzese@gastech.com.kronos; Albina.Hafon@gastech.com.kronos; Irene.Nant@gastech.com.kronos; Henk.Mies@gastech.com.kronos; Benito.Hawelon@gastech.com.kronos,Adan Morlun; Claudio Hawelon; Dylan Scozzese; Albina Hafon; Irene Nant; Henk Mies; Benito Hawelon,7,gastech.com.kronos,GAStech-Kronos,1/15/2014 19:35,2014-01-15 19:35,RE: Funny!!,Funny!!,
925,Mat.Bramar@gastech.com.kronos,Mat Bramar,gastech.com.kronos,GAStech-Kronos,Rachel.Pantanal@gastech.com.kronos; Lars.Azada@gastech.com.kronos; Felix.Balas@gastech.com.kronos; Isande.Borrasca@gastech.com.kronos; Axel.Calzas@gastech.com.kronos; Gustav.Cazar@gastech.com.kronos; Lidelse.Dedos@gastech.com.kronos; Birgitta.Frente@gastech.com.kronos; Vira.Frente@gastech.com.kronos; Adra.Nubarron@gastech.com.kronos; Marin.Onda@gastech.com.kronos; Kare.Orilla@gastech.com.kronos; Elsa.Orilla@gastech.com.kronos; Brand.Tempestad@gastech.com.kronos; Ingrid.Barranco@gastech.com.kronos; Ada.Campo-Corrente@gastech.com.kronos; Sten.Sanjorge Jr.@gastech.com.kronos; Orhan.Strum@gastech.com.kronos; Willem.Vasco-Pais@gastech.com.kronos; Bertrand.Ovan@gastech.com.kronos; Albina.Hafon@gastech.com.kronos; Benito.Hawelon@gastech.com.kronos; Claudio.Hawelon@gastech.com.kronos; Henk.Mies@gastech.com.kronos; Valeria.Morlun@gastech.com.kronos; Adan.Morlun@gastech.com.kronos; Cecilia.Morluniau@gastech.com.kronos; Irene.Nant@gastech.com.kronos; Dylan.Scozzese@gastech.com.kronos; Lucas.Alcazar@gastech.com.kronos; Isak.Baza@gastech.com.kronos; Linnea.Bergen@gastech.com.kronos; Nils.Calixto@gastech.com.kronos; Sven.Flecha@gastech.com.kronos; Hideki.Cocinaro@gastech.com.kronos; Inga.Ferro@gastech.com.kronos; Loreto.Bodrogi@gastech.com.kronos; Isia.Vann@gastech.com.kronos; Stenig.Fusil@gastech.com.kronos; Hennie.Osvaldo@gastech.com.kronos; Kanon.Herrero@gastech.com.kronos; Varja.Lagos@gastech.com.kronos; Minke.Mies@gastech.com.kronos; Felix.Resumir@gastech.com.kronos; Edvard.Vann@gastech.com.kronos; Emile.Arpa@gastech.com.kronos; Varro.Awelon@gastech.com.kronos; Mat.Bramar@gastech.com.kronos; Dante.Coginian@gastech.com.kronos; Carla.Forluniau@gastech.com.kronos; Linda.Lagos@gastech.com.kronos; Cornelia.Lais@gastech.com.kronos; Ruscella.Mies.Haber@gastech.com.kronos; Anda.Ribera@gastech.com.kronos,Rachel Pantanal; Lars Azada; Felix Balas; Isande Borrasca; Axel Calzas; Gustav Cazar; Lidelse Dedos; Birgitta Frente; Vira Frente; Adra Nubarron; Marin Onda; Kare Orilla; Elsa Orilla; Brand Tempestad; Ingrid Barranco; Ada Campo-Corrente; Sten Sanjorge Jr ; Orhan Strum; Willem Vasco-Pais; Bertrand Ovan; Albina Hafon; Benito Hawelon; Claudio Hawelon; Henk Mies; Valeria Morlun; Adan Morlun; Cecilia Morluniau; Irene Nant; Dylan Scozzese; Lucas Alcazar; Isak Baza; Linnea Bergen; Nils Calixto; Sven Flecha; Hideki Cocinaro; Inga Ferro; Loreto Bodrogi; Isia Vann; Stenig Fusil; Hennie Osvaldo; Kanon Herrero; Varja Lagos; Minke Mies; Felix Resumir; Edvard Vann; Emile Arpa; Varro Awelon; Mat Bramar; Dante Coginian; Carla Forluniau; Linda Lagos; Cornelia Lais; Ruscella Mies Haber; Anda Ribera,54,gastech.com.kronos,GAStech-Kronos,1/16/2014 9:02,2014-01-16 09:02,Overtime policy reminder,Overtime policy reminder,
926,Orhan.Strum@gastech.com.kronos,Orhan Strum,gastech.com.kronos,GAStech-Kronos,Gustav.Cazar@gastech.com.kronos,Gustav Cazar,1,gastech.com.kronos,GAStech-Kronos,1/16/2014 9:27,2014-01-16 09:27,Plants,Plants,
927,Carla.Forluniau@gastech.com.kronos,Carla Forluniau,gastech.com.kronos,GAStech-Kronos,Varro.Awelon@gastech.com.kronos,Varro Awelon,1,gastech.com.kronos,GAStech-Kronos,1/16/2014 9:34,2014-01-16 09:34,Favor - borrow hedge trimmer,Favor - borrow hedge trimmer,
928,Anda.Ribera@gastech.com.kronos,Anda Ribera,gastech.com.kronos,GAStech-Kronos,Mat.Bramar@gastech.com.kronos; Anda.Ribera@gastech.com.kronos; Rachel.Pantanal@gastech.com.kronos; Linda.Lagos@gastech.com.kronos; Ruscella.Mies.Haber@gastech.com.kronos; Carla.Forluniau@gastech.com.kronos; Cornelia.Lais@gastech.com.kronos,Mat Bramar; Anda Ribera; Rachel Pantanal; Linda Lagos; Ruscella Mies Haber; Carla Forluniau; Cornelia Lais,7,gastech.com.kronos,GAStech-Kronos,1/16/2014 9:38,2014-01-16 09:38,Training opportunity,Training opportunity,
929,Birgitta.Frente@gastech.com.kronos,Birgitta Frente,gastech.com.kronos,GAStech-Kronos,Elsa.Orilla@gastech.com.kronos; Lars.Azada@gastech.com.kronos; Gustav.Cazar@gastech.com.kronos,Elsa Orilla; Lars Azada; Gustav Cazar,3,gastech.com.kronos,GAStech-Kronos,1/16/2014 9:44,2014-01-16 09:44,Downhole prediction 2522-00,Downhole prediction 2522-00,
930,Sten.Sanjorge Jr.@gastech.com.tethys,Sten Sanjorge Jr ,gastech.com.tethys,GAStech-Tethys,Willem.Vasco-Pais@gastech.com.kronos; Sten.Sanjorge Jr.@gastech.com.tethys; Ada.Campo-Corrente@gastech.com.kronos,Willem Vasco-Pais; Sten Sanjorge Jr ; Ada Campo-Corrente,3,gastech.com.kronos; gastech.com.tethys,GAStech-Kronos; GAStech-Tethys,1/16/2014 9:46,2014-01-16 09:46,Recommend a good vacation spot?,Recommend a good vacation spot?,
931,Elsa.Orilla@gastech.com.kronos,Elsa Orilla,gastech.com.kronos,GAStech-Kronos,Elsa.Orilla@gastech.com.kronos; Lars.Azada@gastech.com.kronos; Gustav.Cazar@gastech.com.kronos,Elsa Orilla; Lars Azada; Gustav Cazar,3,gastech.com.kronos,GAStech-Kronos,1/16/2014 10:18,2014-01-16 10:18,RE: Downhole prediction 2522-00,Downhole prediction 2522-00,
932,Edvard.Vann@gastech.com.kronos,Edvard Vann,gastech.com.kronos,GAStech-Kronos,Hennie.Osvaldo@gastech.com.kronos; Isia.Vann@gastech.com.kronos,Hennie Osvaldo; Isia Vann,2,gastech.com.kronos,GAStech-Kronos,1/16/2014 10:30,2014-01-16 10:30,Vacation scheduling procedures,Vacation scheduling procedures,
933,Ruscella.Mies.Haber@gastech.com.kronos,Ruscella Mies Haber,gastech.com.kronos,GAStech-Kronos,Rachel.Pantanal@gastech.com.kronos; Lars.Azada@gastech.com.kronos; Felix.Balas@gastech.com.kronos; Isande.Borrasca@gastech.com.kronos; Axel.Calzas@gastech.com.kronos; Gustav.Cazar@gastech.com.kronos; Lidelse.Dedos@gastech.com.kronos; Birgitta.Frente@gastech.com.kronos; Vira.Frente@gastech.com.kronos; Adra.Nubarron@gastech.com.kronos; Marin.Onda@gastech.com.kronos; Kare.Orilla@gastech.com.kronos; Elsa.Orilla@gastech.com.kronos; Brand.Tempestad@gastech.com.kronos; Ingrid.Barranco@gastech.com.kronos; Ada.Campo-Corrente@gastech.com.kronos; Sten.Sanjorge Jr.@gastech.com.kronos; Orhan.Strum@gastech.com.kronos; Willem.Vasco-Pais@gastech.com.kronos; Bertrand.Ovan@gastech.com.kronos; Albina.Hafon@gastech.com.kronos; Benito.Hawelon@gastech.com.kronos; Claudio.Hawelon@gastech.com.kronos; Henk.Mies@gastech.com.kronos; Valeria.Morlun@gastech.com.kronos; Adan.Morlun@gastech.com.kronos; Cecilia.Morluniau@gastech.com.kronos; Irene.Nant@gastech.com.kronos; Dylan.Scozzese@gastech.com.kronos; Lucas.Alcazar@gastech.com.kronos; Isak.Baza@gastech.com.kronos; Linnea.Bergen@gastech.com.kronos; Nils.Calixto@gastech.com.kronos; Sven.Flecha@gastech.com.kronos; Hideki.Cocinaro@gastech.com.kronos; Inga.Ferro@gastech.com.kronos; Loreto.Bodrogi@gastech.com.kronos; Isia.Vann@gastech.com.kronos; Stenig.Fusil@gastech.com.kronos; Hennie.Osvaldo@gastech.com.kronos; Kanon.Herrero@gastech.com.kronos; Varja.Lagos@gastech.com.kronos; Minke.Mies@gastech.com.kronos; Felix.Resumir@gastech.com.kronos; Edvard.Vann@gastech.com.kronos; Emile.Arpa@gastech.com.kronos; Varro.Awelon@gastech.com.kronos; Mat.Bramar@gastech.com.kronos; Dante.Coginian@gastech.com.kronos; Carla.Forluniau@gastech.com.kronos; Linda.Lagos@gastech.com.kronos; Cornelia.Lais@gastech.com.kronos; Ruscella.Mies.Haber@gastech.com.kronos; Anda.Ribera@gastech.com.kronos,Rachel Pantanal; Lars Azada; Felix Balas; Isande Borrasca; Axel Calzas; Gustav Cazar; Lidelse Dedos; Birgitta Frente; Vira Frente; Adra Nubarron; Marin Onda; Kare Orilla; Elsa Orilla; Brand Tempestad; Ingrid Barranco; Ada Campo-Corrente; Sten Sanjorge Jr ; Orhan Strum; Willem Vasco-Pais; Bertrand Ovan; Albina Hafon; Benito Hawelon; Claudio Hawelon; Henk Mies; Valeria Morlun; Adan Morlun; Cecilia Morluniau; Irene Nant; Dylan Scozzese; Lucas Alcazar; Isak Baza; Linnea Bergen; Nils Calixto; Sven Flecha; Hideki Cocinaro; Inga Ferro; Loreto Bodrogi; Isia Vann; Stenig Fusil; Hennie Osvaldo; Kanon Herrero; Varja Lagos; Minke Mies; Felix Resumir; Edvard Vann; Emile Arpa; Varro Awelon; Mat Bramar; Dante Coginian; Carla Forluniau; Linda Lagos; Cornelia Lais; Ruscella Mies Haber; Anda Ribera,54,gastech.com.kronos,GAStech-Kronos,1/16/2014 11:09,2014-01-16 11:09,"Good morning, GasTech!","Good morning, GasTech!",
934,Varro.Awelon@gastech.com.kronos,Varro Awelon,gastech.com.kronos,GAStech-Kronos,Carla.Forluniau@gastech.com.kronos,Carla Forluniau,1,gastech.com.kronos,GAStech-Kronos,1/16/2014 11:22,2014-01-16 11:22,RE: Favor - borrow hedge trimmer,Favor - borrow hedge trimmer,
935,Mat.Bramar@gastech.com.kronos,Mat Bramar,gastech.com.kronos,GAStech-Kronos,Rachel.Pantanal@gastech.com.kronos; Lars.Azada@gastech.com.kronos; Felix.Balas@gastech.com.kronos; Isande.Borrasca@gastech.com.kronos; Axel.Calzas@gastech.com.kronos; Gustav.Cazar@gastech.com.kronos; Lidelse.Dedos@gastech.com.kronos; Birgitta.Frente@gastech.com.kronos; Vira.Frente@gastech.com.kronos; Adra.Nubarron@gastech.com.kronos; Marin.Onda@gastech.com.kronos; Kare.Orilla@gastech.com.kronos; Elsa.Orilla@gastech.com.kronos; Brand.Tempestad@gastech.com.kronos; Ingrid.Barranco@gastech.com.kronos; Ada.Campo-Corrente@gastech.com.kronos; Sten.Sanjorge Jr.@gastech.com.kronos; Orhan.Strum@gastech.com.kronos; Willem.Vasco-Pais@gastech.com.kronos; Bertrand.Ovan@gastech.com.kronos; Albina.Hafon@gastech.com.kronos; Benito.Hawelon@gastech.com.kronos; Claudio.Hawelon@gastech.com.kronos; Henk.Mies@gastech.com.kronos; Valeria.Morlun@gastech.com.kronos; Adan.Morlun@gastech.com.kronos; Cecilia.Morluniau@gastech.com.kronos; Irene.Nant@gastech.com.kronos; Dylan.Scozzese@gastech.com.kronos; Lucas.Alcazar@gastech.com.kronos; Isak.Baza@gastech.com.kronos; Linnea.Bergen@gastech.com.kronos; Nils.Calixto@gastech.com.kronos; Sven.Flecha@gastech.com.kronos; Hideki.Cocinaro@gastech.com.kronos; Inga.Ferro@gastech.com.kronos; Loreto.Bodrogi@gastech.com.kronos; Isia.Vann@gastech.com.kronos; Stenig.Fusil@gastech.com.kronos; Hennie.Osvaldo@gastech.com.kronos; Kanon.Herrero@gastech.com.kronos; Varja.Lagos@gastech.com.kronos; Minke.Mies@gastech.com.kronos; Felix.Resumir@gastech.com.kronos; Edvard.Vann@gastech.com.kronos; Emile.Arpa@gastech.com.kronos; Varro.Awelon@gastech.com.kronos; Mat.Bramar@gastech.com.kronos; Dante.Coginian@gastech.com.kronos; Carla.Forluniau@gastech.com.kronos; Linda.Lagos@gastech.com.kronos; Cornelia.Lais@gastech.com.kronos; Ruscella.Mies.Haber@gastech.com.kronos; Anda.Ribera@gastech.com.kronos,Rachel Pantanal; Lars Azada; Felix Balas; Isande Borrasca; Axel Calzas; Gustav Cazar; Lidelse Dedos; Birgitta Frente; Vira Frente; Adra Nubarron; Marin Onda; Kare Orilla; Elsa Orilla; Brand Tempestad; Ingrid Barranco; Ada Campo-Corrente; Sten Sanjorge Jr ; Orhan Strum; Willem Vasco-Pais; Bertrand Ovan; Albina Hafon; Benito Hawelon; Claudio Hawelon; Henk Mies; Valeria Morlun; Adan Morlun; Cecilia Morluniau; Irene Nant; Dylan Scozzese; Lucas Alcazar; Isak Baza; Linnea Bergen; Nils Calixto; Sven Flecha; Hideki Cocinaro; Inga Ferro; Loreto Bodrogi; Isia Vann; Stenig Fusil; Hennie Osvaldo; Kanon Herrero; Varja Lagos; Minke Mies; Felix Resumir; Edvard Vann; Emile Arpa; Varro Awelon; Mat Bramar; Dante Coginian; Carla Forluniau; Linda Lagos; Cornelia Lais; Ruscella Mies Haber; Anda Ribera,54,gastech.com.kronos,GAStech-Kronos,1/16/2014 11:36,2014-01-16 11:36,Registration open: retirement planning seminar,Registration open: retirement planning seminar,
936,Gustav.Cazar@gastech.com.kronos,Gustav Cazar,gastech.com.kronos,GAStech-Kronos,Elsa.Orilla@gastech.com.kronos; Lars.Azada@gastech.com.kronos; Gustav.Cazar@gastech.com.kronos,Elsa Orilla; Lars Azada; Gustav Cazar,3,gastech.com.kronos,GAStech-Kronos,1/16/2014 11:40,2014-01-16 11:40,RE: Downhole prediction 2522-00,Downhole prediction 2522-00,
937,Elsa.Orilla@gastech.com.kronos,Elsa Orilla,gastech.com.kronos,GAStech-Kronos,Elsa.Orilla@gastech.com.kronos; Lars.Azada@gastech.com.kronos; Gustav.Cazar@gastech.com.kronos,Elsa Orilla; Lars Azada; Gustav Cazar,3,gastech.com.kronos,GAStech-Kronos,1/16/2014 11:48,2014-01-16 11:48,RE: Downhole prediction 2522-00,Downhole prediction 2522-00,
938,Gustav.Cazar@gastech.com.kronos,Gustav Cazar,gastech.com.kronos,GAStech-Kronos,Orhan.Strum@gastech.com.kronos,Orhan Strum,1,gastech.com.kronos,GAStech-Kronos,1/16/2014 11:51,2014-01-16 11:51,RE: Plants,Plants,
939,Lidelse.Dedos@gastech.com.kronos,Lidelse Dedos,gastech.com.kronos,GAStech-Kronos,Kare.Orilla@gastech.com.kronos,Kare Orilla,1,gastech.com.kronos,GAStech-Kronos,1/16/2014 12:03,2014-01-16 12:03,Ha ha,Ha ha,
940,Albina.Hafon@gastech.com.kronos,Albina Hafon,gastech.com.kronos,GAStech-Kronos,Valeria.Morlun@gastech.com.kronos; Emile.Arpa@gastech.com.kronos; Adan.Morlun@gastech.com.kronos; Dylan.Scozzese@gastech.com.kronos; Irene.Nant@gastech.com.kronos; Bertrand.Ovan@gastech.com.kronos; Cecilia.Morluniau@gastech.com.kronos; Claudio.Hawelon@gastech.com.kronos; Dante.Coginian@gastech.com.kronos; Henk.Mies@gastech.com.kronos; Benito.Hawelon@gastech.com.kronos; Albina.Hafon@gastech.com.kronos,Valeria Morlun; Emile Arpa; Adan Morlun; Dylan Scozzese; Irene Nant; Bertrand Ovan; Cecilia Morluniau; Claudio Hawelon; Dante Coginian; Henk Mies; Benito Hawelon; Albina Hafon,12,gastech.com.kronos,GAStech-Kronos,1/16/2014 12:04,2014-01-16 12:04,Funny!!,Funny!!,
941,Cecilia.Morluniau@gastech.com.kronos,Cecilia Morluniau,gastech.com.kronos,GAStech-Kronos,Albina.Hafon@gastech.com.kronos; Dylan.Scozzese@gastech.com.kronos; Cecilia.Morluniau@gastech.com.kronos; Benito.Hawelon@gastech.com.kronos,Albina Hafon; Dylan Scozzese; Cecilia Morluniau; Benito Hawelon,4,gastech.com.kronos,GAStech-Kronos,1/16/2014 12:10,2014-01-16 12:10,"Guys night out - sorry, ladies","Guys night out - sorry, ladies",
942,Orhan.Strum@gastech.com.kronos,Orhan Strum,gastech.com.kronos,GAStech-Kronos,Gustav.Cazar@gastech.com.kronos,Gustav Cazar,1,gastech.com.kronos,GAStech-Kronos,1/16/2014 12:13,2014-01-16 12:13,RE: Plants,Plants,
943,Gustav.Cazar@gastech.com.kronos,Gustav Cazar,gastech.com.kronos,GAStech-Kronos,Elsa.Orilla@gastech.com.kronos; Lars.Azada@gastech.com.kronos; Gustav.Cazar@gastech.com.kronos,Elsa Orilla; Lars Azada; Gustav Cazar,3,gastech.com.kronos,GAStech-Kronos,1/16/2014 12:13,2014-01-16 12:13,RE: Downhole prediction 2522-00,Downhole prediction 2522-00,
944,Rachel.Pantanal@gastech.com.kronos,Rachel Pantanal,gastech.com.kronos,GAStech-Kronos,Mat.Bramar@gastech.com.kronos; Anda.Ribera@gastech.com.kronos; Rachel.Pantanal@gastech.com.kronos; Linda.Lagos@gastech.com.kronos; Ruscella.Mies.Haber@gastech.com.kronos; Carla.Forluniau@gastech.com.kronos; Cornelia.Lais@gastech.com.kronos,Mat Bramar; Anda Ribera; Rachel Pantanal; Linda Lagos; Ruscella Mies Haber; Carla Forluniau; Cornelia Lais,7,gastech.com.kronos,GAStech-Kronos,1/16/2014 12:16,2014-01-16 12:16,You never get a second chance to make a first impression,You never get a second chance to make a first impression,
945,Gustav.Cazar@gastech.com.kronos,Gustav Cazar,gastech.com.kronos,GAStech-Kronos,Orhan.Strum@gastech.com.kronos,Orhan Strum,1,gastech.com.kronos,GAStech-Kronos,1/16/2014 12:17,2014-01-16 12:17,RE: Plants,Plants,
946,Carla.Forluniau@gastech.com.kronos,Carla Forluniau,gastech.com.kronos,GAStech-Kronos,Varro.Awelon@gastech.com.kronos,Varro Awelon,1,gastech.com.kronos,GAStech-Kronos,1/16/2014 12:20,2014-01-16 12:20,RE: Favor - borrow hedge trimmer,Favor - borrow hedge trimmer,
947,Dylan.Scozzese@gastech.com.kronos,Dylan Scozzese,gastech.com.kronos,GAStech-Kronos,Dylan.Scozzese@gastech.com.kronos; Adan.Morlun@gastech.com.kronos,Dylan Scozzese; Adan Morlun,2,gastech.com.kronos,GAStech-Kronos,1/16/2014 12:22,2014-01-16 12:22,"Guys night out - sorry, ladies","Guys night out - sorry, ladies",
948,Gustav.Cazar@gastech.com.kronos,Gustav Cazar,gastech.com.kronos,GAStech-Kronos,Elsa.Orilla@gastech.com.kronos; Lars.Azada@gastech.com.kronos; Gustav.Cazar@gastech.com.kronos,Elsa Orilla; Lars Azada; Gustav Cazar,3,gastech.com.kronos,GAStech-Kronos,1/16/2014 12:25,2014-01-16 12:25,RE: Downhole prediction 2522-00,Downhole prediction 2522-00,
949,Adra.Nubarron@gastech.com.kronos,Adra Nubarron,gastech.com.kronos,GAStech-Kronos,Rachel.Pantanal@gastech.com.kronos; Lars.Azada@gastech.com.kronos; Felix.Balas@gastech.com.kronos; Isande.Borrasca@gastech.com.kronos; Axel.Calzas@gastech.com.kronos; Gustav.Cazar@gastech.com.kronos; Lidelse.Dedos@gastech.com.kronos; Birgitta.Frente@gastech.com.kronos; Vira.Frente@gastech.com.kronos; Adra.Nubarron@gastech.com.kronos; Marin.Onda@gastech.com.kronos; Kare.Orilla@gastech.com.kronos; Elsa.Orilla@gastech.com.kronos; Brand.Tempestad@gastech.com.kronos; Ingrid.Barranco@gastech.com.kronos; Ada.Campo-Corrente@gastech.com.kronos; Sten.Sanjorge Jr.@gastech.com.kronos; Orhan.Strum@gastech.com.kronos; Willem.Vasco-Pais@gastech.com.kronos; Bertrand.Ovan@gastech.com.kronos; Albina.Hafon@gastech.com.kronos; Benito.Hawelon@gastech.com.kronos; Claudio.Hawelon@gastech.com.kronos; Henk.Mies@gastech.com.kronos; Valeria.Morlun@gastech.com.kronos; Adan.Morlun@gastech.com.kronos; Cecilia.Morluniau@gastech.com.kronos; Irene.Nant@gastech.com.kronos; Dylan.Scozzese@gastech.com.kronos; Lucas.Alcazar@gastech.com.kronos; Isak.Baza@gastech.com.kronos; Linnea.Bergen@gastech.com.kronos; Nils.Calixto@gastech.com.kronos; Sven.Flecha@gastech.com.kronos; Hideki.Cocinaro@gastech.com.kronos; Inga.Ferro@gastech.com.kronos; Loreto.Bodrogi@gastech.com.kronos; Isia.Vann@gastech.com.kronos; Stenig.Fusil@gastech.com.kronos; Hennie.Osvaldo@gastech.com.kronos; Kanon.Herrero@gastech.com.kronos; Varja.Lagos@gastech.com.kronos; Minke.Mies@gastech.com.kronos; Felix.Resumir@gastech.com.kronos; Edvard.Vann@gastech.com.kronos; Emile.Arpa@gastech.com.kronos; Varro.Awelon@gastech.com.kronos; Mat.Bramar@gastech.com.kronos; Dante.Coginian@gastech.com.kronos; Carla.Forluniau@gastech.com.kronos; Linda.Lagos@gastech.com.kronos; Cornelia.Lais@gastech.com.kronos; Ruscella.Mies.Haber@gastech.com.kronos; Anda.Ribera@gastech.com.kronos,Rachel Pantanal; Lars Azada; Felix Balas; Isande Borrasca; Axel Calzas; Gustav Cazar; Lidelse Dedos; Birgitta Frente; Vira Frente; Adra Nubarron; Marin Onda; Kare Orilla; Elsa Orilla; Brand Tempestad; Ingrid Barranco; Ada Campo-Corrente; Sten Sanjorge Jr ; Orhan Strum; Willem Vasco-Pais; Bertrand Ovan; Albina Hafon; Benito Hawelon; Claudio Hawelon; Henk Mies; Valeria Morlun; Adan Morlun; Cecilia Morluniau; Irene Nant; Dylan Scozzese; Lucas Alcazar; Isak Baza; Linnea Bergen; Nils Calixto; Sven Flecha; Hideki Cocinaro; Inga Ferro; Loreto Bodrogi; Isia Vann; Stenig Fusil; Hennie Osvaldo; Kanon Herrero; Varja Lagos; Minke Mies; Felix Resumir; Edvard Vann; Emile Arpa; Varro Awelon; Mat Bramar; Dante Coginian; Carla Forluniau; Linda Lagos; Cornelia Lais; Ruscella Mies Haber; Anda Ribera,54,gastech.com.kronos,GAStech-Kronos,1/16/2014 12:27,2014-01-16 12:27,RE: Registration open: retirement planning seminar,Registration open: retirement planning seminar,
950,Varro.Awelon@gastech.com.kronos,Varro Awelon,gastech.com.kronos,GAStech-Kronos,Carla.Forluniau@gastech.com.kronos,Carla Forluniau,1,gastech.com.kronos,GAStech-Kronos,1/16/2014 12:36,2014-01-16 12:36,RE: Favor - borrow hedge trimmer,Favor - borrow hedge trimmer,
951,Orhan.Strum@gastech.com.kronos,Orhan Strum,gastech.com.kronos,GAStech-Kronos,Gustav.Cazar@gastech.com.kronos,Gustav Cazar,1,gastech.com.kronos,GAStech-Kronos,1/16/2014 12:36,2014-01-16 12:36,RE: Plants,Plants,
952,Gustav.Cazar@gastech.com.kronos,Gustav Cazar,gastech.com.kronos,GAStech-Kronos,Elsa.Orilla@gastech.com.kronos; Lars.Azada@gastech.com.kronos; Gustav.Cazar@gastech.com.kronos,Elsa Orilla; Lars Azada; Gustav Cazar,3,gastech.com.kronos,GAStech-Kronos,1/16/2014 12:39,2014-01-16 12:39,RE: Downhole prediction 2522-00,Downhole prediction 2522-00,
953,Carla.Forluniau@gastech.com.kronos,Carla Forluniau,gastech.com.kronos,GAStech-Kronos,Varro.Awelon@gastech.com.kronos,Varro Awelon,1,gastech.com.kronos,GAStech-Kronos,1/16/2014 12:41,2014-01-16 12:41,RE: Favor - borrow hedge trimmer,Favor - borrow hedge trimmer,
954,Valeria.Morlun@gastech.com.kronos,Valeria Morlun,gastech.com.kronos,GAStech-Kronos,Dylan.Scozzese@gastech.com.kronos; Adan.Morlun@gastech.com.kronos; Henk.Mies@gastech.com.kronos; Albina.Hafon@gastech.com.kronos,Dylan Scozzese; Adan Morlun; Henk Mies; Albina Hafon,4,gastech.com.kronos,GAStech-Kronos,1/16/2014 12:43,2014-01-16 12:43,Union meeting,Union meeting,
955,Gustav.Cazar@gastech.com.kronos,Gustav Cazar,gastech.com.kronos,GAStech-Kronos,Orhan.Strum@gastech.com.kronos,Orhan Strum,1,gastech.com.kronos,GAStech-Kronos,1/16/2014 12:51,2014-01-16 12:51,RE: Plants,Plants,
956,Cornelia.Lais@gastech.com.kronos,Cornelia Lais,gastech.com.kronos,GAStech-Kronos,Mat.Bramar@gastech.com.kronos; Anda.Ribera@gastech.com.kronos; Rachel.Pantanal@gastech.com.kronos; Linda.Lagos@gastech.com.kronos; Ruscella.Mies.Haber@gastech.com.kronos; Carla.Forluniau@gastech.com.kronos; Cornelia.Lais@gastech.com.kronos,Mat Bramar; Anda Ribera; Rachel Pantanal; Linda Lagos; Ruscella Mies Haber; Carla Forluniau; Cornelia Lais,7,gastech.com.kronos,GAStech-Kronos,1/16/2014 12:51,2014-01-16 12:51,RE: Training opportunity,Training opportunity,
957,Ada.Campo-Corrente@gastech.com.kronos,Ada Campo-Corrente,gastech.com.kronos,GAStech-Kronos,Willem.Vasco-Pais@gastech.com.kronos; Sten.Sanjorge Jr.@gastech.com.tethys; Ada.Campo-Corrente@gastech.com.kronos,Willem Vasco-Pais; Sten Sanjorge Jr ; Ada Campo-Corrente,3,gastech.com.kronos; gastech.com.tethys,GAStech-Kronos; GAStech-Tethys,1/16/2014 12:56,2014-01-16 12:56,RE: Recommend a good vacation spot?,Recommend a good vacation spot?,
958,Willem.Vasco-Pais@gastech.com.kronos,Willem Vasco-Pais,gastech.com.kronos,GAStech-Kronos,Willem.Vasco-Pais@gastech.com.kronos; Sten.Sanjorge Jr.@gastech.com.tethys; Ada.Campo-Corrente@gastech.com.kronos,Willem Vasco-Pais; Sten Sanjorge Jr ; Ada Campo-Corrente,3,gastech.com.kronos; gastech.com.tethys,GAStech-Kronos; GAStech-Tethys,1/16/2014 12:58,2014-01-16 12:58,RE: Recommend a good vacation spot?,Recommend a good vacation spot?,
959,Kare.Orilla@gastech.com.kronos,Kare Orilla,gastech.com.kronos,GAStech-Kronos,Lidelse.Dedos@gastech.com.kronos,Lidelse Dedos,1,gastech.com.kronos,GAStech-Kronos,1/16/2014 13:14,2014-01-16 13:14,RE: Ha ha,Ha ha,
960,Dylan.Scozzese@gastech.com.kronos,Dylan Scozzese,gastech.com.kronos,GAStech-Kronos,Irene.Nant@gastech.com.kronos; Dylan.Scozzese@gastech.com.kronos; Adan.Morlun@gastech.com.kronos; Dante.Coginian@gastech.com.kronos; Emile.Arpa@gastech.com.kronos,Irene Nant; Dylan Scozzese; Adan Morlun; Dante Coginian; Emile Arpa,5,gastech.com.kronos,GAStech-Kronos,1/16/2014 13:26,2014-01-16 13:26,"Guys night out - sorry, ladies","Guys night out - sorry, ladies",
961,Nils.Calixto@gastech.com.kronos,Nils Calixto,gastech.com.kronos,GAStech-Kronos,Lucas.Alcazar@gastech.com.kronos; Isak.Baza@gastech.com.kronos; Nils.Calixto@gastech.com.kronos,Lucas Alcazar; Isak Baza; Nils Calixto,3,gastech.com.kronos,GAStech-Kronos,1/16/2014 13:38,2014-01-16 13:38,Conference report,Conference report,
962,Isia.Vann@gastech.com.kronos,Isia Vann,gastech.com.kronos,GAStech-Kronos,Hennie.Osvaldo@gastech.com.kronos; Isia.Vann@gastech.com.kronos,Hennie Osvaldo; Isia Vann,2,gastech.com.kronos,GAStech-Kronos,1/16/2014 13:38,2014-01-16 13:38,RE: Vacation scheduling procedures,Vacation scheduling procedures,
963,Henk.Mies@gastech.com.kronos,Henk Mies,gastech.com.kronos,GAStech-Kronos,Valeria.Morlun@gastech.com.kronos; Emile.Arpa@gastech.com.kronos; Adan.Morlun@gastech.com.kronos; Dylan.Scozzese@gastech.com.kronos; Irene.Nant@gastech.com.kronos; Bertrand.Ovan@gastech.com.kronos; Cecilia.Morluniau@gastech.com.kronos; Claudio.Hawelon@gastech.com.kronos; Dante.Coginian@gastech.com.kronos; Henk.Mies@gastech.com.kronos; Benito.Hawelon@gastech.com.kronos; Albina.Hafon@gastech.com.kronos,Valeria Morlun; Emile Arpa; Adan Morlun; Dylan Scozzese; Irene Nant; Bertrand Ovan; Cecilia Morluniau; Claudio Hawelon; Dante Coginian; Henk Mies; Benito Hawelon; Albina Hafon,12,gastech.com.kronos,GAStech-Kronos,1/16/2014 13:42,2014-01-16 13:42,RE: Funny!!,Funny!!,
964,Isia.Vann@gastech.com.kronos,Isia Vann,gastech.com.kronos,GAStech-Kronos,Hennie.Osvaldo@gastech.com.kronos; Isia.Vann@gastech.com.kronos,Hennie Osvaldo; Isia Vann,2,gastech.com.kronos,GAStech-Kronos,1/16/2014 13:42,2014-01-16 13:42,RE: Vacation scheduling procedures,Vacation scheduling procedures,
965,Willem.Vasco-Pais@gastech.com.kronos,Willem Vasco-Pais,gastech.com.kronos,GAStech-Kronos,Rachel.Pantanal@gastech.com.kronos; Lars.Azada@gastech.com.kronos; Felix.Balas@gastech.com.kronos; Isande.Borrasca@gastech.com.kronos; Axel.Calzas@gastech.com.kronos; Gustav.Cazar@gastech.com.kronos; Lidelse.Dedos@gastech.com.kronos; Birgitta.Frente@gastech.com.kronos; Vira.Frente@gastech.com.kronos; Adra.Nubarron@gastech.com.kronos; Marin.Onda@gastech.com.kronos; Kare.Orilla@gastech.com.kronos; Elsa.Orilla@gastech.com.kronos; Brand.Tempestad@gastech.com.kronos; Ingrid.Barranco@gastech.com.kronos; Ada.Campo-Corrente@gastech.com.kronos; Sten.Sanjorge Jr.@gastech.com.kronos; Orhan.Strum@gastech.com.kronos; Willem.Vasco-Pais@gastech.com.kronos; Bertrand.Ovan@gastech.com.kronos; Albina.Hafon@gastech.com.kronos; Benito.Hawelon@gastech.com.kronos; Claudio.Hawelon@gastech.com.kronos; Henk.Mies@gastech.com.kronos; Valeria.Morlun@gastech.com.kronos; Adan.Morlun@gastech.com.kronos; Cecilia.Morluniau@gastech.com.kronos; Irene.Nant@gastech.com.kronos; Dylan.Scozzese@gastech.com.kronos; Lucas.Alcazar@gastech.com.kronos; Isak.Baza@gastech.com.kronos; Linnea.Bergen@gastech.com.kronos; Nils.Calixto@gastech.com.kronos; Sven.Flecha@gastech.com.kronos; Hideki.Cocinaro@gastech.com.kronos; Inga.Ferro@gastech.com.kronos; Loreto.Bodrogi@gastech.com.kronos; Isia.Vann@gastech.com.kronos; Stenig.Fusil@gastech.com.kronos; Hennie.Osvaldo@gastech.com.kronos; Kanon.Herrero@gastech.com.kronos; Varja.Lagos@gastech.com.kronos; Minke.Mies@gastech.com.kronos; Felix.Resumir@gastech.com.kronos; Edvard.Vann@gastech.com.kronos; Emile.Arpa@gastech.com.kronos; Varro.Awelon@gastech.com.kronos; Mat.Bramar@gastech.com.kronos; Dante.Coginian@gastech.com.kronos; Carla.Forluniau@gastech.com.kronos; Linda.Lagos@gastech.com.kronos; Cornelia.Lais@gastech.com.kronos; Ruscella.Mies.Haber@gastech.com.kronos; Anda.Ribera@gastech.com.kronos,Rachel Pantanal; Lars Azada; Felix Balas; Isande Borrasca; Axel Calzas; Gustav Cazar; Lidelse Dedos; Birgitta Frente; Vira Frente; Adra Nubarron; Marin Onda; Kare Orilla; Elsa Orilla; Brand Tempestad; Ingrid Barranco; Ada Campo-Corrente; Sten Sanjorge Jr ; Orhan Strum; Willem Vasco-Pais; Bertrand Ovan; Albina Hafon; Benito Hawelon; Claudio Hawelon; Henk Mies; Valeria Morlun; Adan Morlun; Cecilia Morluniau; Irene Nant; Dylan Scozzese; Lucas Alcazar; Isak Baza; Linnea Bergen; Nils Calixto; Sven Flecha; Hideki Cocinaro; Inga Ferro; Loreto Bodrogi; Isia Vann; Stenig Fusil; Hennie Osvaldo; Kanon Herrero; Varja Lagos; Minke Mies; Felix Resumir; Edvard Vann; Emile Arpa; Varro Awelon; Mat Bramar; Dante Coginian; Carla Forluniau; Linda Lagos; Cornelia Lais; Ruscella Mies Haber; Anda Ribera,54,gastech.com.kronos,GAStech-Kronos,1/16/2014 13:44,2014-01-16 13:44,RE: Registration open: retirement planning seminar,Registration open: retirement planning seminar,
966,Felix.Balas@gastech.com.kronos,Felix Balas,gastech.com.kronos,GAStech-Kronos,Elsa.Orilla@gastech.com.kronos; Isande.Borrasca@gastech.com.kronos; Birgitta.Frente@gastech.com.kronos; Gustav.Cazar@gastech.com.kronos; Felix.Balas@gastech.com.kronos; Marin.Onda@gastech.com.kronos; Lars.Azada@gastech.com.kronos; Vira.Frente@gastech.com.kronos; Axel.Calzas@gastech.com.kronos; Kare.Orilla@gastech.com.kronos; Adra.Nubarron@gastech.com.kronos; Brand.Tempestad@gastech.com.kronos,Elsa Orilla; Isande Borrasca; Birgitta Frente; Gustav Cazar; Felix Balas; Marin Onda; Lars Azada; Vira Frente; Axel Calzas; Kare Orilla; Adra Nubarron; Brand Tempestad,12,gastech.com.kronos,GAStech-Kronos,1/16/2014 13:46,2014-01-16 13:46,Downhole prediction 2522-00 - updated,Downhole prediction 2522-00 - updated,
967,Lidelse.Dedos@gastech.com.kronos,Lidelse Dedos,gastech.com.kronos,GAStech-Kronos,Kare.Orilla@gastech.com.kronos,Kare Orilla,1,gastech.com.kronos,GAStech-Kronos,1/16/2014 13:50,2014-01-16 13:50,RE: Ha ha,Ha ha,
968,Hennie.Osvaldo@gastech.com.kronos,Hennie Osvaldo,gastech.com.kronos,GAStech-Kronos,Hennie.Osvaldo@gastech.com.kronos; Isia.Vann@gastech.com.kronos,Hennie Osvaldo; Isia Vann,2,gastech.com.kronos,GAStech-Kronos,1/16/2014 13:53,2014-01-16 13:53,RE: Vacation scheduling procedures,Vacation scheduling procedures,
969,Isak.Baza@gastech.com.kronos,Isak Baza,gastech.com.kronos,GAStech-Kronos,Isak.Baza@gastech.com.kronos; Lucas.Alcazar@gastech.com.kronos; Sven.Flecha@gastech.com.kronos,Isak Baza; Lucas Alcazar; Sven Flecha,3,gastech.com.kronos,GAStech-Kronos,1/16/2014 13:54,2014-01-16 13:54,Anyone have time to help troubleshoot some software?,Anyone have time to help troubleshoot some software?,
970,Kare.Orilla@gastech.com.kronos,Kare Orilla,gastech.com.kronos,GAStech-Kronos,Lidelse.Dedos@gastech.com.kronos,Lidelse Dedos,1,gastech.com.kronos,GAStech-Kronos,1/16/2014 13:57,2014-01-16 13:57,RE: Ha ha,Ha ha,
971,Rachel.Pantanal@gastech.com.kronos,Rachel Pantanal,gastech.com.kronos,GAStech-Kronos,Mat.Bramar@gastech.com.kronos; Anda.Ribera@gastech.com.kronos; Rachel.Pantanal@gastech.com.kronos; Linda.Lagos@gastech.com.kronos; Ruscella.Mies.Haber@gastech.com.kronos; Carla.Forluniau@gastech.com.kronos; Cornelia.Lais@gastech.com.kronos,Mat Bramar; Anda Ribera; Rachel Pantanal; Linda Lagos; Ruscella Mies Haber; Carla Forluniau; Cornelia Lais,7,gastech.com.kronos,GAStech-Kronos,1/16/2014 13:59,2014-01-16 13:59,RE: Training opportunity,Training opportunity,
972,Lidelse.Dedos@gastech.com.kronos,Lidelse Dedos,gastech.com.kronos,GAStech-Kronos,Kare.Orilla@gastech.com.kronos,Kare Orilla,1,gastech.com.kronos,GAStech-Kronos,1/16/2014 14:16,2014-01-16 14:16,RE: Ha ha,Ha ha,
973,Kare.Orilla@gastech.com.kronos,Kare Orilla,gastech.com.kronos,GAStech-Kronos,Lidelse.Dedos@gastech.com.kronos,Lidelse Dedos,1,gastech.com.kronos,GAStech-Kronos,1/16/2014 14:18,2014-01-16 14:18,RE: Ha ha,Ha ha,
974,Bertrand.Ovan@gastech.com.kronos,Bertrand Ovan,gastech.com.kronos,GAStech-Kronos,Emile.Arpa@gastech.com.kronos; Varro.Awelon@gastech.com.kronos; Dante.Coginian@gastech.com.kronos; Albina.Hafon@gastech.com.kronos; Benito.Hawelon@gastech.com.kronos; Claudio.Hawelon@gastech.com.kronos; Henk.Mies@gastech.com.kronos; Valeria.Morlun@gastech.com.kronos; Adan.Morlun@gastech.com.kronos; Cecilia.Morluniau@gastech.com.kronos; Irene.Nant@gastech.com.kronos; Dylan.Scozzese@gastech.com.kronos,Emile Arpa; Varro Awelon; Dante Coginian; Albina Hafon; Benito Hawelon; Claudio Hawelon; Henk Mies; Valeria Morlun; Adan Morlun; Cecilia Morluniau; Irene Nant; Dylan Scozzese,12,gastech.com.kronos,GAStech-Kronos,1/16/2014 14:19,2014-01-16 14:19,Safety First!,Safety First!,
975,Lucas.Alcazar@gastech.com.kronos,Lucas Alcazar,gastech.com.kronos,GAStech-Kronos,Nils.Calixto@gastech.com.kronos; Lucas.Alcazar@gastech.com.kronos,Nils Calixto; Lucas Alcazar,2,gastech.com.kronos,GAStech-Kronos,1/16/2014 14:27,2014-01-16 14:27,Conference report,Conference report,
976,Henk.Mies@gastech.com.kronos,Henk Mies,gastech.com.kronos,GAStech-Kronos,Valeria.Morlun@gastech.com.kronos; Emile.Arpa@gastech.com.kronos; Adan.Morlun@gastech.com.kronos; Dylan.Scozzese@gastech.com.kronos; Irene.Nant@gastech.com.kronos; Bertrand.Ovan@gastech.com.kronos; Cecilia.Morluniau@gastech.com.kronos; Claudio.Hawelon@gastech.com.kronos; Dante.Coginian@gastech.com.kronos; Henk.Mies@gastech.com.kronos; Benito.Hawelon@gastech.com.kronos; Albina.Hafon@gastech.com.kronos,Valeria Morlun; Emile Arpa; Adan Morlun; Dylan Scozzese; Irene Nant; Bertrand Ovan; Cecilia Morluniau; Claudio Hawelon; Dante Coginian; Henk Mies; Benito Hawelon; Albina Hafon,12,gastech.com.kronos,GAStech-Kronos,1/16/2014 14:34,2014-01-16 14:34,RE: Funny!!,Funny!!,
977,Bertrand.Ovan@gastech.com.kronos,Bertrand Ovan,gastech.com.kronos,GAStech-Kronos,Valeria.Morlun@gastech.com.kronos; Emile.Arpa@gastech.com.kronos; Adan.Morlun@gastech.com.kronos; Dylan.Scozzese@gastech.com.kronos; Irene.Nant@gastech.com.kronos; Bertrand.Ovan@gastech.com.kronos; Cecilia.Morluniau@gastech.com.kronos; Claudio.Hawelon@gastech.com.kronos; Dante.Coginian@gastech.com.kronos; Henk.Mies@gastech.com.kronos; Benito.Hawelon@gastech.com.kronos; Albina.Hafon@gastech.com.kronos,Valeria Morlun; Emile Arpa; Adan Morlun; Dylan Scozzese; Irene Nant; Bertrand Ovan; Cecilia Morluniau; Claudio Hawelon; Dante Coginian; Henk Mies; Benito Hawelon; Albina Hafon,12,gastech.com.kronos,GAStech-Kronos,1/16/2014 14:36,2014-01-16 14:36,RE: Funny!!,Funny!!,
978,Isak.Baza@gastech.com.kronos,Isak Baza,gastech.com.kronos,GAStech-Kronos,Nils.Calixto@gastech.com.kronos; Isak.Baza@gastech.com.kronos,Nils Calixto; Isak Baza,2,gastech.com.kronos,GAStech-Kronos,1/16/2014 14:54,2014-01-16 14:54,Web site,Web site,
979,Sten.Sanjorge Jr.@gastech.com.tethys,Sten Sanjorge Jr ,gastech.com.tethys,GAStech-Tethys,Willem.Vasco-Pais@gastech.com.kronos; Sten.Sanjorge Jr.@gastech.com.tethys; Ada.Campo-Corrente@gastech.com.kronos,Willem Vasco-Pais; Sten Sanjorge Jr ; Ada Campo-Corrente,3,gastech.com.kronos; gastech.com.tethys,GAStech-Kronos; GAStech-Tethys,1/16/2014 14:59,2014-01-16 14:59,RE: Recommend a good vacation spot?,Recommend a good vacation spot?,
980,Edvard.Vann@gastech.com.kronos,Edvard Vann,gastech.com.kronos,GAStech-Kronos,Felix.Resumir@gastech.com.kronos; Varja.Lagos@gastech.com.kronos; Edvard.Vann@gastech.com.kronos; Hideki.Cocinaro@gastech.com.kronos; Isia.Vann@gastech.com.kronos; Inga.Ferro@gastech.com.kronos; Loreto.Bodrogi@gastech.com.kronos; Kanon.Herrero@gastech.com.kronos; Hennie.Osvaldo@gastech.com.kronos; Minke.Mies@gastech.com.kronos,Felix Resumir; Varja Lagos; Edvard Vann; Hideki Cocinaro; Isia Vann; Inga Ferro; Loreto Bodrogi; Kanon Herrero; Hennie Osvaldo; Minke Mies,10,gastech.com.kronos,GAStech-Kronos,1/16/2014 15:11,2014-01-16 15:11,Resolution of incident,Resolution of incident,
981,Ingrid.Barranco@gastech.com.kronos,Ingrid Barranco,gastech.com.kronos,GAStech-Kronos,Ada.Campo-Corrente@gastech.com.kronos; Ingrid.Barranco@gastech.com.kronos; Sten.Sanjorge Jr.@gastech.com.tethys,Ada Campo-Corrente; Ingrid Barranco; Sten Sanjorge Jr ,3,gastech.com.kronos; gastech.com.tethys,GAStech-Kronos; GAStech-Tethys,1/16/2014 15:12,2014-01-16 15:12,Maximizing quarterly profits,Maximizing quarterly profits,business
982,Sten.Sanjorge Jr.@gastech.com.tethys,Sten Sanjorge Jr ,gastech.com.tethys,GAStech-Tethys,Willem.Vasco-Pais@gastech.com.kronos; Sten.Sanjorge Jr.@gastech.com.tethys; Ada.Campo-Corrente@gastech.com.kronos,Willem Vasco-Pais; Sten Sanjorge Jr ; Ada Campo-Corrente,3,gastech.com.kronos; gastech.com.tethys,GAStech-Kronos; GAStech-Tethys,1/16/2014 15:14,2014-01-16 15:14,RE: Recommend a good vacation spot?,Recommend a good vacation spot?,
983,Carla.Forluniau@gastech.com.kronos,Carla Forluniau,gastech.com.kronos,GAStech-Kronos,Mat.Bramar@gastech.com.kronos; Anda.Ribera@gastech.com.kronos; Rachel.Pantanal@gastech.com.kronos; Linda.Lagos@gastech.com.kronos; Ruscella.Mies.Haber@gastech.com.kronos; Carla.Forluniau@gastech.com.kronos; Cornelia.Lais@gastech.com.kronos,Mat Bramar; Anda Ribera; Rachel Pantanal; Linda Lagos; Ruscella Mies Haber; Carla Forluniau; Cornelia Lais,7,gastech.com.kronos,GAStech-Kronos,1/16/2014 15:15,2014-01-16 15:15,RE: You never get a second chance to make a first impression,You never get a second chance to make a first impression,
984,Hennie.Osvaldo@gastech.com.kronos,Hennie Osvaldo,gastech.com.kronos,GAStech-Kronos,Hennie.Osvaldo@gastech.com.kronos; Isia.Vann@gastech.com.kronos,Hennie Osvaldo; Isia Vann,2,gastech.com.kronos,GAStech-Kronos,1/16/2014 15:16,2014-01-16 15:16,RE: Vacation scheduling procedures,Vacation scheduling procedures,
985,Dylan.Scozzese@gastech.com.kronos,Dylan Scozzese,gastech.com.kronos,GAStech-Kronos,Dylan.Scozzese@gastech.com.kronos; Adan.Morlun@gastech.com.kronos,Dylan Scozzese; Adan Morlun,2,gastech.com.kronos,GAStech-Kronos,1/16/2014 15:18,2014-01-16 15:18,"RE: Guys night out - sorry, ladies","Guys night out - sorry, ladies",
986,Felix.Balas@gastech.com.kronos,Felix Balas,gastech.com.kronos,GAStech-Kronos,Gustav.Cazar@gastech.com.kronos; Brand.Tempestad@gastech.com.kronos; Lars.Azada@gastech.com.kronos; Marin.Onda@gastech.com.kronos; Birgitta.Frente@gastech.com.kronos; Adra.Nubarron@gastech.com.kronos; Kare.Orilla@gastech.com.kronos; Axel.Calzas@gastech.com.kronos; Elsa.Orilla@gastech.com.kronos; Lidelse.Dedos@gastech.com.kronos; Vira.Frente@gastech.com.kronos,Gustav Cazar; Brand Tempestad; Lars Azada; Marin Onda; Birgitta Frente; Adra Nubarron; Kare Orilla; Axel Calzas; Elsa Orilla; Lidelse Dedos; Vira Frente,11,gastech.com.kronos,GAStech-Kronos,1/16/2014 15:28,2014-01-16 15:28,Field work rotation schedule,Field work rotation schedule,
987,Bertrand.Ovan@gastech.com.kronos,Bertrand Ovan,gastech.com.kronos,GAStech-Kronos,Emile.Arpa@gastech.com.kronos; Varro.Awelon@gastech.com.kronos; Dante.Coginian@gastech.com.kronos; Albina.Hafon@gastech.com.kronos; Benito.Hawelon@gastech.com.kronos; Claudio.Hawelon@gastech.com.kronos; Henk.Mies@gastech.com.kronos; Valeria.Morlun@gastech.com.kronos; Adan.Morlun@gastech.com.kronos; Cecilia.Morluniau@gastech.com.kronos; Irene.Nant@gastech.com.kronos; Dylan.Scozzese@gastech.com.kronos,Emile Arpa; Varro Awelon; Dante Coginian; Albina Hafon; Benito Hawelon; Claudio Hawelon; Henk Mies; Valeria Morlun; Adan Morlun; Cecilia Morluniau; Irene Nant; Dylan Scozzese,12,gastech.com.kronos,GAStech-Kronos,1/16/2014 15:29,2014-01-16 15:29,Don't text and drive!,Don't text and drive!,
988,Birgitta.Frente@gastech.com.kronos,Birgitta Frente,gastech.com.kronos,GAStech-Kronos,Lars.Azada@gastech.com.kronos; Adra.Nubarron@gastech.com.kronos,Lars Azada; Adra Nubarron,2,gastech.com.kronos,GAStech-Kronos,1/16/2014 15:33,2014-01-16 15:33,Downhole prediction 2522-00 - check your parameters,Downhole prediction 2522-00 - check your parameters,
989,Brand.Tempestad@gastech.com.kronos,Brand Tempestad,gastech.com.kronos,GAStech-Kronos,Elsa.Orilla@gastech.com.kronos; Isande.Borrasca@gastech.com.kronos; Birgitta.Frente@gastech.com.kronos; Gustav.Cazar@gastech.com.kronos; Felix.Balas@gastech.com.kronos; Marin.Onda@gastech.com.kronos; Lars.Azada@gastech.com.kronos; Vira.Frente@gastech.com.kronos; Axel.Calzas@gastech.com.kronos; Kare.Orilla@gastech.com.kronos; Adra.Nubarron@gastech.com.kronos; Brand.Tempestad@gastech.com.kronos,Elsa Orilla; Isande Borrasca; Birgitta Frente; Gustav Cazar; Felix Balas; Marin Onda; Lars Azada; Vira Frente; Axel Calzas; Kare Orilla; Adra Nubarron; Brand Tempestad,12,gastech.com.kronos,GAStech-Kronos,1/16/2014 15:44,2014-01-16 15:44,RE: Downhole prediction 2522-00 - updated,Downhole prediction 2522-00 - updated,
990,Bertrand.Ovan@gastech.com.kronos,Bertrand Ovan,gastech.com.kronos,GAStech-Kronos,Emile.Arpa@gastech.com.kronos; Varro.Awelon@gastech.com.kronos; Dante.Coginian@gastech.com.kronos; Albina.Hafon@gastech.com.kronos; Benito.Hawelon@gastech.com.kronos; Claudio.Hawelon@gastech.com.kronos; Henk.Mies@gastech.com.kronos; Valeria.Morlun@gastech.com.kronos; Adan.Morlun@gastech.com.kronos; Cecilia.Morluniau@gastech.com.kronos; Irene.Nant@gastech.com.kronos; Dylan.Scozzese@gastech.com.kronos,Emile Arpa; Varro Awelon; Dante Coginian; Albina Hafon; Benito Hawelon; Claudio Hawelon; Henk Mies; Valeria Morlun; Adan Morlun; Cecilia Morluniau; Irene Nant; Dylan Scozzese,12,gastech.com.kronos,GAStech-Kronos,1/16/2014 15:48,2014-01-16 15:48,Mandatory safety training,Mandatory safety training,
991,Dylan.Scozzese@gastech.com.kronos,Dylan Scozzese,gastech.com.kronos,GAStech-Kronos,Dylan.Scozzese@gastech.com.kronos; Adan.Morlun@gastech.com.kronos,Dylan Scozzese; Adan Morlun,2,gastech.com.kronos,GAStech-Kronos,1/16/2014 15:53,2014-01-16 15:53,"RE: Guys night out - sorry, ladies","Guys night out - sorry, ladies",
992,Albina.Hafon@gastech.com.kronos,Albina Hafon,gastech.com.kronos,GAStech-Kronos,Albina.Hafon@gastech.com.kronos; Dylan.Scozzese@gastech.com.kronos; Cecilia.Morluniau@gastech.com.kronos; Benito.Hawelon@gastech.com.kronos,Albina Hafon; Dylan Scozzese; Cecilia Morluniau; Benito Hawelon,4,gastech.com.kronos,GAStech-Kronos,1/16/2014 16:07,2014-01-16 16:07,"RE: Guys night out - sorry, ladies","Guys night out - sorry, ladies",
993,Rachel.Pantanal@gastech.com.kronos,Rachel Pantanal,gastech.com.kronos,GAStech-Kronos,Mat.Bramar@gastech.com.kronos; Anda.Ribera@gastech.com.kronos; Rachel.Pantanal@gastech.com.kronos; Linda.Lagos@gastech.com.kronos; Ruscella.Mies.Haber@gastech.com.kronos; Carla.Forluniau@gastech.com.kronos; Cornelia.Lais@gastech.com.kronos,Mat Bramar; Anda Ribera; Rachel Pantanal; Linda Lagos; Ruscella Mies Haber; Carla Forluniau; Cornelia Lais,7,gastech.com.kronos,GAStech-Kronos,1/16/2014 16:08,2014-01-16 16:08,RE: You never get a second chance to make a first impression,You never get a second chance to make a first impression,
994,Nils.Calixto@gastech.com.kronos,Nils Calixto,gastech.com.kronos,GAStech-Kronos,Lucas.Alcazar@gastech.com.kronos; Isak.Baza@gastech.com.kronos; Nils.Calixto@gastech.com.kronos,Lucas Alcazar; Isak Baza; Nils Calixto,3,gastech.com.kronos,GAStech-Kronos,1/16/2014 16:12,2014-01-16 16:12,RE: Conference report,Conference report,
995,Isande.Borrasca@gastech.com.kronos,Isande Borrasca,gastech.com.kronos,GAStech-Kronos,Isande.Borrasca@gastech.com.kronos; Gustav.Cazar@gastech.com.kronos; Lars.Azada@gastech.com.kronos; Lidelse.Dedos@gastech.com.kronos; Axel.Calzas@gastech.com.kronos; Felix.Balas@gastech.com.kronos,Isande Borrasca; Gustav Cazar; Lars Azada; Lidelse Dedos; Axel Calzas; Felix Balas,6,gastech.com.kronos,GAStech-Kronos,1/16/2014 16:21,2014-01-16 16:21,Field work rotation schedule,Field work rotation schedule,
996,Kanon.Herrero@gastech.com.kronos,Kanon Herrero,gastech.com.kronos,GAStech-Kronos,Kanon.Herrero@gastech.com.kronos; Hennie.Osvaldo@gastech.com.kronos; Inga.Ferro@gastech.com.kronos; Felix.Resumir@gastech.com.kronos; Edvard.Vann@gastech.com.kronos; Loreto.Bodrogi@gastech.com.kronos; Minke.Mies@gastech.com.kronos; Isia.Vann@gastech.com.kronos; Varja.Lagos@gastech.com.kronos,Kanon Herrero; Hennie Osvaldo; Inga Ferro; Felix Resumir; Edvard Vann; Loreto Bodrogi; Minke Mies; Isia Vann; Varja Lagos,9,gastech.com.kronos,GAStech-Kronos,1/16/2014 16:25,2014-01-16 16:25,Inspection request for site,Inspection request for site,
997,Isak.Baza@gastech.com.kronos,Isak Baza,gastech.com.kronos,GAStech-Kronos,Lucas.Alcazar@gastech.com.kronos; Isak.Baza@gastech.com.kronos; Nils.Calixto@gastech.com.kronos,Lucas Alcazar; Isak Baza; Nils Calixto,3,gastech.com.kronos,GAStech-Kronos,1/16/2014 16:26,2014-01-16 16:26,RE: Conference report,Conference report,
998,Lucas.Alcazar@gastech.com.kronos,Lucas Alcazar,gastech.com.kronos,GAStech-Kronos,Sven.Flecha@gastech.com.kronos; Nils.Calixto@gastech.com.kronos,Sven Flecha; Nils Calixto,2,gastech.com.kronos,GAStech-Kronos,1/16/2014 16:29,2014-01-16 16:29,The most creative spam I've seen lately.,The most creative spam I've seen lately.,
999,Lucas.Alcazar@gastech.com.kronos,Lucas Alcazar,gastech.com.kronos,GAStech-Kronos,Lucas.Alcazar@gastech.com.kronos; Isak.Baza@gastech.com.kronos; Nils.Calixto@gastech.com.kronos,Lucas Alcazar; Isak Baza; Nils Calixto,3,gastech.com.kronos,GAStech-Kronos,1/16/2014 16:31,2014-01-16 16:31,RE: Conference report,Conference report,
1000,Adan.Morlun@gastech.com.kronos,Adan Morlun,gastech.com.kronos,GAStech-Kronos,Dylan.Scozzese@gastech.com.kronos; Adan.Morlun@gastech.com.kronos,Dylan Scozzese; Adan Morlun,2,gastech.com.kronos,GAStech-Kronos,1/16/2014 16:37,2014-01-16 16:37,"RE: Guys night out - sorry, ladies","Guys night out - sorry, ladies",
1001,Nils.Calixto@gastech.com.kronos,Nils Calixto,gastech.com.kronos,GAStech-Kronos,Lucas.Alcazar@gastech.com.kronos; Isak.Baza@gastech.com.kronos; Nils.Calixto@gastech.com.kronos,Lucas Alcazar; Isak Baza; Nils Calixto,3,gastech.com.kronos,GAStech-Kronos,1/16/2014 16:37,2014-01-16 16:37,RE: Conference report,Conference report,
1002,Isak.Baza@gastech.com.kronos,Isak Baza,gastech.com.kronos,GAStech-Kronos,Lucas.Alcazar@gastech.com.kronos; Isak.Baza@gastech.com.kronos; Nils.Calixto@gastech.com.kronos,Lucas Alcazar; Isak Baza; Nils Calixto,3,gastech.com.kronos,GAStech-Kronos,1/16/2014 16:41,2014-01-16 16:41,RE: Conference report,Conference report,
1003,Linda.Lagos@gastech.com.kronos,Linda Lagos,gastech.com.kronos,GAStech-Kronos,Mat.Bramar@gastech.com.kronos; Anda.Ribera@gastech.com.kronos; Rachel.Pantanal@gastech.com.kronos; Linda.Lagos@gastech.com.kronos; Ruscella.Mies.Haber@gastech.com.kronos; Carla.Forluniau@gastech.com.kronos; Cornelia.Lais@gastech.com.kronos,Mat Bramar; Anda Ribera; Rachel Pantanal; Linda Lagos; Ruscella Mies Haber; Carla Forluniau; Cornelia Lais,7,gastech.com.kronos,GAStech-Kronos,1/16/2014 16:49,2014-01-16 16:49,RE: You never get a second chance to make a first impression,You never get a second chance to make a first impression,
1004,Dante.Coginian@gastech.com.kronos,Dante Coginian,gastech.com.kronos,GAStech-Kronos,Irene.Nant@gastech.com.kronos; Dylan.Scozzese@gastech.com.kronos; Adan.Morlun@gastech.com.kronos; Dante.Coginian@gastech.com.kronos; Emile.Arpa@gastech.com.kronos,Irene Nant; Dylan Scozzese; Adan Morlun; Dante Coginian; Emile Arpa,5,gastech.com.kronos,GAStech-Kronos,1/16/2014 16:56,2014-01-16 16:56,"RE: Guys night out - sorry, ladies","Guys night out - sorry, ladies",
1005,Dylan.Scozzese@gastech.com.kronos,Dylan Scozzese,gastech.com.kronos,GAStech-Kronos,Dylan.Scozzese@gastech.com.kronos; Adan.Morlun@gastech.com.kronos,Dylan Scozzese; Adan Morlun,2,gastech.com.kronos,GAStech-Kronos,1/16/2014 17:05,2014-01-16 17:05,"RE: Guys night out - sorry, ladies","Guys night out - sorry, ladies",
1006,Dylan.Scozzese@gastech.com.kronos,Dylan Scozzese,gastech.com.kronos,GAStech-Kronos,Dylan.Scozzese@gastech.com.kronos; Adan.Morlun@gastech.com.kronos,Dylan Scozzese; Adan Morlun,2,gastech.com.kronos,GAStech-Kronos,1/16/2014 17:05,2014-01-16 17:05,"RE: Guys night out - sorry, ladies","Guys night out - sorry, ladies",
1007,Dylan.Scozzese@gastech.com.kronos,Dylan Scozzese,gastech.com.kronos,GAStech-Kronos,Dylan.Scozzese@gastech.com.kronos; Adan.Morlun@gastech.com.kronos; Henk.Mies@gastech.com.kronos; Albina.Hafon@gastech.com.kronos,Dylan Scozzese; Adan Morlun; Henk Mies; Albina Hafon,4,gastech.com.kronos,GAStech-Kronos,1/16/2014 17:09,2014-01-16 17:09,RE: Union meeting,Union meeting,
1008,Nils.Calixto@gastech.com.kronos,Nils Calixto,gastech.com.kronos,GAStech-Kronos,Sven.Flecha@gastech.com.kronos; Nils.Calixto@gastech.com.kronos,Sven Flecha; Nils Calixto,2,gastech.com.kronos,GAStech-Kronos,1/16/2014 17:19,2014-01-16 17:19,RE: The most creative spam I've seen lately.,The most creative spam I've seen lately.,
1009,Adra.Nubarron@gastech.com.kronos,Adra Nubarron,gastech.com.kronos,GAStech-Kronos,Lars.Azada@gastech.com.kronos; Adra.Nubarron@gastech.com.kronos,Lars Azada; Adra Nubarron,2,gastech.com.kronos,GAStech-Kronos,1/16/2014 17:21,2014-01-16 17:21,RE: Downhole prediction 2522-00 - check your parameters,Downhole prediction 2522-00 - check your parameters,
1010,Irene.Nant@gastech.com.kronos,Irene Nant,gastech.com.kronos,GAStech-Kronos,Irene.Nant@gastech.com.kronos; Dylan.Scozzese@gastech.com.kronos; Adan.Morlun@gastech.com.kronos; Dante.Coginian@gastech.com.kronos; Emile.Arpa@gastech.com.kronos,Irene Nant; Dylan Scozzese; Adan Morlun; Dante Coginian; Emile Arpa,5,gastech.com.kronos,GAStech-Kronos,1/16/2014 17:29,2014-01-16 17:29,"RE: Guys night out - sorry, ladies","Guys night out - sorry, ladies",
1011,Henk.Mies@gastech.com.kronos,Henk Mies,gastech.com.kronos,GAStech-Kronos,Albina.Hafon@gastech.com.kronos; Claudio.Hawelon@gastech.com.kronos; Dylan.Scozzese@gastech.com.kronos; Valeria.Morlun@gastech.com.kronos; Cecilia.Morluniau@gastech.com.kronos; Benito.Hawelon@gastech.com.kronos; Irene.Nant@gastech.com.kronos; Dante.Coginian@gastech.com.kronos; Henk.Mies@gastech.com.kronos; Emile.Arpa@gastech.com.kronos; Varro.Awelon@gastech.com.kronos,Albina Hafon; Claudio Hawelon; Dylan Scozzese; Valeria Morlun; Cecilia Morluniau; Benito Hawelon; Irene Nant; Dante Coginian; Henk Mies; Emile Arpa; Varro Awelon,11,gastech.com.kronos,GAStech-Kronos,1/16/2014 17:46,2014-01-16 17:46,RE: Don't text and drive!,Don't text and drive!,
1012,Isak.Baza@gastech.com.kronos,Isak Baza,gastech.com.kronos,GAStech-Kronos,Isak.Baza@gastech.com.kronos; Lucas.Alcazar@gastech.com.kronos; Sven.Flecha@gastech.com.kronos,Isak Baza; Lucas Alcazar; Sven Flecha,3,gastech.com.kronos,GAStech-Kronos,1/16/2014 17:47,2014-01-16 17:47,RE: Anyone have time to help troubleshoot some software?,Anyone have time to help troubleshoot some software?,
1013,Adan.Morlun@gastech.com.kronos,Adan Morlun,gastech.com.kronos,GAStech-Kronos,Irene.Nant@gastech.com.kronos; Dylan.Scozzese@gastech.com.kronos; Adan.Morlun@gastech.com.kronos; Dante.Coginian@gastech.com.kronos; Emile.Arpa@gastech.com.kronos,Irene Nant; Dylan Scozzese; Adan Morlun; Dante Coginian; Emile Arpa,5,gastech.com.kronos,GAStech-Kronos,1/16/2014 17:51,2014-01-16 17:51,"RE: Guys night out - sorry, ladies","Guys night out - sorry, ladies",
1014,Nils.Calixto@gastech.com.kronos,Nils Calixto,gastech.com.kronos,GAStech-Kronos,Sven.Flecha@gastech.com.kronos; Nils.Calixto@gastech.com.kronos,Sven Flecha; Nils Calixto,2,gastech.com.kronos,GAStech-Kronos,1/16/2014 18:01,2014-01-16 18:01,RE: The most creative spam I've seen lately.,The most creative spam I've seen lately.,
1015,Elsa.Orilla@gastech.com.kronos,Elsa Orilla,gastech.com.kronos,GAStech-Kronos,Gustav.Cazar@gastech.com.kronos; Brand.Tempestad@gastech.com.kronos; Lars.Azada@gastech.com.kronos; Marin.Onda@gastech.com.kronos; Birgitta.Frente@gastech.com.kronos; Adra.Nubarron@gastech.com.kronos; Kare.Orilla@gastech.com.kronos; Axel.Calzas@gastech.com.kronos; Elsa.Orilla@gastech.com.kronos; Lidelse.Dedos@gastech.com.kronos; Vira.Frente@gastech.com.kronos,Gustav Cazar; Brand Tempestad; Lars Azada; Marin Onda; Birgitta Frente; Adra Nubarron; Kare Orilla; Axel Calzas; Elsa Orilla; Lidelse Dedos; Vira Frente,11,gastech.com.kronos,GAStech-Kronos,1/16/2014 18:03,2014-01-16 18:03,RE: Field work rotation schedule,Field work rotation schedule,
1016,Sven.Flecha@gastech.com.kronos,Sven Flecha,gastech.com.kronos,GAStech-Kronos,Sven.Flecha@gastech.com.kronos; Nils.Calixto@gastech.com.kronos,Sven Flecha; Nils Calixto,2,gastech.com.kronos,GAStech-Kronos,1/16/2014 18:13,2014-01-16 18:13,RE: The most creative spam I've seen lately.,The most creative spam I've seen lately.,
1017,Lucas.Alcazar@gastech.com.kronos,Lucas Alcazar,gastech.com.kronos,GAStech-Kronos,Isak.Baza@gastech.com.kronos; Lucas.Alcazar@gastech.com.kronos; Sven.Flecha@gastech.com.kronos,Isak Baza; Lucas Alcazar; Sven Flecha,3,gastech.com.kronos,GAStech-Kronos,1/16/2014 18:13,2014-01-16 18:13,RE: Anyone have time to help troubleshoot some software?,Anyone have time to help troubleshoot some software?,
1018,Axel.Calzas@gastech.com.kronos,Axel Calzas,gastech.com.kronos,GAStech-Kronos,Gustav.Cazar@gastech.com.kronos; Brand.Tempestad@gastech.com.kronos; Lars.Azada@gastech.com.kronos; Marin.Onda@gastech.com.kronos; Birgitta.Frente@gastech.com.kronos; Adra.Nubarron@gastech.com.kronos; Kare.Orilla@gastech.com.kronos; Axel.Calzas@gastech.com.kronos; Elsa.Orilla@gastech.com.kronos; Lidelse.Dedos@gastech.com.kronos; Vira.Frente@gastech.com.kronos,Gustav Cazar; Brand Tempestad; Lars Azada; Marin Onda; Birgitta Frente; Adra Nubarron; Kare Orilla; Axel Calzas; Elsa Orilla; Lidelse Dedos; Vira Frente,11,gastech.com.kronos,GAStech-Kronos,1/16/2014 18:15,2014-01-16 18:15,RE: Field work rotation schedule,Field work rotation schedule,
1019,Gustav.Cazar@gastech.com.kronos,Gustav Cazar,gastech.com.kronos,GAStech-Kronos,Gustav.Cazar@gastech.com.kronos; Brand.Tempestad@gastech.com.kronos; Lars.Azada@gastech.com.kronos; Marin.Onda@gastech.com.kronos; Birgitta.Frente@gastech.com.kronos; Adra.Nubarron@gastech.com.kronos; Kare.Orilla@gastech.com.kronos; Axel.Calzas@gastech.com.kronos; Elsa.Orilla@gastech.com.kronos; Lidelse.Dedos@gastech.com.kronos; Vira.Frente@gastech.com.kronos,Gustav Cazar; Brand Tempestad; Lars Azada; Marin Onda; Birgitta Frente; Adra Nubarron; Kare Orilla; Axel Calzas; Elsa Orilla; Lidelse Dedos; Vira Frente,11,gastech.com.kronos,GAStech-Kronos,1/16/2014 18:22,2014-01-16 18:22,RE: Field work rotation schedule,Field work rotation schedule,
1020,Lucas.Alcazar@gastech.com.kronos,Lucas Alcazar,gastech.com.kronos,GAStech-Kronos,Nils.Calixto@gastech.com.kronos; Lucas.Alcazar@gastech.com.kronos,Nils Calixto; Lucas Alcazar,2,gastech.com.kronos,GAStech-Kronos,1/16/2014 18:24,2014-01-16 18:24,RE: Conference report,Conference report,
1021,Albina.Hafon@gastech.com.kronos,Albina Hafon,gastech.com.kronos,GAStech-Kronos,Irene.Nant@gastech.com.kronos; Albina.Hafon@gastech.com.kronos; Adan.Morlun@gastech.com.kronos; Valeria.Morlun@gastech.com.kronos; Dante.Coginian@gastech.com.kronos; Dylan.Scozzese@gastech.com.kronos; Varro.Awelon@gastech.com.kronos; Claudio.Hawelon@gastech.com.kronos; Benito.Hawelon@gastech.com.kronos; Cecilia.Morluniau@gastech.com.kronos; Emile.Arpa@gastech.com.kronos,Irene Nant; Albina Hafon; Adan Morlun; Valeria Morlun; Dante Coginian; Dylan Scozzese; Varro Awelon; Claudio Hawelon; Benito Hawelon; Cecilia Morluniau; Emile Arpa,11,gastech.com.kronos,GAStech-Kronos,1/16/2014 18:30,2014-01-16 18:30,RE: Mandatory safety training,Mandatory safety training,
1022,Gustav.Cazar@gastech.com.kronos,Gustav Cazar,gastech.com.kronos,GAStech-Kronos,Isande.Borrasca@gastech.com.kronos; Gustav.Cazar@gastech.com.kronos; Lars.Azada@gastech.com.kronos; Lidelse.Dedos@gastech.com.kronos; Axel.Calzas@gastech.com.kronos; Felix.Balas@gastech.com.kronos,Isande Borrasca; Gustav Cazar; Lars Azada; Lidelse Dedos; Axel Calzas; Felix Balas,6,gastech.com.kronos,GAStech-Kronos,1/16/2014 18:36,2014-01-16 18:36,RE: Field work rotation schedule,Field work rotation schedule,
1023,Kare.Orilla@gastech.com.kronos,Kare Orilla,gastech.com.kronos,GAStech-Kronos,Gustav.Cazar@gastech.com.kronos; Brand.Tempestad@gastech.com.kronos; Lars.Azada@gastech.com.kronos; Marin.Onda@gastech.com.kronos; Birgitta.Frente@gastech.com.kronos; Adra.Nubarron@gastech.com.kronos; Kare.Orilla@gastech.com.kronos; Axel.Calzas@gastech.com.kronos; Elsa.Orilla@gastech.com.kronos; Lidelse.Dedos@gastech.com.kronos; Vira.Frente@gastech.com.kronos,Gustav Cazar; Brand Tempestad; Lars Azada; Marin Onda; Birgitta Frente; Adra Nubarron; Kare Orilla; Axel Calzas; Elsa Orilla; Lidelse Dedos; Vira Frente,11,gastech.com.kronos,GAStech-Kronos,1/16/2014 18:38,2014-01-16 18:38,RE: Field work rotation schedule,Field work rotation schedule,
1024,Inga.Ferro@gastech.com.kronos,Inga Ferro,gastech.com.kronos,GAStech-Kronos,Kanon.Herrero@gastech.com.kronos; Hennie.Osvaldo@gastech.com.kronos; Inga.Ferro@gastech.com.kronos; Felix.Resumir@gastech.com.kronos; Edvard.Vann@gastech.com.kronos; Loreto.Bodrogi@gastech.com.kronos; Minke.Mies@gastech.com.kronos; Isia.Vann@gastech.com.kronos; Varja.Lagos@gastech.com.kronos,Kanon Herrero; Hennie Osvaldo; Inga Ferro; Felix Resumir; Edvard Vann; Loreto Bodrogi; Minke Mies; Isia Vann; Varja Lagos,9,gastech.com.kronos,GAStech-Kronos,1/16/2014 18:39,2014-01-16 18:39,RE: Inspection request for site,Inspection request for site,
1025,Ingrid.Barranco@gastech.com.kronos,Ingrid Barranco,gastech.com.kronos,GAStech-Kronos,Ada.Campo-Corrente@gastech.com.kronos; Ingrid.Barranco@gastech.com.kronos; Sten.Sanjorge Jr.@gastech.com.tethys,Ada Campo-Corrente; Ingrid Barranco; Sten Sanjorge Jr ,3,gastech.com.kronos; gastech.com.tethys,GAStech-Kronos; GAStech-Tethys,1/16/2014 18:49,2014-01-16 18:49,RE: Maximizing quarterly profits,Maximizing quarterly profits,business
1026,Gustav.Cazar@gastech.com.kronos,Gustav Cazar,gastech.com.kronos,GAStech-Kronos,Isande.Borrasca@gastech.com.kronos; Gustav.Cazar@gastech.com.kronos; Lars.Azada@gastech.com.kronos; Lidelse.Dedos@gastech.com.kronos; Axel.Calzas@gastech.com.kronos; Felix.Balas@gastech.com.kronos,Isande Borrasca; Gustav Cazar; Lars Azada; Lidelse Dedos; Axel Calzas; Felix Balas,6,gastech.com.kronos,GAStech-Kronos,1/16/2014 18:52,2014-01-16 18:52,RE: Field work rotation schedule,Field work rotation schedule,
1027,Isak.Baza@gastech.com.kronos,Isak Baza,gastech.com.kronos,GAStech-Kronos,Isak.Baza@gastech.com.kronos; Lucas.Alcazar@gastech.com.kronos; Sven.Flecha@gastech.com.kronos,Isak Baza; Lucas Alcazar; Sven Flecha,3,gastech.com.kronos,GAStech-Kronos,1/16/2014 18:54,2014-01-16 18:54,RE: Anyone have time to help troubleshoot some software?,Anyone have time to help troubleshoot some software?,
1028,Emile.Arpa@gastech.com.kronos,Emile Arpa,gastech.com.kronos,GAStech-Kronos,Varro.Awelon@gastech.com.kronos; Albina.Hafon@gastech.com.kronos; Henk.Mies@gastech.com.kronos; Adan.Morlun@gastech.com.kronos; Emile.Arpa@gastech.com.kronos; Irene.Nant@gastech.com.kronos; Benito.Hawelon@gastech.com.kronos; Dante.Coginian@gastech.com.kronos; Dylan.Scozzese@gastech.com.kronos; Claudio.Hawelon@gastech.com.kronos; Valeria.Morlun@gastech.com.kronos,Varro Awelon; Albina Hafon; Henk Mies; Adan Morlun; Emile Arpa; Irene Nant; Benito Hawelon; Dante Coginian; Dylan Scozzese; Claudio Hawelon; Valeria Morlun,11,gastech.com.kronos,GAStech-Kronos,1/16/2014 19:02,2014-01-16 19:02,RE: Mandatory safety training,Mandatory safety training,
1029,Lidelse.Dedos@gastech.com.kronos,Lidelse Dedos,gastech.com.kronos,GAStech-Kronos,Gustav.Cazar@gastech.com.kronos; Brand.Tempestad@gastech.com.kronos; Lars.Azada@gastech.com.kronos; Marin.Onda@gastech.com.kronos; Birgitta.Frente@gastech.com.kronos; Adra.Nubarron@gastech.com.kronos; Kare.Orilla@gastech.com.kronos; Axel.Calzas@gastech.com.kronos; Elsa.Orilla@gastech.com.kronos; Lidelse.Dedos@gastech.com.kronos; Vira.Frente@gastech.com.kronos,Gustav Cazar; Brand Tempestad; Lars Azada; Marin Onda; Birgitta Frente; Adra Nubarron; Kare Orilla; Axel Calzas; Elsa Orilla; Lidelse Dedos; Vira Frente,11,gastech.com.kronos,GAStech-Kronos,1/16/2014 19:02,2014-01-16 19:02,RE: Field work rotation schedule,Field work rotation schedule,
1030,Henk.Mies@gastech.com.kronos,Henk Mies,gastech.com.kronos,GAStech-Kronos,Henk.Mies@gastech.com.kronos; Valeria.Morlun@gastech.com.kronos; Dante.Coginian@gastech.com.kronos; Claudio.Hawelon@gastech.com.kronos; Albina.Hafon@gastech.com.kronos; Dylan.Scozzese@gastech.com.kronos; Adan.Morlun@gastech.com.kronos,Henk Mies; Valeria Morlun; Dante Coginian; Claudio Hawelon; Albina Hafon; Dylan Scozzese; Adan Morlun,7,gastech.com.kronos,GAStech-Kronos,1/16/2014 19:06,2014-01-16 19:06,RE: Don't text and drive!,Don't text and drive!,
1031,Brand.Tempestad@gastech.com.kronos,Brand Tempestad,gastech.com.kronos,GAStech-Kronos,Gustav.Cazar@gastech.com.kronos; Brand.Tempestad@gastech.com.kronos; Lars.Azada@gastech.com.kronos; Marin.Onda@gastech.com.kronos; Birgitta.Frente@gastech.com.kronos; Adra.Nubarron@gastech.com.kronos; Kare.Orilla@gastech.com.kronos; Axel.Calzas@gastech.com.kronos; Elsa.Orilla@gastech.com.kronos; Lidelse.Dedos@gastech.com.kronos; Vira.Frente@gastech.com.kronos,Gustav Cazar; Brand Tempestad; Lars Azada; Marin Onda; Birgitta Frente; Adra Nubarron; Kare Orilla; Axel Calzas; Elsa Orilla; Lidelse Dedos; Vira Frente,11,gastech.com.kronos,GAStech-Kronos,1/16/2014 19:28,2014-01-16 19:28,RE: Field work rotation schedule,Field work rotation schedule,
1032,Nils.Calixto@gastech.com.kronos,Nils Calixto,gastech.com.kronos,GAStech-Kronos,Nils.Calixto@gastech.com.kronos; Isak.Baza@gastech.com.kronos,Nils Calixto; Isak Baza,2,gastech.com.kronos,GAStech-Kronos,1/16/2014 19:32,2014-01-16 19:32,RE: Web site,Web site,
1033,Varro.Awelon@gastech.com.kronos,Varro Awelon,gastech.com.kronos,GAStech-Kronos,Irene.Nant@gastech.com.kronos; Albina.Hafon@gastech.com.kronos; Benito.Hawelon@gastech.com.kronos; Dante.Coginian@gastech.com.kronos; Claudio.Hawelon@gastech.com.kronos; Varro.Awelon@gastech.com.kronos; Henk.Mies@gastech.com.kronos; Adan.Morlun@gastech.com.kronos; Valeria.Morlun@gastech.com.kronos; Cecilia.Morluniau@gastech.com.kronos,Irene Nant; Albina Hafon; Benito Hawelon; Dante Coginian; Claudio Hawelon; Varro Awelon; Henk Mies; Adan Morlun; Valeria Morlun; Cecilia Morluniau,10,gastech.com.kronos,GAStech-Kronos,1/16/2014 19:39,2014-01-16 19:39,RE: Don't text and drive!,Don't text and drive!,
1034,Elsa.Orilla@gastech.com.kronos,Elsa Orilla,gastech.com.kronos,GAStech-Kronos,Gustav.Cazar@gastech.com.kronos; Brand.Tempestad@gastech.com.kronos; Lars.Azada@gastech.com.kronos; Marin.Onda@gastech.com.kronos; Birgitta.Frente@gastech.com.kronos; Adra.Nubarron@gastech.com.kronos; Kare.Orilla@gastech.com.kronos; Axel.Calzas@gastech.com.kronos; Elsa.Orilla@gastech.com.kronos; Lidelse.Dedos@gastech.com.kronos; Vira.Frente@gastech.com.kronos,Gustav Cazar; Brand Tempestad; Lars Azada; Marin Onda; Birgitta Frente; Adra Nubarron; Kare Orilla; Axel Calzas; Elsa Orilla; Lidelse Dedos; Vira Frente,11,gastech.com.kronos,GAStech-Kronos,1/16/2014 19:56,2014-01-16 19:56,RE: Field work rotation schedule,Field work rotation schedule,
1035,Adan.Morlun@gastech.com.kronos,Adan Morlun,gastech.com.kronos,GAStech-Kronos,Albina.Hafon@gastech.com.kronos; Claudio.Hawelon@gastech.com.kronos; Benito.Hawelon@gastech.com.kronos; Dante.Coginian@gastech.com.kronos; Cecilia.Morluniau@gastech.com.kronos; Valeria.Morlun@gastech.com.kronos; Henk.Mies@gastech.com.kronos; Dylan.Scozzese@gastech.com.kronos; Adan.Morlun@gastech.com.kronos; Varro.Awelon@gastech.com.kronos; Irene.Nant@gastech.com.kronos,Albina Hafon; Claudio Hawelon; Benito Hawelon; Dante Coginian; Cecilia Morluniau; Valeria Morlun; Henk Mies; Dylan Scozzese; Adan Morlun; Varro Awelon; Irene Nant,11,gastech.com.kronos,GAStech-Kronos,1/16/2014 19:58,2014-01-16 19:58,RE: Don't text and drive!,Don't text and drive!,
1036,Varro.Awelon@gastech.com.kronos,Varro Awelon,gastech.com.kronos,GAStech-Kronos,Albina.Hafon@gastech.com.kronos; Henk.Mies@gastech.com.kronos; Emile.Arpa@gastech.com.kronos; Valeria.Morlun@gastech.com.kronos; Irene.Nant@gastech.com.kronos,Albina Hafon; Henk Mies; Emile Arpa; Valeria Morlun; Irene Nant,5,gastech.com.kronos,GAStech-Kronos,1/16/2014 20:21,2014-01-16 20:21,RE: Don't text and drive!,Don't text and drive!,
1037,Varja.Lagos@gastech.com.kronos,Varja Lagos,gastech.com.kronos,GAStech-Kronos,Kanon.Herrero@gastech.com.kronos; Hennie.Osvaldo@gastech.com.kronos; Inga.Ferro@gastech.com.kronos; Felix.Resumir@gastech.com.kronos; Edvard.Vann@gastech.com.kronos; Loreto.Bodrogi@gastech.com.kronos; Minke.Mies@gastech.com.kronos; Isia.Vann@gastech.com.kronos; Varja.Lagos@gastech.com.kronos,Kanon Herrero; Hennie Osvaldo; Inga Ferro; Felix Resumir; Edvard Vann; Loreto Bodrogi; Minke Mies; Isia Vann; Varja Lagos,9,gastech.com.kronos,GAStech-Kronos,1/16/2014 20:40,2014-01-16 20:40,RE: Inspection request for site,Inspection request for site,
1038,Ingrid.Barranco@gastech.com.kronos,Ingrid Barranco,gastech.com.kronos,GAStech-Kronos,Ada.Campo-Corrente@gastech.com.kronos; Ingrid.Barranco@gastech.com.kronos; Sten.Sanjorge Jr.@gastech.com.tethys,Ada Campo-Corrente; Ingrid Barranco; Sten Sanjorge Jr ,3,gastech.com.kronos; gastech.com.tethys,GAStech-Kronos; GAStech-Tethys,1/16/2014 20:41,2014-01-16 20:41,RE: Maximizing quarterly profits,Maximizing quarterly profits,business
1039,Kare.Orilla@gastech.com.kronos,Kare Orilla,gastech.com.kronos,GAStech-Kronos,Inga.Ferro@gastech.com.kronos,Inga Ferro,1,gastech.com.kronos,GAStech-Kronos,1/17/2014 8:33,2014-01-17 08:33,Favor - water plants please next month,Favor - water plants please next month,
1040,Anda.Ribera@gastech.com.kronos,Anda Ribera,gastech.com.kronos,GAStech-Kronos,Cornelia.Lais@gastech.com.kronos,Cornelia Lais,1,gastech.com.kronos,GAStech-Kronos,1/17/2014 8:46,2014-01-17 08:46,Late for meeting,Late for meeting,
1041,Willem.Vasco-Pais@gastech.com.kronos,Willem Vasco-Pais,gastech.com.kronos,GAStech-Kronos,Sten.Sanjorge Jr.@gastech.com.tethys; Ada.Campo-Corrente@gastech.com.kronos; Ingrid.Barranco@gastech.com.kronos,Sten Sanjorge Jr ; Ada Campo-Corrente; Ingrid Barranco,3,gastech.com.kronos; gastech.com.tethys,GAStech-Kronos; GAStech-Tethys,1/17/2014 8:52,2014-01-17 08:52,Managing perceptions about the IPO,Managing perceptions about the IPO,ipo
1042,Henk.Mies@gastech.com.kronos,Henk Mies,gastech.com.kronos,GAStech-Kronos,Benito.Hawelon@gastech.com.kronos; Albina.Hafon@gastech.com.kronos; Dylan.Scozzese@gastech.com.kronos; Henk.Mies@gastech.com.kronos; Valeria.Morlun@gastech.com.kronos,Benito Hawelon; Albina Hafon; Dylan Scozzese; Henk Mies; Valeria Morlun,5,gastech.com.kronos,GAStech-Kronos,1/17/2014 8:55,2014-01-17 08:55,Who took the toolbox out of my truck?,Who took the toolbox out of my truck?,
1043,Benito.Hawelon@gastech.com.kronos,Benito Hawelon,gastech.com.kronos,GAStech-Kronos,Henk.Mies@gastech.com.kronos; Benito.Hawelon@gastech.com.kronos; Adan.Morlun@gastech.com.kronos; Dylan.Scozzese@gastech.com.kronos,Henk Mies; Benito Hawelon; Adan Morlun; Dylan Scozzese,4,gastech.com.kronos,GAStech-Kronos,1/17/2014 9:09,2014-01-17 09:09,List of repairs needed,List of repairs needed,
1044,Ruscella.Mies.Haber@gastech.com.kronos,Ruscella Mies Haber,gastech.com.kronos,GAStech-Kronos,Mat.Bramar@gastech.com.kronos; Anda.Ribera@gastech.com.kronos; Rachel.Pantanal@gastech.com.kronos; Linda.Lagos@gastech.com.kronos; Ruscella.Mies.Haber@gastech.com.kronos; Carla.Forluniau@gastech.com.kronos; Cornelia.Lais@gastech.com.kronos,Mat Bramar; Anda Ribera; Rachel Pantanal; Linda Lagos; Ruscella Mies Haber; Carla Forluniau; Cornelia Lais,7,gastech.com.kronos,GAStech-Kronos,1/17/2014 9:13,2014-01-17 09:13,Dress for success - Dress to impress,Dress for success - Dress to impress,
1045,Benito.Hawelon@gastech.com.kronos,Benito Hawelon,gastech.com.kronos,GAStech-Kronos,Felix.Resumir@gastech.com.kronos,Felix Resumir,1,gastech.com.kronos,GAStech-Kronos,1/17/2014 9:23,2014-01-17 09:23,Are you buying coffee?,Are you buying coffee?,
1046,Isak.Baza@gastech.com.kronos,Isak Baza,gastech.com.kronos,GAStech-Kronos,Isak.Baza@gastech.com.kronos; Nils.Calixto@gastech.com.kronos; Sven.Flecha@gastech.com.kronos,Isak Baza; Nils Calixto; Sven Flecha,3,gastech.com.kronos,GAStech-Kronos,1/17/2014 9:32,2014-01-17 09:32,Article - interesting,Article - interesting,
1047,Cornelia.Lais@gastech.com.kronos,Cornelia Lais,gastech.com.kronos,GAStech-Kronos,Anda.Ribera@gastech.com.kronos,Anda Ribera,1,gastech.com.kronos,GAStech-Kronos,1/17/2014 9:47,2014-01-17 09:47,RE: Late for meeting,Late for meeting,
1048,Marin.Onda@gastech.com.kronos,Marin Onda,gastech.com.kronos,GAStech-Kronos,Vira.Frente@gastech.com.kronos,Vira Frente,1,gastech.com.kronos,GAStech-Kronos,1/17/2014 9:58,2014-01-17 09:58,NO DECAF - HA HA,NO DECAF - HA HA,
1049,Vira.Frente@gastech.com.kronos,Vira Frente,gastech.com.kronos,GAStech-Kronos,Marin.Onda@gastech.com.kronos,Marin Onda,1,gastech.com.kronos,GAStech-Kronos,1/17/2014 10:14,2014-01-17 10:14,RE: NO DECAF - HA HA,NO DECAF - HA HA,
1050,Anda.Ribera@gastech.com.kronos,Anda Ribera,gastech.com.kronos,GAStech-Kronos,Cornelia.Lais@gastech.com.kronos,Cornelia Lais,1,gastech.com.kronos,GAStech-Kronos,1/17/2014 10:15,2014-01-17 10:15,RE: Late for meeting,Late for meeting,
1051,Birgitta.Frente@gastech.com.kronos,Birgitta Frente,gastech.com.kronos,GAStech-Kronos,Lidelse.Dedos@gastech.com.kronos; Elsa.Orilla@gastech.com.kronos; Felix.Balas@gastech.com.kronos; Birgitta.Frente@gastech.com.kronos; Brand.Tempestad@gastech.com.kronos; Adra.Nubarron@gastech.com.kronos,Lidelse Dedos; Elsa Orilla; Felix Balas; Birgitta Frente; Brand Tempestad; Adra Nubarron,6,gastech.com.kronos,GAStech-Kronos,1/17/2014 10:15,2014-01-17 10:15,GIS update,GIS update,
1052,Marin.Onda@gastech.com.kronos,Marin Onda,gastech.com.kronos,GAStech-Kronos,Vira.Frente@gastech.com.kronos,Vira Frente,1,gastech.com.kronos,GAStech-Kronos,1/17/2014 10:16,2014-01-17 10:16,RE: NO DECAF - HA HA,NO DECAF - HA HA,
1053,Felix.Resumir@gastech.com.kronos,Felix Resumir,gastech.com.kronos,GAStech-Kronos,Benito.Hawelon@gastech.com.kronos,Benito Hawelon,1,gastech.com.kronos,GAStech-Kronos,1/17/2014 10:17,2014-01-17 10:17,RE: Are you buying coffee?,Are you buying coffee?,
1054,Cornelia.Lais@gastech.com.kronos,Cornelia Lais,gastech.com.kronos,GAStech-Kronos,Anda.Ribera@gastech.com.kronos,Anda Ribera,1,gastech.com.kronos,GAStech-Kronos,1/17/2014 10:19,2014-01-17 10:19,RE: Late for meeting,Late for meeting,
1055,Isande.Borrasca@gastech.com.kronos,Isande Borrasca,gastech.com.kronos,GAStech-Kronos,Axel.Calzas@gastech.com.kronos; Kare.Orilla@gastech.com.kronos; Elsa.Orilla@gastech.com.kronos,Axel Calzas; Kare Orilla; Elsa Orilla,3,gastech.com.kronos,GAStech-Kronos,1/17/2014 10:19,2014-01-17 10:19,GIS update,GIS update,
1056,Anda.Ribera@gastech.com.kronos,Anda Ribera,gastech.com.kronos,GAStech-Kronos,Cornelia.Lais@gastech.com.kronos,Cornelia Lais,1,gastech.com.kronos,GAStech-Kronos,1/17/2014 10:23,2014-01-17 10:23,RE: Late for meeting,Late for meeting,
1057,Sten.Sanjorge Jr.@gastech.com.tethys,Sten Sanjorge Jr ,gastech.com.tethys,GAStech-Tethys,Sten.Sanjorge Jr.@gastech.com.tethys; Ada.Campo-Corrente@gastech.com.kronos,Sten Sanjorge Jr ; Ada Campo-Corrente,2,gastech.com.kronos; gastech.com.tethys,GAStech-Kronos; GAStech-Tethys,1/17/2014 10:24,2014-01-17 10:24,Managing perceptions about the IPO,Managing perceptions about the IPO,ipo
1058,Cornelia.Lais@gastech.com.kronos,Cornelia Lais,gastech.com.kronos,GAStech-Kronos,Anda.Ribera@gastech.com.kronos,Anda Ribera,1,gastech.com.kronos,GAStech-Kronos,1/17/2014 10:40,2014-01-17 10:40,RE: Late for meeting,Late for meeting,
1059,Isak.Baza@gastech.com.kronos,Isak Baza,gastech.com.kronos,GAStech-Kronos,Isak.Baza@gastech.com.kronos; Lucas.Alcazar@gastech.com.kronos,Isak Baza; Lucas Alcazar,2,gastech.com.kronos,GAStech-Kronos,1/17/2014 10:44,2014-01-17 10:44,Question about behavior of field device,Question about behavior of field device,
1060,Vira.Frente@gastech.com.kronos,Vira Frente,gastech.com.kronos,GAStech-Kronos,Marin.Onda@gastech.com.kronos,Marin Onda,1,gastech.com.kronos,GAStech-Kronos,1/17/2014 10:46,2014-01-17 10:46,RE: NO DECAF - HA HA,NO DECAF - HA HA,
1061,Sten.Sanjorge Jr.@gastech.com.tethys,Sten Sanjorge Jr ,gastech.com.tethys,GAStech-Tethys,Sten.Sanjorge Jr.@gastech.com.tethys; Ada.Campo-Corrente@gastech.com.kronos; Ingrid.Barranco@gastech.com.kronos,Sten Sanjorge Jr ; Ada Campo-Corrente; Ingrid Barranco,3,gastech.com.kronos; gastech.com.tethys,GAStech-Kronos; GAStech-Tethys,1/17/2014 10:47,2014-01-17 10:47,RE: Managing perceptions about the IPO,Managing perceptions about the IPO,ipo
1062,Sten.Sanjorge Jr.@gastech.com.tethys,Sten Sanjorge Jr ,gastech.com.tethys,GAStech-Tethys,Sten.Sanjorge Jr.@gastech.com.tethys; Ada.Campo-Corrente@gastech.com.kronos; Ingrid.Barranco@gastech.com.kronos,Sten Sanjorge Jr ; Ada Campo-Corrente; Ingrid Barranco,3,gastech.com.kronos; gastech.com.tethys,GAStech-Kronos; GAStech-Tethys,1/17/2014 10:55,2014-01-17 10:55,RE: Managing perceptions about the IPO,Managing perceptions about the IPO,ipo
1063,Benito.Hawelon@gastech.com.kronos,Benito Hawelon,gastech.com.kronos,GAStech-Kronos,Felix.Resumir@gastech.com.kronos,Felix Resumir,1,gastech.com.kronos,GAStech-Kronos,1/17/2014 10:56,2014-01-17 10:56,RE: Are you buying coffee?,Are you buying coffee?,
1064,Minke.Mies@gastech.com.kronos,Minke Mies,gastech.com.kronos,GAStech-Kronos,Vira.Frente@gastech.com.kronos,Vira Frente,1,gastech.com.kronos,GAStech-Kronos,1/17/2014 10:59,2014-01-17 10:59,The rest of the files are in your mailbox,The rest of the files are in your mailbox,
1065,Felix.Resumir@gastech.com.kronos,Felix Resumir,gastech.com.kronos,GAStech-Kronos,Benito.Hawelon@gastech.com.kronos,Benito Hawelon,1,gastech.com.kronos,GAStech-Kronos,1/17/2014 11:25,2014-01-17 11:25,RE: Are you buying coffee?,Are you buying coffee?,
1066,Benito.Hawelon@gastech.com.kronos,Benito Hawelon,gastech.com.kronos,GAStech-Kronos,Felix.Resumir@gastech.com.kronos,Felix Resumir,1,gastech.com.kronos,GAStech-Kronos,1/17/2014 11:35,2014-01-17 11:35,RE: Are you buying coffee?,Are you buying coffee?,
1067,Marin.Onda@gastech.com.kronos,Marin Onda,gastech.com.kronos,GAStech-Kronos,Vira.Frente@gastech.com.kronos,Vira Frente,1,gastech.com.kronos,GAStech-Kronos,1/17/2014 11:55,2014-01-17 11:55,RE: NO DECAF - HA HA,NO DECAF - HA HA,
1068,Lidelse.Dedos@gastech.com.kronos,Lidelse Dedos,gastech.com.kronos,GAStech-Kronos,Lidelse.Dedos@gastech.com.kronos; Elsa.Orilla@gastech.com.kronos; Felix.Balas@gastech.com.kronos; Birgitta.Frente@gastech.com.kronos; Brand.Tempestad@gastech.com.kronos; Adra.Nubarron@gastech.com.kronos,Lidelse Dedos; Elsa Orilla; Felix Balas; Birgitta Frente; Brand Tempestad; Adra Nubarron,6,gastech.com.kronos,GAStech-Kronos,1/17/2014 12:03,2014-01-17 12:03,RE: GIS update,GIS update,
1069,Lucas.Alcazar@gastech.com.kronos,Lucas Alcazar,gastech.com.kronos,GAStech-Kronos,Isak.Baza@gastech.com.kronos; Lucas.Alcazar@gastech.com.kronos,Isak Baza; Lucas Alcazar,2,gastech.com.kronos,GAStech-Kronos,1/17/2014 12:04,2014-01-17 12:04,RE: Question about behavior of field device,Question about behavior of field device,
1070,Cecilia.Morluniau@gastech.com.kronos,Cecilia Morluniau,gastech.com.kronos,GAStech-Kronos,Bertrand.Ovan@gastech.com.kronos,Bertrand Ovan,1,gastech.com.kronos,GAStech-Kronos,1/17/2014 12:05,2014-01-17 12:05,No hurry,No hurry,
1071,Henk.Mies@gastech.com.kronos,Henk Mies,gastech.com.kronos,GAStech-Kronos,Sten.Sanjorge Jr.@gastech.com.kronos,Sten Sanjorge Jr ,1,gastech.com.kronos,GAStech-Kronos,1/17/2014 12:07,2014-01-17 12:07,Files,Files,
1072,Vira.Frente@gastech.com.kronos,Vira Frente,gastech.com.kronos,GAStech-Kronos,Minke.Mies@gastech.com.kronos,Minke Mies,1,gastech.com.kronos,GAStech-Kronos,1/17/2014 12:11,2014-01-17 12:11,RE: The rest of the files are in your mailbox,The rest of the files are in your mailbox,
1073,Adra.Nubarron@gastech.com.kronos,Adra Nubarron,gastech.com.kronos,GAStech-Kronos,Lidelse.Dedos@gastech.com.kronos; Elsa.Orilla@gastech.com.kronos; Felix.Balas@gastech.com.kronos; Birgitta.Frente@gastech.com.kronos; Brand.Tempestad@gastech.com.kronos; Adra.Nubarron@gastech.com.kronos,Lidelse Dedos; Elsa Orilla; Felix Balas; Birgitta Frente; Brand Tempestad; Adra Nubarron,6,gastech.com.kronos,GAStech-Kronos,1/17/2014 12:13,2014-01-17 12:13,RE: GIS update,GIS update,
1074,Lucas.Alcazar@gastech.com.kronos,Lucas Alcazar,gastech.com.kronos,GAStech-Kronos,Isak.Baza@gastech.com.kronos; Lucas.Alcazar@gastech.com.kronos,Isak Baza; Lucas Alcazar,2,gastech.com.kronos,GAStech-Kronos,1/17/2014 12:15,2014-01-17 12:15,RE: Question about behavior of field device,Question about behavior of field device,
1075,Ada.Campo-Corrente@gastech.com.kronos,Ada Campo-Corrente,gastech.com.kronos,GAStech-Kronos,Sten.Sanjorge Jr.@gastech.com.tethys; Ada.Campo-Corrente@gastech.com.kronos; Ingrid.Barranco@gastech.com.kronos,Sten Sanjorge Jr ; Ada Campo-Corrente; Ingrid Barranco,3,gastech.com.kronos; gastech.com.tethys,GAStech-Kronos; GAStech-Tethys,1/17/2014 12:28,2014-01-17 12:28,RE: Managing perceptions about the IPO,Managing perceptions about the IPO,ipo
1076,Brand.Tempestad@gastech.com.kronos,Brand Tempestad,gastech.com.kronos,GAStech-Kronos,Lidelse.Dedos@gastech.com.kronos; Elsa.Orilla@gastech.com.kronos; Felix.Balas@gastech.com.kronos; Birgitta.Frente@gastech.com.kronos; Brand.Tempestad@gastech.com.kronos; Adra.Nubarron@gastech.com.kronos,Lidelse Dedos; Elsa Orilla; Felix Balas; Birgitta Frente; Brand Tempestad; Adra Nubarron,6,gastech.com.kronos,GAStech-Kronos,1/17/2014 12:29,2014-01-17 12:29,RE: GIS update,GIS update,
1077,Sten.Sanjorge Jr.@gastech.com.tethys,Sten Sanjorge Jr ,gastech.com.tethys,GAStech-Tethys,Sten.Sanjorge Jr.@gastech.com.tethys; Ada.Campo-Corrente@gastech.com.kronos,Sten Sanjorge Jr ; Ada Campo-Corrente,2,gastech.com.kronos; gastech.com.tethys,GAStech-Kronos; GAStech-Tethys,1/17/2014 12:33,2014-01-17 12:33,RE: Managing perceptions about the IPO,Managing perceptions about the IPO,ipo
1078,Carla.Forluniau@gastech.com.kronos,Carla Forluniau,gastech.com.kronos,GAStech-Kronos,Mat.Bramar@gastech.com.kronos; Anda.Ribera@gastech.com.kronos; Rachel.Pantanal@gastech.com.kronos; Linda.Lagos@gastech.com.kronos; Ruscella.Mies.Haber@gastech.com.kronos; Carla.Forluniau@gastech.com.kronos; Cornelia.Lais@gastech.com.kronos,Mat Bramar; Anda Ribera; Rachel Pantanal; Linda Lagos; Ruscella Mies Haber; Carla Forluniau; Cornelia Lais,7,gastech.com.kronos,GAStech-Kronos,1/17/2014 12:42,2014-01-17 12:42,Babysitting recommendations,Babysitting recommendations,
1079,Minke.Mies@gastech.com.kronos,Minke Mies,gastech.com.kronos,GAStech-Kronos,Vira.Frente@gastech.com.kronos,Vira Frente,1,gastech.com.kronos,GAStech-Kronos,1/17/2014 12:46,2014-01-17 12:46,RE: The rest of the files are in your mailbox,The rest of the files are in your mailbox,
1080,Carla.Forluniau@gastech.com.kronos,Carla Forluniau,gastech.com.kronos,GAStech-Kronos,Mat.Bramar@gastech.com.kronos; Anda.Ribera@gastech.com.kronos; Rachel.Pantanal@gastech.com.kronos; Linda.Lagos@gastech.com.kronos; Ruscella.Mies.Haber@gastech.com.kronos; Carla.Forluniau@gastech.com.kronos; Cornelia.Lais@gastech.com.kronos,Mat Bramar; Anda Ribera; Rachel Pantanal; Linda Lagos; Ruscella Mies Haber; Carla Forluniau; Cornelia Lais,7,gastech.com.kronos,GAStech-Kronos,1/17/2014 12:46,2014-01-17 12:46,RE: Dress for success - Dress to impress,Dress for success - Dress to impress,
1081,Varja.Lagos@gastech.com.kronos,Varja Lagos,gastech.com.kronos,GAStech-Kronos,Hennie.Osvaldo@gastech.com.kronos; Loreto.Bodrogi@gastech.com.kronos; Varja.Lagos@gastech.com.kronos; Inga.Ferro@gastech.com.kronos; Kanon.Herrero@gastech.com.kronos; Hideki.Cocinaro@gastech.com.kronos; Minke.Mies@gastech.com.kronos,Hennie Osvaldo; Loreto Bodrogi; Varja Lagos; Inga Ferro; Kanon Herrero; Hideki Cocinaro; Minke Mies,7,gastech.com.kronos,GAStech-Kronos,1/17/2014 12:58,2014-01-17 12:58,Security procedures for January 20 VIP visit,Security procedures for January 20 VIP visit,security
1082,Vira.Frente@gastech.com.kronos,Vira Frente,gastech.com.kronos,GAStech-Kronos,Minke.Mies@gastech.com.kronos,Minke Mies,1,gastech.com.kronos,GAStech-Kronos,1/17/2014 13:02,2014-01-17 13:02,RE: The rest of the files are in your mailbox,The rest of the files are in your mailbox,
1083,Ada.Campo-Corrente@gastech.com.kronos,Ada Campo-Corrente,gastech.com.kronos,GAStech-Kronos,Sten.Sanjorge Jr.@gastech.com.tethys; Ada.Campo-Corrente@gastech.com.kronos,Sten Sanjorge Jr ; Ada Campo-Corrente,2,gastech.com.kronos; gastech.com.tethys,GAStech-Kronos; GAStech-Tethys,1/17/2014 13:02,2014-01-17 13:02,RE: Managing perceptions about the IPO,Managing perceptions about the IPO,ipo
1084,Sten.Sanjorge Jr.@gastech.com.kronos,Sten Sanjorge Jr ,gastech.com.kronos,GAStech-Kronos,Henk.Mies@gastech.com.kronos,Henk Mies,1,gastech.com.kronos,GAStech-Kronos,1/17/2014 13:03,2014-01-17 13:03,RE: Files,Files,
1085,Ingrid.Barranco@gastech.com.kronos,Ingrid Barranco,gastech.com.kronos,GAStech-Kronos,Sten.Sanjorge Jr.@gastech.com.tethys; Ada.Campo-Corrente@gastech.com.kronos; Ingrid.Barranco@gastech.com.kronos,Sten Sanjorge Jr ; Ada Campo-Corrente; Ingrid Barranco,3,gastech.com.kronos; gastech.com.tethys,GAStech-Kronos; GAStech-Tethys,1/17/2014 13:04,2014-01-17 13:04,RE: Managing perceptions about the IPO,Managing perceptions about the IPO,ipo
1086,Isak.Baza@gastech.com.kronos,Isak Baza,gastech.com.kronos,GAStech-Kronos,Isak.Baza@gastech.com.kronos; Lucas.Alcazar@gastech.com.kronos,Isak Baza; Lucas Alcazar,2,gastech.com.kronos,GAStech-Kronos,1/17/2014 13:06,2014-01-17 13:06,RE: Question about behavior of field device,Question about behavior of field device,
1087,Minke.Mies@gastech.com.kronos,Minke Mies,gastech.com.kronos,GAStech-Kronos,Vira.Frente@gastech.com.kronos,Vira Frente,1,gastech.com.kronos,GAStech-Kronos,1/17/2014 13:07,2014-01-17 13:07,RE: The rest of the files are in your mailbox,The rest of the files are in your mailbox,
1088,Cornelia.Lais@gastech.com.kronos,Cornelia Lais,gastech.com.kronos,GAStech-Kronos,Mat.Bramar@gastech.com.kronos; Anda.Ribera@gastech.com.kronos; Rachel.Pantanal@gastech.com.kronos; Linda.Lagos@gastech.com.kronos; Ruscella.Mies.Haber@gastech.com.kronos; Carla.Forluniau@gastech.com.kronos; Cornelia.Lais@gastech.com.kronos,Mat Bramar; Anda Ribera; Rachel Pantanal; Linda Lagos; Ruscella Mies Haber; Carla Forluniau; Cornelia Lais,7,gastech.com.kronos,GAStech-Kronos,1/17/2014 13:08,2014-01-17 13:08,RE: Babysitting recommendations,Babysitting recommendations,
1089,Vira.Frente@gastech.com.kronos,Vira Frente,gastech.com.kronos,GAStech-Kronos,Minke.Mies@gastech.com.kronos,Minke Mies,1,gastech.com.kronos,GAStech-Kronos,1/17/2014 13:21,2014-01-17 13:21,RE: The rest of the files are in your mailbox,The rest of the files are in your mailbox,
1090,Felix.Balas@gastech.com.kronos,Felix Balas,gastech.com.kronos,GAStech-Kronos,Isande.Borrasca@gastech.com.kronos; Brand.Tempestad@gastech.com.kronos; Adra.Nubarron@gastech.com.kronos; Marin.Onda@gastech.com.kronos; Kare.Orilla@gastech.com.kronos; Elsa.Orilla@gastech.com.kronos,Isande Borrasca; Brand Tempestad; Adra Nubarron; Marin Onda; Kare Orilla; Elsa Orilla,6,gastech.com.kronos,GAStech-Kronos,1/17/2014 13:24,2014-01-17 13:24,2516-00 openhole logging results,2516-00 openhole logging results,
1091,Nils.Calixto@gastech.com.kronos,Nils Calixto,gastech.com.kronos,GAStech-Kronos,Isak.Baza@gastech.com.kronos; Nils.Calixto@gastech.com.kronos; Sven.Flecha@gastech.com.kronos,Isak Baza; Nils Calixto; Sven Flecha,3,gastech.com.kronos,GAStech-Kronos,1/17/2014 13:29,2014-01-17 13:29,RE: Article - interesting,Article - interesting,
1092,Henk.Mies@gastech.com.kronos,Henk Mies,gastech.com.kronos,GAStech-Kronos,Sten.Sanjorge Jr.@gastech.com.kronos,Sten Sanjorge Jr ,1,gastech.com.kronos,GAStech-Kronos,1/17/2014 13:33,2014-01-17 13:33,RE: Files,Files,
1093,Ada.Campo-Corrente@gastech.com.kronos,Ada Campo-Corrente,gastech.com.kronos,GAStech-Kronos,Sten.Sanjorge Jr.@gastech.com.tethys; Ada.Campo-Corrente@gastech.com.kronos,Sten Sanjorge Jr ; Ada Campo-Corrente,2,gastech.com.kronos; gastech.com.tethys,GAStech-Kronos; GAStech-Tethys,1/17/2014 13:36,2014-01-17 13:36,RE: Managing perceptions about the IPO,Managing perceptions about the IPO,ipo
1094,Cecilia.Morluniau@gastech.com.kronos,Cecilia Morluniau,gastech.com.kronos,GAStech-Kronos,Dylan.Scozzese@gastech.com.kronos; Cecilia.Morluniau@gastech.com.kronos; Valeria.Morlun@gastech.com.kronos; Henk.Mies@gastech.com.kronos; Claudio.Hawelon@gastech.com.kronos; Irene.Nant@gastech.com.kronos; Adan.Morlun@gastech.com.kronos,Dylan Scozzese; Cecilia Morluniau; Valeria Morlun; Henk Mies; Claudio Hawelon; Irene Nant; Adan Morlun,7,gastech.com.kronos,GAStech-Kronos,1/17/2014 13:37,2014-01-17 13:37,Route suggestion for next shift,Route suggestion for next shift,
1095,Henk.Mies@gastech.com.kronos,Henk Mies,gastech.com.kronos,GAStech-Kronos,Claudio.Hawelon@gastech.com.kronos; Cecilia.Morluniau@gastech.com.kronos; Benito.Hawelon@gastech.com.kronos; Emile.Arpa@gastech.com.kronos; Adan.Morlun@gastech.com.kronos; Valeria.Morlun@gastech.com.kronos; Dante.Coginian@gastech.com.kronos; Henk.Mies@gastech.com.kronos; Varro.Awelon@gastech.com.kronos; Dylan.Scozzese@gastech.com.kronos; Albina.Hafon@gastech.com.kronos; Irene.Nant@gastech.com.kronos,Claudio Hawelon; Cecilia Morluniau; Benito Hawelon; Emile Arpa; Adan Morlun; Valeria Morlun; Dante Coginian; Henk Mies; Varro Awelon; Dylan Scozzese; Albina Hafon; Irene Nant,12,gastech.com.kronos,GAStech-Kronos,1/17/2014 13:37,2014-01-17 13:37,Route suggestion for next shift,Route suggestion for next shift,
1096,Linda.Lagos@gastech.com.kronos,Linda Lagos,gastech.com.kronos,GAStech-Kronos,Mat.Bramar@gastech.com.kronos; Anda.Ribera@gastech.com.kronos; Rachel.Pantanal@gastech.com.kronos; Linda.Lagos@gastech.com.kronos; Ruscella.Mies.Haber@gastech.com.kronos; Carla.Forluniau@gastech.com.kronos; Cornelia.Lais@gastech.com.kronos,Mat Bramar; Anda Ribera; Rachel Pantanal; Linda Lagos; Ruscella Mies Haber; Carla Forluniau; Cornelia Lais,7,gastech.com.kronos,GAStech-Kronos,1/17/2014 13:41,2014-01-17 13:41,Catering?!?,Catering?!?,
1097,Ada.Campo-Corrente@gastech.com.kronos,Ada Campo-Corrente,gastech.com.kronos,GAStech-Kronos,Sten.Sanjorge Jr.@gastech.com.tethys; Ada.Campo-Corrente@gastech.com.kronos,Sten Sanjorge Jr ; Ada Campo-Corrente,2,gastech.com.kronos; gastech.com.tethys,GAStech-Kronos; GAStech-Tethys,1/17/2014 13:45,2014-01-17 13:45,RE: Managing perceptions about the IPO,Managing perceptions about the IPO,ipo
1098,Isande.Borrasca@gastech.com.kronos,Isande Borrasca,gastech.com.kronos,GAStech-Kronos,Marin.Onda@gastech.com.kronos; Felix.Balas@gastech.com.kronos; Brand.Tempestad@gastech.com.kronos; Lidelse.Dedos@gastech.com.kronos; Kare.Orilla@gastech.com.kronos; Adra.Nubarron@gastech.com.kronos; Isande.Borrasca@gastech.com.kronos,Marin Onda; Felix Balas; Brand Tempestad; Lidelse Dedos; Kare Orilla; Adra Nubarron; Isande Borrasca,7,gastech.com.kronos,GAStech-Kronos,1/17/2014 13:48,2014-01-17 13:48,GIS update,GIS update,
1099,Sten.Sanjorge Jr.@gastech.com.tethys,Sten Sanjorge Jr ,gastech.com.tethys,GAStech-Tethys,Sten.Sanjorge Jr.@gastech.com.tethys; Ada.Campo-Corrente@gastech.com.kronos,Sten Sanjorge Jr ; Ada Campo-Corrente,2,gastech.com.kronos; gastech.com.tethys,GAStech-Kronos; GAStech-Tethys,1/17/2014 13:49,2014-01-17 13:49,RE: Managing perceptions about the IPO,Managing perceptions about the IPO,ipo
1100,Axel.Calzas@gastech.com.kronos,Axel Calzas,gastech.com.kronos,GAStech-Kronos,Axel.Calzas@gastech.com.kronos; Kare.Orilla@gastech.com.kronos; Elsa.Orilla@gastech.com.kronos,Axel Calzas; Kare Orilla; Elsa Orilla,3,gastech.com.kronos,GAStech-Kronos,1/17/2014 13:53,2014-01-17 13:53,RE: GIS update,GIS update,
1101,Anda.Ribera@gastech.com.kronos,Anda Ribera,gastech.com.kronos,GAStech-Kronos,Mat.Bramar@gastech.com.kronos; Anda.Ribera@gastech.com.kronos; Rachel.Pantanal@gastech.com.kronos; Linda.Lagos@gastech.com.kronos; Ruscella.Mies.Haber@gastech.com.kronos; Carla.Forluniau@gastech.com.kronos; Cornelia.Lais@gastech.com.kronos,Mat Bramar; Anda Ribera; Rachel Pantanal; Linda Lagos; Ruscella Mies Haber; Carla Forluniau; Cornelia Lais,7,gastech.com.kronos,GAStech-Kronos,1/17/2014 14:05,2014-01-17 14:05,RE: Babysitting recommendations,Babysitting recommendations,
1102,Rachel.Pantanal@gastech.com.kronos,Rachel Pantanal,gastech.com.kronos,GAStech-Kronos,Mat.Bramar@gastech.com.kronos; Anda.Ribera@gastech.com.kronos; Rachel.Pantanal@gastech.com.kronos; Linda.Lagos@gastech.com.kronos; Ruscella.Mies.Haber@gastech.com.kronos; Carla.Forluniau@gastech.com.kronos; Cornelia.Lais@gastech.com.kronos,Mat Bramar; Anda Ribera; Rachel Pantanal; Linda Lagos; Ruscella Mies Haber; Carla Forluniau; Cornelia Lais,7,gastech.com.kronos,GAStech-Kronos,1/17/2014 14:06,2014-01-17 14:06,RE: Babysitting recommendations,Babysitting recommendations,
1103,Ruscella.Mies.Haber@gastech.com.kronos,Ruscella Mies Haber,gastech.com.kronos,GAStech-Kronos,Mat.Bramar@gastech.com.kronos; Anda.Ribera@gastech.com.kronos; Rachel.Pantanal@gastech.com.kronos; Linda.Lagos@gastech.com.kronos; Ruscella.Mies.Haber@gastech.com.kronos; Carla.Forluniau@gastech.com.kronos; Cornelia.Lais@gastech.com.kronos,Mat Bramar; Anda Ribera; Rachel Pantanal; Linda Lagos; Ruscella Mies Haber; Carla Forluniau; Cornelia Lais,7,gastech.com.kronos,GAStech-Kronos,1/17/2014 14:12,2014-01-17 14:12,RE: Babysitting recommendations,Babysitting recommendations,
1104,Mat.Bramar@gastech.com.kronos,Mat Bramar,gastech.com.kronos,GAStech-Kronos,Rachel.Pantanal@gastech.com.kronos; Lars.Azada@gastech.com.kronos; Felix.Balas@gastech.com.kronos; Isande.Borrasca@gastech.com.kronos; Axel.Calzas@gastech.com.kronos; Gustav.Cazar@gastech.com.kronos; Lidelse.Dedos@gastech.com.kronos; Birgitta.Frente@gastech.com.kronos; Vira.Frente@gastech.com.kronos; Adra.Nubarron@gastech.com.kronos; Marin.Onda@gastech.com.kronos; Kare.Orilla@gastech.com.kronos; Elsa.Orilla@gastech.com.kronos; Brand.Tempestad@gastech.com.kronos; Ingrid.Barranco@gastech.com.kronos; Ada.Campo-Corrente@gastech.com.kronos; Sten.Sanjorge Jr.@gastech.com.kronos; Orhan.Strum@gastech.com.kronos; Willem.Vasco-Pais@gastech.com.kronos; Bertrand.Ovan@gastech.com.kronos; Albina.Hafon@gastech.com.kronos; Benito.Hawelon@gastech.com.kronos; Claudio.Hawelon@gastech.com.kronos; Henk.Mies@gastech.com.kronos; Valeria.Morlun@gastech.com.kronos; Adan.Morlun@gastech.com.kronos; Cecilia.Morluniau@gastech.com.kronos; Irene.Nant@gastech.com.kronos; Dylan.Scozzese@gastech.com.kronos; Lucas.Alcazar@gastech.com.kronos; Isak.Baza@gastech.com.kronos; Linnea.Bergen@gastech.com.kronos; Nils.Calixto@gastech.com.kronos; Sven.Flecha@gastech.com.kronos; Hideki.Cocinaro@gastech.com.kronos; Inga.Ferro@gastech.com.kronos; Loreto.Bodrogi@gastech.com.kronos; Isia.Vann@gastech.com.kronos; Stenig.Fusil@gastech.com.kronos; Hennie.Osvaldo@gastech.com.kronos; Kanon.Herrero@gastech.com.kronos; Varja.Lagos@gastech.com.kronos; Minke.Mies@gastech.com.kronos; Felix.Resumir@gastech.com.kronos; Edvard.Vann@gastech.com.kronos; Emile.Arpa@gastech.com.kronos; Varro.Awelon@gastech.com.kronos; Mat.Bramar@gastech.com.kronos; Dante.Coginian@gastech.com.kronos; Carla.Forluniau@gastech.com.kronos; Linda.Lagos@gastech.com.kronos; Cornelia.Lais@gastech.com.kronos; Ruscella.Mies.Haber@gastech.com.kronos; Anda.Ribera@gastech.com.kronos,Rachel Pantanal; Lars Azada; Felix Balas; Isande Borrasca; Axel Calzas; Gustav Cazar; Lidelse Dedos; Birgitta Frente; Vira Frente; Adra Nubarron; Marin Onda; Kare Orilla; Elsa Orilla; Brand Tempestad; Ingrid Barranco; Ada Campo-Corrente; Sten Sanjorge Jr ; Orhan Strum; Willem Vasco-Pais; Bertrand Ovan; Albina Hafon; Benito Hawelon; Claudio Hawelon; Henk Mies; Valeria Morlun; Adan Morlun; Cecilia Morluniau; Irene Nant; Dylan Scozzese; Lucas Alcazar; Isak Baza; Linnea Bergen; Nils Calixto; Sven Flecha; Hideki Cocinaro; Inga Ferro; Loreto Bodrogi; Isia Vann; Stenig Fusil; Hennie Osvaldo; Kanon Herrero; Varja Lagos; Minke Mies; Felix Resumir; Edvard Vann; Emile Arpa; Varro Awelon; Mat Bramar; Dante Coginian; Carla Forluniau; Linda Lagos; Cornelia Lais; Ruscella Mies Haber; Anda Ribera,54,gastech.com.kronos,GAStech-Kronos,1/17/2014 14:21,2014-01-17 14:21,Reorganization,Reorganization,
1105,Vira.Frente@gastech.com.kronos,Vira Frente,gastech.com.kronos,GAStech-Kronos,Linda.Lagos@gastech.com.kronos,Linda Lagos,1,gastech.com.kronos,GAStech-Kronos,1/17/2014 14:39,2014-01-17 14:39,Awwww- cute!,Awwww- cute!,
1106,Sten.Sanjorge Jr.@gastech.com.kronos,Sten Sanjorge Jr ,gastech.com.kronos,GAStech-Kronos,Henk.Mies@gastech.com.kronos,Henk Mies,1,gastech.com.kronos,GAStech-Kronos,1/17/2014 14:39,2014-01-17 14:39,RE: Files,Files,
1107,Isak.Baza@gastech.com.kronos,Isak Baza,gastech.com.kronos,GAStech-Kronos,Isak.Baza@gastech.com.kronos; Lucas.Alcazar@gastech.com.kronos,Isak Baza; Lucas Alcazar,2,gastech.com.kronos,GAStech-Kronos,1/17/2014 14:41,2014-01-17 14:41,RE: Question about behavior of field device,Question about behavior of field device,
1108,Ruscella.Mies.Haber@gastech.com.kronos,Ruscella Mies Haber,gastech.com.kronos,GAStech-Kronos,Rachel.Pantanal@gastech.com.kronos; Lars.Azada@gastech.com.kronos; Felix.Balas@gastech.com.kronos; Isande.Borrasca@gastech.com.kronos; Axel.Calzas@gastech.com.kronos; Gustav.Cazar@gastech.com.kronos; Lidelse.Dedos@gastech.com.kronos; Birgitta.Frente@gastech.com.kronos; Vira.Frente@gastech.com.kronos; Adra.Nubarron@gastech.com.kronos; Marin.Onda@gastech.com.kronos; Kare.Orilla@gastech.com.kronos; Elsa.Orilla@gastech.com.kronos; Brand.Tempestad@gastech.com.kronos; Ingrid.Barranco@gastech.com.kronos; Ada.Campo-Corrente@gastech.com.kronos; Sten.Sanjorge Jr.@gastech.com.kronos; Orhan.Strum@gastech.com.kronos; Willem.Vasco-Pais@gastech.com.kronos; Bertrand.Ovan@gastech.com.kronos; Albina.Hafon@gastech.com.kronos; Benito.Hawelon@gastech.com.kronos; Claudio.Hawelon@gastech.com.kronos; Henk.Mies@gastech.com.kronos; Valeria.Morlun@gastech.com.kronos; Adan.Morlun@gastech.com.kronos; Cecilia.Morluniau@gastech.com.kronos; Irene.Nant@gastech.com.kronos; Dylan.Scozzese@gastech.com.kronos; Lucas.Alcazar@gastech.com.kronos; Isak.Baza@gastech.com.kronos; Linnea.Bergen@gastech.com.kronos; Nils.Calixto@gastech.com.kronos; Sven.Flecha@gastech.com.kronos; Hideki.Cocinaro@gastech.com.kronos; Inga.Ferro@gastech.com.kronos; Loreto.Bodrogi@gastech.com.kronos; Isia.Vann@gastech.com.kronos; Stenig.Fusil@gastech.com.kronos; Hennie.Osvaldo@gastech.com.kronos; Kanon.Herrero@gastech.com.kronos; Varja.Lagos@gastech.com.kronos; Minke.Mies@gastech.com.kronos; Felix.Resumir@gastech.com.kronos; Edvard.Vann@gastech.com.kronos; Emile.Arpa@gastech.com.kronos; Varro.Awelon@gastech.com.kronos; Mat.Bramar@gastech.com.kronos; Dante.Coginian@gastech.com.kronos; Carla.Forluniau@gastech.com.kronos; Linda.Lagos@gastech.com.kronos; Cornelia.Lais@gastech.com.kronos; Ruscella.Mies.Haber@gastech.com.kronos; Anda.Ribera@gastech.com.kronos,Rachel Pantanal; Lars Azada; Felix Balas; Isande Borrasca; Axel Calzas; Gustav Cazar; Lidelse Dedos; Birgitta Frente; Vira Frente; Adra Nubarron; Marin Onda; Kare Orilla; Elsa Orilla; Brand Tempestad; Ingrid Barranco; Ada Campo-Corrente; Sten Sanjorge Jr ; Orhan Strum; Willem Vasco-Pais; Bertrand Ovan; Albina Hafon; Benito Hawelon; Claudio Hawelon; Henk Mies; Valeria Morlun; Adan Morlun; Cecilia Morluniau; Irene Nant; Dylan Scozzese; Lucas Alcazar; Isak Baza; Linnea Bergen; Nils Calixto; Sven Flecha; Hideki Cocinaro; Inga Ferro; Loreto Bodrogi; Isia Vann; Stenig Fusil; Hennie Osvaldo; Kanon Herrero; Varja Lagos; Minke Mies; Felix Resumir; Edvard Vann; Emile Arpa; Varro Awelon; Mat Bramar; Dante Coginian; Carla Forluniau; Linda Lagos; Cornelia Lais; Ruscella Mies Haber; Anda Ribera,54,gastech.com.kronos,GAStech-Kronos,1/17/2014 14:46,2014-01-17 14:46,"Good morning, GasTech!","Good morning, GasTech!",
1109,Lidelse.Dedos@gastech.com.kronos,Lidelse Dedos,gastech.com.kronos,GAStech-Kronos,Marin.Onda@gastech.com.kronos; Felix.Balas@gastech.com.kronos; Brand.Tempestad@gastech.com.kronos; Lidelse.Dedos@gastech.com.kronos; Kare.Orilla@gastech.com.kronos; Adra.Nubarron@gastech.com.kronos; Isande.Borrasca@gastech.com.kronos,Marin Onda; Felix Balas; Brand Tempestad; Lidelse Dedos; Kare Orilla; Adra Nubarron; Isande Borrasca,7,gastech.com.kronos,GAStech-Kronos,1/17/2014 14:46,2014-01-17 14:46,RE: GIS update,GIS update,
1110,Bertrand.Ovan@gastech.com.kronos,Bertrand Ovan,gastech.com.kronos,GAStech-Kronos,Emile.Arpa@gastech.com.kronos; Varro.Awelon@gastech.com.kronos; Dante.Coginian@gastech.com.kronos; Albina.Hafon@gastech.com.kronos; Benito.Hawelon@gastech.com.kronos; Claudio.Hawelon@gastech.com.kronos; Henk.Mies@gastech.com.kronos; Valeria.Morlun@gastech.com.kronos; Adan.Morlun@gastech.com.kronos; Cecilia.Morluniau@gastech.com.kronos; Irene.Nant@gastech.com.kronos; Dylan.Scozzese@gastech.com.kronos,Emile Arpa; Varro Awelon; Dante Coginian; Albina Hafon; Benito Hawelon; Claudio Hawelon; Henk Mies; Valeria Morlun; Adan Morlun; Cecilia Morluniau; Irene Nant; Dylan Scozzese,12,gastech.com.kronos,GAStech-Kronos,1/17/2014 14:54,2014-01-17 14:54,Mandatory safety training,Mandatory safety training,
1111,Benito.Hawelon@gastech.com.kronos,Benito Hawelon,gastech.com.kronos,GAStech-Kronos,Henk.Mies@gastech.com.kronos; Albina.Hafon@gastech.com.kronos; Dante.Coginian@gastech.com.kronos; Benito.Hawelon@gastech.com.kronos; Varro.Awelon@gastech.com.kronos; Bertrand.Ovan@gastech.com.kronos; Claudio.Hawelon@gastech.com.kronos; Emile.Arpa@gastech.com.kronos; Valeria.Morlun@gastech.com.kronos; Adan.Morlun@gastech.com.kronos,Henk Mies; Albina Hafon; Dante Coginian; Benito Hawelon; Varro Awelon; Bertrand Ovan; Claudio Hawelon; Emile Arpa; Valeria Morlun; Adan Morlun,10,gastech.com.kronos,GAStech-Kronos,1/17/2014 15:00,2014-01-17 15:00,Funny!!,Funny!!,
1112,Orhan.Strum@gastech.com.kronos,Orhan Strum,gastech.com.kronos,GAStech-Kronos,Willem.Vasco-Pais@gastech.com.kronos,Willem Vasco-Pais,1,gastech.com.kronos,GAStech-Kronos,1/17/2014 15:01,2014-01-17 15:01,Favor - water plants please next month,Favor - water plants please next month,
1113,Edvard.Vann@gastech.com.kronos,Edvard Vann,gastech.com.kronos,GAStech-Kronos,Henk.Mies@gastech.com.kronos,Henk Mies,1,gastech.com.kronos,GAStech-Kronos,1/17/2014 15:03,2014-01-17 15:03,Out of staples,Out of staples,
1114,Adra.Nubarron@gastech.com.kronos,Adra Nubarron,gastech.com.kronos,GAStech-Kronos,Isande.Borrasca@gastech.com.kronos; Brand.Tempestad@gastech.com.kronos; Adra.Nubarron@gastech.com.kronos; Marin.Onda@gastech.com.kronos; Kare.Orilla@gastech.com.kronos; Elsa.Orilla@gastech.com.kronos,Isande Borrasca; Brand Tempestad; Adra Nubarron; Marin Onda; Kare Orilla; Elsa Orilla,6,gastech.com.kronos,GAStech-Kronos,1/17/2014 15:04,2014-01-17 15:04,RE: 2516-00 openhole logging results,2516-00 openhole logging results,
1115,Kare.Orilla@gastech.com.kronos,Kare Orilla,gastech.com.kronos,GAStech-Kronos,Marin.Onda@gastech.com.kronos; Felix.Balas@gastech.com.kronos; Brand.Tempestad@gastech.com.kronos; Lidelse.Dedos@gastech.com.kronos; Kare.Orilla@gastech.com.kronos; Adra.Nubarron@gastech.com.kronos; Isande.Borrasca@gastech.com.kronos,Marin Onda; Felix Balas; Brand Tempestad; Lidelse Dedos; Kare Orilla; Adra Nubarron; Isande Borrasca,7,gastech.com.kronos,GAStech-Kronos,1/17/2014 15:05,2014-01-17 15:05,RE: GIS update,GIS update,
1116,Brand.Tempestad@gastech.com.kronos,Brand Tempestad,gastech.com.kronos,GAStech-Kronos,Isande.Borrasca@gastech.com.kronos; Brand.Tempestad@gastech.com.kronos; Adra.Nubarron@gastech.com.kronos; Marin.Onda@gastech.com.kronos; Kare.Orilla@gastech.com.kronos; Elsa.Orilla@gastech.com.kronos,Isande Borrasca; Brand Tempestad; Adra Nubarron; Marin Onda; Kare Orilla; Elsa Orilla,6,gastech.com.kronos,GAStech-Kronos,1/17/2014 15:11,2014-01-17 15:11,RE: 2516-00 openhole logging results,2516-00 openhole logging results,
1117,Carla.Forluniau@gastech.com.kronos,Carla Forluniau,gastech.com.kronos,GAStech-Kronos,Mat.Bramar@gastech.com.kronos; Anda.Ribera@gastech.com.kronos; Rachel.Pantanal@gastech.com.kronos; Linda.Lagos@gastech.com.kronos; Ruscella.Mies.Haber@gastech.com.kronos; Carla.Forluniau@gastech.com.kronos; Cornelia.Lais@gastech.com.kronos,Mat Bramar; Anda Ribera; Rachel Pantanal; Linda Lagos; Ruscella Mies Haber; Carla Forluniau; Cornelia Lais,7,gastech.com.kronos,GAStech-Kronos,1/17/2014 15:13,2014-01-17 15:13,Training opportunity,Training opportunity,
1118,Kare.Orilla@gastech.com.kronos,Kare Orilla,gastech.com.kronos,GAStech-Kronos,Marin.Onda@gastech.com.kronos; Felix.Balas@gastech.com.kronos; Brand.Tempestad@gastech.com.kronos; Lidelse.Dedos@gastech.com.kronos; Kare.Orilla@gastech.com.kronos; Adra.Nubarron@gastech.com.kronos; Isande.Borrasca@gastech.com.kronos,Marin Onda; Felix Balas; Brand Tempestad; Lidelse Dedos; Kare Orilla; Adra Nubarron; Isande Borrasca,7,gastech.com.kronos,GAStech-Kronos,1/17/2014 15:25,2014-01-17 15:25,RE: GIS update,GIS update,
1119,Felix.Resumir@gastech.com.kronos,Felix Resumir,gastech.com.kronos,GAStech-Kronos,Hideki.Cocinaro@gastech.com.kronos; Varja.Lagos@gastech.com.kronos; Loreto.Bodrogi@gastech.com.kronos; Edvard.Vann@gastech.com.kronos; Stenig.Fusil@gastech.com.kronos; Hennie.Osvaldo@gastech.com.kronos; Felix.Resumir@gastech.com.kronos; Minke.Mies@gastech.com.kronos,Hideki Cocinaro; Varja Lagos; Loreto Bodrogi; Edvard Vann; Stenig Fusil; Hennie Osvaldo; Felix Resumir; Minke Mies,8,gastech.com.kronos,GAStech-Kronos,1/17/2014 15:27,2014-01-17 15:27,Inspection request for site,Inspection request for site,
1120,Rachel.Pantanal@gastech.com.kronos,Rachel Pantanal,gastech.com.kronos,GAStech-Kronos,Mat.Bramar@gastech.com.kronos; Anda.Ribera@gastech.com.kronos; Rachel.Pantanal@gastech.com.kronos; Linda.Lagos@gastech.com.kronos; Ruscella.Mies.Haber@gastech.com.kronos; Carla.Forluniau@gastech.com.kronos; Cornelia.Lais@gastech.com.kronos,Mat Bramar; Anda Ribera; Rachel Pantanal; Linda Lagos; Ruscella Mies Haber; Carla Forluniau; Cornelia Lais,7,gastech.com.kronos,GAStech-Kronos,1/17/2014 15:28,2014-01-17 15:28,RE: Babysitting recommendations,Babysitting recommendations,
1121,Lucas.Alcazar@gastech.com.kronos,Lucas Alcazar,gastech.com.kronos,GAStech-Kronos,Nils.Calixto@gastech.com.kronos; Lucas.Alcazar@gastech.com.kronos; Sven.Flecha@gastech.com.kronos,Nils Calixto; Lucas Alcazar; Sven Flecha,3,gastech.com.kronos,GAStech-Kronos,1/17/2014 15:29,2014-01-17 15:29,Software review report,Software review report,
1122,Ruscella.Mies.Haber@gastech.com.kronos,Ruscella Mies Haber,gastech.com.kronos,GAStech-Kronos,Mat.Bramar@gastech.com.kronos; Anda.Ribera@gastech.com.kronos; Rachel.Pantanal@gastech.com.kronos; Linda.Lagos@gastech.com.kronos; Ruscella.Mies.Haber@gastech.com.kronos; Carla.Forluniau@gastech.com.kronos; Cornelia.Lais@gastech.com.kronos,Mat Bramar; Anda Ribera; Rachel Pantanal; Linda Lagos; Ruscella Mies Haber; Carla Forluniau; Cornelia Lais,7,gastech.com.kronos,GAStech-Kronos,1/17/2014 15:31,2014-01-17 15:31,Does anyone have ...,Does anyone have ...,
1123,Loreto.Bodrogi@gastech.com.kronos,Loreto Bodrogi,gastech.com.kronos,GAStech-Kronos,Hennie.Osvaldo@gastech.com.kronos; Loreto.Bodrogi@gastech.com.kronos; Varja.Lagos@gastech.com.kronos; Inga.Ferro@gastech.com.kronos; Kanon.Herrero@gastech.com.kronos; Hideki.Cocinaro@gastech.com.kronos; Minke.Mies@gastech.com.kronos,Hennie Osvaldo; Loreto Bodrogi; Varja Lagos; Inga Ferro; Kanon Herrero; Hideki Cocinaro; Minke Mies,7,gastech.com.kronos,GAStech-Kronos,1/17/2014 15:48,2014-01-17 15:48,RE: Security procedures for January 20 VIP visit,Security procedures for January 20 VIP visit,security
1124,Dylan.Scozzese@gastech.com.kronos,Dylan Scozzese,gastech.com.kronos,GAStech-Kronos,Rachel.Pantanal@gastech.com.kronos; Lars.Azada@gastech.com.kronos; Felix.Balas@gastech.com.kronos; Isande.Borrasca@gastech.com.kronos; Axel.Calzas@gastech.com.kronos; Gustav.Cazar@gastech.com.kronos; Lidelse.Dedos@gastech.com.kronos; Birgitta.Frente@gastech.com.kronos; Vira.Frente@gastech.com.kronos; Adra.Nubarron@gastech.com.kronos; Marin.Onda@gastech.com.kronos; Kare.Orilla@gastech.com.kronos; Elsa.Orilla@gastech.com.kronos; Brand.Tempestad@gastech.com.kronos; Ingrid.Barranco@gastech.com.kronos; Ada.Campo-Corrente@gastech.com.kronos; Sten.Sanjorge Jr.@gastech.com.kronos; Orhan.Strum@gastech.com.kronos; Willem.Vasco-Pais@gastech.com.kronos; Bertrand.Ovan@gastech.com.kronos; Albina.Hafon@gastech.com.kronos; Benito.Hawelon@gastech.com.kronos; Claudio.Hawelon@gastech.com.kronos; Henk.Mies@gastech.com.kronos; Valeria.Morlun@gastech.com.kronos; Adan.Morlun@gastech.com.kronos; Cecilia.Morluniau@gastech.com.kronos; Irene.Nant@gastech.com.kronos; Dylan.Scozzese@gastech.com.kronos; Lucas.Alcazar@gastech.com.kronos; Isak.Baza@gastech.com.kronos; Linnea.Bergen@gastech.com.kronos; Nils.Calixto@gastech.com.kronos; Sven.Flecha@gastech.com.kronos; Hideki.Cocinaro@gastech.com.kronos; Inga.Ferro@gastech.com.kronos; Loreto.Bodrogi@gastech.com.kronos; Isia.Vann@gastech.com.kronos; Stenig.Fusil@gastech.com.kronos; Hennie.Osvaldo@gastech.com.kronos; Kanon.Herrero@gastech.com.kronos; Varja.Lagos@gastech.com.kronos; Minke.Mies@gastech.com.kronos; Felix.Resumir@gastech.com.kronos; Edvard.Vann@gastech.com.kronos; Emile.Arpa@gastech.com.kronos; Varro.Awelon@gastech.com.kronos; Mat.Bramar@gastech.com.kronos; Dante.Coginian@gastech.com.kronos; Carla.Forluniau@gastech.com.kronos; Linda.Lagos@gastech.com.kronos; Cornelia.Lais@gastech.com.kronos; Ruscella.Mies.Haber@gastech.com.kronos; Anda.Ribera@gastech.com.kronos,Rachel Pantanal; Lars Azada; Felix Balas; Isande Borrasca; Axel Calzas; Gustav Cazar; Lidelse Dedos; Birgitta Frente; Vira Frente; Adra Nubarron; Marin Onda; Kare Orilla; Elsa Orilla; Brand Tempestad; Ingrid Barranco; Ada Campo-Corrente; Sten Sanjorge Jr ; Orhan Strum; Willem Vasco-Pais; Bertrand Ovan; Albina Hafon; Benito Hawelon; Claudio Hawelon; Henk Mies; Valeria Morlun; Adan Morlun; Cecilia Morluniau; Irene Nant; Dylan Scozzese; Lucas Alcazar; Isak Baza; Linnea Bergen; Nils Calixto; Sven Flecha; Hideki Cocinaro; Inga Ferro; Loreto Bodrogi; Isia Vann; Stenig Fusil; Hennie Osvaldo; Kanon Herrero; Varja Lagos; Minke Mies; Felix Resumir; Edvard Vann; Emile Arpa; Varro Awelon; Mat Bramar; Dante Coginian; Carla Forluniau; Linda Lagos; Cornelia Lais; Ruscella Mies Haber; Anda Ribera,54,gastech.com.kronos,GAStech-Kronos,1/17/2014 15:52,2014-01-17 15:52,RE: Reorganization,Reorganization,
1125,Kare.Orilla@gastech.com.kronos,Kare Orilla,gastech.com.kronos,GAStech-Kronos,Isande.Borrasca@gastech.com.kronos; Brand.Tempestad@gastech.com.kronos; Adra.Nubarron@gastech.com.kronos; Marin.Onda@gastech.com.kronos; Kare.Orilla@gastech.com.kronos; Elsa.Orilla@gastech.com.kronos,Isande Borrasca; Brand Tempestad; Adra Nubarron; Marin Onda; Kare Orilla; Elsa Orilla,6,gastech.com.kronos,GAStech-Kronos,1/17/2014 15:53,2014-01-17 15:53,RE: 2516-00 openhole logging results,2516-00 openhole logging results,
1126,Isande.Borrasca@gastech.com.kronos,Isande Borrasca,gastech.com.kronos,GAStech-Kronos,Marin.Onda@gastech.com.kronos; Felix.Balas@gastech.com.kronos; Brand.Tempestad@gastech.com.kronos; Lidelse.Dedos@gastech.com.kronos; Kare.Orilla@gastech.com.kronos; Adra.Nubarron@gastech.com.kronos; Isande.Borrasca@gastech.com.kronos,Marin Onda; Felix Balas; Brand Tempestad; Lidelse Dedos; Kare Orilla; Adra Nubarron; Isande Borrasca,7,gastech.com.kronos,GAStech-Kronos,1/17/2014 15:58,2014-01-17 15:58,RE: GIS update,GIS update,
1127,Willem.Vasco-Pais@gastech.com.kronos,Willem Vasco-Pais,gastech.com.kronos,GAStech-Kronos,Orhan.Strum@gastech.com.kronos,Orhan Strum,1,gastech.com.kronos,GAStech-Kronos,1/17/2014 16:05,2014-01-17 16:05,RE: Favor - water plants please next month,Favor - water plants please next month,
1128,Lidelse.Dedos@gastech.com.kronos,Lidelse Dedos,gastech.com.kronos,GAStech-Kronos,Marin.Onda@gastech.com.kronos; Felix.Balas@gastech.com.kronos; Brand.Tempestad@gastech.com.kronos; Lidelse.Dedos@gastech.com.kronos; Kare.Orilla@gastech.com.kronos; Adra.Nubarron@gastech.com.kronos; Isande.Borrasca@gastech.com.kronos,Marin Onda; Felix Balas; Brand Tempestad; Lidelse Dedos; Kare Orilla; Adra Nubarron; Isande Borrasca,7,gastech.com.kronos,GAStech-Kronos,1/17/2014 16:13,2014-01-17 16:13,RE: GIS update,GIS update,
1129,Felix.Balas@gastech.com.kronos,Felix Balas,gastech.com.kronos,GAStech-Kronos,Marin.Onda@gastech.com.kronos; Felix.Balas@gastech.com.kronos; Brand.Tempestad@gastech.com.kronos; Lidelse.Dedos@gastech.com.kronos; Kare.Orilla@gastech.com.kronos; Adra.Nubarron@gastech.com.kronos; Isande.Borrasca@gastech.com.kronos,Marin Onda; Felix Balas; Brand Tempestad; Lidelse Dedos; Kare Orilla; Adra Nubarron; Isande Borrasca,7,gastech.com.kronos,GAStech-Kronos,1/17/2014 16:16,2014-01-17 16:16,RE: GIS update,GIS update,
1130,Henk.Mies@gastech.com.kronos,Henk Mies,gastech.com.kronos,GAStech-Kronos,Edvard.Vann@gastech.com.kronos,Edvard Vann,1,gastech.com.kronos,GAStech-Kronos,1/17/2014 16:17,2014-01-17 16:17,RE: Out of staples,Out of staples,
1131,Nils.Calixto@gastech.com.kronos,Nils Calixto,gastech.com.kronos,GAStech-Kronos,Nils.Calixto@gastech.com.kronos; Sven.Flecha@gastech.com.kronos,Nils Calixto; Sven Flecha,2,gastech.com.kronos,GAStech-Kronos,1/17/2014 16:21,2014-01-17 16:21,The most creative spam I've seen lately.,The most creative spam I've seen lately.,
1132,Claudio.Hawelon@gastech.com.kronos,Claudio Hawelon,gastech.com.kronos,GAStech-Kronos,Claudio.Hawelon@gastech.com.kronos; Cecilia.Morluniau@gastech.com.kronos; Benito.Hawelon@gastech.com.kronos; Emile.Arpa@gastech.com.kronos; Adan.Morlun@gastech.com.kronos; Valeria.Morlun@gastech.com.kronos; Dante.Coginian@gastech.com.kronos; Henk.Mies@gastech.com.kronos; Varro.Awelon@gastech.com.kronos; Dylan.Scozzese@gastech.com.kronos; Albina.Hafon@gastech.com.kronos; Irene.Nant@gastech.com.kronos,Claudio Hawelon; Cecilia Morluniau; Benito Hawelon; Emile Arpa; Adan Morlun; Valeria Morlun; Dante Coginian; Henk Mies; Varro Awelon; Dylan Scozzese; Albina Hafon; Irene Nant,12,gastech.com.kronos,GAStech-Kronos,1/17/2014 16:28,2014-01-17 16:28,RE: Route suggestion for next shift,Route suggestion for next shift,
1133,Felix.Balas@gastech.com.kronos,Felix Balas,gastech.com.kronos,GAStech-Kronos,Marin.Onda@gastech.com.kronos; Felix.Balas@gastech.com.kronos; Brand.Tempestad@gastech.com.kronos; Lidelse.Dedos@gastech.com.kronos; Kare.Orilla@gastech.com.kronos; Adra.Nubarron@gastech.com.kronos; Isande.Borrasca@gastech.com.kronos,Marin Onda; Felix Balas; Brand Tempestad; Lidelse Dedos; Kare Orilla; Adra Nubarron; Isande Borrasca,7,gastech.com.kronos,GAStech-Kronos,1/17/2014 16:36,2014-01-17 16:36,RE: GIS update,GIS update,
1134,Emile.Arpa@gastech.com.kronos,Emile Arpa,gastech.com.kronos,GAStech-Kronos,Henk.Mies@gastech.com.kronos; Albina.Hafon@gastech.com.kronos; Dante.Coginian@gastech.com.kronos; Benito.Hawelon@gastech.com.kronos; Varro.Awelon@gastech.com.kronos; Bertrand.Ovan@gastech.com.kronos; Claudio.Hawelon@gastech.com.kronos; Emile.Arpa@gastech.com.kronos; Valeria.Morlun@gastech.com.kronos; Adan.Morlun@gastech.com.kronos,Henk Mies; Albina Hafon; Dante Coginian; Benito Hawelon; Varro Awelon; Bertrand Ovan; Claudio Hawelon; Emile Arpa; Valeria Morlun; Adan Morlun,10,gastech.com.kronos,GAStech-Kronos,1/17/2014 16:41,2014-01-17 16:41,RE: Funny!!,Funny!!,
1135,Kare.Orilla@gastech.com.kronos,Kare Orilla,gastech.com.kronos,GAStech-Kronos,Isande.Borrasca@gastech.com.kronos; Brand.Tempestad@gastech.com.kronos; Adra.Nubarron@gastech.com.kronos; Marin.Onda@gastech.com.kronos; Kare.Orilla@gastech.com.kronos; Elsa.Orilla@gastech.com.kronos,Isande Borrasca; Brand Tempestad; Adra Nubarron; Marin Onda; Kare Orilla; Elsa Orilla,6,gastech.com.kronos,GAStech-Kronos,1/17/2014 16:41,2014-01-17 16:41,RE: 2516-00 openhole logging results,2516-00 openhole logging results,
1136,Ingrid.Barranco@gastech.com.kronos,Ingrid Barranco,gastech.com.kronos,GAStech-Kronos,Rachel.Pantanal@gastech.com.kronos; Lars.Azada@gastech.com.kronos; Felix.Balas@gastech.com.kronos; Isande.Borrasca@gastech.com.kronos; Axel.Calzas@gastech.com.kronos; Gustav.Cazar@gastech.com.kronos; Lidelse.Dedos@gastech.com.kronos; Birgitta.Frente@gastech.com.kronos; Vira.Frente@gastech.com.kronos; Adra.Nubarron@gastech.com.kronos; Marin.Onda@gastech.com.kronos; Kare.Orilla@gastech.com.kronos; Elsa.Orilla@gastech.com.kronos; Brand.Tempestad@gastech.com.kronos; Ingrid.Barranco@gastech.com.kronos; Ada.Campo-Corrente@gastech.com.kronos; Sten.Sanjorge Jr.@gastech.com.kronos; Orhan.Strum@gastech.com.kronos; Willem.Vasco-Pais@gastech.com.kronos; Bertrand.Ovan@gastech.com.kronos; Albina.Hafon@gastech.com.kronos; Benito.Hawelon@gastech.com.kronos; Claudio.Hawelon@gastech.com.kronos; Henk.Mies@gastech.com.kronos; Valeria.Morlun@gastech.com.kronos; Adan.Morlun@gastech.com.kronos; Cecilia.Morluniau@gastech.com.kronos; Irene.Nant@gastech.com.kronos; Dylan.Scozzese@gastech.com.kronos; Lucas.Alcazar@gastech.com.kronos; Isak.Baza@gastech.com.kronos; Linnea.Bergen@gastech.com.kronos; Nils.Calixto@gastech.com.kronos; Sven.Flecha@gastech.com.kronos; Hideki.Cocinaro@gastech.com.kronos; Inga.Ferro@gastech.com.kronos; Loreto.Bodrogi@gastech.com.kronos; Isia.Vann@gastech.com.kronos; Stenig.Fusil@gastech.com.kronos; Hennie.Osvaldo@gastech.com.kronos; Kanon.Herrero@gastech.com.kronos; Varja.Lagos@gastech.com.kronos; Minke.Mies@gastech.com.kronos; Felix.Resumir@gastech.com.kronos; Edvard.Vann@gastech.com.kronos; Emile.Arpa@gastech.com.kronos; Varro.Awelon@gastech.com.kronos; Mat.Bramar@gastech.com.kronos; Dante.Coginian@gastech.com.kronos; Carla.Forluniau@gastech.com.kronos; Linda.Lagos@gastech.com.kronos; Cornelia.Lais@gastech.com.kronos; Ruscella.Mies.Haber@gastech.com.kronos; Anda.Ribera@gastech.com.kronos,Rachel Pantanal; Lars Azada; Felix Balas; Isande Borrasca; Axel Calzas; Gustav Cazar; Lidelse Dedos; Birgitta Frente; Vira Frente; Adra Nubarron; Marin Onda; Kare Orilla; Elsa Orilla; Brand Tempestad; Ingrid Barranco; Ada Campo-Corrente; Sten Sanjorge Jr ; Orhan Strum; Willem Vasco-Pais; Bertrand Ovan; Albina Hafon; Benito Hawelon; Claudio Hawelon; Henk Mies; Valeria Morlun; Adan Morlun; Cecilia Morluniau; Irene Nant; Dylan Scozzese; Lucas Alcazar; Isak Baza; Linnea Bergen; Nils Calixto; Sven Flecha; Hideki Cocinaro; Inga Ferro; Loreto Bodrogi; Isia Vann; Stenig Fusil; Hennie Osvaldo; Kanon Herrero; Varja Lagos; Minke Mies; Felix Resumir; Edvard Vann; Emile Arpa; Varro Awelon; Mat Bramar; Dante Coginian; Carla Forluniau; Linda Lagos; Cornelia Lais; Ruscella Mies Haber; Anda Ribera,54,gastech.com.kronos,GAStech-Kronos,1/17/2014 16:46,2014-01-17 16:46,RE: Reorganization,Reorganization,
1137,Adan.Morlun@gastech.com.kronos,Adan Morlun,gastech.com.kronos,GAStech-Kronos,Albina.Hafon@gastech.com.kronos; Valeria.Morlun@gastech.com.kronos; Cecilia.Morluniau@gastech.com.kronos; Henk.Mies@gastech.com.kronos; Dylan.Scozzese@gastech.com.kronos; Benito.Hawelon@gastech.com.kronos,Albina Hafon; Valeria Morlun; Cecilia Morluniau; Henk Mies; Dylan Scozzese; Benito Hawelon,6,gastech.com.kronos,GAStech-Kronos,1/17/2014 16:49,2014-01-17 16:49,Traffic advisory for today,Traffic advisory for today,
1138,Elsa.Orilla@gastech.com.kronos,Elsa Orilla,gastech.com.kronos,GAStech-Kronos,Isande.Borrasca@gastech.com.kronos; Brand.Tempestad@gastech.com.kronos; Adra.Nubarron@gastech.com.kronos; Marin.Onda@gastech.com.kronos; Kare.Orilla@gastech.com.kronos; Elsa.Orilla@gastech.com.kronos,Isande Borrasca; Brand Tempestad; Adra Nubarron; Marin Onda; Kare Orilla; Elsa Orilla,6,gastech.com.kronos,GAStech-Kronos,1/17/2014 16:56,2014-01-17 16:56,RE: 2516-00 openhole logging results,2516-00 openhole logging results,
1139,Mat.Bramar@gastech.com.kronos,Mat Bramar,gastech.com.kronos,GAStech-Kronos,Mat.Bramar@gastech.com.kronos; Anda.Ribera@gastech.com.kronos; Rachel.Pantanal@gastech.com.kronos; Linda.Lagos@gastech.com.kronos; Ruscella.Mies.Haber@gastech.com.kronos; Carla.Forluniau@gastech.com.kronos; Cornelia.Lais@gastech.com.kronos,Mat Bramar; Anda Ribera; Rachel Pantanal; Linda Lagos; Ruscella Mies Haber; Carla Forluniau; Cornelia Lais,7,gastech.com.kronos,GAStech-Kronos,1/17/2014 16:57,2014-01-17 16:57,RE: Does anyone have ...,Does anyone have ...,
1140,Brand.Tempestad@gastech.com.kronos,Brand Tempestad,gastech.com.kronos,GAStech-Kronos,Isande.Borrasca@gastech.com.kronos; Brand.Tempestad@gastech.com.kronos; Adra.Nubarron@gastech.com.kronos; Marin.Onda@gastech.com.kronos; Kare.Orilla@gastech.com.kronos; Elsa.Orilla@gastech.com.kronos,Isande Borrasca; Brand Tempestad; Adra Nubarron; Marin Onda; Kare Orilla; Elsa Orilla,6,gastech.com.kronos,GAStech-Kronos,1/17/2014 16:57,2014-01-17 16:57,RE: 2516-00 openhole logging results,2516-00 openhole logging results,
1141,Orhan.Strum@gastech.com.kronos,Orhan Strum,gastech.com.kronos,GAStech-Kronos,Willem.Vasco-Pais@gastech.com.kronos,Willem Vasco-Pais,1,gastech.com.kronos,GAStech-Kronos,1/17/2014 17:04,2014-01-17 17:04,RE: Favor - water plants please next month,Favor - water plants please next month,
1142,Kanon.Herrero@gastech.com.kronos,Kanon Herrero,gastech.com.kronos,GAStech-Kronos,Hennie.Osvaldo@gastech.com.kronos; Loreto.Bodrogi@gastech.com.kronos; Varja.Lagos@gastech.com.kronos; Inga.Ferro@gastech.com.kronos; Kanon.Herrero@gastech.com.kronos; Hideki.Cocinaro@gastech.com.kronos; Minke.Mies@gastech.com.kronos,Hennie Osvaldo; Loreto Bodrogi; Varja Lagos; Inga Ferro; Kanon Herrero; Hideki Cocinaro; Minke Mies,7,gastech.com.kronos,GAStech-Kronos,1/17/2014 17:07,2014-01-17 17:07,RE: Security procedures for January 20 VIP visit,Security procedures for January 20 VIP visit,security
1143,Albina.Hafon@gastech.com.kronos,Albina Hafon,gastech.com.kronos,GAStech-Kronos,Claudio.Hawelon@gastech.com.kronos; Cecilia.Morluniau@gastech.com.kronos; Benito.Hawelon@gastech.com.kronos; Emile.Arpa@gastech.com.kronos; Adan.Morlun@gastech.com.kronos; Valeria.Morlun@gastech.com.kronos; Dante.Coginian@gastech.com.kronos; Henk.Mies@gastech.com.kronos; Varro.Awelon@gastech.com.kronos; Dylan.Scozzese@gastech.com.kronos; Albina.Hafon@gastech.com.kronos; Irene.Nant@gastech.com.kronos,Claudio Hawelon; Cecilia Morluniau; Benito Hawelon; Emile Arpa; Adan Morlun; Valeria Morlun; Dante Coginian; Henk Mies; Varro Awelon; Dylan Scozzese; Albina Hafon; Irene Nant,12,gastech.com.kronos,GAStech-Kronos,1/17/2014 17:11,2014-01-17 17:11,RE: Route suggestion for next shift,Route suggestion for next shift,
1144,Kare.Orilla@gastech.com.kronos,Kare Orilla,gastech.com.kronos,GAStech-Kronos,Isande.Borrasca@gastech.com.kronos; Brand.Tempestad@gastech.com.kronos; Adra.Nubarron@gastech.com.kronos; Marin.Onda@gastech.com.kronos; Kare.Orilla@gastech.com.kronos; Elsa.Orilla@gastech.com.kronos,Isande Borrasca; Brand Tempestad; Adra Nubarron; Marin Onda; Kare Orilla; Elsa Orilla,6,gastech.com.kronos,GAStech-Kronos,1/17/2014 17:17,2014-01-17 17:17,RE: 2516-00 openhole logging results,2516-00 openhole logging results,
1145,Varja.Lagos@gastech.com.kronos,Varja Lagos,gastech.com.kronos,GAStech-Kronos,Hennie.Osvaldo@gastech.com.kronos; Loreto.Bodrogi@gastech.com.kronos; Varja.Lagos@gastech.com.kronos; Inga.Ferro@gastech.com.kronos; Kanon.Herrero@gastech.com.kronos; Hideki.Cocinaro@gastech.com.kronos; Minke.Mies@gastech.com.kronos,Hennie Osvaldo; Loreto Bodrogi; Varja Lagos; Inga Ferro; Kanon Herrero; Hideki Cocinaro; Minke Mies,7,gastech.com.kronos,GAStech-Kronos,1/17/2014 17:20,2014-01-17 17:20,RE: Security procedures for January 20 VIP visit,Security procedures for January 20 VIP visit,security
1146,Dante.Coginian@gastech.com.kronos,Dante Coginian,gastech.com.kronos,GAStech-Kronos,Claudio.Hawelon@gastech.com.kronos; Cecilia.Morluniau@gastech.com.kronos; Benito.Hawelon@gastech.com.kronos; Emile.Arpa@gastech.com.kronos; Adan.Morlun@gastech.com.kronos; Valeria.Morlun@gastech.com.kronos; Dante.Coginian@gastech.com.kronos; Henk.Mies@gastech.com.kronos; Varro.Awelon@gastech.com.kronos; Dylan.Scozzese@gastech.com.kronos; Albina.Hafon@gastech.com.kronos; Irene.Nant@gastech.com.kronos,Claudio Hawelon; Cecilia Morluniau; Benito Hawelon; Emile Arpa; Adan Morlun; Valeria Morlun; Dante Coginian; Henk Mies; Varro Awelon; Dylan Scozzese; Albina Hafon; Irene Nant,12,gastech.com.kronos,GAStech-Kronos,1/17/2014 17:29,2014-01-17 17:29,RE: Route suggestion for next shift,Route suggestion for next shift,
1147,Dante.Coginian@gastech.com.kronos,Dante Coginian,gastech.com.kronos,GAStech-Kronos,Claudio.Hawelon@gastech.com.kronos; Cecilia.Morluniau@gastech.com.kronos; Benito.Hawelon@gastech.com.kronos; Emile.Arpa@gastech.com.kronos; Adan.Morlun@gastech.com.kronos; Valeria.Morlun@gastech.com.kronos; Dante.Coginian@gastech.com.kronos; Henk.Mies@gastech.com.kronos; Varro.Awelon@gastech.com.kronos; Dylan.Scozzese@gastech.com.kronos; Albina.Hafon@gastech.com.kronos; Irene.Nant@gastech.com.kronos,Claudio Hawelon; Cecilia Morluniau; Benito Hawelon; Emile Arpa; Adan Morlun; Valeria Morlun; Dante Coginian; Henk Mies; Varro Awelon; Dylan Scozzese; Albina Hafon; Irene Nant,12,gastech.com.kronos,GAStech-Kronos,1/17/2014 17:32,2014-01-17 17:32,RE: Route suggestion for next shift,Route suggestion for next shift,
1148,Nils.Calixto@gastech.com.kronos,Nils Calixto,gastech.com.kronos,GAStech-Kronos,Nils.Calixto@gastech.com.kronos; Lucas.Alcazar@gastech.com.kronos; Sven.Flecha@gastech.com.kronos,Nils Calixto; Lucas Alcazar; Sven Flecha,3,gastech.com.kronos,GAStech-Kronos,1/17/2014 17:37,2014-01-17 17:37,RE: Software review report,Software review report,
1149,Edvard.Vann@gastech.com.kronos,Edvard Vann,gastech.com.kronos,GAStech-Kronos,Hideki.Cocinaro@gastech.com.kronos; Varja.Lagos@gastech.com.kronos; Loreto.Bodrogi@gastech.com.kronos; Edvard.Vann@gastech.com.kronos; Stenig.Fusil@gastech.com.kronos; Hennie.Osvaldo@gastech.com.kronos; Felix.Resumir@gastech.com.kronos; Minke.Mies@gastech.com.kronos,Hideki Cocinaro; Varja Lagos; Loreto Bodrogi; Edvard Vann; Stenig Fusil; Hennie Osvaldo; Felix Resumir; Minke Mies,8,gastech.com.kronos,GAStech-Kronos,1/17/2014 17:52,2014-01-17 17:52,RE: Inspection request for site,Inspection request for site,
1150,Cornelia.Lais@gastech.com.kronos,Cornelia Lais,gastech.com.kronos,GAStech-Kronos,Mat.Bramar@gastech.com.kronos; Anda.Ribera@gastech.com.kronos; Rachel.Pantanal@gastech.com.kronos; Linda.Lagos@gastech.com.kronos; Ruscella.Mies.Haber@gastech.com.kronos; Carla.Forluniau@gastech.com.kronos; Cornelia.Lais@gastech.com.kronos,Mat Bramar; Anda Ribera; Rachel Pantanal; Linda Lagos; Ruscella Mies Haber; Carla Forluniau; Cornelia Lais,7,gastech.com.kronos,GAStech-Kronos,1/17/2014 17:55,2014-01-17 17:55,RE: Does anyone have ...,Does anyone have ...,
1151,Linda.Lagos@gastech.com.kronos,Linda Lagos,gastech.com.kronos,GAStech-Kronos,Vira.Frente@gastech.com.kronos,Vira Frente,1,gastech.com.kronos,GAStech-Kronos,1/17/2014 18:00,2014-01-17 18:00,RE: Awwww- cute!,Awwww- cute!,
1152,Benito.Hawelon@gastech.com.kronos,Benito Hawelon,gastech.com.kronos,GAStech-Kronos,Albina.Hafon@gastech.com.kronos; Valeria.Morlun@gastech.com.kronos; Cecilia.Morluniau@gastech.com.kronos; Henk.Mies@gastech.com.kronos; Dylan.Scozzese@gastech.com.kronos; Benito.Hawelon@gastech.com.kronos,Albina Hafon; Valeria Morlun; Cecilia Morluniau; Henk Mies; Dylan Scozzese; Benito Hawelon,6,gastech.com.kronos,GAStech-Kronos,1/17/2014 18:10,2014-01-17 18:10,RE: Traffic advisory for today,Traffic advisory for today,
1153,Albina.Hafon@gastech.com.kronos,Albina Hafon,gastech.com.kronos,GAStech-Kronos,Albina.Hafon@gastech.com.kronos; Valeria.Morlun@gastech.com.kronos; Cecilia.Morluniau@gastech.com.kronos; Henk.Mies@gastech.com.kronos; Dylan.Scozzese@gastech.com.kronos; Benito.Hawelon@gastech.com.kronos,Albina Hafon; Valeria Morlun; Cecilia Morluniau; Henk Mies; Dylan Scozzese; Benito Hawelon,6,gastech.com.kronos,GAStech-Kronos,1/17/2014 18:12,2014-01-17 18:12,RE: Traffic advisory for today,Traffic advisory for today,
1154,Sven.Flecha@gastech.com.kronos,Sven Flecha,gastech.com.kronos,GAStech-Kronos,Nils.Calixto@gastech.com.kronos; Lucas.Alcazar@gastech.com.kronos; Sven.Flecha@gastech.com.kronos,Nils Calixto; Lucas Alcazar; Sven Flecha,3,gastech.com.kronos,GAStech-Kronos,1/17/2014 18:15,2014-01-17 18:15,RE: Software review report,Software review report,
1155,Claudio.Hawelon@gastech.com.kronos,Claudio Hawelon,gastech.com.kronos,GAStech-Kronos,Claudio.Hawelon@gastech.com.kronos; Cecilia.Morluniau@gastech.com.kronos; Benito.Hawelon@gastech.com.kronos; Emile.Arpa@gastech.com.kronos; Adan.Morlun@gastech.com.kronos; Valeria.Morlun@gastech.com.kronos; Dante.Coginian@gastech.com.kronos; Henk.Mies@gastech.com.kronos; Varro.Awelon@gastech.com.kronos; Dylan.Scozzese@gastech.com.kronos; Albina.Hafon@gastech.com.kronos; Irene.Nant@gastech.com.kronos,Claudio Hawelon; Cecilia Morluniau; Benito Hawelon; Emile Arpa; Adan Morlun; Valeria Morlun; Dante Coginian; Henk Mies; Varro Awelon; Dylan Scozzese; Albina Hafon; Irene Nant,12,gastech.com.kronos,GAStech-Kronos,1/17/2014 18:23,2014-01-17 18:23,RE: Route suggestion for next shift,Route suggestion for next shift,
1156,Linda.Lagos@gastech.com.kronos,Linda Lagos,gastech.com.kronos,GAStech-Kronos,Mat.Bramar@gastech.com.kronos; Anda.Ribera@gastech.com.kronos; Rachel.Pantanal@gastech.com.kronos; Linda.Lagos@gastech.com.kronos; Ruscella.Mies.Haber@gastech.com.kronos; Carla.Forluniau@gastech.com.kronos; Cornelia.Lais@gastech.com.kronos,Mat Bramar; Anda Ribera; Rachel Pantanal; Linda Lagos; Ruscella Mies Haber; Carla Forluniau; Cornelia Lais,7,gastech.com.kronos,GAStech-Kronos,1/17/2014 18:23,2014-01-17 18:23,RE: Training opportunity,Training opportunity,
1157,Inga.Ferro@gastech.com.kronos,Inga Ferro,gastech.com.kronos,GAStech-Kronos,Hennie.Osvaldo@gastech.com.kronos; Loreto.Bodrogi@gastech.com.kronos; Varja.Lagos@gastech.com.kronos; Inga.Ferro@gastech.com.kronos; Kanon.Herrero@gastech.com.kronos; Hideki.Cocinaro@gastech.com.kronos; Minke.Mies@gastech.com.kronos,Hennie Osvaldo; Loreto Bodrogi; Varja Lagos; Inga Ferro; Kanon Herrero; Hideki Cocinaro; Minke Mies,7,gastech.com.kronos,GAStech-Kronos,1/17/2014 18:23,2014-01-17 18:23,RE: Security procedures for January 20 VIP visit,Security procedures for January 20 VIP visit,security
1158,Ruscella.Mies.Haber@gastech.com.kronos,Ruscella Mies Haber,gastech.com.kronos,GAStech-Kronos,Mat.Bramar@gastech.com.kronos; Anda.Ribera@gastech.com.kronos; Rachel.Pantanal@gastech.com.kronos; Linda.Lagos@gastech.com.kronos; Ruscella.Mies.Haber@gastech.com.kronos; Carla.Forluniau@gastech.com.kronos; Cornelia.Lais@gastech.com.kronos,Mat Bramar; Anda Ribera; Rachel Pantanal; Linda Lagos; Ruscella Mies Haber; Carla Forluniau; Cornelia Lais,7,gastech.com.kronos,GAStech-Kronos,1/17/2014 18:27,2014-01-17 18:27,RE: Does anyone have ...,Does anyone have ...,
1159,Dante.Coginian@gastech.com.kronos,Dante Coginian,gastech.com.kronos,GAStech-Kronos,Henk.Mies@gastech.com.kronos; Albina.Hafon@gastech.com.kronos; Dante.Coginian@gastech.com.kronos; Benito.Hawelon@gastech.com.kronos; Varro.Awelon@gastech.com.kronos; Bertrand.Ovan@gastech.com.kronos; Claudio.Hawelon@gastech.com.kronos; Emile.Arpa@gastech.com.kronos; Valeria.Morlun@gastech.com.kronos; Adan.Morlun@gastech.com.kronos,Henk Mies; Albina Hafon; Dante Coginian; Benito Hawelon; Varro Awelon; Bertrand Ovan; Claudio Hawelon; Emile Arpa; Valeria Morlun; Adan Morlun,10,gastech.com.kronos,GAStech-Kronos,1/17/2014 18:32,2014-01-17 18:32,RE: Funny!!,Funny!!,
1160,Mat.Bramar@gastech.com.kronos,Mat Bramar,gastech.com.kronos,GAStech-Kronos,Mat.Bramar@gastech.com.kronos; Anda.Ribera@gastech.com.kronos; Rachel.Pantanal@gastech.com.kronos; Linda.Lagos@gastech.com.kronos; Ruscella.Mies.Haber@gastech.com.kronos; Carla.Forluniau@gastech.com.kronos; Cornelia.Lais@gastech.com.kronos,Mat Bramar; Anda Ribera; Rachel Pantanal; Linda Lagos; Ruscella Mies Haber; Carla Forluniau; Cornelia Lais,7,gastech.com.kronos,GAStech-Kronos,1/17/2014 18:33,2014-01-17 18:33,RE: Catering?!?,Catering?!?,
1161,Sven.Flecha@gastech.com.kronos,Sven Flecha,gastech.com.kronos,GAStech-Kronos,Nils.Calixto@gastech.com.kronos; Lucas.Alcazar@gastech.com.kronos; Sven.Flecha@gastech.com.kronos,Nils Calixto; Lucas Alcazar; Sven Flecha,3,gastech.com.kronos,GAStech-Kronos,1/17/2014 18:38,2014-01-17 18:38,RE: Software review report,Software review report,
1162,Stenig.Fusil@gastech.com.kronos,Stenig Fusil,gastech.com.kronos,GAStech-Kronos,Hideki.Cocinaro@gastech.com.kronos; Varja.Lagos@gastech.com.kronos; Loreto.Bodrogi@gastech.com.kronos; Edvard.Vann@gastech.com.kronos; Stenig.Fusil@gastech.com.kronos; Hennie.Osvaldo@gastech.com.kronos; Felix.Resumir@gastech.com.kronos; Minke.Mies@gastech.com.kronos,Hideki Cocinaro; Varja Lagos; Loreto Bodrogi; Edvard Vann; Stenig Fusil; Hennie Osvaldo; Felix Resumir; Minke Mies,8,gastech.com.kronos,GAStech-Kronos,1/17/2014 18:40,2014-01-17 18:40,RE: Inspection request for site,Inspection request for site,
1163,Henk.Mies@gastech.com.kronos,Henk Mies,gastech.com.kronos,GAStech-Kronos,Albina.Hafon@gastech.com.kronos; Valeria.Morlun@gastech.com.kronos; Cecilia.Morluniau@gastech.com.kronos; Henk.Mies@gastech.com.kronos; Dylan.Scozzese@gastech.com.kronos; Benito.Hawelon@gastech.com.kronos,Albina Hafon; Valeria Morlun; Cecilia Morluniau; Henk Mies; Dylan Scozzese; Benito Hawelon,6,gastech.com.kronos,GAStech-Kronos,1/17/2014 18:42,2014-01-17 18:42,RE: Traffic advisory for today,Traffic advisory for today,
1164,Mat.Bramar@gastech.com.kronos,Mat Bramar,gastech.com.kronos,GAStech-Kronos,Mat.Bramar@gastech.com.kronos; Anda.Ribera@gastech.com.kronos; Rachel.Pantanal@gastech.com.kronos; Linda.Lagos@gastech.com.kronos; Ruscella.Mies.Haber@gastech.com.kronos; Carla.Forluniau@gastech.com.kronos; Cornelia.Lais@gastech.com.kronos,Mat Bramar; Anda Ribera; Rachel Pantanal; Linda Lagos; Ruscella Mies Haber; Carla Forluniau; Cornelia Lais,7,gastech.com.kronos,GAStech-Kronos,1/17/2014 18:48,2014-01-17 18:48,RE: Does anyone have ...,Does anyone have ...,
1165,Claudio.Hawelon@gastech.com.kronos,Claudio Hawelon,gastech.com.kronos,GAStech-Kronos,Henk.Mies@gastech.com.kronos; Albina.Hafon@gastech.com.kronos; Dante.Coginian@gastech.com.kronos; Benito.Hawelon@gastech.com.kronos; Varro.Awelon@gastech.com.kronos; Bertrand.Ovan@gastech.com.kronos; Claudio.Hawelon@gastech.com.kronos; Emile.Arpa@gastech.com.kronos; Valeria.Morlun@gastech.com.kronos; Adan.Morlun@gastech.com.kronos,Henk Mies; Albina Hafon; Dante Coginian; Benito Hawelon; Varro Awelon; Bertrand Ovan; Claudio Hawelon; Emile Arpa; Valeria Morlun; Adan Morlun,10,gastech.com.kronos,GAStech-Kronos,1/17/2014 19:01,2014-01-17 19:01,RE: Funny!!,Funny!!,
1166,Nils.Calixto@gastech.com.kronos,Nils Calixto,gastech.com.kronos,GAStech-Kronos,Nils.Calixto@gastech.com.kronos; Lucas.Alcazar@gastech.com.kronos; Sven.Flecha@gastech.com.kronos,Nils Calixto; Lucas Alcazar; Sven Flecha,3,gastech.com.kronos,GAStech-Kronos,1/17/2014 19:07,2014-01-17 19:07,RE: Software review report,Software review report,
1167,Nils.Calixto@gastech.com.kronos,Nils Calixto,gastech.com.kronos,GAStech-Kronos,Nils.Calixto@gastech.com.kronos; Sven.Flecha@gastech.com.kronos,Nils Calixto; Sven Flecha,2,gastech.com.kronos,GAStech-Kronos,1/17/2014 19:16,2014-01-17 19:16,RE: The most creative spam I've seen lately.,The most creative spam I've seen lately.,
1168,Stenig.Fusil@gastech.com.kronos,Stenig Fusil,gastech.com.kronos,GAStech-Kronos,Hideki.Cocinaro@gastech.com.kronos; Varja.Lagos@gastech.com.kronos; Loreto.Bodrogi@gastech.com.kronos; Edvard.Vann@gastech.com.kronos; Stenig.Fusil@gastech.com.kronos; Hennie.Osvaldo@gastech.com.kronos; Felix.Resumir@gastech.com.kronos; Minke.Mies@gastech.com.kronos,Hideki Cocinaro; Varja Lagos; Loreto Bodrogi; Edvard Vann; Stenig Fusil; Hennie Osvaldo; Felix Resumir; Minke Mies,8,gastech.com.kronos,GAStech-Kronos,1/17/2014 19:27,2014-01-17 19:27,RE: Inspection request for site,Inspection request for site,
1169,Hennie.Osvaldo@gastech.com.kronos,Hennie Osvaldo,gastech.com.kronos,GAStech-Kronos,Hideki.Cocinaro@gastech.com.kronos; Varja.Lagos@gastech.com.kronos; Loreto.Bodrogi@gastech.com.kronos; Edvard.Vann@gastech.com.kronos; Stenig.Fusil@gastech.com.kronos; Hennie.Osvaldo@gastech.com.kronos; Felix.Resumir@gastech.com.kronos; Minke.Mies@gastech.com.kronos,Hideki Cocinaro; Varja Lagos; Loreto Bodrogi; Edvard Vann; Stenig Fusil; Hennie Osvaldo; Felix Resumir; Minke Mies,8,gastech.com.kronos,GAStech-Kronos,1/17/2014 19:38,2014-01-17 19:38,RE: Inspection request for site,Inspection request for site,
1170,Sven.Flecha@gastech.com.kronos,Sven Flecha,gastech.com.kronos,GAStech-Kronos,Nils.Calixto@gastech.com.kronos; Sven.Flecha@gastech.com.kronos,Nils Calixto; Sven Flecha,2,gastech.com.kronos,GAStech-Kronos,1/17/2014 19:46,2014-01-17 19:46,RE: The most creative spam I've seen lately.,The most creative spam I've seen lately.,
1171,Mat.Bramar@gastech.com.kronos,Mat Bramar,gastech.com.kronos,GAStech-Kronos,Mat.Bramar@gastech.com.kronos; Anda.Ribera@gastech.com.kronos; Rachel.Pantanal@gastech.com.kronos; Linda.Lagos@gastech.com.kronos; Ruscella.Mies.Haber@gastech.com.kronos; Carla.Forluniau@gastech.com.kronos; Cornelia.Lais@gastech.com.kronos,Mat Bramar; Anda Ribera; Rachel Pantanal; Linda Lagos; Ruscella Mies Haber; Carla Forluniau; Cornelia Lais,7,gastech.com.kronos,GAStech-Kronos,1/17/2014 19:47,2014-01-17 19:47,RE: Training opportunity,Training opportunity,
1172,Sven.Flecha@gastech.com.kronos,Sven Flecha,gastech.com.kronos,GAStech-Kronos,Nils.Calixto@gastech.com.kronos; Sven.Flecha@gastech.com.kronos,Nils Calixto; Sven Flecha,2,gastech.com.kronos,GAStech-Kronos,1/17/2014 19:56,2014-01-17 19:56,RE: The most creative spam I've seen lately.,The most creative spam I've seen lately.,
1173,Dylan.Scozzese@gastech.com.kronos,Dylan Scozzese,gastech.com.kronos,GAStech-Kronos,Albina.Hafon@gastech.com.kronos; Valeria.Morlun@gastech.com.kronos; Cecilia.Morluniau@gastech.com.kronos; Henk.Mies@gastech.com.kronos; Dylan.Scozzese@gastech.com.kronos; Benito.Hawelon@gastech.com.kronos,Albina Hafon; Valeria Morlun; Cecilia Morluniau; Henk Mies; Dylan Scozzese; Benito Hawelon,6,gastech.com.kronos,GAStech-Kronos,1/17/2014 20:04,2014-01-17 20:04,RE: Traffic advisory for today,Traffic advisory for today,
1174,Varja.Lagos@gastech.com.kronos,Varja Lagos,gastech.com.kronos,GAStech-Kronos,Hideki.Cocinaro@gastech.com.kronos; Varja.Lagos@gastech.com.kronos; Loreto.Bodrogi@gastech.com.kronos; Edvard.Vann@gastech.com.kronos; Stenig.Fusil@gastech.com.kronos; Hennie.Osvaldo@gastech.com.kronos; Felix.Resumir@gastech.com.kronos; Minke.Mies@gastech.com.kronos,Hideki Cocinaro; Varja Lagos; Loreto Bodrogi; Edvard Vann; Stenig Fusil; Hennie Osvaldo; Felix Resumir; Minke Mies,8,gastech.com.kronos,GAStech-Kronos,1/17/2014 20:15,2014-01-17 20:15,RE: Inspection request for site,Inspection request for site,
1175,Albina.Hafon@gastech.com.kronos,Albina Hafon,gastech.com.kronos,GAStech-Kronos,Albina.Hafon@gastech.com.kronos; Valeria.Morlun@gastech.com.kronos; Cecilia.Morluniau@gastech.com.kronos; Henk.Mies@gastech.com.kronos; Dylan.Scozzese@gastech.com.kronos; Benito.Hawelon@gastech.com.kronos,Albina Hafon; Valeria Morlun; Cecilia Morluniau; Henk Mies; Dylan Scozzese; Benito Hawelon,6,gastech.com.kronos,GAStech-Kronos,1/17/2014 20:46,2014-01-17 20:46,RE: Traffic advisory for today,Traffic advisory for today,
