edge_id,source,target,source_label,target_label,relation_type,weight,evidence_type,evidence_id,date,description,confidence,source_file,quote_or_note
E00001,GAStech,Kronos_Government,GAStech,Kronos Government,official_cooperation,1,news,496,1984-05-05,长期商业合作与政府支持,high,relationships.csv,e the great volumes of gas coast outside that could be extracted. Sanjorge and GAStech were granted to three licenses by the government of Kronos the month last through the ministry of the energy and the development and hopes to begin the exploration soon
E00002,GAStech,Kronos_Government,GAStech,Kronos Government,official_cooperation,1,news,666,1993-03-12,长期商业合作与政府支持,medium,relationships.csv,"Government Strikes Deal with GAStech International President Araullo today announced the signing of an agreement between his government and the Tethys-based GAStech International for the development of the Tiskele Bend gas fields. GAStech, under the leadership of visionary Sten Sanjorge... President"
E00003,GAStech,Kronos_Government,GAStech,Kronos Government,official_cooperation,1,news,723,1993-09-21,长期商业合作与政府支持,medium,relationships.csv,"BILA As she leaves from the government brokered distribution with international GAStech, Abila must make improvements to their deep port. When one hopes that the inclines of the production of the gas for above, the traffic of the port increases... As she leaves from the government brokered distribut"
E00004,GAStech,POK,GAStech,POK,opposition,1,news,273,2001-08-30,环保抗议与设施冲突,high,relationships.csv,"Traffic Near Tiskele Bend Fields Five young people were arrested yesterday for protesting near the entrance to the Tiskele Bend fields as they called for government action to address their environmental concerns about GAStech's operations at the site. The protestors,... Five young people were arrest"
E00005,GAStech,POK,GAStech,POK,opposition,1,news,658,2001-08-31,环保抗议与设施冲突,medium,relationships.csv,avies obstructed the free speech - yet again - of members of the activist group Protectors of Kronos yesterday at a lawful demonstration at the Tiskele Bend fields. The five POK activists had gathered in front of the gates to... Government heavies obstructed the free speech - yet again - of members 
E00006,GAStech,POK,GAStech,POK,opposition,1,news,221,2005-04-05,环保抗议与设施冲突,medium,relationships.csv,POK PROTESTS END IN ARRESTS Fifteen members of the Protectors of Kronos (POK) activist organization were arrested by Kronos federal police yesterday following an dispute at the gates of the Tiskele Bend GAStech facility. Protesters arrived pre-dawn to lock arms and... Fifteen members of the Protecto
E00007,POK,Kronos_Government,POK,Kronos Government,opposition,1,news,273,2001-08-30,抗议者被逮捕、被定性为罪犯,high,relationships.csv,"Activists Disrupt Traffic Near Tiskele Bend Fields Five young people were arrested yesterday for protesting near the entrance to the Tiskele Bend fields as they called for government action to address their environmental concerns about GAStech's operations at the site. The protestors,... Five young "
E00008,POK,Kronos_Government,POK,Kronos Government,opposition,1,news,658,2001-08-31,抗议者被逮捕、被定性为罪犯,medium,relationships.csv,POK MEMBERS ARRESTED Government heavies obstructed the free speech - yet again - of members of the activist group Protectors of Kronos yesterday at a lawful demonstration at the Tiskele Bend fields. The five POK activists had gathered in front of the gates to... Government heavies obstructed the fre
E00009,POK,Kronos_Government,POK,Kronos Government,opposition,1,news,22,2001-09-02,抗议者被逮捕、被定性为罪犯,medium,relationships.csv,THE MEMBERS OF POK ARRESTED Heavies of the government obstructed the free speech - yet again - of the members of the protectors of the group of the activist of Kronos yesterday in a legal demonstration in the fields of the curve of Tiskele. The five activists of POK... Heavies of the government obst
E00010,Asterian_Peoples_Army,GAStech,APA / Asterian People's Army,GAStech,hostility,1,news,141,2009-02-21,绑架风险与恐怖活动关联,high,relationships.csv,n to the complaints of the environmental damage made more damage. The gathering apart from international registered offices of GAStech had like consequence of the multiple arrests for the... A gathering of POK conceived to give the attention to the complaints of the environmental damage made more da
E00011,Asterian_Peoples_Army,GAStech,APA / Asterian People's Army,GAStech,hostility,1,news,460,2014-01-21,绑架风险与恐怖活动关联,medium,relationships.csv,"employees has not been sent. Juan Rathburn, American expert in the executive kidnappings that are living in Tethys, says that Kronos has not been known as country archetype for the kidnapping. ""Nevertheless, the increasing activity by POK, APA [army of people of Asterian], and others in the region h"
E00012,Asterian_Peoples_Army,GAStech,APA / Asterian People's Army,GAStech,hostility,1,news,507,2014-01-20,绑架风险与恐怖活动关联,medium,relationships.csv,to the clock in order assessing employ to you of GAStech are found and that the kidnappers they are capacities to justice.
E00013,POK,Asterian_Peoples_Army,POK,APA / Asterian People's Army,indirect_association,1,news,141,2009-02-21,同为激进组织但目标与手段不同,high,relationships.csv,REGISTERED OFFICES OF GASTECH BLOCKED BY POK A gathering of POK conceived to give the attention to the complaints of the environmental damage made more damage. The gathering apart from international registered offices of GAStech had like consequence of the multiple arrests for the... A gathering of 
E00014,POK,Asterian_Peoples_Army,POK,APA / Asterian People's Army,indirect_association,1,news,387,2009-06-23,同为激进组织但目标与手段不同,medium,relationships.csv,"He heard that the prices of food in Abila are really high."" Nevertheless, its capacity to hook in last instance with the intimidated government of Kronos never had been clear. She is also confused who will now take its layer in the POK goes that it."
E00015,POK,Asterian_Peoples_Army,POK,APA / Asterian People's Army,indirect_association,1,news,460,2014-01-21,同为激进组织但目标与手段不同,medium,relationships.csv,"country archetype for the kidnapping. ""Nevertheless, the increasing activity by POK, APA [army of people of Asterian], and others in the region have increased perceivably the risk."" The corresponding times i"
E00016,Sten_Sanjorge,President_Kapelou,Sten Sanjorge,President Kapelou,official_meeting,1,news,174,2014-01-19,IPO 后政府接待与高层互动,high,relationships.csv,"Barranco, Ada Campo-Corrente, Orhan Strum, and Willem Vasco-Pais will attend a reception with government officials tomorrow following a business meeting at their headquarters building. Government spokesman... Local GAStech executives Ingrid Barranco, Ada Campo-Corrente, Orhan Strum, and Willem Vasco"
E00017,Sten_Sanjorge,President_Kapelou,Sten Sanjorge,President Kapelou,official_meeting,1,news,169,2014-01-20,IPO 后政府接待与高层互动,medium,relationships.csv,"ronos Government official who asked not to be identified but was present at the government reception has gone on the record stating, ""Investigators are working around the clock to ensure that the kidnapped GAStech... 202"
E00018,Sten_Sanjorge,President_Kapelou,Sten Sanjorge,President Kapelou,official_meeting,1,news,170,2014-01-20,IPO 后政府接待与高层互动,medium,relationships.csv,"GAStech leadership are in fact missing. The group was expected to arrive at the Government reception following this morning's meeting at... Miriam Avila, an administrative assistant at GAStech International, has confirme"
E00019,Elian_Karel,POK,Elian Karel,POK,leadership,1,news,134,2001-03-22,POK 领袖与运动象征,high,relationships.csv,"asure and Minister Nespola will reintroduce it later this year."" Bodrogi is the leader of the Protectors of Kronos, a grassroots environmental group with a mission to reverse the pollution caused by gas drilling in his hometown."
E00020,Elian_Karel,POK,Elian Karel,POK,leadership,1,news,465,2001-03-23,POK 领袖与运动象征,medium,relationships.csv,"ster will reintroducirá it to Nespola at the end of this year."" Bodrogi is the leader of the protectors of Kronos, an environmental group of the towns with a mission to stop the contamination caused by the gas that it perforates in h"
E00021,Elian_Karel,POK,Elian Karel,POK,leadership,1,news,168,2009-02-18,POK 领袖与运动象征,medium,relationships.csv,"of citizens from the Elodis area, has been revitalization under the charismatic leadership of Elian Karel. Government spokesman Rufus Drymiau said of today's POK rally, ""We have been concerned by a pattern of increasingly aggressive tactics by the Protectors of Kronos for some time now. In light of "
E00022,Henk_Bodrogi,POK,Henk Bodrogi,POK,founder,1,news,69,1998-03-19,POK 创始人之一,high,relationships.csv,a farmer whose family had been here for several generations. I caught up with Henk Bodrogi in town making purchases at the Osvaldo hardware store to repair a broken tractor. Bodrogi has farmed soybeans his ent
E00023,Henk_Bodrogi,POK,Henk Bodrogi,POK,founder,1,news,317,1998-03-21,POK 创始人之一,medium,relationships.csv,o he who family had here been for several generations. I took for above with Henk Bodrogi in the city that made purchases in the warehouse of the hardware of Osvaldo to repair an broken tractor. Bodrogi has c
E00024,Henk_Bodrogi,POK,Henk Bodrogi,POK,founder,1,news,502,1998-04-25,POK 创始人之一,medium,relationships.csv,luence of multinational corporations on the country of Kronos. I caught up with Henk Bodrogi in town making purchases at Ferro Hardware store to repair a broken tractor. Bodrogi has farmed soybeans his entire li
E00025,Sten_Sanjorge_Jr,Orhan_Strum,Sten Sanjorge Jr ,Orhan Strum,email_communication,1,email,11,2014-01-06 11:53,IPO 相关内部邮件通信,high,relationships.csv,IPO
E00026,Willem_Vasco_Pais,Orhan_Strum,Willem Vasco-Pais,Orhan Strum,email_communication,1,email,26,2014-01-06 12:56,IPO 相关内部邮件通信,high,relationships.csv,RE: IPO
E00027,Orhan_Strum,Orhan_Strum,Orhan Strum,Orhan Strum,email_communication,1,email,28,2014-01-06 13:05,IPO 相关内部邮件通信,high,relationships.csv,RE: IPO
E00028,Willem_Vasco_Pais,Orhan_Strum,Willem Vasco-Pais,Orhan Strum,email_communication,1,email,48,2014-01-06 14:19,IPO 相关内部邮件通信,high,relationships.csv,RE: IPO
E00029,Willem_Vasco_Pais,Orhan_Strum,Willem Vasco-Pais,Orhan Strum,email_communication,1,email,59,2014-01-06 14:57,IPO 相关内部邮件通信,high,relationships.csv,RE: IPO
E00030,GAStech,Kronos_Government,GAStech,Kronos Government,security_coordination,1,email,31,2014-01-06 13:14,2014-01-20 VIP 访问安保协调,medium,relationships.csv,Facilities preparations for VIP visit
E00031,GAStech,Kronos_Government,GAStech,Kronos Government,security_coordination,1,email,35,2014-01-06 13:24,2014-01-20 VIP 访问安保协调,medium,relationships.csv,Question - Protocol for VIP visit
E00032,GAStech,Kronos_Government,GAStech,Kronos Government,security_coordination,1,email,73,2014-01-06 16:38,2014-01-20 VIP 访问安保协调,medium,relationships.csv,RE: Facilities preparations for VIP visit
E00033,Asterian_Peoples_Army,GAStech,APA / Asterian People's Army,GAStech,regional_security_risk,3,curated,,,APA被作为区域绑架/安全风险因素提及，但不是Abila Police。,medium,curated_APA_split,split APA from Abila Police
E00034,Abila_Police,Kronos_Government,Abila Police,Kronos Government,law_enforcement_under_government,4,curated,,,Abila警方执行调查、采访和警戒，与政府执法体系相关。,medium,curated_APA_split,split APA from Asterian People's Army
E00035,Abila_Police,POK,Abila Police,POK,law_enforcement_conflict,4,news,,2014-01-20,警方怀疑/调查POK相关绑架；历史上POK抗议也与警务执法冲突。,medium,articles_lite.csv,Abila Police and POK must be separate from APA armed group.
E00036,Abila_Police,GAStech,Abila Police,GAStech,incident_response,4,news,,2014-01-20,绑架/失踪当日，Abila警察进入GAStech总部并采访员工。,medium,articles_lite.csv,incident response
E00037,Mat_Bramar,GAStech_Kronos,Mat Bramar,GAStech-Kronos,employed_by,1,employee_record,Mat_Bramar,2005-07-01,Assistant to CEO,high,EmployeeRecords.xlsx,
E00038,Mat_Bramar,Dept_Administration,Mat Bramar,Administration,member_of_department,1,employee_record,Mat_Bramar,,,high,EmployeeRecords.xlsx,
E00039,Mat_Bramar,Sten_Sanjorge_Jr,Mat Bramar,Sten Sanjorge Jr.,reports_to,2,org_chart,,,由组织架构图和EmployeeRecords推断的汇报关系,medium,GAStechKronos-org-chart.pdf,
E00040,Anda_Ribera,GAStech_Kronos,Anda Ribera,GAStech-Kronos,employed_by,1,employee_record,Anda_Ribera,2009-10-30,Assistant to CFO,high,EmployeeRecords.xlsx,
E00041,Anda_Ribera,Dept_Administration,Anda Ribera,Administration,member_of_department,1,employee_record,Anda_Ribera,,,high,EmployeeRecords.xlsx,
E00042,Anda_Ribera,Ingrid_Barranco,Anda Ribera,Ingrid Barranco,reports_to,2,org_chart,,,由组织架构图和EmployeeRecords推断的汇报关系,medium,GAStechKronos-org-chart.pdf,
E00043,Rachel_Pantanal,GAStech_Kronos,Rachel Pantanal,GAStech-Kronos,employed_by,1,employee_record,Rachel_Pantanal,2013-10-01,Assistant to CIO,high,EmployeeRecords.xlsx,
E00044,Rachel_Pantanal,Dept_Administration,Rachel Pantanal,Administration,member_of_department,1,employee_record,Rachel_Pantanal,,,high,EmployeeRecords.xlsx,
E00045,Rachel_Pantanal,Ada_Campo_Corrente,Rachel Pantanal,Ada Campo-Corrente,reports_to,2,org_chart,,,由组织架构图和EmployeeRecords推断的汇报关系,medium,GAStechKronos-org-chart.pdf,
E00046,Linda_Lagos,GAStech_Kronos,Linda Lagos,GAStech-Kronos,employed_by,1,employee_record,Linda_Lagos,2010-02-01,Assistant to COO,high,EmployeeRecords.xlsx,
E00047,Linda_Lagos,Dept_Administration,Linda Lagos,Administration,member_of_department,1,employee_record,Linda_Lagos,,,high,EmployeeRecords.xlsx,
E00048,Linda_Lagos,Orhan_Strum,Linda Lagos,Orhan Strum,reports_to,2,org_chart,,,由组织架构图和EmployeeRecords推断的汇报关系,medium,GAStechKronos-org-chart.pdf,
E00049,Ruscella_Mies_Haber,GAStech_Kronos,Ruscella Mies Haber,GAStech-Kronos,employed_by,1,employee_record,Ruscella_Mies_Haber,2003-04-02,Assistant to Engineering Group Manager,high,EmployeeRecords.xlsx,
E00050,Ruscella_Mies_Haber,Dept_Administration,Ruscella Mies Haber,Administration,member_of_department,1,employee_record,Ruscella_Mies_Haber,,,high,EmployeeRecords.xlsx,
E00051,Carla_Forluniau,GAStech_Kronos,Carla Forluniau,GAStech-Kronos,employed_by,1,employee_record,Carla_Forluniau,2005-03-07,Assistant to IT Group Manager,high,EmployeeRecords.xlsx,
E00052,Carla_Forluniau,Dept_Administration,Carla Forluniau,Administration,member_of_department,1,employee_record,Carla_Forluniau,,,high,EmployeeRecords.xlsx,
E00053,Cornelia_Lais,GAStech_Kronos,Cornelia Lais,GAStech-Kronos,employed_by,1,employee_record,Cornelia_Lais,2011-12-22,Assistant to Security Group Manager,high,EmployeeRecords.xlsx,
E00054,Cornelia_Lais,Dept_Administration,Cornelia Lais,Administration,member_of_department,1,employee_record,Cornelia_Lais,,,high,EmployeeRecords.xlsx,
E00055,Marin_Onda,GAStech_Kronos,Marin Onda,GAStech-Kronos,employed_by,1,employee_record,Marin_Onda,2003-04-13,Drill Site Manager,high,EmployeeRecords.xlsx,
E00056,Marin_Onda,Dept_Engineering,Marin Onda,Engineering,member_of_department,1,employee_record,Marin_Onda,,,high,EmployeeRecords.xlsx,
E00057,Marin_Onda,Lidelse_Dedos,Marin Onda,Lidelse Dedos,reports_to,2,org_chart,,,由组织架构图和EmployeeRecords推断的汇报关系,medium,GAStechKronos-org-chart.pdf,
E00058,Isande_Borrasca,GAStech_Kronos,Isande Borrasca,GAStech-Kronos,employed_by,1,employee_record,Isande_Borrasca,2004-02-18,Drill Technician,high,EmployeeRecords.xlsx,
E00059,Isande_Borrasca,Dept_Engineering,Isande Borrasca,Engineering,member_of_department,1,employee_record,Isande_Borrasca,,,high,EmployeeRecords.xlsx,
E00060,Isande_Borrasca,Lidelse_Dedos,Isande Borrasca,Lidelse Dedos,reports_to,2,org_chart,,,由组织架构图和EmployeeRecords推断的汇报关系,medium,GAStechKronos-org-chart.pdf,
E00061,Axel_Calzas,GAStech_Kronos,Axel Calzas,GAStech-Kronos,employed_by,1,employee_record,Axel_Calzas,1997-07-17,Drill Technician,high,EmployeeRecords.xlsx,
E00062,Axel_Calzas,Dept_Engineering,Axel Calzas,Engineering,member_of_department,1,employee_record,Axel_Calzas,,,high,EmployeeRecords.xlsx,
E00063,Axel_Calzas,Lidelse_Dedos,Axel Calzas,Lidelse Dedos,reports_to,2,org_chart,,,由组织架构图和EmployeeRecords推断的汇报关系,medium,GAStechKronos-org-chart.pdf,
E00064,Kare_Orilla,GAStech_Kronos,Kare Orilla,GAStech-Kronos,employed_by,1,employee_record,Kare_Orilla,2005-11-12,Drill Technician,high,EmployeeRecords.xlsx,
E00065,Kare_Orilla,Dept_Engineering,Kare Orilla,Engineering,member_of_department,1,employee_record,Kare_Orilla,,,high,EmployeeRecords.xlsx,
E00066,Kare_Orilla,Lidelse_Dedos,Kare Orilla,Lidelse Dedos,reports_to,2,org_chart,,,由组织架构图和EmployeeRecords推断的汇报关系,medium,GAStechKronos-org-chart.pdf,
E00067,Elsa_Orilla,GAStech_Kronos,Elsa Orilla,GAStech-Kronos,employed_by,1,employee_record,Elsa_Orilla,2004-05-26,Drill Technician,high,EmployeeRecords.xlsx,
E00068,Elsa_Orilla,Dept_Engineering,Elsa Orilla,Engineering,member_of_department,1,employee_record,Elsa_Orilla,,,high,EmployeeRecords.xlsx,
E00069,Elsa_Orilla,Lidelse_Dedos,Elsa Orilla,Lidelse Dedos,reports_to,2,org_chart,,,由组织架构图和EmployeeRecords推断的汇报关系,medium,GAStechKronos-org-chart.pdf,
E00070,Brand_Tempestad,GAStech_Kronos,Brand Tempestad,GAStech-Kronos,employed_by,1,employee_record,Brand_Tempestad,2004-06-12,Drill Technician,high,EmployeeRecords.xlsx,
E00071,Brand_Tempestad,Dept_Engineering,Brand Tempestad,Engineering,member_of_department,1,employee_record,Brand_Tempestad,,,high,EmployeeRecords.xlsx,
E00072,Brand_Tempestad,Lidelse_Dedos,Brand Tempestad,Lidelse Dedos,reports_to,2,org_chart,,,由组织架构图和EmployeeRecords推断的汇报关系,medium,GAStechKronos-org-chart.pdf,
E00073,Lars_Azada,GAStech_Kronos,Lars Azada,GAStech-Kronos,employed_by,1,employee_record,Lars_Azada,1995-12-01,Engineer,high,EmployeeRecords.xlsx,
E00074,Lars_Azada,Dept_Engineering,Lars Azada,Engineering,member_of_department,1,employee_record,Lars_Azada,,,high,EmployeeRecords.xlsx,
E00075,Lars_Azada,Lidelse_Dedos,Lars Azada,Lidelse Dedos,reports_to,2,org_chart,,,由组织架构图和EmployeeRecords推断的汇报关系,medium,GAStechKronos-org-chart.pdf,
E00076,Felix_Balas,GAStech_Kronos,Felix Balas,GAStech-Kronos,employed_by,1,employee_record,Felix_Balas,2004-09-02,Engineer,high,EmployeeRecords.xlsx,
E00077,Felix_Balas,Dept_Engineering,Felix Balas,Engineering,member_of_department,1,employee_record,Felix_Balas,,,high,EmployeeRecords.xlsx,
E00078,Felix_Balas,Lidelse_Dedos,Felix Balas,Lidelse Dedos,reports_to,2,org_chart,,,由组织架构图和EmployeeRecords推断的汇报关系,medium,GAStechKronos-org-chart.pdf,
E00079,Lidelse_Dedos,GAStech_Kronos,Lidelse Dedos,GAStech-Kronos,employed_by,1,employee_record,Lidelse_Dedos,2003-03-01,Engineering Group Manager,high,EmployeeRecords.xlsx,
E00080,Lidelse_Dedos,Dept_Engineering,Lidelse Dedos,Engineering,member_of_department,1,employee_record,Lidelse_Dedos,,,high,EmployeeRecords.xlsx,
E00081,Lidelse_Dedos,Orhan_Strum,Lidelse Dedos,Orhan Strum,reports_to,2,org_chart,,,由组织架构图和EmployeeRecords推断的汇报关系,medium,GAStechKronos-org-chart.pdf,
E00082,Birgitta_Frente,GAStech_Kronos,Birgitta Frente,GAStech-Kronos,employed_by,1,employee_record,Birgitta_Frente,1999-05-03,Geologist,high,EmployeeRecords.xlsx,
E00083,Birgitta_Frente,Dept_Engineering,Birgitta Frente,Engineering,member_of_department,1,employee_record,Birgitta_Frente,,,high,EmployeeRecords.xlsx,
E00084,Birgitta_Frente,Lidelse_Dedos,Birgitta Frente,Lidelse Dedos,reports_to,2,org_chart,,,由组织架构图和EmployeeRecords推断的汇报关系,medium,GAStechKronos-org-chart.pdf,
E00085,Adra_Nubarron,GAStech_Kronos,Adra Nubarron,GAStech-Kronos,employed_by,1,employee_record,Adra_Nubarron,1994-07-08,Geologist,high,EmployeeRecords.xlsx,
E00086,Adra_Nubarron,Dept_Engineering,Adra Nubarron,Engineering,member_of_department,1,employee_record,Adra_Nubarron,,,high,EmployeeRecords.xlsx,
E00087,Adra_Nubarron,Lidelse_Dedos,Adra Nubarron,Lidelse Dedos,reports_to,2,org_chart,,,由组织架构图和EmployeeRecords推断的汇报关系,medium,GAStechKronos-org-chart.pdf,
E00088,Gustav_Cazar,GAStech_Kronos,Gustav Cazar,GAStech-Kronos,employed_by,1,employee_record,Gustav_Cazar,2009-09-15,Hydraulic Technician,high,EmployeeRecords.xlsx,
E00089,Gustav_Cazar,Dept_Engineering,Gustav Cazar,Engineering,member_of_department,1,employee_record,Gustav_Cazar,,,high,EmployeeRecords.xlsx,
E00090,Gustav_Cazar,Lidelse_Dedos,Gustav Cazar,Lidelse Dedos,reports_to,2,org_chart,,,由组织架构图和EmployeeRecords推断的汇报关系,medium,GAStechKronos-org-chart.pdf,
E00091,Vira_Frente,GAStech_Kronos,Vira Frente,GAStech-Kronos,employed_by,1,employee_record,Vira_Frente,2001-12-01,Hydraulic Technician,high,EmployeeRecords.xlsx,
E00092,Vira_Frente,Dept_Engineering,Vira Frente,Engineering,member_of_department,1,employee_record,Vira_Frente,,,high,EmployeeRecords.xlsx,
E00093,Vira_Frente,Lidelse_Dedos,Vira Frente,Lidelse Dedos,reports_to,2,org_chart,,,由组织架构图和EmployeeRecords推断的汇报关系,medium,GAStechKronos-org-chart.pdf,
E00094,Willem_Vasco_Pais,GAStech_Kronos,Willem Vasco-Pais,GAStech-Kronos,employed_by,1,employee_record,Willem_Vasco_Pais,2010-06-05,Environmental Safety Advisor,high,EmployeeRecords.xlsx,
E00095,Willem_Vasco_Pais,Dept_Executive,Willem Vasco-Pais,Executive,member_of_department,1,employee_record,Willem_Vasco_Pais,,,high,EmployeeRecords.xlsx,
E00096,Willem_Vasco_Pais,Sten_Sanjorge_Jr,Willem Vasco-Pais,Sten Sanjorge Jr.,reports_to,2,org_chart,,,由组织架构图和EmployeeRecords推断的汇报关系,medium,GAStechKronos-org-chart.pdf,
E00097,Sten_Sanjorge_Jr,GAStech_Kronos,Sten Sanjorge Jr.,GAStech-Kronos,employed_by,1,employee_record,Sten_Sanjorge_Jr,1990-11-09,President/CEO,high,EmployeeRecords.xlsx,
E00098,Sten_Sanjorge_Jr,Dept_Executive,Sten Sanjorge Jr.,Executive,member_of_department,1,employee_record,Sten_Sanjorge_Jr,,,high,EmployeeRecords.xlsx,
E00099,Ingrid_Barranco,GAStech_Kronos,Ingrid Barranco,GAStech-Kronos,employed_by,1,employee_record,Ingrid_Barranco,2003-09-30,SVP/CFO,high,EmployeeRecords.xlsx,
E00100,Ingrid_Barranco,Dept_Executive,Ingrid Barranco,Executive,member_of_department,1,employee_record,Ingrid_Barranco,,,high,EmployeeRecords.xlsx,
E00101,Ingrid_Barranco,Sten_Sanjorge_Jr,Ingrid Barranco,Sten Sanjorge Jr.,reports_to,2,org_chart,,,由组织架构图和EmployeeRecords推断的汇报关系,medium,GAStechKronos-org-chart.pdf,
E00102,Ada_Campo_Corrente,GAStech_Kronos,Ada Campo-Corrente,GAStech-Kronos,employed_by,1,employee_record,Ada_Campo_Corrente,2004-10-05,SVP/CIO,high,EmployeeRecords.xlsx,
E00103,Ada_Campo_Corrente,Dept_Executive,Ada Campo-Corrente,Executive,member_of_department,1,employee_record,Ada_Campo_Corrente,,,high,EmployeeRecords.xlsx,
E00104,Ada_Campo_Corrente,Sten_Sanjorge_Jr,Ada Campo-Corrente,Sten Sanjorge Jr.,reports_to,2,org_chart,,,由组织架构图和EmployeeRecords推断的汇报关系,medium,GAStechKronos-org-chart.pdf,
E00105,Orhan_Strum,GAStech_Kronos,Orhan Strum,GAStech-Kronos,employed_by,1,employee_record,Orhan_Strum,2003-08-07,SVP/COO,high,EmployeeRecords.xlsx,
E00106,Orhan_Strum,Dept_Executive,Orhan Strum,Executive,member_of_department,1,employee_record,Orhan_Strum,,,high,EmployeeRecords.xlsx,
E00107,Orhan_Strum,Sten_Sanjorge_Jr,Orhan Strum,Sten Sanjorge Jr.,reports_to,2,org_chart,,,由组织架构图和EmployeeRecords推断的汇报关系,medium,GAStechKronos-org-chart.pdf,
E00108,Bertrand_Ovan,GAStech_Kronos,Bertrand Ovan,GAStech-Kronos,employed_by,1,employee_record,Bertrand_Ovan,1998-10-01,Facilities Group Manager,high,EmployeeRecords.xlsx,
E00109,Bertrand_Ovan,Dept_Facilities,Bertrand Ovan,Facilities,member_of_department,1,employee_record,Bertrand_Ovan,,,high,EmployeeRecords.xlsx,
E00110,Bertrand_Ovan,Orhan_Strum,Bertrand Ovan,Orhan Strum,reports_to,2,org_chart,,,由组织架构图和EmployeeRecords推断的汇报关系,medium,GAStechKronos-org-chart.pdf,
E00111,Emile_Arpa,GAStech_Kronos,Emile Arpa,GAStech-Kronos,employed_by,1,employee_record,Emile_Arpa,2013-03-18,Janitor,high,EmployeeRecords.xlsx,
E00112,Emile_Arpa,Dept_Facilities,Emile Arpa,Facilities,member_of_department,1,employee_record,Emile_Arpa,,,high,EmployeeRecords.xlsx,
E00113,Emile_Arpa,Bertrand_Ovan,Emile Arpa,Bertrand Ovan,reports_to,2,org_chart,,,由组织架构图和EmployeeRecords推断的汇报关系,medium,GAStechKronos-org-chart.pdf,
E00114,Varro_Awelon,GAStech_Kronos,Varro Awelon,GAStech-Kronos,employed_by,1,employee_record,Varro_Awelon,2012-10-22,Janitor,high,EmployeeRecords.xlsx,
E00115,Varro_Awelon,Dept_Facilities,Varro Awelon,Facilities,member_of_department,1,employee_record,Varro_Awelon,,,high,EmployeeRecords.xlsx,
E00116,Varro_Awelon,Bertrand_Ovan,Varro Awelon,Bertrand Ovan,reports_to,2,org_chart,,,由组织架构图和EmployeeRecords推断的汇报关系,medium,GAStechKronos-org-chart.pdf,
E00117,Dante_Coginian,GAStech_Kronos,Dante Coginian,GAStech-Kronos,employed_by,1,employee_record,Dante_Coginian,1995-01-07,Lead Janitor,high,EmployeeRecords.xlsx,
E00118,Dante_Coginian,Dept_Facilities,Dante Coginian,Facilities,member_of_department,1,employee_record,Dante_Coginian,,,high,EmployeeRecords.xlsx,
E00119,Dante_Coginian,Bertrand_Ovan,Dante Coginian,Bertrand Ovan,reports_to,2,org_chart,,,由组织架构图和EmployeeRecords推断的汇报关系,medium,GAStechKronos-org-chart.pdf,
E00120,Albina_Hafon,GAStech_Kronos,Albina Hafon,GAStech-Kronos,employed_by,1,employee_record,Albina_Hafon,2009-09-12,Truck Driver,high,EmployeeRecords.xlsx,
E00121,Albina_Hafon,Dept_Facilities,Albina Hafon,Facilities,member_of_department,1,employee_record,Albina_Hafon,,,high,EmployeeRecords.xlsx,
E00122,Albina_Hafon,Bertrand_Ovan,Albina Hafon,Bertrand Ovan,reports_to,2,org_chart,,,由组织架构图和EmployeeRecords推断的汇报关系,medium,GAStechKronos-org-chart.pdf,
E00123,Benito_Hawelon,GAStech_Kronos,Benito Hawelon,GAStech-Kronos,employed_by,1,employee_record,Benito_Hawelon,2000-02-21,Truck Driver,high,EmployeeRecords.xlsx,
E00124,Benito_Hawelon,Dept_Facilities,Benito Hawelon,Facilities,member_of_department,1,employee_record,Benito_Hawelon,,,high,EmployeeRecords.xlsx,
E00125,Benito_Hawelon,Bertrand_Ovan,Benito Hawelon,Bertrand Ovan,reports_to,2,org_chart,,,由组织架构图和EmployeeRecords推断的汇报关系,medium,GAStechKronos-org-chart.pdf,
E00126,Claudio_Hawelon,GAStech_Kronos,Claudio Hawelon,GAStech-Kronos,employed_by,1,employee_record,Claudio_Hawelon,2007-03-13,Truck Driver,high,EmployeeRecords.xlsx,
E00127,Claudio_Hawelon,Dept_Facilities,Claudio Hawelon,Facilities,member_of_department,1,employee_record,Claudio_Hawelon,,,high,EmployeeRecords.xlsx,
E00128,Claudio_Hawelon,Bertrand_Ovan,Claudio Hawelon,Bertrand Ovan,reports_to,2,org_chart,,,由组织架构图和EmployeeRecords推断的汇报关系,medium,GAStechKronos-org-chart.pdf,
E00129,Henk_Mies,GAStech_Kronos,Henk Mies,GAStech-Kronos,employed_by,1,employee_record,Henk_Mies,2013-07-12,Truck Driver,high,EmployeeRecords.xlsx,
E00130,Henk_Mies,Dept_Facilities,Henk Mies,Facilities,member_of_department,1,employee_record,Henk_Mies,,,high,EmployeeRecords.xlsx,
E00131,Henk_Mies,Bertrand_Ovan,Henk Mies,Bertrand Ovan,reports_to,2,org_chart,,,由组织架构图和EmployeeRecords推断的汇报关系,medium,GAStechKronos-org-chart.pdf,
E00132,Valeria_Morlun,GAStech_Kronos,Valeria Morlun,GAStech-Kronos,employed_by,1,employee_record,Valeria_Morlun,2003-12-02,Truck Driver,high,EmployeeRecords.xlsx,
E00133,Valeria_Morlun,Dept_Facilities,Valeria Morlun,Facilities,member_of_department,1,employee_record,Valeria_Morlun,,,high,EmployeeRecords.xlsx,
E00134,Valeria_Morlun,Bertrand_Ovan,Valeria Morlun,Bertrand Ovan,reports_to,2,org_chart,,,由组织架构图和EmployeeRecords推断的汇报关系,medium,GAStechKronos-org-chart.pdf,
E00135,Adan_Morlun,GAStech_Kronos,Adan Morlun,GAStech-Kronos,employed_by,1,employee_record,Adan_Morlun,2006-01-14,Truck Driver,high,EmployeeRecords.xlsx,
E00136,Adan_Morlun,Dept_Facilities,Adan Morlun,Facilities,member_of_department,1,employee_record,Adan_Morlun,,,high,EmployeeRecords.xlsx,
E00137,Adan_Morlun,Bertrand_Ovan,Adan Morlun,Bertrand Ovan,reports_to,2,org_chart,,,由组织架构图和EmployeeRecords推断的汇报关系,medium,GAStechKronos-org-chart.pdf,
E00138,Cecilia_Morluniau,GAStech_Kronos,Cecilia Morluniau,GAStech-Kronos,employed_by,1,employee_record,Cecilia_Morluniau,2009-04-30,Truck Driver,high,EmployeeRecords.xlsx,
E00139,Cecilia_Morluniau,Dept_Facilities,Cecilia Morluniau,Facilities,member_of_department,1,employee_record,Cecilia_Morluniau,,,high,EmployeeRecords.xlsx,
E00140,Cecilia_Morluniau,Bertrand_Ovan,Cecilia Morluniau,Bertrand Ovan,reports_to,2,org_chart,,,由组织架构图和EmployeeRecords推断的汇报关系,medium,GAStechKronos-org-chart.pdf,
E00141,Irene_Nant,GAStech_Kronos,Irene Nant,GAStech-Kronos,employed_by,1,employee_record,Irene_Nant,2008-11-30,Truck Driver,high,EmployeeRecords.xlsx,
E00142,Irene_Nant,Dept_Facilities,Irene Nant,Facilities,member_of_department,1,employee_record,Irene_Nant,,,high,EmployeeRecords.xlsx,
E00143,Irene_Nant,Bertrand_Ovan,Irene Nant,Bertrand Ovan,reports_to,2,org_chart,,,由组织架构图和EmployeeRecords推断的汇报关系,medium,GAStechKronos-org-chart.pdf,
E00144,Dylan_Scozzese,GAStech_Kronos,Dylan Scozzese,GAStech-Kronos,employed_by,1,employee_record,Dylan_Scozzese,2007-03-01,Truck Driver,high,EmployeeRecords.xlsx,
E00145,Dylan_Scozzese,Dept_Facilities,Dylan Scozzese,Facilities,member_of_department,1,employee_record,Dylan_Scozzese,,,high,EmployeeRecords.xlsx,
E00146,Dylan_Scozzese,Bertrand_Ovan,Dylan Scozzese,Bertrand Ovan,reports_to,2,org_chart,,,由组织架构图和EmployeeRecords推断的汇报关系,medium,GAStechKronos-org-chart.pdf,
E00147,Linnea_Bergen,GAStech_Kronos,Linnea Bergen,GAStech-Kronos,employed_by,1,employee_record,Linnea_Bergen,2004-07-04,IT Group Manager,high,EmployeeRecords.xlsx,
E00148,Linnea_Bergen,Dept_Information_Technology,Linnea Bergen,Information Technology,member_of_department,1,employee_record,Linnea_Bergen,,,high,EmployeeRecords.xlsx,
E00149,Linnea_Bergen,Orhan_Strum,Linnea Bergen,Orhan Strum,reports_to,2,org_chart,,,由组织架构图和EmployeeRecords推断的汇报关系,medium,GAStechKronos-org-chart.pdf,
E00150,Lucas_Alcazar,GAStech_Kronos,Lucas Alcazar,GAStech-Kronos,employed_by,1,employee_record,Lucas_Alcazar,2010-11-30,IT Helpdesk,high,EmployeeRecords.xlsx,
E00151,Lucas_Alcazar,Dept_Information_Technology,Lucas Alcazar,Information Technology,member_of_department,1,employee_record,Lucas_Alcazar,,,high,EmployeeRecords.xlsx,
E00152,Lucas_Alcazar,Linnea_Bergen,Lucas Alcazar,Linnea Bergen,reports_to,2,org_chart,,,由组织架构图和EmployeeRecords推断的汇报关系,medium,GAStechKronos-org-chart.pdf,
E00153,Isak_Baza,GAStech_Kronos,Isak Baza,GAStech-Kronos,employed_by,1,employee_record,Isak_Baza,2002-03-20,IT Technician,high,EmployeeRecords.xlsx,
E00154,Isak_Baza,Dept_Information_Technology,Isak Baza,Information Technology,member_of_department,1,employee_record,Isak_Baza,,,high,EmployeeRecords.xlsx,
E00155,Isak_Baza,Linnea_Bergen,Isak Baza,Linnea Bergen,reports_to,2,org_chart,,,由组织架构图和EmployeeRecords推断的汇报关系,medium,GAStechKronos-org-chart.pdf,
E00156,Nils_Calixto,GAStech_Kronos,Nils Calixto,GAStech-Kronos,employed_by,1,employee_record,Nils_Calixto,2004-10-19,IT Technician,high,EmployeeRecords.xlsx,
E00157,Nils_Calixto,Dept_Information_Technology,Nils Calixto,Information Technology,member_of_department,1,employee_record,Nils_Calixto,,,high,EmployeeRecords.xlsx,
E00158,Nils_Calixto,Linnea_Bergen,Nils Calixto,Linnea Bergen,reports_to,2,org_chart,,,由组织架构图和EmployeeRecords推断的汇报关系,medium,GAStechKronos-org-chart.pdf,
E00159,Sven_Flecha,GAStech_Kronos,Sven Flecha,GAStech-Kronos,employed_by,1,employee_record,Sven_Flecha,2010-10-15,IT Technician,high,EmployeeRecords.xlsx,
E00160,Sven_Flecha,Dept_Information_Technology,Sven Flecha,Information Technology,member_of_department,1,employee_record,Sven_Flecha,,,high,EmployeeRecords.xlsx,
E00161,Sven_Flecha,Linnea_Bergen,Sven Flecha,Linnea Bergen,reports_to,2,org_chart,,,由组织架构图和EmployeeRecords推断的汇报关系,medium,GAStechKronos-org-chart.pdf,
E00162,Kanon_Herrero,GAStech_Kronos,Kanon Herrero,GAStech-Kronos,employed_by,1,employee_record,Kanon_Herrero,2008-11-20,Badging Office,high,EmployeeRecords.xlsx,
E00163,Kanon_Herrero,Dept_Security,Kanon Herrero,Security,member_of_department,1,employee_record,Kanon_Herrero,,,high,EmployeeRecords.xlsx,
E00164,Kanon_Herrero,Felix_Resumir,Kanon Herrero,Felix Resumir,reports_to,2,org_chart,,,由组织架构图和EmployeeRecords推断的汇报关系,medium,GAStechKronos-org-chart.pdf,
E00165,Varja_Lagos,GAStech_Kronos,Varja Lagos,GAStech-Kronos,employed_by,1,employee_record,Varja_Lagos,2006-10-01,Badging Office,high,EmployeeRecords.xlsx,
E00166,Varja_Lagos,Dept_Security,Varja Lagos,Security,member_of_department,1,employee_record,Varja_Lagos,,,high,EmployeeRecords.xlsx,
E00167,Varja_Lagos,Felix_Resumir,Varja Lagos,Felix Resumir,reports_to,2,org_chart,,,由组织架构图和EmployeeRecords推断的汇报关系,medium,GAStechKronos-org-chart.pdf,
E00168,Stenig_Fusil,GAStech_Kronos,Stenig Fusil,GAStech-Kronos,employed_by,1,employee_record,Stenig_Fusil,2004-02-05,Building Control,high,EmployeeRecords.xlsx,
E00169,Stenig_Fusil,Dept_Security,Stenig Fusil,Security,member_of_department,1,employee_record,Stenig_Fusil,,,high,EmployeeRecords.xlsx,
E00170,Stenig_Fusil,Felix_Resumir,Stenig Fusil,Felix Resumir,reports_to,2,org_chart,,,由组织架构图和EmployeeRecords推断的汇报关系,medium,GAStechKronos-org-chart.pdf,
E00171,Minke_Mies,GAStech_Kronos,Minke Mies,GAStech-Kronos,employed_by,1,employee_record,Minke_Mies,2013-05-22,Perimeter Control,high,EmployeeRecords.xlsx,
E00172,Minke_Mies,Dept_Security,Minke Mies,Security,member_of_department,1,employee_record,Minke_Mies,,,high,EmployeeRecords.xlsx,
E00173,Minke_Mies,Felix_Resumir,Minke Mies,Felix Resumir,reports_to,2,org_chart,,,由组织架构图和EmployeeRecords推断的汇报关系,medium,GAStechKronos-org-chart.pdf,
E00174,Hennie_Osvaldo,GAStech_Kronos,Hennie Osvaldo,GAStech-Kronos,employed_by,1,employee_record,Hennie_Osvaldo,2011-06-07,Perimeter Control,high,EmployeeRecords.xlsx,
E00175,Hennie_Osvaldo,Dept_Security,Hennie Osvaldo,Security,member_of_department,1,employee_record,Hennie_Osvaldo,,,high,EmployeeRecords.xlsx,
E00176,Hennie_Osvaldo,Felix_Resumir,Hennie Osvaldo,Felix Resumir,reports_to,2,org_chart,,,由组织架构图和EmployeeRecords推断的汇报关系,medium,GAStechKronos-org-chart.pdf,
E00177,Isia_Vann,GAStech_Kronos,Isia Vann,GAStech-Kronos,employed_by,1,employee_record,Isia_Vann,2007-12-14,Perimeter Control,high,EmployeeRecords.xlsx,
E00178,Isia_Vann,Dept_Security,Isia Vann,Security,member_of_department,1,employee_record,Isia_Vann,,,high,EmployeeRecords.xlsx,
E00179,Isia_Vann,Felix_Resumir,Isia Vann,Felix Resumir,reports_to,2,org_chart,,,由组织架构图和EmployeeRecords推断的汇报关系,medium,GAStechKronos-org-chart.pdf,
E00180,Edvard_Vann,GAStech_Kronos,Edvard Vann,GAStech-Kronos,employed_by,1,employee_record,Edvard_Vann,2013-08-15,Perimeter Control,high,EmployeeRecords.xlsx,
E00181,Edvard_Vann,Dept_Security,Edvard Vann,Security,member_of_department,1,employee_record,Edvard_Vann,,,high,EmployeeRecords.xlsx,
E00182,Edvard_Vann,Felix_Resumir,Edvard Vann,Felix Resumir,reports_to,2,org_chart,,,由组织架构图和EmployeeRecords推断的汇报关系,medium,GAStechKronos-org-chart.pdf,
E00183,Felix_Resumir,GAStech_Kronos,Felix Resumir,GAStech-Kronos,employed_by,1,employee_record,Felix_Resumir,2003-09-15,Security Group Manager,high,EmployeeRecords.xlsx,
E00184,Felix_Resumir,Dept_Security,Felix Resumir,Security,member_of_department,1,employee_record,Felix_Resumir,,,high,EmployeeRecords.xlsx,
E00185,Felix_Resumir,Orhan_Strum,Felix Resumir,Orhan Strum,reports_to,2,org_chart,,,由组织架构图和EmployeeRecords推断的汇报关系,medium,GAStechKronos-org-chart.pdf,
E00186,Loreto_Bodrogi,GAStech_Kronos,Loreto Bodrogi,GAStech-Kronos,employed_by,1,employee_record,Loreto_Bodrogi,2013-08-17,Site Control,high,EmployeeRecords.xlsx,
E00187,Loreto_Bodrogi,Dept_Security,Loreto Bodrogi,Security,member_of_department,1,employee_record,Loreto_Bodrogi,,,high,EmployeeRecords.xlsx,
E00188,Loreto_Bodrogi,Felix_Resumir,Loreto Bodrogi,Felix Resumir,reports_to,2,org_chart,,,由组织架构图和EmployeeRecords推断的汇报关系,medium,GAStechKronos-org-chart.pdf,
E00189,Hideki_Cocinaro,GAStech_Kronos,Hideki Cocinaro,GAStech-Kronos,employed_by,1,employee_record,Hideki_Cocinaro,2010-01-01,Site Control,high,EmployeeRecords.xlsx,
E00190,Hideki_Cocinaro,Dept_Security,Hideki Cocinaro,Security,member_of_department,1,employee_record,Hideki_Cocinaro,,,high,EmployeeRecords.xlsx,
E00191,Hideki_Cocinaro,Felix_Resumir,Hideki Cocinaro,Felix Resumir,reports_to,2,org_chart,,,由组织架构图和EmployeeRecords推断的汇报关系,medium,GAStechKronos-org-chart.pdf,
E00192,Inga_Ferro,GAStech_Kronos,Inga Ferro,GAStech-Kronos,employed_by,1,employee_record,Inga_Ferro,2013-01-11,Site Control,high,EmployeeRecords.xlsx,
E00193,Inga_Ferro,Dept_Security,Inga Ferro,Security,member_of_department,1,employee_record,Inga_Ferro,,,high,EmployeeRecords.xlsx,
E00194,Inga_Ferro,Felix_Resumir,Inga Ferro,Felix Resumir,reports_to,2,org_chart,,,由组织架构图和EmployeeRecords推断的汇报关系,medium,GAStechKronos-org-chart.pdf,
E00195,Lucas_Alcazar,Isak_Baza,Lucas Alcazar,Isak Baza,email_communication,42,email_headers,,,邮件通信次数,high,email_network.csv,
E00196,Mat_Bramar,Anda_Ribera,Mat Bramar,Anda Ribera,email_communication,37,email_headers,,,邮件通信次数,high,email_network.csv,
E00197,Mat_Bramar,Rachel_Pantanal,Mat Bramar,Rachel Pantanal,email_communication,37,email_headers,,,邮件通信次数,high,email_network.csv,
E00198,Mat_Bramar,Linda_Lagos,Mat Bramar,Linda Lagos,email_communication,37,email_headers,,,邮件通信次数,high,email_network.csv,
E00199,Mat_Bramar,Ruscella_Mies_Haber,Mat Bramar,Ruscella Mies Haber,email_communication,37,email_headers,,,邮件通信次数,high,email_network.csv,
E00200,Mat_Bramar,Carla_Forluniau,Mat Bramar,Carla Forluniau,email_communication,37,email_headers,,,邮件通信次数,high,email_network.csv,
E00201,Mat_Bramar,Cornelia_Lais,Mat Bramar,Cornelia Lais,email_communication,37,email_headers,,,邮件通信次数,high,email_network.csv,
E00202,Isak_Baza,Lucas_Alcazar,Isak Baza,Lucas Alcazar,email_communication,33,email_headers,,,邮件通信次数,high,email_network.csv,
E00203,Isak_Baza,Sven_Flecha,Isak Baza,Sven Flecha,email_communication,33,email_headers,,,邮件通信次数,high,email_network.csv,
E00204,Lucas_Alcazar,Sven_Flecha,Lucas Alcazar,Sven Flecha,email_communication,32,email_headers,,,邮件通信次数,high,email_network.csv,
E00205,Nils_Calixto,Sven_Flecha,Nils Calixto,Sven Flecha,email_communication,31,email_headers,,,邮件通信次数,high,email_network.csv,
E00206,Nils_Calixto,Lucas_Alcazar,Nils Calixto,Lucas Alcazar,email_communication,31,email_headers,,,邮件通信次数,high,email_network.csv,
E00207,Sven_Flecha,Nils_Calixto,Sven Flecha,Nils Calixto,email_communication,29,email_headers,,,邮件通信次数,high,email_network.csv,
E00208,Isak_Baza,Nils_Calixto,Isak Baza,Nils Calixto,email_communication,26,email_headers,,,邮件通信次数,high,email_network.csv,
E00209,Bertrand_Ovan,Emile_Arpa,Bertrand Ovan,Emile Arpa,email_communication,25,email_headers,,,邮件通信次数,high,email_network.csv,
E00210,Bertrand_Ovan,Henk_Mies,Bertrand Ovan,Henk Mies,email_communication,25,email_headers,,,邮件通信次数,high,email_network.csv,
E00211,Bertrand_Ovan,Valeria_Morlun,Bertrand Ovan,Valeria Morlun,email_communication,25,email_headers,,,邮件通信次数,high,email_network.csv,
E00212,Lucas_Alcazar,Nils_Calixto,Lucas Alcazar,Nils Calixto,email_communication,24,email_headers,,,邮件通信次数,high,email_network.csv,
E00213,Bertrand_Ovan,Dante_Coginian,Bertrand Ovan,Dante Coginian,email_communication,24,email_headers,,,邮件通信次数,high,email_network.csv,
E00214,Bertrand_Ovan,Albina_Hafon,Bertrand Ovan,Albina Hafon,email_communication,24,email_headers,,,邮件通信次数,high,email_network.csv,
E00215,Bertrand_Ovan,Benito_Hawelon,Bertrand Ovan,Benito Hawelon,email_communication,24,email_headers,,,邮件通信次数,high,email_network.csv,
E00216,Bertrand_Ovan,Claudio_Hawelon,Bertrand Ovan,Claudio Hawelon,email_communication,24,email_headers,,,邮件通信次数,high,email_network.csv,
E00217,Bertrand_Ovan,Adan_Morlun,Bertrand Ovan,Adan Morlun,email_communication,24,email_headers,,,邮件通信次数,high,email_network.csv,
E00218,Bertrand_Ovan,Irene_Nant,Bertrand Ovan,Irene Nant,email_communication,24,email_headers,,,邮件通信次数,high,email_network.csv,
E00219,Bertrand_Ovan,Dylan_Scozzese,Bertrand Ovan,Dylan Scozzese,email_communication,24,email_headers,,,邮件通信次数,high,email_network.csv,
E00220,Cornelia_Lais,Anda_Ribera,Cornelia Lais,Anda Ribera,email_communication,24,email_headers,,,邮件通信次数,high,email_network.csv,
E00221,Ruscella_Mies_Haber,Mat_Bramar,Ruscella Mies Haber,Mat Bramar,email_communication,24,email_headers,,,邮件通信次数,high,email_network.csv,
E00222,Ruscella_Mies_Haber,Anda_Ribera,Ruscella Mies Haber,Anda Ribera,email_communication,24,email_headers,,,邮件通信次数,high,email_network.csv,
E00223,Ruscella_Mies_Haber,Rachel_Pantanal,Ruscella Mies Haber,Rachel Pantanal,email_communication,24,email_headers,,,邮件通信次数,high,email_network.csv,
E00224,Ruscella_Mies_Haber,Linda_Lagos,Ruscella Mies Haber,Linda Lagos,email_communication,24,email_headers,,,邮件通信次数,high,email_network.csv,
E00225,Ruscella_Mies_Haber,Carla_Forluniau,Ruscella Mies Haber,Carla Forluniau,email_communication,24,email_headers,,,邮件通信次数,high,email_network.csv,
E00226,Ruscella_Mies_Haber,Cornelia_Lais,Ruscella Mies Haber,Cornelia Lais,email_communication,24,email_headers,,,邮件通信次数,high,email_network.csv,
E00227,Sven_Flecha,Isak_Baza,Sven Flecha,Isak Baza,email_communication,24,email_headers,,,邮件通信次数,high,email_network.csv,
E00228,Bertrand_Ovan,Varro_Awelon,Bertrand Ovan,Varro Awelon,email_communication,23,email_headers,,,邮件通信次数,high,email_network.csv,
E00229,Bertrand_Ovan,Cecilia_Morluniau,Bertrand Ovan,Cecilia Morluniau,email_communication,23,email_headers,,,邮件通信次数,high,email_network.csv,
E00230,Nils_Calixto,Isak_Baza,Nils Calixto,Isak Baza,email_communication,23,email_headers,,,邮件通信次数,high,email_network.csv,
E00231,Henk_Mies,Benito_Hawelon,Henk Mies,Benito Hawelon,email_communication,23,email_headers,,,邮件通信次数,high,email_network.csv,
E00232,Sten_Sanjorge_Jr,Sten_Sanjorge_Jr,Sten Sanjorge Jr ,Sten Sanjorge Jr,email_communication,23,email_headers,,,邮件通信次数,high,email_network.csv,
E00233,Mat_Bramar,Varro_Awelon,Mat Bramar,Varro Awelon,email_communication,22,email_headers,,,邮件通信次数,high,email_network.csv,
E00234,Cornelia_Lais,Mat_Bramar,Cornelia Lais,Mat Bramar,email_communication,21,email_headers,,,邮件通信次数,high,email_network.csv,
E00235,Cornelia_Lais,Rachel_Pantanal,Cornelia Lais,Rachel Pantanal,email_communication,21,email_headers,,,邮件通信次数,high,email_network.csv,
E00236,Cornelia_Lais,Linda_Lagos,Cornelia Lais,Linda Lagos,email_communication,21,email_headers,,,邮件通信次数,high,email_network.csv,
E00237,Cornelia_Lais,Ruscella_Mies_Haber,Cornelia Lais,Ruscella Mies Haber,email_communication,21,email_headers,,,邮件通信次数,high,email_network.csv,
E00238,Cornelia_Lais,Carla_Forluniau,Cornelia Lais,Carla Forluniau,email_communication,21,email_headers,,,邮件通信次数,high,email_network.csv,
E00239,Mat_Bramar,Dante_Coginian,Mat Bramar,Dante Coginian,email_communication,20,email_headers,,,邮件通信次数,high,email_network.csv,
E00240,Sven_Flecha,Lucas_Alcazar,Sven Flecha,Lucas Alcazar,email_communication,20,email_headers,,,邮件通信次数,high,email_network.csv,
E00241,Henk_Mies,Albina_Hafon,Henk Mies,Albina Hafon,email_communication,20,email_headers,,,邮件通信次数,high,email_network.csv,
E00242,Sten_Sanjorge_Jr,Ada_Campo_Corrente,Sten Sanjorge Jr ,Ada Campo-Corrente,email_communication,20,email_headers,,,邮件通信次数,high,email_network.csv,
E00243,Carla_Forluniau,Mat_Bramar,Carla Forluniau,Mat Bramar,email_communication,19,email_headers,,,邮件通信次数,high,email_network.csv,
E00244,Carla_Forluniau,Anda_Ribera,Carla Forluniau,Anda Ribera,email_communication,19,email_headers,,,邮件通信次数,high,email_network.csv,
E00245,Carla_Forluniau,Rachel_Pantanal,Carla Forluniau,Rachel Pantanal,email_communication,19,email_headers,,,邮件通信次数,high,email_network.csv,
E00246,Carla_Forluniau,Linda_Lagos,Carla Forluniau,Linda Lagos,email_communication,19,email_headers,,,邮件通信次数,high,email_network.csv,
E00247,Carla_Forluniau,Ruscella_Mies_Haber,Carla Forluniau,Ruscella Mies Haber,email_communication,19,email_headers,,,邮件通信次数,high,email_network.csv,
E00248,Carla_Forluniau,Cornelia_Lais,Carla Forluniau,Cornelia Lais,email_communication,19,email_headers,,,邮件通信次数,high,email_network.csv,
E00249,Mat_Bramar,Lars_Azada,Mat Bramar,Lars Azada,email_communication,19,email_headers,,,邮件通信次数,high,email_network.csv,
E00250,Mat_Bramar,Felix_Balas,Mat Bramar,Felix Balas,email_communication,19,email_headers,,,邮件通信次数,high,email_network.csv,
E00251,Mat_Bramar,Isande_Borrasca,Mat Bramar,Isande Borrasca,email_communication,19,email_headers,,,邮件通信次数,high,email_network.csv,
E00252,Mat_Bramar,Axel_Calzas,Mat Bramar,Axel Calzas,email_communication,19,email_headers,,,邮件通信次数,high,email_network.csv,
E00253,Mat_Bramar,Gustav_Cazar,Mat Bramar,Gustav Cazar,email_communication,19,email_headers,,,邮件通信次数,high,email_network.csv,
E00254,Mat_Bramar,Lidelse_Dedos,Mat Bramar,Lidelse Dedos,email_communication,19,email_headers,,,邮件通信次数,high,email_network.csv,
E00255,Mat_Bramar,Birgitta_Frente,Mat Bramar,Birgitta Frente,email_communication,19,email_headers,,,邮件通信次数,high,email_network.csv,
E00256,Mat_Bramar,Vira_Frente,Mat Bramar,Vira Frente,email_communication,19,email_headers,,,邮件通信次数,high,email_network.csv,
E00257,Mat_Bramar,Adra_Nubarron,Mat Bramar,Adra Nubarron,email_communication,19,email_headers,,,邮件通信次数,high,email_network.csv,
E00258,Mat_Bramar,Marin_Onda,Mat Bramar,Marin Onda,email_communication,19,email_headers,,,邮件通信次数,high,email_network.csv,
E00259,Mat_Bramar,Kare_Orilla,Mat Bramar,Kare Orilla,email_communication,19,email_headers,,,邮件通信次数,high,email_network.csv,
E00260,Mat_Bramar,Elsa_Orilla,Mat Bramar,Elsa Orilla,email_communication,19,email_headers,,,邮件通信次数,high,email_network.csv,
E00261,Mat_Bramar,Brand_Tempestad,Mat Bramar,Brand Tempestad,email_communication,19,email_headers,,,邮件通信次数,high,email_network.csv,
E00262,Mat_Bramar,Ingrid_Barranco,Mat Bramar,Ingrid Barranco,email_communication,19,email_headers,,,邮件通信次数,high,email_network.csv,
E00263,Mat_Bramar,Ada_Campo_Corrente,Mat Bramar,Ada Campo-Corrente,email_communication,19,email_headers,,,邮件通信次数,high,email_network.csv,
E00264,Mat_Bramar,Sten_Sanjorge_Jr,Mat Bramar,Sten Sanjorge Jr,email_communication,19,email_headers,,,邮件通信次数,high,email_network.csv,
E00265,Mat_Bramar,Orhan_Strum,Mat Bramar,Orhan Strum,email_communication,19,email_headers,,,邮件通信次数,high,email_network.csv,
E00266,Mat_Bramar,Willem_Vasco_Pais,Mat Bramar,Willem Vasco-Pais,email_communication,19,email_headers,,,邮件通信次数,high,email_network.csv,
E00267,Mat_Bramar,Bertrand_Ovan,Mat Bramar,Bertrand Ovan,email_communication,19,email_headers,,,邮件通信次数,high,email_network.csv,
E00268,Mat_Bramar,Albina_Hafon,Mat Bramar,Albina Hafon,email_communication,19,email_headers,,,邮件通信次数,high,email_network.csv,
E00269,Mat_Bramar,Benito_Hawelon,Mat Bramar,Benito Hawelon,email_communication,19,email_headers,,,邮件通信次数,high,email_network.csv,
E00270,Mat_Bramar,Claudio_Hawelon,Mat Bramar,Claudio Hawelon,email_communication,19,email_headers,,,邮件通信次数,high,email_network.csv,
E00271,Mat_Bramar,Henk_Mies,Mat Bramar,Henk Mies,email_communication,19,email_headers,,,邮件通信次数,high,email_network.csv,
E00272,Mat_Bramar,Valeria_Morlun,Mat Bramar,Valeria Morlun,email_communication,19,email_headers,,,邮件通信次数,high,email_network.csv,
E00273,Mat_Bramar,Adan_Morlun,Mat Bramar,Adan Morlun,email_communication,19,email_headers,,,邮件通信次数,high,email_network.csv,
E00274,Mat_Bramar,Cecilia_Morluniau,Mat Bramar,Cecilia Morluniau,email_communication,19,email_headers,,,邮件通信次数,high,email_network.csv,
E00275,Mat_Bramar,Irene_Nant,Mat Bramar,Irene Nant,email_communication,19,email_headers,,,邮件通信次数,high,email_network.csv,
E00276,Mat_Bramar,Dylan_Scozzese,Mat Bramar,Dylan Scozzese,email_communication,19,email_headers,,,邮件通信次数,high,email_network.csv,
E00277,Mat_Bramar,Lucas_Alcazar,Mat Bramar,Lucas Alcazar,email_communication,19,email_headers,,,邮件通信次数,high,email_network.csv,
E00278,Mat_Bramar,Isak_Baza,Mat Bramar,Isak Baza,email_communication,19,email_headers,,,邮件通信次数,high,email_network.csv,
E00279,Mat_Bramar,Linnea_Bergen,Mat Bramar,Linnea Bergen,email_communication,19,email_headers,,,邮件通信次数,high,email_network.csv,
E00280,Mat_Bramar,Nils_Calixto,Mat Bramar,Nils Calixto,email_communication,19,email_headers,,,邮件通信次数,high,email_network.csv,
E00281,Mat_Bramar,Sven_Flecha,Mat Bramar,Sven Flecha,email_communication,19,email_headers,,,邮件通信次数,high,email_network.csv,
E00282,Mat_Bramar,Hideki_Cocinaro,Mat Bramar,Hideki Cocinaro,email_communication,19,email_headers,,,邮件通信次数,high,email_network.csv,
E00283,Mat_Bramar,Inga_Ferro,Mat Bramar,Inga Ferro,email_communication,19,email_headers,,,邮件通信次数,high,email_network.csv,
E00284,Mat_Bramar,Loreto_Bodrogi,Mat Bramar,Loreto Bodrogi,email_communication,19,email_headers,,,邮件通信次数,high,email_network.csv,
E00285,Mat_Bramar,Isia_Vann,Mat Bramar,Isia Vann,email_communication,19,email_headers,,,邮件通信次数,high,email_network.csv,
E00286,Mat_Bramar,Stenig_Fusil,Mat Bramar,Stenig Fusil,email_communication,19,email_headers,,,邮件通信次数,high,email_network.csv,
E00287,Mat_Bramar,Hennie_Osvaldo,Mat Bramar,Hennie Osvaldo,email_communication,19,email_headers,,,邮件通信次数,high,email_network.csv,
E00288,Mat_Bramar,Kanon_Herrero,Mat Bramar,Kanon Herrero,email_communication,19,email_headers,,,邮件通信次数,high,email_network.csv,
E00289,Mat_Bramar,Varja_Lagos,Mat Bramar,Varja Lagos,email_communication,19,email_headers,,,邮件通信次数,high,email_network.csv,
E00290,Mat_Bramar,Minke_Mies,Mat Bramar,Minke Mies,email_communication,19,email_headers,,,邮件通信次数,high,email_network.csv,
E00291,Mat_Bramar,Felix_Resumir,Mat Bramar,Felix Resumir,email_communication,19,email_headers,,,邮件通信次数,high,email_network.csv,
E00292,Mat_Bramar,Edvard_Vann,Mat Bramar,Edvard Vann,email_communication,19,email_headers,,,邮件通信次数,high,email_network.csv,
E00293,Mat_Bramar,Emile_Arpa,Mat Bramar,Emile Arpa,email_communication,19,email_headers,,,邮件通信次数,high,email_network.csv,
E00294,Henk_Mies,Adan_Morlun,Henk Mies,Adan Morlun,email_communication,19,email_headers,,,邮件通信次数,high,email_network.csv,
E00295,Ingrid_Barranco,Ada_Campo_Corrente,Ingrid Barranco,Ada Campo-Corrente,email_communication,19,email_headers,,,邮件通信次数,high,email_network.csv,
E00296,Linda_Lagos,Mat_Bramar,Linda Lagos,Mat Bramar,email_communication,18,email_headers,,,邮件通信次数,high,email_network.csv,
E00297,Linda_Lagos,Anda_Ribera,Linda Lagos,Anda Ribera,email_communication,18,email_headers,,,邮件通信次数,high,email_network.csv,
E00298,Linda_Lagos,Rachel_Pantanal,Linda Lagos,Rachel Pantanal,email_communication,18,email_headers,,,邮件通信次数,high,email_network.csv,
E00299,Linda_Lagos,Ruscella_Mies_Haber,Linda Lagos,Ruscella Mies Haber,email_communication,18,email_headers,,,邮件通信次数,high,email_network.csv,
E00300,Linda_Lagos,Carla_Forluniau,Linda Lagos,Carla Forluniau,email_communication,18,email_headers,,,邮件通信次数,high,email_network.csv,
E00301,Linda_Lagos,Cornelia_Lais,Linda Lagos,Cornelia Lais,email_communication,18,email_headers,,,邮件通信次数,high,email_network.csv,
E00302,Henk_Mies,Dylan_Scozzese,Henk Mies,Dylan Scozzese,email_communication,18,email_headers,,,邮件通信次数,high,email_network.csv,
E00303,Ada_Campo_Corrente,Sten_Sanjorge_Jr,Ada Campo-Corrente,Sten Sanjorge Jr,email_communication,18,email_headers,,,邮件通信次数,high,email_network.csv,
E00304,Albina_Hafon,Dylan_Scozzese,Albina Hafon,Dylan Scozzese,email_communication,17,email_headers,,,邮件通信次数,high,email_network.csv,
E00305,Anda_Ribera,Cornelia_Lais,Anda Ribera,Cornelia Lais,email_communication,17,email_headers,,,邮件通信次数,high,email_network.csv,
E00306,Henk_Mies,Valeria_Morlun,Henk Mies,Valeria Morlun,email_communication,17,email_headers,,,邮件通信次数,high,email_network.csv,
E00307,Dylan_Scozzese,Albina_Hafon,Dylan Scozzese,Albina Hafon,email_communication,17,email_headers,,,邮件通信次数,high,email_network.csv,
E00308,Henk_Mies,Irene_Nant,Henk Mies,Irene Nant,email_communication,16,email_headers,,,邮件通信次数,high,email_network.csv,
E00309,Henk_Mies,Claudio_Hawelon,Henk Mies,Claudio Hawelon,email_communication,16,email_headers,,,邮件通信次数,high,email_network.csv,
E00310,Rachel_Pantanal,Ruscella_Mies_Haber,Rachel Pantanal,Ruscella Mies Haber,email_communication,16,email_headers,,,邮件通信次数,high,email_network.csv,
E00311,Henk_Mies,Cecilia_Morluniau,Henk Mies,Cecilia Morluniau,email_communication,16,email_headers,,,邮件通信次数,high,email_network.csv,
E00312,Willem_Vasco_Pais,Orhan_Strum,Willem Vasco-Pais,Orhan Strum,email_communication,15,email_headers,,,邮件通信次数,high,email_network.csv,
E00313,Adan_Morlun,Dylan_Scozzese,Adan Morlun,Dylan Scozzese,email_communication,15,email_headers,,,邮件通信次数,high,email_network.csv,
E00314,Dylan_Scozzese,Adan_Morlun,Dylan Scozzese,Adan Morlun,email_communication,15,email_headers,,,邮件通信次数,high,email_network.csv,
E00315,Sten_Sanjorge_Jr,Willem_Vasco_Pais,Sten Sanjorge Jr ,Willem Vasco-Pais,email_communication,14,email_headers,,,邮件通信次数,high,email_network.csv,
E00316,Albina_Hafon,Benito_Hawelon,Albina Hafon,Benito Hawelon,email_communication,14,email_headers,,,邮件通信次数,high,email_network.csv,
E00317,Benito_Hawelon,Albina_Hafon,Benito Hawelon,Albina Hafon,email_communication,14,email_headers,,,邮件通信次数,high,email_network.csv,
E00318,Anda_Ribera,Mat_Bramar,Anda Ribera,Mat Bramar,email_communication,14,email_headers,,,邮件通信次数,high,email_network.csv,
E00319,Anda_Ribera,Rachel_Pantanal,Anda Ribera,Rachel Pantanal,email_communication,14,email_headers,,,邮件通信次数,high,email_network.csv,
E00320,Anda_Ribera,Linda_Lagos,Anda Ribera,Linda Lagos,email_communication,14,email_headers,,,邮件通信次数,high,email_network.csv,
E00321,Anda_Ribera,Ruscella_Mies_Haber,Anda Ribera,Ruscella Mies Haber,email_communication,14,email_headers,,,邮件通信次数,high,email_network.csv,
E00322,Anda_Ribera,Carla_Forluniau,Anda Ribera,Carla Forluniau,email_communication,14,email_headers,,,邮件通信次数,high,email_network.csv,
E00323,Claudio_Hawelon,Irene_Nant,Claudio Hawelon,Irene Nant,email_communication,14,email_headers,,,邮件通信次数,high,email_network.csv,
E00324,Lars_Azada,Axel_Calzas,Lars Azada,Axel Calzas,email_communication,14,email_headers,,,邮件通信次数,high,email_network.csv,
E00325,Dylan_Scozzese,Irene_Nant,Dylan Scozzese,Irene Nant,email_communication,14,email_headers,,,邮件通信次数,high,email_network.csv,
E00326,Dylan_Scozzese,Valeria_Morlun,Dylan Scozzese,Valeria Morlun,email_communication,14,email_headers,,,邮件通信次数,high,email_network.csv,
E00327,Henk_Mies,Emile_Arpa,Henk Mies,Emile Arpa,email_communication,14,email_headers,,,邮件通信次数,high,email_network.csv,
E00328,Rachel_Pantanal,Mat_Bramar,Rachel Pantanal,Mat Bramar,email_communication,14,email_headers,,,邮件通信次数,high,email_network.csv,
E00329,Rachel_Pantanal,Anda_Ribera,Rachel Pantanal,Anda Ribera,email_communication,14,email_headers,,,邮件通信次数,high,email_network.csv,
E00330,Rachel_Pantanal,Linda_Lagos,Rachel Pantanal,Linda Lagos,email_communication,14,email_headers,,,邮件通信次数,high,email_network.csv,
E00331,Rachel_Pantanal,Carla_Forluniau,Rachel Pantanal,Carla Forluniau,email_communication,14,email_headers,,,邮件通信次数,high,email_network.csv,
E00332,Rachel_Pantanal,Cornelia_Lais,Rachel Pantanal,Cornelia Lais,email_communication,14,email_headers,,,邮件通信次数,high,email_network.csv,
E00333,Henk_Mies,Dante_Coginian,Henk Mies,Dante Coginian,email_communication,14,email_headers,,,邮件通信次数,high,email_network.csv,
E00334,Claudio_Hawelon,Albina_Hafon,Claudio Hawelon,Albina Hafon,email_communication,13,email_headers,,,邮件通信次数,high,email_network.csv,
E00335,Axel_Calzas,Lars_Azada,Axel Calzas,Lars Azada,email_communication,12,email_headers,,,邮件通信次数,high,email_network.csv,
E00336,Claudio_Hawelon,Cecilia_Morluniau,Claudio Hawelon,Cecilia Morluniau,email_communication,12,email_headers,,,邮件通信次数,high,email_network.csv,
E00337,Adan_Morlun,Henk_Mies,Adan Morlun,Henk Mies,email_communication,12,email_headers,,,邮件通信次数,high,email_network.csv,
E00338,Adan_Morlun,Valeria_Morlun,Adan Morlun,Valeria Morlun,email_communication,12,email_headers,,,邮件通信次数,high,email_network.csv,
E00339,Benito_Hawelon,Henk_Mies,Benito Hawelon,Henk Mies,email_communication,12,email_headers,,,邮件通信次数,high,email_network.csv,
E00340,Ruscella_Mies_Haber,Adra_Nubarron,Ruscella Mies Haber,Adra Nubarron,email_communication,12,email_headers,,,邮件通信次数,high,email_network.csv,
E00341,Ruscella_Mies_Haber,Inga_Ferro,Ruscella Mies Haber,Inga Ferro,email_communication,12,email_headers,,,邮件通信次数,high,email_network.csv,
E00342,Ruscella_Mies_Haber,Loreto_Bodrogi,Ruscella Mies Haber,Loreto Bodrogi,email_communication,12,email_headers,,,邮件通信次数,high,email_network.csv,
E00343,Ruscella_Mies_Haber,Isia_Vann,Ruscella Mies Haber,Isia Vann,email_communication,12,email_headers,,,邮件通信次数,high,email_network.csv,
E00344,Ruscella_Mies_Haber,Hennie_Osvaldo,Ruscella Mies Haber,Hennie Osvaldo,email_communication,12,email_headers,,,邮件通信次数,high,email_network.csv,
E00345,Ruscella_Mies_Haber,Minke_Mies,Ruscella Mies Haber,Minke Mies,email_communication,12,email_headers,,,邮件通信次数,high,email_network.csv,
E00346,Dylan_Scozzese,Cecilia_Morluniau,Dylan Scozzese,Cecilia Morluniau,email_communication,12,email_headers,,,邮件通信次数,high,email_network.csv,
E00347,Dylan_Scozzese,Claudio_Hawelon,Dylan Scozzese,Claudio Hawelon,email_communication,12,email_headers,,,邮件通信次数,high,email_network.csv,
E00348,Lars_Azada,Lidelse_Dedos,Lars Azada,Lidelse Dedos,email_communication,12,email_headers,,,邮件通信次数,high,email_network.csv,
E00349,Adan_Morlun,Albina_Hafon,Adan Morlun,Albina Hafon,email_communication,12,email_headers,,,邮件通信次数,high,email_network.csv,
E00350,Isande_Borrasca,Kare_Orilla,Isande Borrasca,Kare Orilla,email_communication,12,email_headers,,,邮件通信次数,high,email_network.csv,
E00351,Elsa_Orilla,Lars_Azada,Elsa Orilla,Lars Azada,email_communication,12,email_headers,,,邮件通信次数,high,email_network.csv,
E00352,Elsa_Orilla,Marin_Onda,Elsa Orilla,Marin Onda,email_communication,12,email_headers,,,邮件通信次数,high,email_network.csv,
E00353,Elsa_Orilla,Kare_Orilla,Elsa Orilla,Kare Orilla,email_communication,12,email_headers,,,邮件通信次数,high,email_network.csv,
E00354,Elsa_Orilla,Brand_Tempestad,Elsa Orilla,Brand Tempestad,email_communication,12,email_headers,,,邮件通信次数,high,email_network.csv,
E00355,Albina_Hafon,Cecilia_Morluniau,Albina Hafon,Cecilia Morluniau,email_communication,12,email_headers,,,邮件通信次数,high,email_network.csv,
E00356,Willem_Vasco_Pais,Ada_Campo_Corrente,Willem Vasco-Pais,Ada Campo-Corrente,email_communication,12,email_headers,,,邮件通信次数,high,email_network.csv,
E00357,Sten_Sanjorge_Jr,Orhan_Strum,Sten Sanjorge Jr ,Orhan Strum,email_communication,11,email_headers,,,邮件通信次数,high,email_network.csv,
E00358,Albina_Hafon,Irene_Nant,Albina Hafon,Irene Nant,email_communication,11,email_headers,,,邮件通信次数,high,email_network.csv,
E00359,Orhan_Strum,Willem_Vasco_Pais,Orhan Strum,Willem Vasco-Pais,email_communication,11,email_headers,,,邮件通信次数,high,email_network.csv,
E00360,Benito_Hawelon,Claudio_Hawelon,Benito Hawelon,Claudio Hawelon,email_communication,11,email_headers,,,邮件通信次数,high,email_network.csv,
E00361,Albina_Hafon,Henk_Mies,Albina Hafon,Henk Mies,email_communication,11,email_headers,,,邮件通信次数,high,email_network.csv,
E00362,Ruscella_Mies_Haber,Ada_Campo_Corrente,Ruscella Mies Haber,Ada Campo-Corrente,email_communication,11,email_headers,,,邮件通信次数,high,email_network.csv,
E00363,Dylan_Scozzese,Emile_Arpa,Dylan Scozzese,Emile Arpa,email_communication,11,email_headers,,,邮件通信次数,high,email_network.csv,
E00364,Henk_Mies,Varro_Awelon,Henk Mies,Varro Awelon,email_communication,11,email_headers,,,邮件通信次数,high,email_network.csv,
E00365,Claudio_Hawelon,Adan_Morlun,Claudio Hawelon,Adan Morlun,email_communication,11,email_headers,,,邮件通信次数,high,email_network.csv,
E00366,Claudio_Hawelon,Henk_Mies,Claudio Hawelon,Henk Mies,email_communication,11,email_headers,,,邮件通信次数,high,email_network.csv,
E00367,Isande_Borrasca,Axel_Calzas,Isande Borrasca,Axel Calzas,email_communication,11,email_headers,,,邮件通信次数,high,email_network.csv,
E00368,Ingrid_Barranco,Orhan_Strum,Ingrid Barranco,Orhan Strum,email_communication,11,email_headers,,,邮件通信次数,high,email_network.csv,
E00369,Ingrid_Barranco,Sten_Sanjorge_Jr,Ingrid Barranco,Sten Sanjorge Jr,email_communication,11,email_headers,,,邮件通信次数,high,email_network.csv,
E00370,Elsa_Orilla,Axel_Calzas,Elsa Orilla,Axel Calzas,email_communication,11,email_headers,,,邮件通信次数,high,email_network.csv,
E00371,Elsa_Orilla,Gustav_Cazar,Elsa Orilla,Gustav Cazar,email_communication,11,email_headers,,,邮件通信次数,high,email_network.csv,
E00372,Elsa_Orilla,Adra_Nubarron,Elsa Orilla,Adra Nubarron,email_communication,11,email_headers,,,邮件通信次数,high,email_network.csv,
E00373,Ada_Campo_Corrente,Orhan_Strum,Ada Campo-Corrente,Orhan Strum,email_communication,11,email_headers,,,邮件通信次数,high,email_network.csv,
E00374,Ada_Campo_Corrente,Willem_Vasco_Pais,Ada Campo-Corrente,Willem Vasco-Pais,email_communication,11,email_headers,,,邮件通信次数,high,email_network.csv,
E00375,Inga_Ferro,Minke_Mies,Inga Ferro,Minke Mies,email_communication,11,email_headers,,,邮件通信次数,high,email_network.csv,
E00376,Axel_Calzas,Elsa_Orilla,Axel Calzas,Elsa Orilla,email_communication,10,email_headers,,,邮件通信次数,high,email_network.csv,
E00377,Albina_Hafon,Adan_Morlun,Albina Hafon,Adan Morlun,email_communication,10,email_headers,,,邮件通信次数,high,email_network.csv,
E00378,Benito_Hawelon,Valeria_Morlun,Benito Hawelon,Valeria Morlun,email_communication,10,email_headers,,,邮件通信次数,high,email_network.csv,
E00379,Benito_Hawelon,Dante_Coginian,Benito Hawelon,Dante Coginian,email_communication,10,email_headers,,,邮件通信次数,high,email_network.csv,
E00380,Claudio_Hawelon,Dylan_Scozzese,Claudio Hawelon,Dylan Scozzese,email_communication,10,email_headers,,,邮件通信次数,high,email_network.csv,
E00381,Adan_Morlun,Irene_Nant,Adan Morlun,Irene Nant,email_communication,10,email_headers,,,邮件通信次数,high,email_network.csv,
E00382,Adan_Morlun,Dante_Coginian,Adan Morlun,Dante Coginian,email_communication,10,email_headers,,,邮件通信次数,high,email_network.csv,
E00383,Ruscella_Mies_Haber,Lars_Azada,Ruscella Mies Haber,Lars Azada,email_communication,10,email_headers,,,邮件通信次数,high,email_network.csv,
E00384,Ruscella_Mies_Haber,Felix_Balas,Ruscella Mies Haber,Felix Balas,email_communication,10,email_headers,,,邮件通信次数,high,email_network.csv,
E00385,Ruscella_Mies_Haber,Isande_Borrasca,Ruscella Mies Haber,Isande Borrasca,email_communication,10,email_headers,,,邮件通信次数,high,email_network.csv,
E00386,Ruscella_Mies_Haber,Axel_Calzas,Ruscella Mies Haber,Axel Calzas,email_communication,10,email_headers,,,邮件通信次数,high,email_network.csv,
E00387,Ruscella_Mies_Haber,Gustav_Cazar,Ruscella Mies Haber,Gustav Cazar,email_communication,10,email_headers,,,邮件通信次数,high,email_network.csv,
E00388,Ruscella_Mies_Haber,Lidelse_Dedos,Ruscella Mies Haber,Lidelse Dedos,email_communication,10,email_headers,,,邮件通信次数,high,email_network.csv,
E00389,Ruscella_Mies_Haber,Birgitta_Frente,Ruscella Mies Haber,Birgitta Frente,email_communication,10,email_headers,,,邮件通信次数,high,email_network.csv,
E00390,Ruscella_Mies_Haber,Vira_Frente,Ruscella Mies Haber,Vira Frente,email_communication,10,email_headers,,,邮件通信次数,high,email_network.csv,
E00391,Ruscella_Mies_Haber,Marin_Onda,Ruscella Mies Haber,Marin Onda,email_communication,10,email_headers,,,邮件通信次数,high,email_network.csv,
E00392,Ruscella_Mies_Haber,Kare_Orilla,Ruscella Mies Haber,Kare Orilla,email_communication,10,email_headers,,,邮件通信次数,high,email_network.csv,
E00393,Ruscella_Mies_Haber,Elsa_Orilla,Ruscella Mies Haber,Elsa Orilla,email_communication,10,email_headers,,,邮件通信次数,high,email_network.csv,
E00394,Ruscella_Mies_Haber,Brand_Tempestad,Ruscella Mies Haber,Brand Tempestad,email_communication,10,email_headers,,,邮件通信次数,high,email_network.csv,
E00395,Ruscella_Mies_Haber,Ingrid_Barranco,Ruscella Mies Haber,Ingrid Barranco,email_communication,10,email_headers,,,邮件通信次数,high,email_network.csv,
E00396,Ruscella_Mies_Haber,Sten_Sanjorge_Jr,Ruscella Mies Haber,Sten Sanjorge Jr,email_communication,10,email_headers,,,邮件通信次数,high,email_network.csv,
E00397,Ruscella_Mies_Haber,Orhan_Strum,Ruscella Mies Haber,Orhan Strum,email_communication,10,email_headers,,,邮件通信次数,high,email_network.csv,
E00398,Ruscella_Mies_Haber,Willem_Vasco_Pais,Ruscella Mies Haber,Willem Vasco-Pais,email_communication,10,email_headers,,,邮件通信次数,high,email_network.csv,
E00399,Ruscella_Mies_Haber,Bertrand_Ovan,Ruscella Mies Haber,Bertrand Ovan,email_communication,10,email_headers,,,邮件通信次数,high,email_network.csv,
E00400,Ruscella_Mies_Haber,Albina_Hafon,Ruscella Mies Haber,Albina Hafon,email_communication,10,email_headers,,,邮件通信次数,high,email_network.csv,
E00401,Ruscella_Mies_Haber,Benito_Hawelon,Ruscella Mies Haber,Benito Hawelon,email_communication,10,email_headers,,,邮件通信次数,high,email_network.csv,
E00402,Ruscella_Mies_Haber,Claudio_Hawelon,Ruscella Mies Haber,Claudio Hawelon,email_communication,10,email_headers,,,邮件通信次数,high,email_network.csv,
E00403,Ruscella_Mies_Haber,Henk_Mies,Ruscella Mies Haber,Henk Mies,email_communication,10,email_headers,,,邮件通信次数,high,email_network.csv,
E00404,Ruscella_Mies_Haber,Valeria_Morlun,Ruscella Mies Haber,Valeria Morlun,email_communication,10,email_headers,,,邮件通信次数,high,email_network.csv,
E00405,Ruscella_Mies_Haber,Adan_Morlun,Ruscella Mies Haber,Adan Morlun,email_communication,10,email_headers,,,邮件通信次数,high,email_network.csv,
E00406,Ruscella_Mies_Haber,Cecilia_Morluniau,Ruscella Mies Haber,Cecilia Morluniau,email_communication,10,email_headers,,,邮件通信次数,high,email_network.csv,
E00407,Ruscella_Mies_Haber,Irene_Nant,Ruscella Mies Haber,Irene Nant,email_communication,10,email_headers,,,邮件通信次数,high,email_network.csv,
E00408,Ruscella_Mies_Haber,Dylan_Scozzese,Ruscella Mies Haber,Dylan Scozzese,email_communication,10,email_headers,,,邮件通信次数,high,email_network.csv,
E00409,Ruscella_Mies_Haber,Lucas_Alcazar,Ruscella Mies Haber,Lucas Alcazar,email_communication,10,email_headers,,,邮件通信次数,high,email_network.csv,
E00410,Ruscella_Mies_Haber,Isak_Baza,Ruscella Mies Haber,Isak Baza,email_communication,10,email_headers,,,邮件通信次数,high,email_network.csv,
E00411,Ruscella_Mies_Haber,Linnea_Bergen,Ruscella Mies Haber,Linnea Bergen,email_communication,10,email_headers,,,邮件通信次数,high,email_network.csv,
E00412,Ruscella_Mies_Haber,Nils_Calixto,Ruscella Mies Haber,Nils Calixto,email_communication,10,email_headers,,,邮件通信次数,high,email_network.csv,
E00413,Ruscella_Mies_Haber,Sven_Flecha,Ruscella Mies Haber,Sven Flecha,email_communication,10,email_headers,,,邮件通信次数,high,email_network.csv,
E00414,Ruscella_Mies_Haber,Hideki_Cocinaro,Ruscella Mies Haber,Hideki Cocinaro,email_communication,10,email_headers,,,邮件通信次数,high,email_network.csv,
E00415,Ruscella_Mies_Haber,Stenig_Fusil,Ruscella Mies Haber,Stenig Fusil,email_communication,10,email_headers,,,邮件通信次数,high,email_network.csv,
E00416,Ruscella_Mies_Haber,Kanon_Herrero,Ruscella Mies Haber,Kanon Herrero,email_communication,10,email_headers,,,邮件通信次数,high,email_network.csv,
E00417,Ruscella_Mies_Haber,Varja_Lagos,Ruscella Mies Haber,Varja Lagos,email_communication,10,email_headers,,,邮件通信次数,high,email_network.csv,
E00418,Ruscella_Mies_Haber,Felix_Resumir,Ruscella Mies Haber,Felix Resumir,email_communication,10,email_headers,,,邮件通信次数,high,email_network.csv,
E00419,Ruscella_Mies_Haber,Edvard_Vann,Ruscella Mies Haber,Edvard Vann,email_communication,10,email_headers,,,邮件通信次数,high,email_network.csv,
E00420,Ruscella_Mies_Haber,Emile_Arpa,Ruscella Mies Haber,Emile Arpa,email_communication,10,email_headers,,,邮件通信次数,high,email_network.csv,
E00421,Ruscella_Mies_Haber,Varro_Awelon,Ruscella Mies Haber,Varro Awelon,email_communication,10,email_headers,,,邮件通信次数,high,email_network.csv,
E00422,Ruscella_Mies_Haber,Dante_Coginian,Ruscella Mies Haber,Dante Coginian,email_communication,10,email_headers,,,邮件通信次数,high,email_network.csv,
E00423,Irene_Nant,Cecilia_Morluniau,Irene Nant,Cecilia Morluniau,email_communication,10,email_headers,,,邮件通信次数,high,email_network.csv,
E00424,Cecilia_Morluniau,Albina_Hafon,Cecilia Morluniau,Albina Hafon,email_communication,10,email_headers,,,邮件通信次数,high,email_network.csv,
E00425,Irene_Nant,Claudio_Hawelon,Irene Nant,Claudio Hawelon,email_communication,10,email_headers,,,邮件通信次数,high,email_network.csv,
E00426,Dylan_Scozzese,Henk_Mies,Dylan Scozzese,Henk Mies,email_communication,10,email_headers,,,邮件通信次数,high,email_network.csv,
E00427,Elsa_Orilla,Lidelse_Dedos,Elsa Orilla,Lidelse Dedos,email_communication,10,email_headers,,,邮件通信次数,high,email_network.csv,
E00428,Gustav_Cazar,Lars_Azada,Gustav Cazar,Lars Azada,email_communication,10,email_headers,,,邮件通信次数,high,email_network.csv,
E00429,Vira_Frente,Axel_Calzas,Vira Frente,Axel Calzas,email_communication,10,email_headers,,,邮件通信次数,high,email_network.csv,
E00430,Isande_Borrasca,Marin_Onda,Isande Borrasca,Marin Onda,email_communication,10,email_headers,,,邮件通信次数,high,email_network.csv,
E00431,Lidelse_Dedos,Kare_Orilla,Lidelse Dedos,Kare Orilla,email_communication,10,email_headers,,,邮件通信次数,high,email_network.csv,
E00432,Kare_Orilla,Brand_Tempestad,Kare Orilla,Brand Tempestad,email_communication,10,email_headers,,,邮件通信次数,high,email_network.csv,
E00433,Ada_Campo_Corrente,Ingrid_Barranco,Ada Campo-Corrente,Ingrid Barranco,email_communication,10,email_headers,,,邮件通信次数,high,email_network.csv,
E00434,Lars_Azada,Adra_Nubarron,Lars Azada,Adra Nubarron,email_communication,10,email_headers,,,邮件通信次数,high,email_network.csv,
E00435,Willem_Vasco_Pais,Sten_Sanjorge_Jr,Willem Vasco-Pais,Sten Sanjorge Jr,email_communication,10,email_headers,,,邮件通信次数,high,email_network.csv,
E00436,Brand_Tempestad,Adra_Nubarron,Brand Tempestad,Adra Nubarron,email_communication,10,email_headers,,,邮件通信次数,high,email_network.csv,
E00437,Brand_Tempestad,Lidelse_Dedos,Brand Tempestad,Lidelse Dedos,email_communication,10,email_headers,,,邮件通信次数,high,email_network.csv,
E00438,Brand_Tempestad,Lars_Azada,Brand Tempestad,Lars Azada,email_communication,9,email_headers,,,邮件通信次数,high,email_network.csv,
E00439,Axel_Calzas,Vira_Frente,Axel Calzas,Vira Frente,email_communication,9,email_headers,,,邮件通信次数,high,email_network.csv,
E00440,Albina_Hafon,Valeria_Morlun,Albina Hafon,Valeria Morlun,email_communication,9,email_headers,,,邮件通信次数,high,email_network.csv,
E00441,Benito_Hawelon,Emile_Arpa,Benito Hawelon,Emile Arpa,email_communication,9,email_headers,,,邮件通信次数,high,email_network.csv,
E00442,Adan_Morlun,Benito_Hawelon,Adan Morlun,Benito Hawelon,email_communication,9,email_headers,,,邮件通信次数,high,email_network.csv,
E00443,Adan_Morlun,Cecilia_Morluniau,Adan Morlun,Cecilia Morluniau,email_communication,9,email_headers,,,邮件通信次数,high,email_network.csv,
E00444,Irene_Nant,Dylan_Scozzese,Irene Nant,Dylan Scozzese,email_communication,9,email_headers,,,邮件通信次数,high,email_network.csv,
E00445,Cecilia_Morluniau,Henk_Mies,Cecilia Morluniau,Henk Mies,email_communication,9,email_headers,,,邮件通信次数,high,email_network.csv,
E00446,Irene_Nant,Adan_Morlun,Irene Nant,Adan Morlun,email_communication,9,email_headers,,,邮件通信次数,high,email_network.csv,
E00447,Lars_Azada,Elsa_Orilla,Lars Azada,Elsa Orilla,email_communication,9,email_headers,,,邮件通信次数,high,email_network.csv,
E00448,Claudio_Hawelon,Valeria_Morlun,Claudio Hawelon,Valeria Morlun,email_communication,9,email_headers,,,邮件通信次数,high,email_network.csv,
E00449,Gustav_Cazar,Elsa_Orilla,Gustav Cazar,Elsa Orilla,email_communication,9,email_headers,,,邮件通信次数,high,email_network.csv,
E00450,Isande_Borrasca,Elsa_Orilla,Isande Borrasca,Elsa Orilla,email_communication,9,email_headers,,,邮件通信次数,high,email_network.csv,
E00451,Isande_Borrasca,Brand_Tempestad,Isande Borrasca,Brand Tempestad,email_communication,9,email_headers,,,邮件通信次数,high,email_network.csv,
E00452,Lars_Azada,Brand_Tempestad,Lars Azada,Brand Tempestad,email_communication,9,email_headers,,,邮件通信次数,high,email_network.csv,
E00453,Brand_Tempestad,Isande_Borrasca,Brand Tempestad,Isande Borrasca,email_communication,9,email_headers,,,邮件通信次数,high,email_network.csv,
E00454,Brand_Tempestad,Kare_Orilla,Brand Tempestad,Kare Orilla,email_communication,9,email_headers,,,邮件通信次数,high,email_network.csv,
E00455,Stenig_Fusil,Hennie_Osvaldo,Stenig Fusil,Hennie Osvaldo,email_communication,9,email_headers,,,邮件通信次数,high,email_network.csv,
E00456,Hennie_Osvaldo,Isia_Vann,Hennie Osvaldo,Isia Vann,email_communication,9,email_headers,,,邮件通信次数,high,email_network.csv,
E00457,Kare_Orilla,Marin_Onda,Kare Orilla,Marin Onda,email_communication,9,email_headers,,,邮件通信次数,high,email_network.csv,
E00458,Elsa_Orilla,Vira_Frente,Elsa Orilla,Vira Frente,email_communication,9,email_headers,,,邮件通信次数,high,email_network.csv,
E00459,Dylan_Scozzese,Dante_Coginian,Dylan Scozzese,Dante Coginian,email_communication,9,email_headers,,,邮件通信次数,high,email_network.csv,
E00460,Dante_Coginian,Adan_Morlun,Dante Coginian,Adan Morlun,email_communication,9,email_headers,,,邮件通信次数,high,email_network.csv,
E00461,Axel_Calzas,Felix_Balas,Axel Calzas,Felix Balas,email_communication,8,email_headers,,,邮件通信次数,high,email_network.csv,
E00462,Axel_Calzas,Kare_Orilla,Axel Calzas,Kare Orilla,email_communication,8,email_headers,,,邮件通信次数,high,email_network.csv,
E00463,Benito_Hawelon,Adan_Morlun,Benito Hawelon,Adan Morlun,email_communication,8,email_headers,,,邮件通信次数,high,email_network.csv,
E00464,Varro_Awelon,Albina_Hafon,Varro Awelon,Albina Hafon,email_communication,8,email_headers,,,邮件通信次数,high,email_network.csv,
E00465,Benito_Hawelon,Cecilia_Morluniau,Benito Hawelon,Cecilia Morluniau,email_communication,8,email_headers,,,邮件通信次数,high,email_network.csv,
E00466,Adra_Nubarron,Elsa_Orilla,Adra Nubarron,Elsa Orilla,email_communication,8,email_headers,,,邮件通信次数,high,email_network.csv,
E00467,Adra_Nubarron,Brand_Tempestad,Adra Nubarron,Brand Tempestad,email_communication,8,email_headers,,,邮件通信次数,high,email_network.csv,
E00468,Cecilia_Morluniau,Adan_Morlun,Cecilia Morluniau,Adan Morlun,email_communication,8,email_headers,,,邮件通信次数,high,email_network.csv,
E00469,Cecilia_Morluniau,Claudio_Hawelon,Cecilia Morluniau,Claudio Hawelon,email_communication,8,email_headers,,,邮件通信次数,high,email_network.csv,
E00470,Irene_Nant,Albina_Hafon,Irene Nant,Albina Hafon,email_communication,8,email_headers,,,邮件通信次数,high,email_network.csv,
E00471,Dylan_Scozzese,Benito_Hawelon,Dylan Scozzese,Benito Hawelon,email_communication,8,email_headers,,,邮件通信次数,high,email_network.csv,
E00472,Isia_Vann,Rachel_Pantanal,Isia Vann,Rachel Pantanal,email_communication,8,email_headers,,,邮件通信次数,high,email_network.csv,
E00473,Lars_Azada,Vira_Frente,Lars Azada,Vira Frente,email_communication,8,email_headers,,,邮件通信次数,high,email_network.csv,
E00474,Claudio_Hawelon,Varro_Awelon,Claudio Hawelon,Varro Awelon,email_communication,8,email_headers,,,邮件通信次数,high,email_network.csv,
E00475,Claudio_Hawelon,Benito_Hawelon,Claudio Hawelon,Benito Hawelon,email_communication,8,email_headers,,,邮件通信次数,high,email_network.csv,
E00476,Cecilia_Morluniau,Irene_Nant,Cecilia Morluniau,Irene Nant,email_communication,8,email_headers,,,邮件通信次数,high,email_network.csv,
E00477,Gustav_Cazar,Axel_Calzas,Gustav Cazar,Axel Calzas,email_communication,8,email_headers,,,邮件通信次数,high,email_network.csv,
E00478,Isande_Borrasca,Lars_Azada,Isande Borrasca,Lars Azada,email_communication,8,email_headers,,,邮件通信次数,high,email_network.csv,
E00479,Lidelse_Dedos,Axel_Calzas,Lidelse Dedos,Axel Calzas,email_communication,8,email_headers,,,邮件通信次数,high,email_network.csv,
E00480,Brand_Tempestad,Marin_Onda,Brand Tempestad,Marin Onda,email_communication,8,email_headers,,,邮件通信次数,high,email_network.csv,
E00481,Brand_Tempestad,Axel_Calzas,Brand Tempestad,Axel Calzas,email_communication,8,email_headers,,,邮件通信次数,high,email_network.csv,
E00482,Stenig_Fusil,Felix_Resumir,Stenig Fusil,Felix Resumir,email_communication,8,email_headers,,,邮件通信次数,high,email_network.csv,
E00483,Ingrid_Barranco,Willem_Vasco_Pais,Ingrid Barranco,Willem Vasco-Pais,email_communication,8,email_headers,,,邮件通信次数,high,email_network.csv,
E00484,Elsa_Orilla,Felix_Balas,Elsa Orilla,Felix Balas,email_communication,8,email_headers,,,邮件通信次数,high,email_network.csv,
E00485,Elsa_Orilla,Birgitta_Frente,Elsa Orilla,Birgitta Frente,email_communication,8,email_headers,,,邮件通信次数,high,email_network.csv,
E00486,Sten_Sanjorge_Jr,Ingrid_Barranco,Sten Sanjorge Jr ,Ingrid Barranco,email_communication,8,email_headers,,,邮件通信次数,high,email_network.csv,
E00487,Dante_Coginian,Emile_Arpa,Dante Coginian,Emile Arpa,email_communication,8,email_headers,,,邮件通信次数,high,email_network.csv,
E00488,Dante_Coginian,Claudio_Hawelon,Dante Coginian,Claudio Hawelon,email_communication,8,email_headers,,,邮件通信次数,high,email_network.csv,
E00489,Inga_Ferro,Loreto_Bodrogi,Inga Ferro,Loreto Bodrogi,email_communication,8,email_headers,,,邮件通信次数,high,email_network.csv,
E00490,Inga_Ferro,Hennie_Osvaldo,Inga Ferro,Hennie Osvaldo,email_communication,8,email_headers,,,邮件通信次数,high,email_network.csv,
E00491,Brand_Tempestad,Birgitta_Frente,Brand Tempestad,Birgitta Frente,email_communication,7,email_headers,,,邮件通信次数,high,email_network.csv,
E00492,Linnea_Bergen,Ruscella_Mies_Haber,Linnea Bergen,Ruscella Mies Haber,email_communication,7,email_headers,,,邮件通信次数,high,email_network.csv,
E00493,Ingrid_Barranco,Loreto_Bodrogi,Ingrid Barranco,Loreto Bodrogi,email_communication,7,email_headers,,,邮件通信次数,high,email_network.csv,
E00494,Axel_Calzas,Gustav_Cazar,Axel Calzas,Gustav Cazar,email_communication,7,email_headers,,,邮件通信次数,high,email_network.csv,
E00495,Lars_Azada,Birgitta_Frente,Lars Azada,Birgitta Frente,email_communication,7,email_headers,,,邮件通信次数,high,email_network.csv,
E00496,Lars_Azada,Felix_Balas,Lars Azada,Felix Balas,email_communication,7,email_headers,,,邮件通信次数,high,email_network.csv,
E00497,Albina_Hafon,Dante_Coginian,Albina Hafon,Dante Coginian,email_communication,7,email_headers,,,邮件通信次数,high,email_network.csv,
E00498,Felix_Balas,Lars_Azada,Felix Balas,Lars Azada,email_communication,7,email_headers,,,邮件通信次数,high,email_network.csv,
E00499,Benito_Hawelon,Varro_Awelon,Benito Hawelon,Varro Awelon,email_communication,7,email_headers,,,邮件通信次数,high,email_network.csv,
E00500,Adan_Morlun,Claudio_Hawelon,Adan Morlun,Claudio Hawelon,email_communication,7,email_headers,,,邮件通信次数,high,email_network.csv,
E00501,Adan_Morlun,Emile_Arpa,Adan Morlun,Emile Arpa,email_communication,7,email_headers,,,邮件通信次数,high,email_network.csv,
E00502,Adan_Morlun,Varro_Awelon,Adan Morlun,Varro Awelon,email_communication,7,email_headers,,,邮件通信次数,high,email_network.csv,
E00503,Varro_Awelon,Claudio_Hawelon,Varro Awelon,Claudio Hawelon,email_communication,7,email_headers,,,邮件通信次数,high,email_network.csv,
E00504,Dante_Coginian,Benito_Hawelon,Dante Coginian,Benito Hawelon,email_communication,7,email_headers,,,邮件通信次数,high,email_network.csv,
E00505,Vira_Frente,Elsa_Orilla,Vira Frente,Elsa Orilla,email_communication,7,email_headers,,,邮件通信次数,high,email_network.csv,
E00506,Vira_Frente,Marin_Onda,Vira Frente,Marin Onda,email_communication,7,email_headers,,,邮件通信次数,high,email_network.csv,
E00507,Kanon_Herrero,Hennie_Osvaldo,Kanon Herrero,Hennie Osvaldo,email_communication,7,email_headers,,,邮件通信次数,high,email_network.csv,
E00508,Adra_Nubarron,Isande_Borrasca,Adra Nubarron,Isande Borrasca,email_communication,7,email_headers,,,邮件通信次数,high,email_network.csv,
E00509,Adra_Nubarron,Felix_Balas,Adra Nubarron,Felix Balas,email_communication,7,email_headers,,,邮件通信次数,high,email_network.csv,
E00510,Adra_Nubarron,Kare_Orilla,Adra Nubarron,Kare Orilla,email_communication,7,email_headers,,,邮件通信次数,high,email_network.csv,
E00511,Adra_Nubarron,Lars_Azada,Adra Nubarron,Lars Azada,email_communication,7,email_headers,,,邮件通信次数,high,email_network.csv,
E00512,Adra_Nubarron,Marin_Onda,Adra Nubarron,Marin Onda,email_communication,7,email_headers,,,邮件通信次数,high,email_network.csv,
E00513,Cecilia_Morluniau,Dylan_Scozzese,Cecilia Morluniau,Dylan Scozzese,email_communication,7,email_headers,,,邮件通信次数,high,email_network.csv,
E00514,Irene_Nant,Dante_Coginian,Irene Nant,Dante Coginian,email_communication,7,email_headers,,,邮件通信次数,high,email_network.csv,
E00515,Dylan_Scozzese,Varro_Awelon,Dylan Scozzese,Varro Awelon,email_communication,7,email_headers,,,邮件通信次数,high,email_network.csv,
E00516,Claudio_Hawelon,Emile_Arpa,Claudio Hawelon,Emile Arpa,email_communication,7,email_headers,,,邮件通信次数,high,email_network.csv,
E00517,Gustav_Cazar,Lidelse_Dedos,Gustav Cazar,Lidelse Dedos,email_communication,7,email_headers,,,邮件通信次数,high,email_network.csv,
E00518,Isande_Borrasca,Vira_Frente,Isande Borrasca,Vira Frente,email_communication,7,email_headers,,,邮件通信次数,high,email_network.csv,
E00519,Varja_Lagos,Hideki_Cocinaro,Varja Lagos,Hideki Cocinaro,email_communication,7,email_headers,,,邮件通信次数,high,email_network.csv,
E00520,Lars_Azada,Kare_Orilla,Lars Azada,Kare Orilla,email_communication,7,email_headers,,,邮件通信次数,high,email_network.csv,
E00521,Lars_Azada,Marin_Onda,Lars Azada,Marin Onda,email_communication,7,email_headers,,,邮件通信次数,high,email_network.csv,
E00522,Lidelse_Dedos,Lars_Azada,Lidelse Dedos,Lars Azada,email_communication,7,email_headers,,,邮件通信次数,high,email_network.csv,
E00523,Brand_Tempestad,Elsa_Orilla,Brand Tempestad,Elsa Orilla,email_communication,7,email_headers,,,邮件通信次数,high,email_network.csv,
E00524,Brand_Tempestad,Vira_Frente,Brand Tempestad,Vira Frente,email_communication,7,email_headers,,,邮件通信次数,high,email_network.csv,
E00525,Isande_Borrasca,Birgitta_Frente,Isande Borrasca,Birgitta Frente,email_communication,7,email_headers,,,邮件通信次数,high,email_network.csv,
E00526,Isande_Borrasca,Felix_Balas,Isande Borrasca,Felix Balas,email_communication,7,email_headers,,,邮件通信次数,high,email_network.csv,
E00527,Stenig_Fusil,Hideki_Cocinaro,Stenig Fusil,Hideki Cocinaro,email_communication,7,email_headers,,,邮件通信次数,high,email_network.csv,
E00528,Kare_Orilla,Isande_Borrasca,Kare Orilla,Isande Borrasca,email_communication,7,email_headers,,,邮件通信次数,high,email_network.csv,
E00529,Kare_Orilla,Elsa_Orilla,Kare Orilla,Elsa Orilla,email_communication,7,email_headers,,,邮件通信次数,high,email_network.csv,
E00530,Ingrid_Barranco,Kare_Orilla,Ingrid Barranco,Kare Orilla,email_communication,7,email_headers,,,邮件通信次数,high,email_network.csv,
E00531,Edvard_Vann,Hennie_Osvaldo,Edvard Vann,Hennie Osvaldo,email_communication,7,email_headers,,,邮件通信次数,high,email_network.csv,
E00532,Elsa_Orilla,Isande_Borrasca,Elsa Orilla,Isande Borrasca,email_communication,7,email_headers,,,邮件通信次数,high,email_network.csv,
E00533,Valeria_Morlun,Claudio_Hawelon,Valeria Morlun,Claudio Hawelon,email_communication,7,email_headers,,,邮件通信次数,high,email_network.csv,
E00534,Felix_Balas,Adra_Nubarron,Felix Balas,Adra Nubarron,email_communication,7,email_headers,,,邮件通信次数,high,email_network.csv,
E00535,Hennie_Osvaldo,Loreto_Bodrogi,Hennie Osvaldo,Loreto Bodrogi,email_communication,7,email_headers,,,邮件通信次数,high,email_network.csv,
E00536,Hennie_Osvaldo,Minke_Mies,Hennie Osvaldo,Minke Mies,email_communication,7,email_headers,,,邮件通信次数,high,email_network.csv,
E00537,Dante_Coginian,Henk_Mies,Dante Coginian,Henk Mies,email_communication,7,email_headers,,,邮件通信次数,high,email_network.csv,
E00538,Lidelse_Dedos,Adra_Nubarron,Lidelse Dedos,Adra Nubarron,email_communication,7,email_headers,,,邮件通信次数,high,email_network.csv,
E00539,Emile_Arpa,Adan_Morlun,Emile Arpa,Adan Morlun,email_communication,7,email_headers,,,邮件通信次数,high,email_network.csv,
E00540,Emile_Arpa,Claudio_Hawelon,Emile Arpa,Claudio Hawelon,email_communication,7,email_headers,,,邮件通信次数,high,email_network.csv,
E00541,Kare_Orilla,Adra_Nubarron,Kare Orilla,Adra Nubarron,email_communication,7,email_headers,,,邮件通信次数,high,email_network.csv,
E00542,Kare_Orilla,Lidelse_Dedos,Kare Orilla,Lidelse Dedos,email_communication,7,email_headers,,,邮件通信次数,high,email_network.csv,
E00543,Lidelse_Dedos,Brand_Tempestad,Lidelse Dedos,Brand Tempestad,email_communication,7,email_headers,,,邮件通信次数,high,email_network.csv,
E00544,Felix_Balas,Brand_Tempestad,Felix Balas,Brand Tempestad,email_communication,7,email_headers,,,邮件通信次数,high,email_network.csv,
E00545,Inga_Ferro,Isia_Vann,Inga Ferro,Isia Vann,email_communication,7,email_headers,,,邮件通信次数,high,email_network.csv,
E00546,Albina_Hafon,Claudio_Hawelon,Albina Hafon,Claudio Hawelon,email_communication,7,email_headers,,,邮件通信次数,high,email_network.csv,
E00547,Dante_Coginian,Dylan_Scozzese,Dante Coginian,Dylan Scozzese,email_communication,7,email_headers,,,邮件通信次数,high,email_network.csv,
E00548,Varja_Lagos,Hennie_Osvaldo,Varja Lagos,Hennie Osvaldo,email_communication,6,email_headers,,,邮件通信次数,high,email_network.csv,
E00549,Varja_Lagos,Loreto_Bodrogi,Varja Lagos,Loreto Bodrogi,email_communication,6,email_headers,,,邮件通信次数,high,email_network.csv,
E00550,Brand_Tempestad,Felix_Balas,Brand Tempestad,Felix Balas,email_communication,6,email_headers,,,邮件通信次数,high,email_network.csv,
E00551,Axel_Calzas,Birgitta_Frente,Axel Calzas,Birgitta Frente,email_communication,6,email_headers,,,邮件通信次数,high,email_network.csv,
E00552,Albina_Hafon,Emile_Arpa,Albina Hafon,Emile Arpa,email_communication,6,email_headers,,,邮件通信次数,high,email_network.csv,
E00553,Felix_Balas,Birgitta_Frente,Felix Balas,Birgitta Frente,email_communication,6,email_headers,,,邮件通信次数,high,email_network.csv,
E00554,Loreto_Bodrogi,Hennie_Osvaldo,Loreto Bodrogi,Hennie Osvaldo,email_communication,6,email_headers,,,邮件通信次数,high,email_network.csv,
E00555,Benito_Hawelon,Irene_Nant,Benito Hawelon,Irene Nant,email_communication,6,email_headers,,,邮件通信次数,high,email_network.csv,
E00556,Hennie_Osvaldo,Kanon_Herrero,Hennie Osvaldo,Kanon Herrero,email_communication,6,email_headers,,,邮件通信次数,high,email_network.csv,
E00557,Varro_Awelon,Benito_Hawelon,Varro Awelon,Benito Hawelon,email_communication,6,email_headers,,,邮件通信次数,high,email_network.csv,
E00558,Varro_Awelon,Cecilia_Morluniau,Varro Awelon,Cecilia Morluniau,email_communication,6,email_headers,,,邮件通信次数,high,email_network.csv,
E00559,Varro_Awelon,Dante_Coginian,Varro Awelon,Dante Coginian,email_communication,6,email_headers,,,邮件通信次数,high,email_network.csv,
E00560,Dante_Coginian,Valeria_Morlun,Dante Coginian,Valeria Morlun,email_communication,6,email_headers,,,邮件通信次数,high,email_network.csv,
E00561,Dante_Coginian,Albina_Hafon,Dante Coginian,Albina Hafon,email_communication,6,email_headers,,,邮件通信次数,high,email_network.csv,
E00562,Dante_Coginian,Varro_Awelon,Dante Coginian,Varro Awelon,email_communication,6,email_headers,,,邮件通信次数,high,email_network.csv,
E00563,Ingrid_Barranco,Cecilia_Morluniau,Ingrid Barranco,Cecilia Morluniau,email_communication,6,email_headers,,,邮件通信次数,high,email_network.csv,
E00564,Irene_Nant,Henk_Mies,Irene Nant,Henk Mies,email_communication,6,email_headers,,,邮件通信次数,high,email_network.csv,
E00565,Varro_Awelon,Irene_Nant,Varro Awelon,Irene Nant,email_communication,6,email_headers,,,邮件通信次数,high,email_network.csv,
E00566,Varro_Awelon,Henk_Mies,Varro Awelon,Henk Mies,email_communication,6,email_headers,,,邮件通信次数,high,email_network.csv,
E00567,Gustav_Cazar,Isande_Borrasca,Gustav Cazar,Isande Borrasca,email_communication,6,email_headers,,,邮件通信次数,high,email_network.csv,
E00568,Orhan_Strum,Ada_Campo_Corrente,Orhan Strum,Ada Campo-Corrente,email_communication,6,email_headers,,,邮件通信次数,high,email_network.csv,
E00569,Varja_Lagos,Kanon_Herrero,Varja Lagos,Kanon Herrero,email_communication,6,email_headers,,,邮件通信次数,high,email_network.csv,
E00570,Varja_Lagos,Stenig_Fusil,Varja Lagos,Stenig Fusil,email_communication,6,email_headers,,,邮件通信次数,high,email_network.csv,
E00571,Lars_Azada,Isande_Borrasca,Lars Azada,Isande Borrasca,email_communication,6,email_headers,,,邮件通信次数,high,email_network.csv,
E00572,Lidelse_Dedos,Marin_Onda,Lidelse Dedos,Marin Onda,email_communication,6,email_headers,,,邮件通信次数,high,email_network.csv,
E00573,Lidelse_Dedos,Felix_Balas,Lidelse Dedos,Felix Balas,email_communication,6,email_headers,,,邮件通信次数,high,email_network.csv,
E00574,Lidelse_Dedos,Vira_Frente,Lidelse Dedos,Vira Frente,email_communication,6,email_headers,,,邮件通信次数,high,email_network.csv,
E00575,Isande_Borrasca,Gustav_Cazar,Isande Borrasca,Gustav Cazar,email_communication,6,email_headers,,,邮件通信次数,high,email_network.csv,
E00576,Stenig_Fusil,Kanon_Herrero,Stenig Fusil,Kanon Herrero,email_communication,6,email_headers,,,邮件通信次数,high,email_network.csv,
E00577,Hennie_Osvaldo,Stenig_Fusil,Hennie Osvaldo,Stenig Fusil,email_communication,6,email_headers,,,邮件通信次数,high,email_network.csv,
E00578,Hennie_Osvaldo,Inga_Ferro,Hennie Osvaldo,Inga Ferro,email_communication,6,email_headers,,,邮件通信次数,high,email_network.csv,
E00579,Hennie_Osvaldo,Hideki_Cocinaro,Hennie Osvaldo,Hideki Cocinaro,email_communication,6,email_headers,,,邮件通信次数,high,email_network.csv,
E00580,Hennie_Osvaldo,Felix_Resumir,Hennie Osvaldo,Felix Resumir,email_communication,6,email_headers,,,邮件通信次数,high,email_network.csv,
E00581,Edvard_Vann,Minke_Mies,Edvard Vann,Minke Mies,email_communication,6,email_headers,,,邮件通信次数,high,email_network.csv,
E00582,Edvard_Vann,Felix_Resumir,Edvard Vann,Felix Resumir,email_communication,6,email_headers,,,邮件通信次数,high,email_network.csv,
E00583,Felix_Balas,Isande_Borrasca,Felix Balas,Isande Borrasca,email_communication,6,email_headers,,,邮件通信次数,high,email_network.csv,
E00584,Stenig_Fusil,Minke_Mies,Stenig Fusil,Minke Mies,email_communication,6,email_headers,,,邮件通信次数,high,email_network.csv,
E00585,Stenig_Fusil,Loreto_Bodrogi,Stenig Fusil,Loreto Bodrogi,email_communication,6,email_headers,,,邮件通信次数,high,email_network.csv,
E00586,Benito_Hawelon,Dylan_Scozzese,Benito Hawelon,Dylan Scozzese,email_communication,6,email_headers,,,邮件通信次数,high,email_network.csv,
E00587,Dante_Coginian,Irene_Nant,Dante Coginian,Irene Nant,email_communication,6,email_headers,,,邮件通信次数,high,email_network.csv,
E00588,Isande_Borrasca,Lidelse_Dedos,Isande Borrasca,Lidelse Dedos,email_communication,6,email_headers,,,邮件通信次数,high,email_network.csv,
E00589,Adra_Nubarron,Lidelse_Dedos,Adra Nubarron,Lidelse Dedos,email_communication,6,email_headers,,,邮件通信次数,high,email_network.csv,
E00590,Axel_Calzas,Lidelse_Dedos,Axel Calzas,Lidelse Dedos,email_communication,6,email_headers,,,邮件通信次数,high,email_network.csv,
E00591,Irene_Nant,Benito_Hawelon,Irene Nant,Benito Hawelon,email_communication,6,email_headers,,,邮件通信次数,high,email_network.csv,
E00592,Claudio_Hawelon,Dante_Coginian,Claudio Hawelon,Dante Coginian,email_communication,6,email_headers,,,邮件通信次数,high,email_network.csv,
E00593,Kanon_Herrero,Inga_Ferro,Kanon Herrero,Inga Ferro,email_communication,6,email_headers,,,邮件通信次数,high,email_network.csv,
E00594,Kanon_Herrero,Minke_Mies,Kanon Herrero,Minke Mies,email_communication,6,email_headers,,,邮件通信次数,high,email_network.csv,
E00595,Emile_Arpa,Valeria_Morlun,Emile Arpa,Valeria Morlun,email_communication,6,email_headers,,,邮件通信次数,high,email_network.csv,
E00596,Marin_Onda,Vira_Frente,Marin Onda,Vira Frente,email_communication,6,email_headers,,,邮件通信次数,high,email_network.csv,
E00597,Adra_Nubarron,Birgitta_Frente,Adra Nubarron,Birgitta Frente,email_communication,6,email_headers,,,邮件通信次数,high,email_network.csv,
E00598,Varro_Awelon,Valeria_Morlun,Varro Awelon,Valeria Morlun,email_communication,6,email_headers,,,邮件通信次数,high,email_network.csv,
E00599,Felix_Balas,Marin_Onda,Felix Balas,Marin Onda,email_communication,6,email_headers,,,邮件通信次数,high,email_network.csv,
E00600,Felix_Balas,Kare_Orilla,Felix Balas,Kare Orilla,email_communication,6,email_headers,,,邮件通信次数,high,email_network.csv,
E00601,Varja_Lagos,Inga_Ferro,Varja Lagos,Inga Ferro,email_communication,5,email_headers,,,邮件通信次数,high,email_network.csv,
E00602,Linnea_Bergen,Inga_Ferro,Linnea Bergen,Inga Ferro,email_communication,5,email_headers,,,邮件通信次数,high,email_network.csv,
E00603,Linnea_Bergen,Loreto_Bodrogi,Linnea Bergen,Loreto Bodrogi,email_communication,5,email_headers,,,邮件通信次数,high,email_network.csv,
E00604,Linnea_Bergen,Isia_Vann,Linnea Bergen,Isia Vann,email_communication,5,email_headers,,,邮件通信次数,high,email_network.csv,
E00605,Linnea_Bergen,Hennie_Osvaldo,Linnea Bergen,Hennie Osvaldo,email_communication,5,email_headers,,,邮件通信次数,high,email_network.csv,
E00606,Linnea_Bergen,Minke_Mies,Linnea Bergen,Minke Mies,email_communication,5,email_headers,,,邮件通信次数,high,email_network.csv,
E00607,Axel_Calzas,Isande_Borrasca,Axel Calzas,Isande Borrasca,email_communication,5,email_headers,,,邮件通信次数,high,email_network.csv,
E00608,Loreto_Bodrogi,Inga_Ferro,Loreto Bodrogi,Inga Ferro,email_communication,5,email_headers,,,邮件通信次数,high,email_network.csv,
E00609,Felix_Resumir,Hennie_Osvaldo,Felix Resumir,Hennie Osvaldo,email_communication,5,email_headers,,,邮件通信次数,high,email_network.csv,
E00610,Felix_Resumir,Edvard_Vann,Felix Resumir,Edvard Vann,email_communication,5,email_headers,,,邮件通信次数,high,email_network.csv,
E00611,Birgitta_Frente,Lars_Azada,Birgitta Frente,Lars Azada,email_communication,5,email_headers,,,邮件通信次数,high,email_network.csv,
E00612,Vira_Frente,Brand_Tempestad,Vira Frente,Brand Tempestad,email_communication,5,email_headers,,,邮件通信次数,high,email_network.csv,
E00613,Vira_Frente,Kare_Orilla,Vira Frente,Kare Orilla,email_communication,5,email_headers,,,邮件通信次数,high,email_network.csv,
E00614,Adra_Nubarron,Gustav_Cazar,Adra Nubarron,Gustav Cazar,email_communication,5,email_headers,,,邮件通信次数,high,email_network.csv,
E00615,Cecilia_Morluniau,Valeria_Morlun,Cecilia Morluniau,Valeria Morlun,email_communication,5,email_headers,,,邮件通信次数,high,email_network.csv,
E00616,Irene_Nant,Varro_Awelon,Irene Nant,Varro Awelon,email_communication,5,email_headers,,,邮件通信次数,high,email_network.csv,
E00617,Lidelse_Dedos,Elsa_Orilla,Lidelse Dedos,Elsa Orilla,email_communication,5,email_headers,,,邮件通信次数,high,email_network.csv,
E00618,Rachel_Pantanal,Isia_Vann,Rachel Pantanal,Isia Vann,email_communication,5,email_headers,,,邮件通信次数,high,email_network.csv,
E00619,Varro_Awelon,Adan_Morlun,Varro Awelon,Adan Morlun,email_communication,5,email_headers,,,邮件通信次数,high,email_network.csv,
E00620,Henk_Mies,Bertrand_Ovan,Henk Mies,Bertrand Ovan,email_communication,5,email_headers,,,邮件通信次数,high,email_network.csv,
E00621,Cecilia_Morluniau,Bertrand_Ovan,Cecilia Morluniau,Bertrand Ovan,email_communication,5,email_headers,,,邮件通信次数,high,email_network.csv,
E00622,Cecilia_Morluniau,Dante_Coginian,Cecilia Morluniau,Dante Coginian,email_communication,5,email_headers,,,邮件通信次数,high,email_network.csv,
E00623,Gustav_Cazar,Vira_Frente,Gustav Cazar,Vira Frente,email_communication,5,email_headers,,,邮件通信次数,high,email_network.csv,
E00624,Gustav_Cazar,Kare_Orilla,Gustav Cazar,Kare Orilla,email_communication,5,email_headers,,,邮件通信次数,high,email_network.csv,
E00625,Gustav_Cazar,Brand_Tempestad,Gustav Cazar,Brand Tempestad,email_communication,5,email_headers,,,邮件通信次数,high,email_network.csv,
E00626,Varja_Lagos,Isia_Vann,Varja Lagos,Isia Vann,email_communication,5,email_headers,,,邮件通信次数,high,email_network.csv,
E00627,Lidelse_Dedos,Birgitta_Frente,Lidelse Dedos,Birgitta Frente,email_communication,5,email_headers,,,邮件通信次数,high,email_network.csv,
E00628,Lidelse_Dedos,Isande_Borrasca,Lidelse Dedos,Isande Borrasca,email_communication,5,email_headers,,,邮件通信次数,high,email_network.csv,
E00629,Birgitta_Frente,Elsa_Orilla,Birgitta Frente,Elsa Orilla,email_communication,5,email_headers,,,邮件通信次数,high,email_network.csv,
E00630,Edvard_Vann,Elsa_Orilla,Edvard Vann,Elsa Orilla,email_communication,5,email_headers,,,邮件通信次数,high,email_network.csv,
E00631,Hideki_Cocinaro,Isia_Vann,Hideki Cocinaro,Isia Vann,email_communication,5,email_headers,,,邮件通信次数,high,email_network.csv,
E00632,Stenig_Fusil,Isia_Vann,Stenig Fusil,Isia Vann,email_communication,5,email_headers,,,邮件通信次数,high,email_network.csv,
E00633,Kare_Orilla,Axel_Calzas,Kare Orilla,Axel Calzas,email_communication,5,email_headers,,,邮件通信次数,high,email_network.csv,
E00634,Ingrid_Barranco,Rachel_Pantanal,Ingrid Barranco,Rachel Pantanal,email_communication,5,email_headers,,,邮件通信次数,high,email_network.csv,
E00635,Ingrid_Barranco,Lars_Azada,Ingrid Barranco,Lars Azada,email_communication,5,email_headers,,,邮件通信次数,high,email_network.csv,
E00636,Ingrid_Barranco,Felix_Balas,Ingrid Barranco,Felix Balas,email_communication,5,email_headers,,,邮件通信次数,high,email_network.csv,
E00637,Ingrid_Barranco,Isande_Borrasca,Ingrid Barranco,Isande Borrasca,email_communication,5,email_headers,,,邮件通信次数,high,email_network.csv,
E00638,Ingrid_Barranco,Axel_Calzas,Ingrid Barranco,Axel Calzas,email_communication,5,email_headers,,,邮件通信次数,high,email_network.csv,
E00639,Ingrid_Barranco,Gustav_Cazar,Ingrid Barranco,Gustav Cazar,email_communication,5,email_headers,,,邮件通信次数,high,email_network.csv,
E00640,Ingrid_Barranco,Lidelse_Dedos,Ingrid Barranco,Lidelse Dedos,email_communication,5,email_headers,,,邮件通信次数,high,email_network.csv,
E00641,Ingrid_Barranco,Birgitta_Frente,Ingrid Barranco,Birgitta Frente,email_communication,5,email_headers,,,邮件通信次数,high,email_network.csv,
E00642,Ingrid_Barranco,Vira_Frente,Ingrid Barranco,Vira Frente,email_communication,5,email_headers,,,邮件通信次数,high,email_network.csv,
E00643,Ingrid_Barranco,Adra_Nubarron,Ingrid Barranco,Adra Nubarron,email_communication,5,email_headers,,,邮件通信次数,high,email_network.csv,
E00644,Ingrid_Barranco,Marin_Onda,Ingrid Barranco,Marin Onda,email_communication,5,email_headers,,,邮件通信次数,high,email_network.csv,
E00645,Ingrid_Barranco,Elsa_Orilla,Ingrid Barranco,Elsa Orilla,email_communication,5,email_headers,,,邮件通信次数,high,email_network.csv,
E00646,Ingrid_Barranco,Brand_Tempestad,Ingrid Barranco,Brand Tempestad,email_communication,5,email_headers,,,邮件通信次数,high,email_network.csv,
E00647,Ingrid_Barranco,Bertrand_Ovan,Ingrid Barranco,Bertrand Ovan,email_communication,5,email_headers,,,邮件通信次数,high,email_network.csv,
E00648,Ingrid_Barranco,Albina_Hafon,Ingrid Barranco,Albina Hafon,email_communication,5,email_headers,,,邮件通信次数,high,email_network.csv,
E00649,Ingrid_Barranco,Benito_Hawelon,Ingrid Barranco,Benito Hawelon,email_communication,5,email_headers,,,邮件通信次数,high,email_network.csv,
E00650,Ingrid_Barranco,Claudio_Hawelon,Ingrid Barranco,Claudio Hawelon,email_communication,5,email_headers,,,邮件通信次数,high,email_network.csv,
E00651,Ingrid_Barranco,Henk_Mies,Ingrid Barranco,Henk Mies,email_communication,5,email_headers,,,邮件通信次数,high,email_network.csv,
E00652,Ingrid_Barranco,Valeria_Morlun,Ingrid Barranco,Valeria Morlun,email_communication,5,email_headers,,,邮件通信次数,high,email_network.csv,
E00653,Ingrid_Barranco,Adan_Morlun,Ingrid Barranco,Adan Morlun,email_communication,5,email_headers,,,邮件通信次数,high,email_network.csv,
E00654,Ingrid_Barranco,Irene_Nant,Ingrid Barranco,Irene Nant,email_communication,5,email_headers,,,邮件通信次数,high,email_network.csv,
E00655,Ingrid_Barranco,Dylan_Scozzese,Ingrid Barranco,Dylan Scozzese,email_communication,5,email_headers,,,邮件通信次数,high,email_network.csv,
E00656,Ingrid_Barranco,Lucas_Alcazar,Ingrid Barranco,Lucas Alcazar,email_communication,5,email_headers,,,邮件通信次数,high,email_network.csv,
E00657,Ingrid_Barranco,Isak_Baza,Ingrid Barranco,Isak Baza,email_communication,5,email_headers,,,邮件通信次数,high,email_network.csv,
E00658,Ingrid_Barranco,Linnea_Bergen,Ingrid Barranco,Linnea Bergen,email_communication,5,email_headers,,,邮件通信次数,high,email_network.csv,
E00659,Ingrid_Barranco,Nils_Calixto,Ingrid Barranco,Nils Calixto,email_communication,5,email_headers,,,邮件通信次数,high,email_network.csv,
E00660,Ingrid_Barranco,Sven_Flecha,Ingrid Barranco,Sven Flecha,email_communication,5,email_headers,,,邮件通信次数,high,email_network.csv,
E00661,Ingrid_Barranco,Hideki_Cocinaro,Ingrid Barranco,Hideki Cocinaro,email_communication,5,email_headers,,,邮件通信次数,high,email_network.csv,
E00662,Ingrid_Barranco,Inga_Ferro,Ingrid Barranco,Inga Ferro,email_communication,5,email_headers,,,邮件通信次数,high,email_network.csv,
E00663,Ingrid_Barranco,Isia_Vann,Ingrid Barranco,Isia Vann,email_communication,5,email_headers,,,邮件通信次数,high,email_network.csv,
E00664,Ingrid_Barranco,Stenig_Fusil,Ingrid Barranco,Stenig Fusil,email_communication,5,email_headers,,,邮件通信次数,high,email_network.csv,
E00665,Ingrid_Barranco,Hennie_Osvaldo,Ingrid Barranco,Hennie Osvaldo,email_communication,5,email_headers,,,邮件通信次数,high,email_network.csv,
E00666,Ingrid_Barranco,Kanon_Herrero,Ingrid Barranco,Kanon Herrero,email_communication,5,email_headers,,,邮件通信次数,high,email_network.csv,
E00667,Ingrid_Barranco,Varja_Lagos,Ingrid Barranco,Varja Lagos,email_communication,5,email_headers,,,邮件通信次数,high,email_network.csv,
E00668,Ingrid_Barranco,Minke_Mies,Ingrid Barranco,Minke Mies,email_communication,5,email_headers,,,邮件通信次数,high,email_network.csv,
E00669,Ingrid_Barranco,Felix_Resumir,Ingrid Barranco,Felix Resumir,email_communication,5,email_headers,,,邮件通信次数,high,email_network.csv,
E00670,Ingrid_Barranco,Edvard_Vann,Ingrid Barranco,Edvard Vann,email_communication,5,email_headers,,,邮件通信次数,high,email_network.csv,
E00671,Ingrid_Barranco,Emile_Arpa,Ingrid Barranco,Emile Arpa,email_communication,5,email_headers,,,邮件通信次数,high,email_network.csv,
E00672,Ingrid_Barranco,Varro_Awelon,Ingrid Barranco,Varro Awelon,email_communication,5,email_headers,,,邮件通信次数,high,email_network.csv,
E00673,Ingrid_Barranco,Mat_Bramar,Ingrid Barranco,Mat Bramar,email_communication,5,email_headers,,,邮件通信次数,high,email_network.csv,
E00674,Ingrid_Barranco,Dante_Coginian,Ingrid Barranco,Dante Coginian,email_communication,5,email_headers,,,邮件通信次数,high,email_network.csv,
E00675,Ingrid_Barranco,Carla_Forluniau,Ingrid Barranco,Carla Forluniau,email_communication,5,email_headers,,,邮件通信次数,high,email_network.csv,
E00676,Ingrid_Barranco,Linda_Lagos,Ingrid Barranco,Linda Lagos,email_communication,5,email_headers,,,邮件通信次数,high,email_network.csv,
E00677,Ingrid_Barranco,Cornelia_Lais,Ingrid Barranco,Cornelia Lais,email_communication,5,email_headers,,,邮件通信次数,high,email_network.csv,
E00678,Ingrid_Barranco,Ruscella_Mies_Haber,Ingrid Barranco,Ruscella Mies Haber,email_communication,5,email_headers,,,邮件通信次数,high,email_network.csv,
E00679,Ingrid_Barranco,Anda_Ribera,Ingrid Barranco,Anda Ribera,email_communication,5,email_headers,,,邮件通信次数,high,email_network.csv,
E00680,Edvard_Vann,Hideki_Cocinaro,Edvard Vann,Hideki Cocinaro,email_communication,5,email_headers,,,邮件通信次数,high,email_network.csv,
E00681,Edvard_Vann,Inga_Ferro,Edvard Vann,Inga Ferro,email_communication,5,email_headers,,,邮件通信次数,high,email_network.csv,
E00682,Edvard_Vann,Loreto_Bodrogi,Edvard Vann,Loreto Bodrogi,email_communication,5,email_headers,,,邮件通信次数,high,email_network.csv,
E00683,Edvard_Vann,Isia_Vann,Edvard Vann,Isia Vann,email_communication,5,email_headers,,,邮件通信次数,high,email_network.csv,
E00684,Edvard_Vann,Kanon_Herrero,Edvard Vann,Kanon Herrero,email_communication,5,email_headers,,,邮件通信次数,high,email_network.csv,
E00685,Valeria_Morlun,Varro_Awelon,Valeria Morlun,Varro Awelon,email_communication,5,email_headers,,,邮件通信次数,high,email_network.csv,
E00686,Valeria_Morlun,Dylan_Scozzese,Valeria Morlun,Dylan Scozzese,email_communication,5,email_headers,,,邮件通信次数,high,email_network.csv,
E00687,Felix_Balas,Lidelse_Dedos,Felix Balas,Lidelse Dedos,email_communication,5,email_headers,,,邮件通信次数,high,email_network.csv,
E00688,Stenig_Fusil,Varja_Lagos,Stenig Fusil,Varja Lagos,email_communication,5,email_headers,,,邮件通信次数,high,email_network.csv,
E00689,Albina_Hafon,Bertrand_Ovan,Albina Hafon,Bertrand Ovan,email_communication,5,email_headers,,,邮件通信次数,high,email_network.csv,
E00690,Loreto_Bodrogi,Minke_Mies,Loreto Bodrogi,Minke Mies,email_communication,5,email_headers,,,邮件通信次数,high,email_network.csv,
E00691,Felix_Balas,Axel_Calzas,Felix Balas,Axel Calzas,email_communication,5,email_headers,,,邮件通信次数,high,email_network.csv,
E00692,Hennie_Osvaldo,Rachel_Pantanal,Hennie Osvaldo,Rachel Pantanal,email_communication,5,email_headers,,,邮件通信次数,high,email_network.csv,
E00693,Hennie_Osvaldo,Varja_Lagos,Hennie Osvaldo,Varja Lagos,email_communication,5,email_headers,,,邮件通信次数,high,email_network.csv,
E00694,Hennie_Osvaldo,Ruscella_Mies_Haber,Hennie Osvaldo,Ruscella Mies Haber,email_communication,5,email_headers,,,邮件通信次数,high,email_network.csv,
E00695,Adra_Nubarron,Axel_Calzas,Adra Nubarron,Axel Calzas,email_communication,5,email_headers,,,邮件通信次数,high,email_network.csv,
E00696,Axel_Calzas,Adra_Nubarron,Axel Calzas,Adra Nubarron,email_communication,5,email_headers,,,邮件通信次数,high,email_network.csv,
E00697,Axel_Calzas,Marin_Onda,Axel Calzas,Marin Onda,email_communication,5,email_headers,,,邮件通信次数,high,email_network.csv,
E00698,Axel_Calzas,Brand_Tempestad,Axel Calzas,Brand Tempestad,email_communication,5,email_headers,,,邮件通信次数,high,email_network.csv,
E00699,Irene_Nant,Emile_Arpa,Irene Nant,Emile Arpa,email_communication,5,email_headers,,,邮件通信次数,high,email_network.csv,
E00700,Emile_Arpa,Varro_Awelon,Emile Arpa,Varro Awelon,email_communication,5,email_headers,,,邮件通信次数,high,email_network.csv,
E00701,Emile_Arpa,Dylan_Scozzese,Emile Arpa,Dylan Scozzese,email_communication,5,email_headers,,,邮件通信次数,high,email_network.csv,
E00702,Kanon_Herrero,Felix_Resumir,Kanon Herrero,Felix Resumir,email_communication,5,email_headers,,,邮件通信次数,high,email_network.csv,
E00703,Kanon_Herrero,Edvard_Vann,Kanon Herrero,Edvard Vann,email_communication,5,email_headers,,,邮件通信次数,high,email_network.csv,
E00704,Axel_Calzas,Nils_Calixto,Axel Calzas,Nils Calixto,email_communication,5,email_headers,,,邮件通信次数,high,email_network.csv,
E00705,Emile_Arpa,Albina_Hafon,Emile Arpa,Albina Hafon,email_communication,5,email_headers,,,邮件通信次数,high,email_network.csv,
E00706,Brand_Tempestad,Gustav_Cazar,Brand Tempestad,Gustav Cazar,email_communication,5,email_headers,,,邮件通信次数,high,email_network.csv,
E00707,Adra_Nubarron,Vira_Frente,Adra Nubarron,Vira Frente,email_communication,5,email_headers,,,邮件通信次数,high,email_network.csv,
E00708,Adra_Nubarron,Ruscella_Mies_Haber,Adra Nubarron,Ruscella Mies Haber,email_communication,5,email_headers,,,邮件通信次数,high,email_network.csv,
E00709,Inga_Ferro,Henk_Mies,Inga Ferro,Henk Mies,email_communication,5,email_headers,,,邮件通信次数,high,email_network.csv,
E00710,Loreto_Bodrogi,Isia_Vann,Loreto Bodrogi,Isia Vann,email_communication,5,email_headers,,,邮件通信次数,high,email_network.csv,
E00711,Varja_Lagos,Minke_Mies,Varja Lagos,Minke Mies,email_communication,5,email_headers,,,邮件通信次数,high,email_network.csv,
E00712,Willem_Vasco_Pais,Ingrid_Barranco,Willem Vasco-Pais,Ingrid Barranco,email_communication,5,email_headers,,,邮件通信次数,high,email_network.csv,
E00713,Minke_Mies,Inga_Ferro,Minke Mies,Inga Ferro,email_communication,5,email_headers,,,邮件通信次数,high,email_network.csv,
E00714,Dante_Coginian,Cecilia_Morluniau,Dante Coginian,Cecilia Morluniau,email_communication,5,email_headers,,,邮件通信次数,high,email_network.csv,
E00715,Linnea_Bergen,Rachel_Pantanal,Linnea Bergen,Rachel Pantanal,email_communication,4,email_headers,,,邮件通信次数,high,email_network.csv,
E00716,Linnea_Bergen,Claudio_Hawelon,Linnea Bergen,Claudio Hawelon,email_communication,4,email_headers,,,邮件通信次数,high,email_network.csv,
E00717,Loreto_Bodrogi,Ingrid_Barranco,Loreto Bodrogi,Ingrid Barranco,email_communication,4,email_headers,,,邮件通信次数,high,email_network.csv,
E00718,Loreto_Bodrogi,Varja_Lagos,Loreto Bodrogi,Varja Lagos,email_communication,4,email_headers,,,邮件通信次数,high,email_network.csv,
E00719,Felix_Resumir,Hideki_Cocinaro,Felix Resumir,Hideki Cocinaro,email_communication,4,email_headers,,,邮件通信次数,high,email_network.csv,
E00720,Felix_Resumir,Inga_Ferro,Felix Resumir,Inga Ferro,email_communication,4,email_headers,,,邮件通信次数,high,email_network.csv,
E00721,Felix_Resumir,Varja_Lagos,Felix Resumir,Varja Lagos,email_communication,4,email_headers,,,邮件通信次数,high,email_network.csv,
E00722,Felix_Resumir,Kanon_Herrero,Felix Resumir,Kanon Herrero,email_communication,4,email_headers,,,邮件通信次数,high,email_network.csv,
E00723,Felix_Resumir,Stenig_Fusil,Felix Resumir,Stenig Fusil,email_communication,4,email_headers,,,邮件通信次数,high,email_network.csv,
E00724,Felix_Resumir,Loreto_Bodrogi,Felix Resumir,Loreto Bodrogi,email_communication,4,email_headers,,,邮件通信次数,high,email_network.csv,
E00725,Vira_Frente,Isande_Borrasca,Vira Frente,Isande Borrasca,email_communication,4,email_headers,,,邮件通信次数,high,email_network.csv,
E00726,Vira_Frente,Felix_Balas,Vira Frente,Felix Balas,email_communication,4,email_headers,,,邮件通信次数,high,email_network.csv,
E00727,Vira_Frente,Lars_Azada,Vira Frente,Lars Azada,email_communication,4,email_headers,,,邮件通信次数,high,email_network.csv,
E00728,Vira_Frente,Gustav_Cazar,Vira Frente,Gustav Cazar,email_communication,4,email_headers,,,邮件通信次数,high,email_network.csv,
E00729,Kanon_Herrero,Nils_Calixto,Kanon Herrero,Nils Calixto,email_communication,4,email_headers,,,邮件通信次数,high,email_network.csv,
E00730,Marin_Onda,Felix_Balas,Marin Onda,Felix Balas,email_communication,4,email_headers,,,邮件通信次数,high,email_network.csv,
E00731,Marin_Onda,Brand_Tempestad,Marin Onda,Brand Tempestad,email_communication,4,email_headers,,,邮件通信次数,high,email_network.csv,
E00732,Marin_Onda,Kare_Orilla,Marin Onda,Kare Orilla,email_communication,4,email_headers,,,邮件通信次数,high,email_network.csv,
E00733,Marin_Onda,Adra_Nubarron,Marin Onda,Adra Nubarron,email_communication,4,email_headers,,,邮件通信次数,high,email_network.csv,
E00734,Marin_Onda,Gustav_Cazar,Marin Onda,Gustav Cazar,email_communication,4,email_headers,,,邮件通信次数,high,email_network.csv,
E00735,Cecilia_Morluniau,Benito_Hawelon,Cecilia Morluniau,Benito Hawelon,email_communication,4,email_headers,,,邮件通信次数,high,email_network.csv,
E00736,Irene_Nant,Bertrand_Ovan,Irene Nant,Bertrand Ovan,email_communication,4,email_headers,,,邮件通信次数,high,email_network.csv,
E00737,Ada_Campo_Corrente,Felix_Resumir,Ada Campo-Corrente,Felix Resumir,email_communication,4,email_headers,,,邮件通信次数,high,email_network.csv,
E00738,Inga_Ferro,Willem_Vasco_Pais,Inga Ferro,Willem Vasco-Pais,email_communication,4,email_headers,,,邮件通信次数,high,email_network.csv,
E00739,Felix_Resumir,Ada_Campo_Corrente,Felix Resumir,Ada Campo-Corrente,email_communication,4,email_headers,,,邮件通信次数,high,email_network.csv,
E00740,Lucas_Alcazar,Emile_Arpa,Lucas Alcazar,Emile Arpa,email_communication,4,email_headers,,,邮件通信次数,high,email_network.csv,
E00741,Claudio_Hawelon,Bertrand_Ovan,Claudio Hawelon,Bertrand Ovan,email_communication,4,email_headers,,,邮件通信次数,high,email_network.csv,
E00742,Gustav_Cazar,Felix_Balas,Gustav Cazar,Felix Balas,email_communication,4,email_headers,,,邮件通信次数,high,email_network.csv,
E00743,Gustav_Cazar,Birgitta_Frente,Gustav Cazar,Birgitta Frente,email_communication,4,email_headers,,,邮件通信次数,high,email_network.csv,
E00744,Gustav_Cazar,Adra_Nubarron,Gustav Cazar,Adra Nubarron,email_communication,4,email_headers,,,邮件通信次数,high,email_network.csv,
E00745,Gustav_Cazar,Marin_Onda,Gustav Cazar,Marin Onda,email_communication,4,email_headers,,,邮件通信次数,high,email_network.csv,
E00746,Gustav_Cazar,Orhan_Strum,Gustav Cazar,Orhan Strum,email_communication,4,email_headers,,,邮件通信次数,high,email_network.csv,
E00747,Vira_Frente,Lidelse_Dedos,Vira Frente,Lidelse Dedos,email_communication,4,email_headers,,,邮件通信次数,high,email_network.csv,
E00748,Varja_Lagos,Felix_Resumir,Varja Lagos,Felix Resumir,email_communication,4,email_headers,,,邮件通信次数,high,email_network.csv,
E00749,Lidelse_Dedos,Gustav_Cazar,Lidelse Dedos,Gustav Cazar,email_communication,4,email_headers,,,邮件通信次数,high,email_network.csv,
E00750,Birgitta_Frente,Brand_Tempestad,Birgitta Frente,Brand Tempestad,email_communication,4,email_headers,,,邮件通信次数,high,email_network.csv,
E00751,Adra_Nubarron,Cecilia_Morluniau,Adra Nubarron,Cecilia Morluniau,email_communication,4,email_headers,,,邮件通信次数,high,email_network.csv,
E00752,Hideki_Cocinaro,Stenig_Fusil,Hideki Cocinaro,Stenig Fusil,email_communication,4,email_headers,,,邮件通信次数,high,email_network.csv,
E00753,Hideki_Cocinaro,Inga_Ferro,Hideki Cocinaro,Inga Ferro,email_communication,4,email_headers,,,邮件通信次数,high,email_network.csv,
E00754,Hideki_Cocinaro,Hennie_Osvaldo,Hideki Cocinaro,Hennie Osvaldo,email_communication,4,email_headers,,,邮件通信次数,high,email_network.csv,
E00755,Stenig_Fusil,Inga_Ferro,Stenig Fusil,Inga Ferro,email_communication,4,email_headers,,,邮件通信次数,high,email_network.csv,
E00756,Edvard_Vann,Varja_Lagos,Edvard Vann,Varja Lagos,email_communication,4,email_headers,,,邮件通信次数,high,email_network.csv,
E00757,Elsa_Orilla,Benito_Hawelon,Elsa Orilla,Benito Hawelon,email_communication,4,email_headers,,,邮件通信次数,high,email_network.csv,
E00758,Elsa_Orilla,Edvard_Vann,Elsa Orilla,Edvard Vann,email_communication,4,email_headers,,,邮件通信次数,high,email_network.csv,
E00759,Valeria_Morlun,Dante_Coginian,Valeria Morlun,Dante Coginian,email_communication,4,email_headers,,,邮件通信次数,high,email_network.csv,
E00760,Orhan_Strum,Sten_Sanjorge_Jr,Orhan Strum,Sten Sanjorge Jr,email_communication,4,email_headers,,,邮件通信次数,high,email_network.csv,
E00761,Benito_Hawelon,Elsa_Orilla,Benito Hawelon,Elsa Orilla,email_communication,4,email_headers,,,邮件通信次数,high,email_network.csv,
E00762,Albina_Hafon,Varro_Awelon,Albina Hafon,Varro Awelon,email_communication,4,email_headers,,,邮件通信次数,high,email_network.csv,
E00763,Felix_Resumir,Benito_Hawelon,Felix Resumir,Benito Hawelon,email_communication,4,email_headers,,,邮件通信次数,high,email_network.csv,
E00764,Felix_Resumir,Minke_Mies,Felix Resumir,Minke Mies,email_communication,4,email_headers,,,邮件通信次数,high,email_network.csv,
E00765,Felix_Resumir,Dante_Coginian,Felix Resumir,Dante Coginian,email_communication,4,email_headers,,,邮件通信次数,high,email_network.csv,
E00766,Hennie_Osvaldo,Felix_Balas,Hennie Osvaldo,Felix Balas,email_communication,4,email_headers,,,邮件通信次数,high,email_network.csv,
E00767,Hennie_Osvaldo,Edvard_Vann,Hennie Osvaldo,Edvard Vann,email_communication,4,email_headers,,,邮件通信次数,high,email_network.csv,
E00768,Isande_Borrasca,Adra_Nubarron,Isande Borrasca,Adra Nubarron,email_communication,4,email_headers,,,邮件通信次数,high,email_network.csv,
E00769,Varro_Awelon,Dylan_Scozzese,Varro Awelon,Dylan Scozzese,email_communication,4,email_headers,,,邮件通信次数,high,email_network.csv,
E00770,Hideki_Cocinaro,Dante_Coginian,Hideki Cocinaro,Dante Coginian,email_communication,4,email_headers,,,邮件通信次数,high,email_network.csv,
E00771,Isia_Vann,Claudio_Hawelon,Isia Vann,Claudio Hawelon,email_communication,4,email_headers,,,邮件通信次数,high,email_network.csv,
E00772,Stenig_Fusil,Edvard_Vann,Stenig Fusil,Edvard Vann,email_communication,4,email_headers,,,邮件通信次数,high,email_network.csv,
E00773,Kare_Orilla,Felix_Balas,Kare Orilla,Felix Balas,email_communication,4,email_headers,,,邮件通信次数,high,email_network.csv,
E00774,Emile_Arpa,Dante_Coginian,Emile Arpa,Dante Coginian,email_communication,4,email_headers,,,邮件通信次数,high,email_network.csv,
E00775,Emile_Arpa,Benito_Hawelon,Emile Arpa,Benito Hawelon,email_communication,4,email_headers,,,邮件通信次数,high,email_network.csv,
E00776,Emile_Arpa,Irene_Nant,Emile Arpa,Irene Nant,email_communication,4,email_headers,,,邮件通信次数,high,email_network.csv,
E00777,Isak_Baza,Birgitta_Frente,Isak Baza,Birgitta Frente,email_communication,4,email_headers,,,邮件通信次数,high,email_network.csv,
E00778,Lars_Azada,Anda_Ribera,Lars Azada,Anda Ribera,email_communication,4,email_headers,,,邮件通信次数,high,email_network.csv,
E00779,Isia_Vann,Hideki_Cocinaro,Isia Vann,Hideki Cocinaro,email_communication,4,email_headers,,,邮件通信次数,high,email_network.csv,
E00780,Kanon_Herrero,Varja_Lagos,Kanon Herrero,Varja Lagos,email_communication,4,email_headers,,,邮件通信次数,high,email_network.csv,
E00781,Axel_Calzas,Varja_Lagos,Axel Calzas,Varja Lagos,email_communication,4,email_headers,,,邮件通信次数,high,email_network.csv,
E00782,Emile_Arpa,Henk_Mies,Emile Arpa,Henk Mies,email_communication,4,email_headers,,,邮件通信次数,high,email_network.csv,
E00783,Varro_Awelon,Mat_Bramar,Varro Awelon,Mat Bramar,email_communication,4,email_headers,,,邮件通信次数,high,email_network.csv,
E00784,Hideki_Cocinaro,Varja_Lagos,Hideki Cocinaro,Varja Lagos,email_communication,4,email_headers,,,邮件通信次数,high,email_network.csv,
E00785,Benito_Hawelon,Felix_Resumir,Benito Hawelon,Felix Resumir,email_communication,4,email_headers,,,邮件通信次数,high,email_network.csv,
E00786,Isia_Vann,Hennie_Osvaldo,Isia Vann,Hennie Osvaldo,email_communication,4,email_headers,,,邮件通信次数,high,email_network.csv,
E00787,Valeria_Morlun,Henk_Mies,Valeria Morlun,Henk Mies,email_communication,4,email_headers,,,邮件通信次数,high,email_network.csv,
E00788,Felix_Balas,Elsa_Orilla,Felix Balas,Elsa Orilla,email_communication,4,email_headers,,,邮件通信次数,high,email_network.csv,
E00789,Felix_Balas,Vira_Frente,Felix Balas,Vira Frente,email_communication,4,email_headers,,,邮件通信次数,high,email_network.csv,
E00790,Inga_Ferro,Ruscella_Mies_Haber,Inga Ferro,Ruscella Mies Haber,email_communication,4,email_headers,,,邮件通信次数,high,email_network.csv,
E00791,Minke_Mies,Vira_Frente,Minke Mies,Vira Frente,email_communication,4,email_headers,,,邮件通信次数,high,email_network.csv,
E00792,Inga_Ferro,Kanon_Herrero,Inga Ferro,Kanon Herrero,email_communication,4,email_headers,,,邮件通信次数,high,email_network.csv,
E00793,Inga_Ferro,Varja_Lagos,Inga Ferro,Varja Lagos,email_communication,4,email_headers,,,邮件通信次数,high,email_network.csv,
E00794,Linnea_Bergen,Axel_Calzas,Linnea Bergen,Axel Calzas,email_communication,3,email_headers,,,邮件通信次数,high,email_network.csv,
E00795,Linnea_Bergen,Lucas_Alcazar,Linnea Bergen,Lucas Alcazar,email_communication,3,email_headers,,,邮件通信次数,high,email_network.csv,
E00796,Anda_Ribera,Valeria_Morlun,Anda Ribera,Valeria Morlun,email_communication,3,email_headers,,,邮件通信次数,high,email_network.csv,
E00797,Felix_Resumir,Isia_Vann,Felix Resumir,Isia Vann,email_communication,3,email_headers,,,邮件通信次数,high,email_network.csv,
E00798,Dante_Coginian,Lucas_Alcazar,Dante Coginian,Lucas Alcazar,email_communication,3,email_headers,,,邮件通信次数,high,email_network.csv,
E00799,Vira_Frente,Adra_Nubarron,Vira Frente,Adra Nubarron,email_communication,3,email_headers,,,邮件通信次数,high,email_network.csv,
E00800,Lucas_Alcazar,Dante_Coginian,Lucas Alcazar,Dante Coginian,email_communication,3,email_headers,,,邮件通信次数,high,email_network.csv,
E00801,Marin_Onda,Isande_Borrasca,Marin Onda,Isande Borrasca,email_communication,3,email_headers,,,邮件通信次数,high,email_network.csv,
E00802,Marin_Onda,Elsa_Orilla,Marin Onda,Elsa Orilla,email_communication,3,email_headers,,,邮件通信次数,high,email_network.csv,
E00803,Marin_Onda,Lars_Azada,Marin Onda,Lars Azada,email_communication,3,email_headers,,,邮件通信次数,high,email_network.csv,
E00804,Dylan_Scozzese,Bertrand_Ovan,Dylan Scozzese,Bertrand Ovan,email_communication,3,email_headers,,,邮件通信次数,high,email_network.csv,
E00805,Lucas_Alcazar,Linnea_Bergen,Lucas Alcazar,Linnea Bergen,email_communication,3,email_headers,,,邮件通信次数,high,email_network.csv,
E00806,Willem_Vasco_Pais,Inga_Ferro,Willem Vasco-Pais,Inga Ferro,email_communication,3,email_headers,,,邮件通信次数,high,email_network.csv,
E00807,Cecilia_Morluniau,Varro_Awelon,Cecilia Morluniau,Varro Awelon,email_communication,3,email_headers,,,邮件通信次数,high,email_network.csv,
E00808,Orhan_Strum,Ingrid_Barranco,Orhan Strum,Ingrid Barranco,email_communication,3,email_headers,,,邮件通信次数,high,email_network.csv,
E00809,Hideki_Cocinaro,Cornelia_Lais,Hideki Cocinaro,Cornelia Lais,email_communication,3,email_headers,,,邮件通信次数,high,email_network.csv,
E00810,Birgitta_Frente,Kare_Orilla,Birgitta Frente,Kare Orilla,email_communication,3,email_headers,,,邮件通信次数,high,email_network.csv,
E00811,Birgitta_Frente,Isande_Borrasca,Birgitta Frente,Isande Borrasca,email_communication,3,email_headers,,,邮件通信次数,high,email_network.csv,
E00812,Birgitta_Frente,Gustav_Cazar,Birgitta Frente,Gustav Cazar,email_communication,3,email_headers,,,邮件通信次数,high,email_network.csv,
E00813,Birgitta_Frente,Marin_Onda,Birgitta Frente,Marin Onda,email_communication,3,email_headers,,,邮件通信次数,high,email_network.csv,
E00814,Birgitta_Frente,Axel_Calzas,Birgitta Frente,Axel Calzas,email_communication,3,email_headers,,,邮件通信次数,high,email_network.csv,
E00815,Cornelia_Lais,Hideki_Cocinaro,Cornelia Lais,Hideki Cocinaro,email_communication,3,email_headers,,,邮件通信次数,high,email_network.csv,
E00816,Anda_Ribera,Gustav_Cazar,Anda Ribera,Gustav Cazar,email_communication,3,email_headers,,,邮件通信次数,high,email_network.csv,
E00817,Kare_Orilla,Lars_Azada,Kare Orilla,Lars Azada,email_communication,3,email_headers,,,邮件通信次数,high,email_network.csv,
E00818,Kare_Orilla,Vira_Frente,Kare Orilla,Vira Frente,email_communication,3,email_headers,,,邮件通信次数,high,email_network.csv,
E00819,Edvard_Vann,Henk_Mies,Edvard Vann,Henk Mies,email_communication,3,email_headers,,,邮件通信次数,high,email_network.csv,
E00820,Edvard_Vann,Stenig_Fusil,Edvard Vann,Stenig Fusil,email_communication,3,email_headers,,,邮件通信次数,high,email_network.csv,
E00821,Ada_Campo_Corrente,Ruscella_Mies_Haber,Ada Campo-Corrente,Ruscella Mies Haber,email_communication,3,email_headers,,,邮件通信次数,high,email_network.csv,
E00822,Adan_Morlun,Bertrand_Ovan,Adan Morlun,Bertrand Ovan,email_communication,3,email_headers,,,邮件通信次数,high,email_network.csv,
E00823,Loreto_Bodrogi,Stenig_Fusil,Loreto Bodrogi,Stenig Fusil,email_communication,3,email_headers,,,邮件通信次数,high,email_network.csv,
E00824,Loreto_Bodrogi,Kanon_Herrero,Loreto Bodrogi,Kanon Herrero,email_communication,3,email_headers,,,邮件通信次数,high,email_network.csv,
E00825,Hennie_Osvaldo,Lars_Azada,Hennie Osvaldo,Lars Azada,email_communication,3,email_headers,,,邮件通信次数,high,email_network.csv,
E00826,Hennie_Osvaldo,Isande_Borrasca,Hennie Osvaldo,Isande Borrasca,email_communication,3,email_headers,,,邮件通信次数,high,email_network.csv,
E00827,Hennie_Osvaldo,Axel_Calzas,Hennie Osvaldo,Axel Calzas,email_communication,3,email_headers,,,邮件通信次数,high,email_network.csv,
E00828,Hennie_Osvaldo,Gustav_Cazar,Hennie Osvaldo,Gustav Cazar,email_communication,3,email_headers,,,邮件通信次数,high,email_network.csv,
E00829,Hennie_Osvaldo,Lidelse_Dedos,Hennie Osvaldo,Lidelse Dedos,email_communication,3,email_headers,,,邮件通信次数,high,email_network.csv,
E00830,Hennie_Osvaldo,Birgitta_Frente,Hennie Osvaldo,Birgitta Frente,email_communication,3,email_headers,,,邮件通信次数,high,email_network.csv,
E00831,Hennie_Osvaldo,Vira_Frente,Hennie Osvaldo,Vira Frente,email_communication,3,email_headers,,,邮件通信次数,high,email_network.csv,
E00832,Hennie_Osvaldo,Adra_Nubarron,Hennie Osvaldo,Adra Nubarron,email_communication,3,email_headers,,,邮件通信次数,high,email_network.csv,
E00833,Hennie_Osvaldo,Marin_Onda,Hennie Osvaldo,Marin Onda,email_communication,3,email_headers,,,邮件通信次数,high,email_network.csv,
E00834,Hennie_Osvaldo,Kare_Orilla,Hennie Osvaldo,Kare Orilla,email_communication,3,email_headers,,,邮件通信次数,high,email_network.csv,
E00835,Hennie_Osvaldo,Elsa_Orilla,Hennie Osvaldo,Elsa Orilla,email_communication,3,email_headers,,,邮件通信次数,high,email_network.csv,
E00836,Hennie_Osvaldo,Brand_Tempestad,Hennie Osvaldo,Brand Tempestad,email_communication,3,email_headers,,,邮件通信次数,high,email_network.csv,
E00837,Hennie_Osvaldo,Ingrid_Barranco,Hennie Osvaldo,Ingrid Barranco,email_communication,3,email_headers,,,邮件通信次数,high,email_network.csv,
E00838,Hennie_Osvaldo,Ada_Campo_Corrente,Hennie Osvaldo,Ada Campo-Corrente,email_communication,3,email_headers,,,邮件通信次数,high,email_network.csv,
E00839,Hennie_Osvaldo,Sten_Sanjorge_Jr,Hennie Osvaldo,Sten Sanjorge Jr,email_communication,3,email_headers,,,邮件通信次数,high,email_network.csv,
E00840,Hennie_Osvaldo,Orhan_Strum,Hennie Osvaldo,Orhan Strum,email_communication,3,email_headers,,,邮件通信次数,high,email_network.csv,
E00841,Hennie_Osvaldo,Willem_Vasco_Pais,Hennie Osvaldo,Willem Vasco-Pais,email_communication,3,email_headers,,,邮件通信次数,high,email_network.csv,
E00842,Hennie_Osvaldo,Bertrand_Ovan,Hennie Osvaldo,Bertrand Ovan,email_communication,3,email_headers,,,邮件通信次数,high,email_network.csv,
E00843,Hennie_Osvaldo,Albina_Hafon,Hennie Osvaldo,Albina Hafon,email_communication,3,email_headers,,,邮件通信次数,high,email_network.csv,
E00844,Hennie_Osvaldo,Benito_Hawelon,Hennie Osvaldo,Benito Hawelon,email_communication,3,email_headers,,,邮件通信次数,high,email_network.csv,
E00845,Hennie_Osvaldo,Claudio_Hawelon,Hennie Osvaldo,Claudio Hawelon,email_communication,3,email_headers,,,邮件通信次数,high,email_network.csv,
E00846,Hennie_Osvaldo,Henk_Mies,Hennie Osvaldo,Henk Mies,email_communication,3,email_headers,,,邮件通信次数,high,email_network.csv,
E00847,Hennie_Osvaldo,Valeria_Morlun,Hennie Osvaldo,Valeria Morlun,email_communication,3,email_headers,,,邮件通信次数,high,email_network.csv,
E00848,Hennie_Osvaldo,Adan_Morlun,Hennie Osvaldo,Adan Morlun,email_communication,3,email_headers,,,邮件通信次数,high,email_network.csv,
E00849,Hennie_Osvaldo,Cecilia_Morluniau,Hennie Osvaldo,Cecilia Morluniau,email_communication,3,email_headers,,,邮件通信次数,high,email_network.csv,
E00850,Hennie_Osvaldo,Irene_Nant,Hennie Osvaldo,Irene Nant,email_communication,3,email_headers,,,邮件通信次数,high,email_network.csv,
E00851,Hennie_Osvaldo,Dylan_Scozzese,Hennie Osvaldo,Dylan Scozzese,email_communication,3,email_headers,,,邮件通信次数,high,email_network.csv,
E00852,Hennie_Osvaldo,Lucas_Alcazar,Hennie Osvaldo,Lucas Alcazar,email_communication,3,email_headers,,,邮件通信次数,high,email_network.csv,
E00853,Hennie_Osvaldo,Isak_Baza,Hennie Osvaldo,Isak Baza,email_communication,3,email_headers,,,邮件通信次数,high,email_network.csv,
E00854,Hennie_Osvaldo,Linnea_Bergen,Hennie Osvaldo,Linnea Bergen,email_communication,3,email_headers,,,邮件通信次数,high,email_network.csv,
E00855,Hennie_Osvaldo,Nils_Calixto,Hennie Osvaldo,Nils Calixto,email_communication,3,email_headers,,,邮件通信次数,high,email_network.csv,
E00856,Hennie_Osvaldo,Sven_Flecha,Hennie Osvaldo,Sven Flecha,email_communication,3,email_headers,,,邮件通信次数,high,email_network.csv,
E00857,Hennie_Osvaldo,Emile_Arpa,Hennie Osvaldo,Emile Arpa,email_communication,3,email_headers,,,邮件通信次数,high,email_network.csv,
E00858,Hennie_Osvaldo,Varro_Awelon,Hennie Osvaldo,Varro Awelon,email_communication,3,email_headers,,,邮件通信次数,high,email_network.csv,
E00859,Hennie_Osvaldo,Mat_Bramar,Hennie Osvaldo,Mat Bramar,email_communication,3,email_headers,,,邮件通信次数,high,email_network.csv,
E00860,Hennie_Osvaldo,Dante_Coginian,Hennie Osvaldo,Dante Coginian,email_communication,3,email_headers,,,邮件通信次数,high,email_network.csv,
E00861,Hennie_Osvaldo,Carla_Forluniau,Hennie Osvaldo,Carla Forluniau,email_communication,3,email_headers,,,邮件通信次数,high,email_network.csv,
E00862,Hennie_Osvaldo,Linda_Lagos,Hennie Osvaldo,Linda Lagos,email_communication,3,email_headers,,,邮件通信次数,high,email_network.csv,
E00863,Hennie_Osvaldo,Cornelia_Lais,Hennie Osvaldo,Cornelia Lais,email_communication,3,email_headers,,,邮件通信次数,high,email_network.csv,
E00864,Hennie_Osvaldo,Anda_Ribera,Hennie Osvaldo,Anda Ribera,email_communication,3,email_headers,,,邮件通信次数,high,email_network.csv,
E00865,Isande_Borrasca,Hideki_Cocinaro,Isande Borrasca,Hideki Cocinaro,email_communication,3,email_headers,,,邮件通信次数,high,email_network.csv,
E00866,Dante_Coginian,Hideki_Cocinaro,Dante Coginian,Hideki Cocinaro,email_communication,3,email_headers,,,邮件通信次数,high,email_network.csv,
E00867,Claudio_Hawelon,Isia_Vann,Claudio Hawelon,Isia Vann,email_communication,3,email_headers,,,邮件通信次数,high,email_network.csv,
E00868,Kare_Orilla,Gustav_Cazar,Kare Orilla,Gustav Cazar,email_communication,3,email_headers,,,邮件通信次数,high,email_network.csv,
E00869,Irene_Nant,Valeria_Morlun,Irene Nant,Valeria Morlun,email_communication,3,email_headers,,,邮件通信次数,high,email_network.csv,
E00870,Emile_Arpa,Cecilia_Morluniau,Emile Arpa,Cecilia Morluniau,email_communication,3,email_headers,,,邮件通信次数,high,email_network.csv,
E00871,Lars_Azada,Gustav_Cazar,Lars Azada,Gustav Cazar,email_communication,3,email_headers,,,邮件通信次数,high,email_network.csv,
E00872,Isia_Vann,Loreto_Bodrogi,Isia Vann,Loreto Bodrogi,email_communication,3,email_headers,,,邮件通信次数,high,email_network.csv,
E00873,Isia_Vann,Edvard_Vann,Isia Vann,Edvard Vann,email_communication,3,email_headers,,,邮件通信次数,high,email_network.csv,
E00874,Kanon_Herrero,Loreto_Bodrogi,Kanon Herrero,Loreto Bodrogi,email_communication,3,email_headers,,,邮件通信次数,high,email_network.csv,
E00875,Felix_Balas,Gustav_Cazar,Felix Balas,Gustav Cazar,email_communication,3,email_headers,,,邮件通信次数,high,email_network.csv,
E00876,Marin_Onda,Birgitta_Frente,Marin Onda,Birgitta Frente,email_communication,3,email_headers,,,邮件通信次数,high,email_network.csv,
E00877,Marin_Onda,Axel_Calzas,Marin Onda,Axel Calzas,email_communication,3,email_headers,,,邮件通信次数,high,email_network.csv,
E00878,Marin_Onda,Lidelse_Dedos,Marin Onda,Lidelse Dedos,email_communication,3,email_headers,,,邮件通信次数,high,email_network.csv,
E00879,Emile_Arpa,Lucas_Alcazar,Emile Arpa,Lucas Alcazar,email_communication,3,email_headers,,,邮件通信次数,high,email_network.csv,
E00880,Henk_Mies,Inga_Ferro,Henk Mies,Inga Ferro,email_communication,3,email_headers,,,邮件通信次数,high,email_network.csv,
E00881,Hideki_Cocinaro,Minke_Mies,Hideki Cocinaro,Minke Mies,email_communication,3,email_headers,,,邮件通信次数,high,email_network.csv,
E00882,Hideki_Cocinaro,Edvard_Vann,Hideki Cocinaro,Edvard Vann,email_communication,3,email_headers,,,邮件通信次数,high,email_network.csv,
E00883,Adra_Nubarron,Rachel_Pantanal,Adra Nubarron,Rachel Pantanal,email_communication,3,email_headers,,,邮件通信次数,high,email_network.csv,
E00884,Adra_Nubarron,Ingrid_Barranco,Adra Nubarron,Ingrid Barranco,email_communication,3,email_headers,,,邮件通信次数,high,email_network.csv,
E00885,Adra_Nubarron,Ada_Campo_Corrente,Adra Nubarron,Ada Campo-Corrente,email_communication,3,email_headers,,,邮件通信次数,high,email_network.csv,
E00886,Adra_Nubarron,Sten_Sanjorge_Jr,Adra Nubarron,Sten Sanjorge Jr,email_communication,3,email_headers,,,邮件通信次数,high,email_network.csv,
E00887,Adra_Nubarron,Orhan_Strum,Adra Nubarron,Orhan Strum,email_communication,3,email_headers,,,邮件通信次数,high,email_network.csv,
E00888,Adra_Nubarron,Willem_Vasco_Pais,Adra Nubarron,Willem Vasco-Pais,email_communication,3,email_headers,,,邮件通信次数,high,email_network.csv,
E00889,Adra_Nubarron,Bertrand_Ovan,Adra Nubarron,Bertrand Ovan,email_communication,3,email_headers,,,邮件通信次数,high,email_network.csv,
E00890,Adra_Nubarron,Albina_Hafon,Adra Nubarron,Albina Hafon,email_communication,3,email_headers,,,邮件通信次数,high,email_network.csv,
E00891,Adra_Nubarron,Benito_Hawelon,Adra Nubarron,Benito Hawelon,email_communication,3,email_headers,,,邮件通信次数,high,email_network.csv,
E00892,Adra_Nubarron,Claudio_Hawelon,Adra Nubarron,Claudio Hawelon,email_communication,3,email_headers,,,邮件通信次数,high,email_network.csv,
E00893,Adra_Nubarron,Henk_Mies,Adra Nubarron,Henk Mies,email_communication,3,email_headers,,,邮件通信次数,high,email_network.csv,
E00894,Adra_Nubarron,Valeria_Morlun,Adra Nubarron,Valeria Morlun,email_communication,3,email_headers,,,邮件通信次数,high,email_network.csv,
E00895,Adra_Nubarron,Adan_Morlun,Adra Nubarron,Adan Morlun,email_communication,3,email_headers,,,邮件通信次数,high,email_network.csv,
E00896,Adra_Nubarron,Irene_Nant,Adra Nubarron,Irene Nant,email_communication,3,email_headers,,,邮件通信次数,high,email_network.csv,
E00897,Adra_Nubarron,Dylan_Scozzese,Adra Nubarron,Dylan Scozzese,email_communication,3,email_headers,,,邮件通信次数,high,email_network.csv,
E00898,Adra_Nubarron,Lucas_Alcazar,Adra Nubarron,Lucas Alcazar,email_communication,3,email_headers,,,邮件通信次数,high,email_network.csv,
E00899,Adra_Nubarron,Isak_Baza,Adra Nubarron,Isak Baza,email_communication,3,email_headers,,,邮件通信次数,high,email_network.csv,
E00900,Adra_Nubarron,Linnea_Bergen,Adra Nubarron,Linnea Bergen,email_communication,3,email_headers,,,邮件通信次数,high,email_network.csv,
E00901,Adra_Nubarron,Nils_Calixto,Adra Nubarron,Nils Calixto,email_communication,3,email_headers,,,邮件通信次数,high,email_network.csv,
E00902,Adra_Nubarron,Sven_Flecha,Adra Nubarron,Sven Flecha,email_communication,3,email_headers,,,邮件通信次数,high,email_network.csv,
E00903,Adra_Nubarron,Hideki_Cocinaro,Adra Nubarron,Hideki Cocinaro,email_communication,3,email_headers,,,邮件通信次数,high,email_network.csv,
E00904,Adra_Nubarron,Inga_Ferro,Adra Nubarron,Inga Ferro,email_communication,3,email_headers,,,邮件通信次数,high,email_network.csv,
E00905,Adra_Nubarron,Loreto_Bodrogi,Adra Nubarron,Loreto Bodrogi,email_communication,3,email_headers,,,邮件通信次数,high,email_network.csv,
E00906,Adra_Nubarron,Isia_Vann,Adra Nubarron,Isia Vann,email_communication,3,email_headers,,,邮件通信次数,high,email_network.csv,
E00907,Adra_Nubarron,Stenig_Fusil,Adra Nubarron,Stenig Fusil,email_communication,3,email_headers,,,邮件通信次数,high,email_network.csv,
E00908,Adra_Nubarron,Hennie_Osvaldo,Adra Nubarron,Hennie Osvaldo,email_communication,3,email_headers,,,邮件通信次数,high,email_network.csv,
E00909,Adra_Nubarron,Kanon_Herrero,Adra Nubarron,Kanon Herrero,email_communication,3,email_headers,,,邮件通信次数,high,email_network.csv,
E00910,Adra_Nubarron,Varja_Lagos,Adra Nubarron,Varja Lagos,email_communication,3,email_headers,,,邮件通信次数,high,email_network.csv,
E00911,Adra_Nubarron,Minke_Mies,Adra Nubarron,Minke Mies,email_communication,3,email_headers,,,邮件通信次数,high,email_network.csv,
E00912,Adra_Nubarron,Felix_Resumir,Adra Nubarron,Felix Resumir,email_communication,3,email_headers,,,邮件通信次数,high,email_network.csv,
E00913,Adra_Nubarron,Edvard_Vann,Adra Nubarron,Edvard Vann,email_communication,3,email_headers,,,邮件通信次数,high,email_network.csv,
E00914,Adra_Nubarron,Emile_Arpa,Adra Nubarron,Emile Arpa,email_communication,3,email_headers,,,邮件通信次数,high,email_network.csv,
E00915,Adra_Nubarron,Varro_Awelon,Adra Nubarron,Varro Awelon,email_communication,3,email_headers,,,邮件通信次数,high,email_network.csv,
E00916,Adra_Nubarron,Mat_Bramar,Adra Nubarron,Mat Bramar,email_communication,3,email_headers,,,邮件通信次数,high,email_network.csv,
E00917,Adra_Nubarron,Dante_Coginian,Adra Nubarron,Dante Coginian,email_communication,3,email_headers,,,邮件通信次数,high,email_network.csv,
E00918,Adra_Nubarron,Carla_Forluniau,Adra Nubarron,Carla Forluniau,email_communication,3,email_headers,,,邮件通信次数,high,email_network.csv,
E00919,Adra_Nubarron,Linda_Lagos,Adra Nubarron,Linda Lagos,email_communication,3,email_headers,,,邮件通信次数,high,email_network.csv,
E00920,Adra_Nubarron,Cornelia_Lais,Adra Nubarron,Cornelia Lais,email_communication,3,email_headers,,,邮件通信次数,high,email_network.csv,
E00921,Adra_Nubarron,Anda_Ribera,Adra Nubarron,Anda Ribera,email_communication,3,email_headers,,,邮件通信次数,high,email_network.csv,
E00922,Isia_Vann,Varja_Lagos,Isia Vann,Varja Lagos,email_communication,3,email_headers,,,邮件通信次数,high,email_network.csv,
E00923,Benito_Hawelon,Bertrand_Ovan,Benito Hawelon,Bertrand Ovan,email_communication,3,email_headers,,,邮件通信次数,high,email_network.csv,
E00924,Minke_Mies,Nils_Calixto,Minke Mies,Nils Calixto,email_communication,3,email_headers,,,邮件通信次数,high,email_network.csv,
E00925,Marin_Onda,Emile_Arpa,Marin Onda,Emile Arpa,email_communication,3,email_headers,,,邮件通信次数,high,email_network.csv,
E00926,Emile_Arpa,Marin_Onda,Emile Arpa,Marin Onda,email_communication,3,email_headers,,,邮件通信次数,high,email_network.csv,
E00927,Varro_Awelon,Emile_Arpa,Varro Awelon,Emile Arpa,email_communication,3,email_headers,,,邮件通信次数,high,email_network.csv,
E00928,Anda_Ribera,Henk_Mies,Anda Ribera,Henk Mies,email_communication,3,email_headers,,,邮件通信次数,high,email_network.csv,
E00929,Valeria_Morlun,Albina_Hafon,Valeria Morlun,Albina Hafon,email_communication,3,email_headers,,,邮件通信次数,high,email_network.csv,
E00930,Valeria_Morlun,Emile_Arpa,Valeria Morlun,Emile Arpa,email_communication,3,email_headers,,,邮件通信次数,high,email_network.csv,
E00931,Valeria_Morlun,Adan_Morlun,Valeria Morlun,Adan Morlun,email_communication,3,email_headers,,,邮件通信次数,high,email_network.csv,
E00932,Loreto_Bodrogi,Hideki_Cocinaro,Loreto Bodrogi,Hideki Cocinaro,email_communication,3,email_headers,,,邮件通信次数,high,email_network.csv,
E00933,Inga_Ferro,Stenig_Fusil,Inga Ferro,Stenig Fusil,email_communication,3,email_headers,,,邮件通信次数,high,email_network.csv,
E00934,Anda_Ribera,Lars_Azada,Anda Ribera,Lars Azada,email_communication,3,email_headers,,,邮件通信次数,high,email_network.csv,
E00935,Dante_Coginian,Bertrand_Ovan,Dante Coginian,Bertrand Ovan,email_communication,3,email_headers,,,邮件通信次数,high,email_network.csv,
E00936,Irene_Nant,Orhan_Strum,Irene Nant,Orhan Strum,email_communication,3,email_headers,,,邮件通信次数,high,email_network.csv,
E00937,Birgitta_Frente,Isak_Baza,Birgitta Frente,Isak Baza,email_communication,3,email_headers,,,邮件通信次数,high,email_network.csv,
E00938,Inga_Ferro,Hideki_Cocinaro,Inga Ferro,Hideki Cocinaro,email_communication,3,email_headers,,,邮件通信次数,high,email_network.csv,
E00939,Inga_Ferro,Felix_Resumir,Inga Ferro,Felix Resumir,email_communication,3,email_headers,,,邮件通信次数,high,email_network.csv,
E00940,Inga_Ferro,Edvard_Vann,Inga Ferro,Edvard Vann,email_communication,3,email_headers,,,邮件通信次数,high,email_network.csv,
E00941,Varro_Awelon,Carla_Forluniau,Varro Awelon,Carla Forluniau,email_communication,3,email_headers,,,邮件通信次数,high,email_network.csv,
E00942,Orhan_Strum,Gustav_Cazar,Orhan Strum,Gustav Cazar,email_communication,3,email_headers,,,邮件通信次数,high,email_network.csv,
E00943,Carla_Forluniau,Varro_Awelon,Carla Forluniau,Varro Awelon,email_communication,3,email_headers,,,邮件通信次数,high,email_network.csv,
E00944,Vira_Frente,Minke_Mies,Vira Frente,Minke Mies,email_communication,3,email_headers,,,邮件通信次数,high,email_network.csv,
E00945,Media_International_Times,Media_World_Source,International Times,World Source,same_story_or_derivative_relation,2,source_relation,EVT-0001,1982-10-02,Centrum's central role in the Tethan Gas Industry,medium,source_relations.csv,likely_primary_article_id=638
E00946,Media_Everyday_News,Media_The_Continent,Everyday News,The Continent,same_story_or_derivative_relation,2,source_relation,EVT-0002,1982-10-03,Central paper of the center in the industry of the gas of Tethan,medium,source_relations.csv,likely_primary_article_id=214
E00947,Media_World_Source,Media_International_Times,World Source,International Times,same_story_or_derivative_relation,2,source_relation,EVT-0003,1984-05-03,Shale gas pioneer plans world's first offshore wells in Mediterranean Sea,medium,source_relations.csv,likely_primary_article_id=564
E00948,Media_Everyday_News,Media_The_Continent,Everyday News,The Continent,same_story_or_derivative_relation,2,source_relation,EVT-0004,1984-05-05,The pioneer of the gas of the slate plans first wells outside coast of the world in the Mediterranean Sea,medium,source_relations.csv,likely_primary_article_id=496
E00949,Media_News_Online_Today,Media_Who_What_News,News Online Today,Who What News,same_story_or_derivative_relation,2,source_relation,EVT-0005,1992-12-12,KRONOS GOVERNMENT PLANS TAX BREAKS TO ENCOURAGE FOREIGN INVESTMENT,medium,source_relations.csv,likely_primary_article_id=380
E00950,Media_News_Online_Today,Media_International_News,News Online Today,International News,same_story_or_derivative_relation,3,source_relation,EVT-0006,1993-01-19,Government Announces Tax Incentives For Foreign Investment,medium,source_relations.csv,likely_primary_article_id=103
E00951,Media_News_Online_Today,Media_The_Guide,News Online Today,The Guide,same_story_or_derivative_relation,3,source_relation,EVT-0006,1993-01-19,Government Announces Tax Incentives For Foreign Investment,medium,source_relations.csv,likely_primary_article_id=103
E00952,Media_The_Truth,Media_Worldwise,The Truth,Worldwise,same_story_or_derivative_relation,2,source_relation,EVT-0007,1993-01-20,The government announces the incentives of the tax for foreign investment,medium,source_relations.csv,likely_primary_article_id=632
E00953,Media_Homeland_Illumination,Media_All_News_Today,Homeland Illumination,All News Today,same_story_or_derivative_relation,2,source_relation,EVT-0008,1993-02-02,LACK OF DETAILS MARS GOVERNMENT INTENTIONS,medium,source_relations.csv,likely_primary_article_id=681
E00954,Media_News_Online_Today,Media_The_Guide,News Online Today,The Guide,same_story_or_derivative_relation,2,source_relation,EVT-0009,1993-03-13,Government Strikes Deal with GAStech International,medium,source_relations.csv,likely_primary_article_id=367
E00955,Media_Worldwise,Media_The_Truth,Worldwise,The Truth,same_story_or_derivative_relation,2,source_relation,EVT-0010,1993-03-14,The strikes of government treat international GAStech,medium,source_relations.csv,likely_primary_article_id=114
E00956,Media_The_World,Media_Who_What_News,The World,Who What News,same_story_or_derivative_relation,2,source_relation,EVT-0011,1993-09-19,UPGRADES NEEDED FOR ABILA'S DEEP WATER PORT,medium,source_relations.csv,likely_primary_article_id=736
E00957,Media_The_General_Post,Media_The_Light_of_Truth,The General Post,The Light of Truth,same_story_or_derivative_relation,3,source_relation,EVT-0012,1993-09-21,THE IMPROVEMENTS NEEDED FOR THE DEEP PORT OF ABILA,medium,source_relations.csv,likely_primary_article_id=723
E00958,Media_The_General_Post,Media_The_Tulip,The General Post,The Tulip,same_story_or_derivative_relation,3,source_relation,EVT-0012,1993-09-21,THE IMPROVEMENTS NEEDED FOR THE DEEP PORT OF ABILA,medium,source_relations.csv,likely_primary_article_id=723
E00959,Media_The_General_Post,Media_News_Online_Today,The General Post,News Online Today,same_story_or_derivative_relation,5,source_relation,EVT-0013,1994-02-18,"THE PROMINENT BUSINESS, CIVIC LEADER DIES IN 65",medium,source_relations.csv,likely_primary_article_id=478
E00960,Media_The_General_Post,Media_The_Light_of_Truth,The General Post,The Light of Truth,same_story_or_derivative_relation,5,source_relation,EVT-0013,1994-02-18,"THE PROMINENT BUSINESS, CIVIC LEADER DIES IN 65",medium,source_relations.csv,likely_primary_article_id=478
E00961,Media_The_General_Post,Media_The_Tulip,The General Post,The Tulip,same_story_or_derivative_relation,5,source_relation,EVT-0013,1994-02-18,"THE PROMINENT BUSINESS, CIVIC LEADER DIES IN 65",medium,source_relations.csv,likely_primary_article_id=478
E00962,Media_The_General_Post,Media_Who_What_News,The General Post,Who What News,same_story_or_derivative_relation,5,source_relation,EVT-0013,1994-02-18,"THE PROMINENT BUSINESS, CIVIC LEADER DIES IN 65",medium,source_relations.csv,likely_primary_article_id=478
E00963,Media_News_Online_Today,Media_Who_What_News,News Online Today,Who What News,same_story_or_derivative_relation,2,source_relation,EVT-0014,1994-09-24,GASTECH'S EXPANSION REACHES THE SHORES OF KRONOS,medium,source_relations.csv,likely_primary_article_id=534
E00964,Media_The_General_Post,Media_The_Light_of_Truth,The General Post,The Light of Truth,same_story_or_derivative_relation,3,source_relation,EVT-0015,1994-09-25,THE EXTENSION OF GASTECH REACHES THE KRONOS BORDERS,medium,source_relations.csv,likely_primary_article_id=192
E00965,Media_The_General_Post,Media_The_Tulip,The General Post,The Tulip,same_story_or_derivative_relation,3,source_relation,EVT-0015,1994-09-25,THE EXTENSION OF GASTECH REACHES THE KRONOS BORDERS,medium,source_relations.csv,likely_primary_article_id=192
E00966,Media_News_Online_Today,Media_The_World,News Online Today,The World,same_story_or_derivative_relation,3,source_relation,EVT-0016,1995-03-30,DRILLING TECHNIQUE BANNED IN TETHYS,medium,source_relations.csv,likely_primary_article_id=314
E00967,Media_News_Online_Today,Media_Who_What_News,News Online Today,Who What News,same_story_or_derivative_relation,3,source_relation,EVT-0016,1995-03-30,DRILLING TECHNIQUE BANNED IN TETHYS,medium,source_relations.csv,likely_primary_article_id=314
E00968,Media_The_General_Post,Media_The_Tulip,The General Post,The Tulip,same_story_or_derivative_relation,2,source_relation,EVT-0017,1995-04-01,TECHNIQUE THAT IT PERFORATES PROHIBITED IN TETHYS,medium,source_relations.csv,likely_primary_article_id=97
E00969,Media_Kronos_Star,Media_The_World,Kronos Star,The World,same_story_or_derivative_relation,2,source_relation,EVT-0018,1995-10-10,Grand Opening of the New GAStech Offices,medium,source_relations.csv,likely_primary_article_id=526
E00970,Media_News_Online_Today,Media_International_News,News Online Today,International News,same_story_or_derivative_relation,6,source_relation,EVT-0019,1995-10-11,Grand Opening of the New GAStech Offices,medium,source_relations.csv,likely_primary_article_id=634
E00971,Media_News_Online_Today,Media_The_Light_of_Truth,News Online Today,The Light of Truth,same_story_or_derivative_relation,6,source_relation,EVT-0019,1995-10-11,Grand Opening of the New GAStech Offices,medium,source_relations.csv,likely_primary_article_id=634
E00972,Media_News_Online_Today,Media_The_Tulip,News Online Today,The Tulip,same_story_or_derivative_relation,6,source_relation,EVT-0019,1995-10-11,Grand Opening of the New GAStech Offices,medium,source_relations.csv,likely_primary_article_id=634
E00973,Media_News_Online_Today,Media_Worldwise,News Online Today,Worldwise,same_story_or_derivative_relation,6,source_relation,EVT-0019,1995-10-11,Grand Opening of the New GAStech Offices,medium,source_relations.csv,likely_primary_article_id=634
E00974,Media_The_General_Post,Media_The_Guide,The General Post,The Guide,same_story_or_derivative_relation,3,source_relation,EVT-0020,1995-10-12,MAGNIFICENT OPENING GASTECH-KRONOS,medium,source_relations.csv,likely_primary_article_id=543
E00975,Media_The_General_Post,Media_The_Truth,The General Post,The Truth,same_story_or_derivative_relation,3,source_relation,EVT-0020,1995-10-12,MAGNIFICENT OPENING GASTECH-KRONOS,medium,source_relations.csv,likely_primary_article_id=543
E00976,Media_Kronos_Star,Media_International_News,Kronos Star,International News,same_story_or_derivative_relation,2,source_relation,EVT-0021,1995-11-21,Araullo Announces New Hospital Construction,medium,source_relations.csv,likely_primary_article_id=421
E00977,Media_News_Online_Today,Media_Worldwise,News Online Today,Worldwise,same_story_or_derivative_relation,2,source_relation,EVT-0022,1995-11-22,Araullo Announces New Hospital Construction,medium,source_relations.csv,likely_primary_article_id=98
E00978,Media_The_Guide,Media_The_Truth,The Guide,The Truth,same_story_or_derivative_relation,2,source_relation,EVT-0023,1995-11-23,Araullo announces the new construction of the hospital,medium,source_relations.csv,likely_primary_article_id=424
E00979,Media_News_Online_Today,Media_International_News,News Online Today,International News,same_story_or_derivative_relation,2,source_relation,EVT-0024,1996-03-14,Tiskele Bend Gas Fields Larger Than First Thought,medium,source_relations.csv,likely_primary_article_id=542
E00980,Media_The_General_Post,Media_News_Online_Today,The General Post,News Online Today,same_story_or_derivative_relation,3,source_relation,EVT-0025,1996-07-08,GASTECH CHANGES OF POSITION THE CENTRUM TO KRONOS,medium,source_relations.csv,likely_primary_article_id=825
E00981,Media_The_General_Post,Media_The_Light_of_Truth,The General Post,The Light of Truth,same_story_or_derivative_relation,3,source_relation,EVT-0025,1996-07-08,GASTECH CHANGES OF POSITION THE CENTRUM TO KRONOS,medium,source_relations.csv,likely_primary_article_id=825
E00982,Media_Central_Bulletin,Media_The_Abila_Post,Central Bulletin,The Abila Post,same_story_or_derivative_relation,2,source_relation,EVT-0026,1997-04-23,POSSIBLE CONTAMINATION IN ELODIS,medium,source_relations.csv,likely_primary_article_id=136
E00983,Media_Athena_Speaks,Media_News_Online_Today,Athena Speaks,News Online Today,same_story_or_derivative_relation,2,source_relation,EVT-0027,1997-04-24,POSSIBLE CONTAMINATION IN ELODIS,medium,source_relations.csv,likely_primary_article_id=652
E00984,Media_News_Desk,Media_The_Explainer,News Desk,The Explainer,same_story_or_derivative_relation,2,source_relation,EVT-0028,1997-04-25,POSSIBLE POLLUTION IN ELODIS,medium,source_relations.csv,likely_primary_article_id=60
E00985,Media_The_Abila_Post,Media_News_Online_Today,The Abila Post,News Online Today,same_story_or_derivative_relation,2,source_relation,EVT-0029,1997-10-15,GOVERNMENT CITES 'MINOR' CONTAMINATION NEAR ELODIS,medium,source_relations.csv,likely_primary_article_id=304
E00986,Media_Central_Bulletin,Media_The_Explainer,Central Bulletin,The Explainer,same_story_or_derivative_relation,2,source_relation,EVT-0030,1997-10-16,GOVERNMENT CITES 'MINOR' CONTAMINATION NEAR ELODIS,medium,source_relations.csv,likely_primary_article_id=151
E00987,Media_The_Truth,Media_Worldwise,The Truth,Worldwise,same_story_or_derivative_relation,2,source_relation,EVT-0031,1998-01-19,The advantages of Kronos of foreign investment,medium,source_relations.csv,likely_primary_article_id=406
E00988,Media_All_News_Today,Media_News_Online_Today,All News Today,News Online Today,same_story_or_derivative_relation,3,source_relation,EVT-0032,1998-03-20,"ELODIS, KRONOS:  A TOWN IN NEED, Part One",medium,source_relations.csv,likely_primary_article_id=154
E00989,Media_All_News_Today,Media_The_Orb,All News Today,The Orb,same_story_or_derivative_relation,3,source_relation,EVT-0032,1998-03-20,"ELODIS, KRONOS:  A TOWN IN NEED, Part One",medium,source_relations.csv,likely_primary_article_id=154
E00990,Media_Daily_Pegasus,Media_The_Wrap,Daily Pegasus,The Wrap,same_story_or_derivative_relation,2,source_relation,EVT-0033,1998-03-21,"ELODIS, KRONOS:  A CITY IN the NECESSITY, part one",medium,source_relations.csv,likely_primary_article_id=317
E00991,Media_News_Online_Today,Media_The_Wrap,News Online Today,The Wrap,same_story_or_derivative_relation,2,source_relation,EVT-0034,1998-04-26,"ELODIS, KRONOS:  HELP FROM AN UNEXPECTED SOURCE Part Two",medium,source_relations.csv,likely_primary_article_id=4
E00992,Media_Daily_Pegasus,Media_The_Orb,Daily Pegasus,The Orb,same_story_or_derivative_relation,2,source_relation,EVT-0035,1998-04-27,"ELODIS, KRONOS:  AID of one divides two of the SOURCE UNEXPECTED",medium,source_relations.csv,likely_primary_article_id=647
E00993,Media_Homeland_Illumination,Media_All_News_Today,Homeland Illumination,All News Today,same_story_or_derivative_relation,3,source_relation,EVT-0036,1998-05-15,"ELODIS, KRONOS: WILL THE GOVERNMENT RESPOND IN TIME? Part Three",medium,source_relations.csv,likely_primary_article_id=35
E00994,Media_Homeland_Illumination,Media_News_Online_Today,Homeland Illumination,News Online Today,same_story_or_derivative_relation,3,source_relation,EVT-0036,1998-05-15,"ELODIS, KRONOS: WILL THE GOVERNMENT RESPOND IN TIME? Part Three",medium,source_relations.csv,likely_primary_article_id=35
E00995,Media_All_News_Today,Media_News_Online_Today,All News Today,News Online Today,same_story_or_derivative_relation,2,source_relation,EVT-0037,1998-05-16,ELODIS PUBLIC HEALTH FACT SHEET,medium,source_relations.csv,likely_primary_article_id=617
E00996,Media_Daily_Pegasus,Media_The_Orb,Daily Pegasus,The Orb,same_story_or_derivative_relation,3,source_relation,EVT-0038,1998-05-17,"ELODIS, KRONOS:  THE GOVERNMENT WILL RESPOND IN TIME? Part three",medium,source_relations.csv,likely_primary_article_id=264
E00997,Media_Daily_Pegasus,Media_The_Wrap,Daily Pegasus,The Wrap,same_story_or_derivative_relation,3,source_relation,EVT-0038,1998-05-17,"ELODIS, KRONOS:  THE GOVERNMENT WILL RESPOND IN TIME? Part three",medium,source_relations.csv,likely_primary_article_id=264
E00998,Media_Daily_Pegasus,Media_The_Wrap,Daily Pegasus,The Wrap,same_story_or_derivative_relation,2,source_relation,EVT-0039,1998-08-21,OF TEN YEARS OLD  OF THE GIRL OF ELODIS OF THE  POISONING DIES,medium,source_relations.csv,likely_primary_article_id=791
E00999,Media_The_Truth,Media_The_Guide,The Truth,The Guide,same_story_or_derivative_relation,3,source_relation,EVT-0040,1998-11-10,The ministry of health examines the complaints of pollution,medium,source_relations.csv,likely_primary_article_id=166
E01000,Media_The_Truth,Media_Worldwise,The Truth,Worldwise,same_story_or_derivative_relation,3,source_relation,EVT-0040,1998-11-10,The ministry of health examines the complaints of pollution,medium,source_relations.csv,likely_primary_article_id=166
E01001,Media_The_General_Post,Media_News_Online_Today,The General Post,News Online Today,same_story_or_derivative_relation,4,source_relation,EVT-0041,1998-11-14,HEALTH FOR ALL (WFA) BURSTS GASTECH AND KRONOS GOVT,medium,source_relations.csv,likely_primary_article_id=316
E01002,Media_The_General_Post,Media_The_Tulip,The General Post,The Tulip,same_story_or_derivative_relation,4,source_relation,EVT-0041,1998-11-14,HEALTH FOR ALL (WFA) BURSTS GASTECH AND KRONOS GOVT,medium,source_relations.csv,likely_primary_article_id=316
E01003,Media_The_General_Post,Media_Who_What_News,The General Post,Who What News,same_story_or_derivative_relation,4,source_relation,EVT-0041,1998-11-14,HEALTH FOR ALL (WFA) BURSTS GASTECH AND KRONOS GOVT,medium,source_relations.csv,likely_primary_article_id=316
E01004,Media_All_News_Today,Media_News_Online_Today,All News Today,News Online Today,same_story_or_derivative_relation,3,source_relation,EVT-0042,1998-11-15,POK REPRESENTATIVES MEET WITH KRONOS MINISTER OF HEALTH,medium,source_relations.csv,likely_primary_article_id=420
E01005,Media_All_News_Today,Media_The_Wrap,All News Today,The Wrap,same_story_or_derivative_relation,3,source_relation,EVT-0042,1998-11-15,POK REPRESENTATIVES MEET WITH KRONOS MINISTER OF HEALTH,medium,source_relations.csv,likely_primary_article_id=420
E01006,Media_The_Abila_Post,Media_News_Online_Today,The Abila Post,News Online Today,same_story_or_derivative_relation,3,source_relation,EVT-0043,1998-11-15,WELLNESS FOR ALL ISSUES STATEMENT ON ELODIS,medium,source_relations.csv,likely_primary_article_id=619
E01007,Media_The_Abila_Post,Media_The_Light_of_Truth,The Abila Post,The Light of Truth,same_story_or_derivative_relation,3,source_relation,EVT-0043,1998-11-15,WELLNESS FOR ALL ISSUES STATEMENT ON ELODIS,medium,source_relations.csv,likely_primary_article_id=619
E01008,Media_Daily_Pegasus,Media_The_Orb,Daily Pegasus,The Orb,same_story_or_derivative_relation,2,source_relation,EVT-0044,1998-11-16,MEETING OF THE REPRESENTATIVES OF POK WITH THE MINISTER OF KRONOS OF THE HEALTH,medium,source_relations.csv,likely_primary_article_id=628
E01009,Media_Athena_Speaks,Media_News_Desk,Athena Speaks,News Desk,same_story_or_derivative_relation,3,source_relation,EVT-0045,1998-11-17,HEALTH FOR ALL THE REPORT/RATIO OF QUESTIONS ABOUT ELODIS,medium,source_relations.csv,likely_primary_article_id=519
E01010,Media_Athena_Speaks,Media_The_Explainer,Athena Speaks,The Explainer,same_story_or_derivative_relation,3,source_relation,EVT-0045,1998-11-17,HEALTH FOR ALL THE REPORT/RATIO OF QUESTIONS ABOUT ELODIS,medium,source_relations.csv,likely_primary_article_id=519
E01011,Media_News_Online_Today,Media_Who_What_News,News Online Today,Who What News,same_story_or_derivative_relation,2,source_relation,EVT-0046,1999-02-19,GASTECH REPORTS RECORD EARNINGS,medium,source_relations.csv,likely_primary_article_id=702
E01012,Media_The_General_Post,Media_The_Light_of_Truth,The General Post,The Light of Truth,same_story_or_derivative_relation,3,source_relation,EVT-0047,1999-02-20,GAINS OF THE FILE OF GASTECH INFORMATION,medium,source_relations.csv,likely_primary_article_id=284
E01013,Media_The_General_Post,Media_The_Tulip,The General Post,The Tulip,same_story_or_derivative_relation,3,source_relation,EVT-0047,1999-02-20,GAINS OF THE FILE OF GASTECH INFORMATION,medium,source_relations.csv,likely_primary_article_id=284
E01014,Media_News_Online_Today,Media_International_News,News Online Today,International News,same_story_or_derivative_relation,3,source_relation,EVT-0048,1999-07-04,"Minister Nespola Champions Added Taxes on Oil, Gas Development",medium,source_relations.csv,likely_primary_article_id=640
E01015,Media_News_Online_Today,Media_The_Guide,News Online Today,The Guide,same_story_or_derivative_relation,3,source_relation,EVT-0048,1999-07-04,"Minister Nespola Champions Added Taxes on Oil, Gas Development",medium,source_relations.csv,likely_primary_article_id=640
E01016,Media_All_News_Today,Media_News_Online_Today,All News Today,News Online Today,same_story_or_derivative_relation,2,source_relation,EVT-0049,1999-07-08,MINISTER OF HEALTH TO PROPOSE SOLUTION TO TOWN POISONING,medium,source_relations.csv,likely_primary_article_id=612
E01017,Media_The_Orb,Media_The_Wrap,The Orb,The Wrap,same_story_or_derivative_relation,2,source_relation,EVT-0050,1999-07-09,MINISTER FOR HEALTH TO PROPOSE THE SOLUTION WITH THE POISONING OF CITY,medium,source_relations.csv,likely_primary_article_id=248
E01018,Media_News_Online_Today,Media_The_World,News Online Today,The World,same_story_or_derivative_relation,2,source_relation,EVT-0051,2000-01-15,KRONOS GDP ON THE RISE,medium,source_relations.csv,likely_primary_article_id=789
E01019,Media_Who_What_News,Media_The_Light_of_Truth,Who What News,The Light of Truth,same_story_or_derivative_relation,3,source_relation,EVT-0052,2000-01-16,KRONOS GDP ON THE RISE,medium,source_relations.csv,likely_primary_article_id=471
E01020,Media_Who_What_News,Media_The_Tulip,Who What News,The Tulip,same_story_or_derivative_relation,3,source_relation,EVT-0052,2000-01-16,KRONOS GDP ON THE RISE,medium,source_relations.csv,likely_primary_article_id=471
E01021,Media_Daily_Pegasus,Media_The_Orb,Daily Pegasus,The Orb,same_story_or_derivative_relation,2,source_relation,EVT-0053,2000-06-01,LEAF OF THE FACT OF THE PUBLIC HEALTH OF ELODIS - UPDATE,medium,source_relations.csv,likely_primary_article_id=72
E01022,Media_News_Online_Today,Media_The_World,News Online Today,The World,same_story_or_derivative_relation,3,source_relation,EVT-0054,2000-08-15,EXPLOSION ROCKS GASTECH'S TISKELE BEND SITE,medium,source_relations.csv,likely_primary_article_id=413
E01023,Media_News_Online_Today,Media_Who_What_News,News Online Today,Who What News,same_story_or_derivative_relation,3,source_relation,EVT-0054,2000-08-15,EXPLOSION ROCKS GASTECH'S TISKELE BEND SITE,medium,source_relations.csv,likely_primary_article_id=413
E01024,Media_The_General_Post,Media_The_Light_of_Truth,The General Post,The Light of Truth,same_story_or_derivative_relation,3,source_relation,EVT-0055,2000-08-16,SITE OF THE CURVE OF TISKELE OF ROCKS GASTECH OF THE EXPLOSION,medium,source_relations.csv,likely_primary_article_id=235
E01025,Media_The_General_Post,Media_The_Tulip,The General Post,The Tulip,same_story_or_derivative_relation,3,source_relation,EVT-0055,2000-08-16,SITE OF THE CURVE OF TISKELE OF ROCKS GASTECH OF THE EXPLOSION,medium,source_relations.csv,likely_primary_article_id=235
E01026,Media_Central_Bulletin,Media_News_Online_Today,Central Bulletin,News Online Today,same_story_or_derivative_relation,2,source_relation,EVT-0056,2000-08-17,TISKELE BEND EXPLOSION AND FIRE,medium,source_relations.csv,likely_primary_article_id=734
E01027,Media_Athena_Speaks,Media_News_Desk,Athena Speaks,News Desk,same_story_or_derivative_relation,3,source_relation,EVT-0057,2000-08-18,EXPLOSION AND FIRE OF CURVE OF TISKELE,medium,source_relations.csv,likely_primary_article_id=295
E01028,Media_Athena_Speaks,Media_The_Explainer,Athena Speaks,The Explainer,same_story_or_derivative_relation,3,source_relation,EVT-0057,2000-08-18,EXPLOSION AND FIRE OF CURVE OF TISKELE,medium,source_relations.csv,likely_primary_article_id=295
E01029,Media_The_Abila_Post,Media_Central_Bulletin,The Abila Post,Central Bulletin,same_story_or_derivative_relation,3,source_relation,EVT-0058,2000-10-02,LANDSLIDE VICTORY FOR PRESIDENT KAPELOU,medium,source_relations.csv,likely_primary_article_id=477
E01030,Media_The_Abila_Post,Media_News_Online_Today,The Abila Post,News Online Today,same_story_or_derivative_relation,3,source_relation,EVT-0058,2000-10-02,LANDSLIDE VICTORY FOR PRESIDENT KAPELOU,medium,source_relations.csv,likely_primary_article_id=477
E01031,Media_News_Desk,Media_The_Explainer,News Desk,The Explainer,same_story_or_derivative_relation,2,source_relation,EVT-0059,2000-10-03,THE VICTORY OF THE LANDSLIDE FOR PRESIDENT KAPELOU,medium,source_relations.csv,likely_primary_article_id=311
E01032,Media_The_Guide,Media_International_News,The Guide,International News,same_story_or_derivative_relation,3,source_relation,EVT-0060,2001-03-18,"The taxes added on the oil, development of the gas defeated in general to assembly",medium,source_relations.csv,likely_primary_article_id=296
E01033,Media_The_Guide,Media_The_Truth,The Guide,The Truth,same_story_or_derivative_relation,3,source_relation,EVT-0060,2001-03-18,"The taxes added on the oil, development of the gas defeated in general to assembly",medium,source_relations.csv,likely_primary_article_id=296
E01034,Media_Homeland_Illumination,Media_All_News_Today,Homeland Illumination,All News Today,same_story_or_derivative_relation,3,source_relation,EVT-0061,2001-03-22,"TAX MEASURE DEFEATED, POK EFFORTS STALLED",medium,source_relations.csv,likely_primary_article_id=134
E01035,Media_Homeland_Illumination,Media_News_Online_Today,Homeland Illumination,News Online Today,same_story_or_derivative_relation,3,source_relation,EVT-0061,2001-03-22,"TAX MEASURE DEFEATED, POK EFFORTS STALLED",medium,source_relations.csv,likely_primary_article_id=134
E01036,Media_The_Wrap,Media_The_Orb,The Wrap,The Orb,same_story_or_derivative_relation,2,source_relation,EVT-0062,2001-03-24,"REPORTS THE MEASURE OF THE TAX, BLOCKED EFFORTS POK",medium,source_relations.csv,likely_primary_article_id=187
E01037,Media_News_Online_Today,Media_The_Truth,News Online Today,The Truth,same_story_or_derivative_relation,3,source_relation,EVT-0063,2001-06-15,Minister of Health Dies Suddenly,medium,source_relations.csv,likely_primary_article_id=746
E01038,Media_News_Online_Today,Media_Worldwise,News Online Today,Worldwise,same_story_or_derivative_relation,3,source_relation,EVT-0063,2001-06-15,Minister of Health Dies Suddenly,medium,source_relations.csv,likely_primary_article_id=746
E01039,Media_News_Online_Today,Media_International_News,News Online Today,International News,same_story_or_derivative_relation,3,source_relation,EVT-0064,2001-08-31,Activists Disrupt Traffic Near Tiskele Bend Fields,medium,source_relations.csv,likely_primary_article_id=544
E01040,Media_News_Online_Today,Media_The_Truth,News Online Today,The Truth,same_story_or_derivative_relation,3,source_relation,EVT-0064,2001-08-31,Activists Disrupt Traffic Near Tiskele Bend Fields,medium,source_relations.csv,likely_primary_article_id=544
E01041,Media_The_Guide,Media_Worldwise,The Guide,Worldwise,same_story_or_derivative_relation,2,source_relation,EVT-0065,2001-09-01,The activists interrupt traffic near fields of the curve of Tiskele,medium,source_relations.csv,likely_primary_article_id=328
E01042,Media_News_Online_Today,Media_The_Orb,News Online Today,The Orb,same_story_or_derivative_relation,2,source_relation,EVT-0066,2001-09-01,POK MEMBERS ARRESTED,medium,source_relations.csv,likely_primary_article_id=511
E01043,Media_Daily_Pegasus,Media_The_Wrap,Daily Pegasus,The Wrap,same_story_or_derivative_relation,2,source_relation,EVT-0067,2001-09-02,THE MEMBERS OF POK ARRESTED,medium,source_relations.csv,likely_primary_article_id=22
E01044,Media_Homeland_Illumination,Media_News_Online_Today,Homeland Illumination,News Online Today,same_story_or_derivative_relation,2,source_relation,EVT-0068,2002-05-25,ELODIS PUBLIC HEALTH FACT SHEET 2002,medium,source_relations.csv,likely_primary_article_id=297
E01045,Media_Daily_Pegasus,Media_The_Wrap,Daily Pegasus,The Wrap,same_story_or_derivative_relation,2,source_relation,EVT-0069,2002-05-27,LEAF 2002 OF THE FACT OF THE PUBLIC HEALTH OF ELODIS,medium,source_relations.csv,likely_primary_article_id=115
E01046,Media_News_Online_Today,Media_The_World,News Online Today,The World,same_story_or_derivative_relation,2,source_relation,EVT-0070,2003-05-17,HANK FLUSS GASTECH COO DIES AT 73,medium,source_relations.csv,likely_primary_article_id=371
E01047,Media_The_General_Post,Media_The_Light_of_Truth,The General Post,The Light of Truth,same_story_or_derivative_relation,3,source_relation,EVT-0071,2003-05-19,THE COO OF GAStech DIES IN 73,medium,source_relations.csv,likely_primary_article_id=493
E01048,Media_The_General_Post,Media_The_Tulip,The General Post,The Tulip,same_story_or_derivative_relation,3,source_relation,EVT-0071,2003-05-19,THE COO OF GAStech DIES IN 73,medium,source_relations.csv,likely_primary_article_id=493
E01049,Media_Homeland_Illumination,Media_All_News_Today,Homeland Illumination,All News Today,same_story_or_derivative_relation,2,source_relation,EVT-0072,2004-05-29,ELODIS PUBLIC HEALTH FACT SHEET 2004,medium,source_relations.csv,likely_primary_article_id=737
E01050,Media_All_News_Today,Media_News_Online_Today,All News Today,News Online Today,same_story_or_derivative_relation,4,source_relation,EVT-0073,2005-04-06,POK PROTESTS END IN ARRESTS,medium,source_relations.csv,likely_primary_article_id=121
E01051,Media_All_News_Today,Media_The_Orb,All News Today,The Orb,same_story_or_derivative_relation,4,source_relation,EVT-0073,2005-04-06,POK PROTESTS END IN ARRESTS,medium,source_relations.csv,likely_primary_article_id=121
E01052,Media_All_News_Today,Media_The_Wrap,All News Today,The Wrap,same_story_or_derivative_relation,4,source_relation,EVT-0073,2005-04-06,POK PROTESTS END IN ARRESTS,medium,source_relations.csv,likely_primary_article_id=121
E01053,Media_Kronos_Star,Media_International_News,Kronos Star,International News,same_story_or_derivative_relation,3,source_relation,EVT-0074,2005-04-06,Protestors Block Traffic to Tiskele Bend Fields,medium,source_relations.csv,likely_primary_article_id=781
E01054,Media_Kronos_Star,Media_News_Online_Today,Kronos Star,News Online Today,same_story_or_derivative_relation,3,source_relation,EVT-0074,2005-04-06,Protestors Block Traffic to Tiskele Bend Fields,medium,source_relations.csv,likely_primary_article_id=781
E01055,Media_The_Guide,Media_The_Truth,The Guide,The Truth,same_story_or_derivative_relation,3,source_relation,EVT-0075,2005-04-08,Traffic of the block from Protestors to the fields of the curve of Tiskele,medium,source_relations.csv,likely_primary_article_id=595
E01056,Media_The_Guide,Media_Worldwise,The Guide,Worldwise,same_story_or_derivative_relation,3,source_relation,EVT-0075,2005-04-08,Traffic of the block from Protestors to the fields of the curve of Tiskele,medium,source_relations.csv,likely_primary_article_id=595
E01057,Media_Central_Bulletin,Media_News_Desk,Central Bulletin,News Desk,same_story_or_derivative_relation,3,source_relation,EVT-0076,2005-09-25,ELODIS PROTESTS TURN TO RIOTS AND ARRESTS,medium,source_relations.csv,likely_primary_article_id=113
E01058,Media_Central_Bulletin,Media_News_Online_Today,Central Bulletin,News Online Today,same_story_or_derivative_relation,3,source_relation,EVT-0076,2005-09-25,ELODIS PROTESTS TURN TO RIOTS AND ARRESTS,medium,source_relations.csv,likely_primary_article_id=113
E01059,Media_Athena_Speaks,Media_The_Explainer,Athena Speaks,The Explainer,same_story_or_derivative_relation,2,source_relation,EVT-0077,2005-09-26,TURN OF PROTESTS Of ELODIS TO the RIOTS AND the ARRESTS,medium,source_relations.csv,likely_primary_article_id=383
E01060,Media_Everyday_News,Media_News_Online_Today,Everyday News,News Online Today,same_story_or_derivative_relation,3,source_relation,EVT-0078,2007-03-19,Four people have died in a crash of the way near Elodis,medium,source_relations.csv,likely_primary_article_id=332
E01061,Media_Everyday_News,Media_The_Continent,Everyday News,The Continent,same_story_or_derivative_relation,3,source_relation,EVT-0078,2007-03-19,Four people have died in a crash of the way near Elodis,medium,source_relations.csv,likely_primary_article_id=332
E01062,Media_Daily_Pegasus,Media_All_News_Today,Daily Pegasus,All News Today,same_story_or_derivative_relation,3,source_relation,EVT-0079,2007-03-21,"THE GASTECH CAR STRIKES THE AUTOMOBILE NEAR ELODIS, FAMILY OF FOUR DEAD ONES",medium,source_relations.csv,likely_primary_article_id=182
E01063,Media_Daily_Pegasus,Media_News_Online_Today,Daily Pegasus,News Online Today,same_story_or_derivative_relation,3,source_relation,EVT-0079,2007-03-21,"THE GASTECH CAR STRIKES THE AUTOMOBILE NEAR ELODIS, FAMILY OF FOUR DEAD ONES",medium,source_relations.csv,likely_primary_article_id=182
E01064,Media_The_Wrap,Media_The_Orb,The Wrap,The Orb,same_story_or_derivative_relation,2,source_relation,EVT-0080,2007-03-22,"GASTECH TOUCH THE TRUCK CAR NEAR ELODIS, FAMILY OF DEAD FOUR",medium,source_relations.csv,likely_primary_article_id=236
E01065,Media_Central_Bulletin,Media_Athena_Speaks,Central Bulletin,Athena Speaks,same_story_or_derivative_relation,4,source_relation,EVT-0081,2007-04-11,TRAFFIC ACCIDENT NEAR ELODIS,medium,source_relations.csv,likely_primary_article_id=578
E01066,Media_Central_Bulletin,Media_News_Online_Today,Central Bulletin,News Online Today,same_story_or_derivative_relation,4,source_relation,EVT-0081,2007-04-11,TRAFFIC ACCIDENT NEAR ELODIS,medium,source_relations.csv,likely_primary_article_id=578
E01067,Media_Central_Bulletin,Media_The_Explainer,Central Bulletin,The Explainer,same_story_or_derivative_relation,4,source_relation,EVT-0081,2007-04-11,TRAFFIC ACCIDENT NEAR ELODIS,medium,source_relations.csv,likely_primary_article_id=578
E01068,Media_Kronos_Star,Media_International_News,Kronos Star,International News,same_story_or_derivative_relation,2,source_relation,EVT-0082,2009-02-18,POK Protest at GAStech Headquarters Ends in Arrests,medium,source_relations.csv,likely_primary_article_id=168
E01069,Media_Central_Bulletin,Media_News_Online_Today,Central Bulletin,News Online Today,same_story_or_derivative_relation,6,source_relation,EVT-0083,2009-02-19,GASTECH HEADQUARTERS BLOCKED BY POK,medium,source_relations.csv,likely_primary_article_id=565
E01070,Media_Central_Bulletin,Media_The_Abila_Post,Central Bulletin,The Abila Post,same_story_or_derivative_relation,6,source_relation,EVT-0083,2009-02-19,GASTECH HEADQUARTERS BLOCKED BY POK,medium,source_relations.csv,likely_primary_article_id=565
E01071,Media_Central_Bulletin,Media_The_Guide,Central Bulletin,The Guide,same_story_or_derivative_relation,6,source_relation,EVT-0083,2009-02-19,GASTECH HEADQUARTERS BLOCKED BY POK,medium,source_relations.csv,likely_primary_article_id=565
E01072,Media_Central_Bulletin,Media_The_Truth,Central Bulletin,The Truth,same_story_or_derivative_relation,6,source_relation,EVT-0083,2009-02-19,GASTECH HEADQUARTERS BLOCKED BY POK,medium,source_relations.csv,likely_primary_article_id=565
E01073,Media_Worldwise,Media_The_Explainer,Worldwise,The Explainer,same_story_or_derivative_relation,2,source_relation,EVT-0084,2009-02-20,The protest of POK at GAStech sits of the ends in the arrests,medium,source_relations.csv,likely_primary_article_id=808
E01074,Media_Kronos_Star,Media_All_News_Today,Kronos Star,All News Today,same_story_or_derivative_relation,43,source_relation,EVT-A181,2009-02-20,POK 抗议 GAStech 设施遭逮捕,medium,source_relations.csv,likely_primary_article_id=273
E01075,Media_Kronos_Star,Media_Central_Bulletin,Kronos Star,Central Bulletin,same_story_or_derivative_relation,43,source_relation,EVT-A181,2009-02-20,POK 抗议 GAStech 设施遭逮捕,medium,source_relations.csv,likely_primary_article_id=273
E01076,Media_Kronos_Star,Media_Centrum_Sentinel,Kronos Star,Centrum Sentinel,same_story_or_derivative_relation,43,source_relation,EVT-A181,2009-02-20,POK 抗议 GAStech 设施遭逮捕,medium,source_relations.csv,likely_primary_article_id=273
E01077,Media_Kronos_Star,Media_Daily_Pegasus,Kronos Star,Daily Pegasus,same_story_or_derivative_relation,43,source_relation,EVT-A181,2009-02-20,POK 抗议 GAStech 设施遭逮捕,medium,source_relations.csv,likely_primary_article_id=273
E01078,Media_Kronos_Star,Media_Everyday_News,Kronos Star,Everyday News,same_story_or_derivative_relation,43,source_relation,EVT-A181,2009-02-20,POK 抗议 GAStech 设施遭逮捕,medium,source_relations.csv,likely_primary_article_id=273
E01079,Media_Kronos_Star,Media_Homeland_Illumination,Kronos Star,Homeland Illumination,same_story_or_derivative_relation,43,source_relation,EVT-A181,2009-02-20,POK 抗议 GAStech 设施遭逮捕,medium,source_relations.csv,likely_primary_article_id=273
E01080,Media_Kronos_Star,Media_International_News,Kronos Star,International News,same_story_or_derivative_relation,43,source_relation,EVT-A181,2009-02-20,POK 抗议 GAStech 设施遭逮捕,medium,source_relations.csv,likely_primary_article_id=273
E01081,Media_Kronos_Star,Media_International_Times,Kronos Star,International Times,same_story_or_derivative_relation,43,source_relation,EVT-A181,2009-02-20,POK 抗议 GAStech 设施遭逮捕,medium,source_relations.csv,likely_primary_article_id=273
E01082,Media_Kronos_Star,Media_News_Desk,Kronos Star,News Desk,same_story_or_derivative_relation,43,source_relation,EVT-A181,2009-02-20,POK 抗议 GAStech 设施遭逮捕,medium,source_relations.csv,likely_primary_article_id=273
E01083,Media_Kronos_Star,Media_News_Online_Today,Kronos Star,News Online Today,same_story_or_derivative_relation,43,source_relation,EVT-A181,2009-02-20,POK 抗议 GAStech 设施遭逮捕,medium,source_relations.csv,likely_primary_article_id=273
E01084,Media_Kronos_Star,Media_The_Abila_Post,Kronos Star,The Abila Post,same_story_or_derivative_relation,43,source_relation,EVT-A181,2009-02-20,POK 抗议 GAStech 设施遭逮捕,medium,source_relations.csv,likely_primary_article_id=273
E01085,Media_Kronos_Star,Media_The_Continent,Kronos Star,The Continent,same_story_or_derivative_relation,43,source_relation,EVT-A181,2009-02-20,POK 抗议 GAStech 设施遭逮捕,medium,source_relations.csv,likely_primary_article_id=273
E01086,Media_Kronos_Star,Media_The_Guide,Kronos Star,The Guide,same_story_or_derivative_relation,43,source_relation,EVT-A181,2009-02-20,POK 抗议 GAStech 设施遭逮捕,medium,source_relations.csv,likely_primary_article_id=273
E01087,Media_Kronos_Star,Media_The_Light_of_Truth,Kronos Star,The Light of Truth,same_story_or_derivative_relation,43,source_relation,EVT-A181,2009-02-20,POK 抗议 GAStech 设施遭逮捕,medium,source_relations.csv,likely_primary_article_id=273
E01088,Media_Kronos_Star,Media_The_Truth,Kronos Star,The Truth,same_story_or_derivative_relation,43,source_relation,EVT-A181,2009-02-20,POK 抗议 GAStech 设施遭逮捕,medium,source_relations.csv,likely_primary_article_id=273
E01089,Media_Kronos_Star,Media_The_Tulip,Kronos Star,The Tulip,same_story_or_derivative_relation,43,source_relation,EVT-A181,2009-02-20,POK 抗议 GAStech 设施遭逮捕,medium,source_relations.csv,likely_primary_article_id=273
E01090,Media_Kronos_Star,Media_The_World,Kronos Star,The World,same_story_or_derivative_relation,43,source_relation,EVT-A181,2009-02-20,POK 抗议 GAStech 设施遭逮捕,medium,source_relations.csv,likely_primary_article_id=273
E01091,Media_Kronos_Star,Media_The_Wrap,Kronos Star,The Wrap,same_story_or_derivative_relation,43,source_relation,EVT-A181,2009-02-20,POK 抗议 GAStech 设施遭逮捕,medium,source_relations.csv,likely_primary_article_id=273
E01092,Media_Kronos_Star,Media_Who_What_News,Kronos Star,Who What News,same_story_or_derivative_relation,43,source_relation,EVT-A181,2009-02-20,POK 抗议 GAStech 设施遭逮捕,medium,source_relations.csv,likely_primary_article_id=273
E01093,Media_Kronos_Star,Media_World_Journal,Kronos Star,World Journal,same_story_or_derivative_relation,43,source_relation,EVT-A181,2009-02-20,POK 抗议 GAStech 设施遭逮捕,medium,source_relations.csv,likely_primary_article_id=273
E01094,Media_Kronos_Star,Media_Worldwise,Kronos Star,Worldwise,same_story_or_derivative_relation,43,source_relation,EVT-A181,2009-02-20,POK 抗议 GAStech 设施遭逮捕,medium,source_relations.csv,likely_primary_article_id=273
E01095,Media_The_Light_of_Truth,Media_Who_What_News,The Light of Truth,Who What News,same_story_or_derivative_relation,2,source_relation,EVT-0085,2009-02-21,SANJORGE JR CONDEMNS POK LIKE TERRORISTS,medium,source_relations.csv,likely_primary_article_id=675
E01096,Media_The_General_Post,Media_The_Tulip,The General Post,The Tulip,same_story_or_derivative_relation,2,source_relation,EVT-0086,2009-02-22,SANJORGE JR CONDEMNS POK LIKE TERRORISTS,medium,source_relations.csv,likely_primary_article_id=23
E01097,Media_Everyday_News,Media_News_Online_Today,Everyday News,News Online Today,same_story_or_derivative_relation,5,source_relation,EVT-0087,2009-02-23,"The protectors of Kronos de Kronos declared ""group of the terrorist""",medium,source_relations.csv,likely_primary_article_id=201
E01098,Media_Everyday_News,Media_The_Continent,Everyday News,The Continent,same_story_or_derivative_relation,5,source_relation,EVT-0087,2009-02-23,"The protectors of Kronos de Kronos declared ""group of the terrorist""",medium,source_relations.csv,likely_primary_article_id=201
E01099,Media_Everyday_News,Media_World_Journal,Everyday News,World Journal,same_story_or_derivative_relation,5,source_relation,EVT-0087,2009-02-23,"The protectors of Kronos de Kronos declared ""group of the terrorist""",medium,source_relations.csv,likely_primary_article_id=201
E01100,Media_Everyday_News,Media_World_Source,Everyday News,World Source,same_story_or_derivative_relation,5,source_relation,EVT-0087,2009-02-23,"The protectors of Kronos de Kronos declared ""group of the terrorist""",medium,source_relations.csv,likely_primary_article_id=201
E01101,Media_Daily_Pegasus,Media_The_Orb,Daily Pegasus,The Orb,same_story_or_derivative_relation,3,source_relation,EVT-0088,2009-03-09,THE POK MEETING DRAWS THOUSANDS OF THOSE IN FAVOR,medium,source_relations.csv,likely_primary_article_id=51
E01102,Media_Daily_Pegasus,Media_The_Wrap,Daily Pegasus,The Wrap,same_story_or_derivative_relation,3,source_relation,EVT-0088,2009-03-09,THE POK MEETING DRAWS THOUSANDS OF THOSE IN FAVOR,medium,source_relations.csv,likely_primary_article_id=51
E01103,Media_The_Abila_Post,Media_All_News_Today,The Abila Post,All News Today,same_story_or_derivative_relation,6,source_relation,EVT-0089,2009-03-12,POK LEADER ARRESTED,medium,source_relations.csv,likely_primary_article_id=398
E01104,Media_The_Abila_Post,Media_Homeland_Illumination,The Abila Post,Homeland Illumination,same_story_or_derivative_relation,6,source_relation,EVT-0089,2009-03-12,POK LEADER ARRESTED,medium,source_relations.csv,likely_primary_article_id=398
E01105,Media_The_Abila_Post,Media_International_News,The Abila Post,International News,same_story_or_derivative_relation,6,source_relation,EVT-0089,2009-03-12,POK LEADER ARRESTED,medium,source_relations.csv,likely_primary_article_id=398
E01106,Media_The_Abila_Post,Media_Kronos_Star,The Abila Post,Kronos Star,same_story_or_derivative_relation,6,source_relation,EVT-0089,2009-03-12,POK LEADER ARRESTED,medium,source_relations.csv,likely_primary_article_id=398
E01107,Media_Daily_Pegasus,Media_News_Desk,Daily Pegasus,News Desk,same_story_or_derivative_relation,5,source_relation,EVT-0090,2009-03-13,ARRESTED LEADER KAREL OF POK,medium,source_relations.csv,likely_primary_article_id=157
E01108,Media_Daily_Pegasus,Media_News_Online_Today,Daily Pegasus,News Online Today,same_story_or_derivative_relation,5,source_relation,EVT-0090,2009-03-13,ARRESTED LEADER KAREL OF POK,medium,source_relations.csv,likely_primary_article_id=157
E01109,Media_Daily_Pegasus,Media_The_Explainer,Daily Pegasus,The Explainer,same_story_or_derivative_relation,5,source_relation,EVT-0090,2009-03-13,ARRESTED LEADER KAREL OF POK,medium,source_relations.csv,likely_primary_article_id=157
E01110,Media_Daily_Pegasus,Media_The_Wrap,Daily Pegasus,The Wrap,same_story_or_derivative_relation,5,source_relation,EVT-0090,2009-03-13,ARRESTED LEADER KAREL OF POK,medium,source_relations.csv,likely_primary_article_id=157
E01111,Media_Central_Bulletin,Media_News_Online_Today,Central Bulletin,News Online Today,same_story_or_derivative_relation,2,source_relation,EVT-0091,2009-03-13,POK LEADER ARRESTED,medium,source_relations.csv,likely_primary_article_id=798
E01112,Media_Athena_Speaks,Media_The_Orb,Athena Speaks,The Orb,same_story_or_derivative_relation,2,source_relation,EVT-0092,2009-03-14,THE CHIEF OF STOPPED POK,medium,source_relations.csv,likely_primary_article_id=354
E01113,Media_News_Online_Today,Media_The_Tulip,News Online Today,The Tulip,same_story_or_derivative_relation,3,source_relation,EVT-0093,2009-05-16,GASTECH ADOPTS NEW LOGO,medium,source_relations.csv,likely_primary_article_id=65
E01114,Media_News_Online_Today,Media_Who_What_News,News Online Today,Who What News,same_story_or_derivative_relation,3,source_relation,EVT-0093,2009-05-16,GASTECH ADOPTS NEW LOGO,medium,source_relations.csv,likely_primary_article_id=65
E01115,Media_The_General_Post,Media_The_Light_of_Truth,The General Post,The Light of Truth,same_story_or_derivative_relation,2,source_relation,EVT-0094,2009-05-17,GASTECH ADOPTS NEW STANDARD,medium,source_relations.csv,likely_primary_article_id=826
E01116,Media_The_Abila_Post,Media_All_News_Today,The Abila Post,All News Today,same_story_or_derivative_relation,63,source_relation,EVT-A182,2009-06-19,Elian Karel 死亡,medium,source_relations.csv,likely_primary_article_id=185
E01117,Media_The_Abila_Post,Media_Athena_Speaks,The Abila Post,Athena Speaks,same_story_or_derivative_relation,63,source_relation,EVT-A182,2009-06-19,Elian Karel 死亡,medium,source_relations.csv,likely_primary_article_id=185
E01118,Media_The_Abila_Post,Media_Central_Bulletin,The Abila Post,Central Bulletin,same_story_or_derivative_relation,63,source_relation,EVT-A182,2009-06-19,Elian Karel 死亡,medium,source_relations.csv,likely_primary_article_id=185
E01119,Media_The_Abila_Post,Media_Daily_Pegasus,The Abila Post,Daily Pegasus,same_story_or_derivative_relation,63,source_relation,EVT-A182,2009-06-19,Elian Karel 死亡,medium,source_relations.csv,likely_primary_article_id=185
E01120,Media_The_Abila_Post,Media_Everyday_News,The Abila Post,Everyday News,same_story_or_derivative_relation,63,source_relation,EVT-A182,2009-06-19,Elian Karel 死亡,medium,source_relations.csv,likely_primary_article_id=185
E01121,Media_The_Abila_Post,Media_Homeland_Illumination,The Abila Post,Homeland Illumination,same_story_or_derivative_relation,63,source_relation,EVT-A182,2009-06-19,Elian Karel 死亡,medium,source_relations.csv,likely_primary_article_id=185
E01122,Media_The_Abila_Post,Media_International_News,The Abila Post,International News,same_story_or_derivative_relation,63,source_relation,EVT-A182,2009-06-19,Elian Karel 死亡,medium,source_relations.csv,likely_primary_article_id=185
E01123,Media_The_Abila_Post,Media_International_Times,The Abila Post,International Times,same_story_or_derivative_relation,63,source_relation,EVT-A182,2009-06-19,Elian Karel 死亡,medium,source_relations.csv,likely_primary_article_id=185
E01124,Media_The_Abila_Post,Media_Kronos_Star,The Abila Post,Kronos Star,same_story_or_derivative_relation,63,source_relation,EVT-A182,2009-06-19,Elian Karel 死亡,medium,source_relations.csv,likely_primary_article_id=185
E01125,Media_The_Abila_Post,Media_News_Desk,The Abila Post,News Desk,same_story_or_derivative_relation,63,source_relation,EVT-A182,2009-06-19,Elian Karel 死亡,medium,source_relations.csv,likely_primary_article_id=185
E01126,Media_The_Abila_Post,Media_News_Online_Today,The Abila Post,News Online Today,same_story_or_derivative_relation,63,source_relation,EVT-A182,2009-06-19,Elian Karel 死亡,medium,source_relations.csv,likely_primary_article_id=185
E01127,Media_The_Abila_Post,Media_The_Continent,The Abila Post,The Continent,same_story_or_derivative_relation,63,source_relation,EVT-A182,2009-06-19,Elian Karel 死亡,medium,source_relations.csv,likely_primary_article_id=185
E01128,Media_The_Abila_Post,Media_The_Explainer,The Abila Post,The Explainer,same_story_or_derivative_relation,63,source_relation,EVT-A182,2009-06-19,Elian Karel 死亡,medium,source_relations.csv,likely_primary_article_id=185
E01129,Media_The_Abila_Post,Media_The_Guide,The Abila Post,The Guide,same_story_or_derivative_relation,63,source_relation,EVT-A182,2009-06-19,Elian Karel 死亡,medium,source_relations.csv,likely_primary_article_id=185
E01130,Media_The_Abila_Post,Media_The_Orb,The Abila Post,The Orb,same_story_or_derivative_relation,63,source_relation,EVT-A182,2009-06-19,Elian Karel 死亡,medium,source_relations.csv,likely_primary_article_id=185
E01131,Media_The_Abila_Post,Media_The_Truth,The Abila Post,The Truth,same_story_or_derivative_relation,63,source_relation,EVT-A182,2009-06-19,Elian Karel 死亡,medium,source_relations.csv,likely_primary_article_id=185
E01132,Media_The_Abila_Post,Media_The_Wrap,The Abila Post,The Wrap,same_story_or_derivative_relation,63,source_relation,EVT-A182,2009-06-19,Elian Karel 死亡,medium,source_relations.csv,likely_primary_article_id=185
E01133,Media_The_Abila_Post,Media_World_Journal,The Abila Post,World Journal,same_story_or_derivative_relation,63,source_relation,EVT-A182,2009-06-19,Elian Karel 死亡,medium,source_relations.csv,likely_primary_article_id=185
E01134,Media_The_Abila_Post,Media_World_Source,The Abila Post,World Source,same_story_or_derivative_relation,63,source_relation,EVT-A182,2009-06-19,Elian Karel 死亡,medium,source_relations.csv,likely_primary_article_id=185
E01135,Media_The_Abila_Post,Media_Worldwise,The Abila Post,Worldwise,same_story_or_derivative_relation,63,source_relation,EVT-A182,2009-06-19,Elian Karel 死亡,medium,source_relations.csv,likely_primary_article_id=185
E01136,Media_Kronos_Star,Media_The_Abila_Post,Kronos Star,The Abila Post,same_story_or_derivative_relation,2,source_relation,EVT-0095,2009-06-20,Protest Turns Violent in Abila,medium,source_relations.csv,likely_primary_article_id=623
E01137,Media_News_Online_Today,Media_All_News_Today,News Online Today,All News Today,same_story_or_derivative_relation,3,source_relation,EVT-0096,2009-06-20,ELIAN KAREL DEAD IN KRONOS JAIL,medium,source_relations.csv,likely_primary_article_id=95
E01138,Media_News_Online_Today,Media_The_Wrap,News Online Today,The Wrap,same_story_or_derivative_relation,3,source_relation,EVT-0096,2009-06-20,ELIAN KAREL DEAD IN KRONOS JAIL,medium,source_relations.csv,likely_primary_article_id=95
E01139,Media_Athena_Speaks,Media_Central_Bulletin,Athena Speaks,Central Bulletin,same_story_or_derivative_relation,8,source_relation,EVT-0097,2009-06-21,THE SPONTANEOUS PROTESTS BURST AROUND ABILA,medium,source_relations.csv,likely_primary_article_id=191
E01140,Media_Athena_Speaks,Media_News_Desk,Athena Speaks,News Desk,same_story_or_derivative_relation,8,source_relation,EVT-0097,2009-06-21,THE SPONTANEOUS PROTESTS BURST AROUND ABILA,medium,source_relations.csv,likely_primary_article_id=191
E01141,Media_Athena_Speaks,Media_News_Online_Today,Athena Speaks,News Online Today,same_story_or_derivative_relation,8,source_relation,EVT-0097,2009-06-21,THE SPONTANEOUS PROTESTS BURST AROUND ABILA,medium,source_relations.csv,likely_primary_article_id=191
E01142,Media_Athena_Speaks,Media_The_Guide,Athena Speaks,The Guide,same_story_or_derivative_relation,8,source_relation,EVT-0097,2009-06-21,THE SPONTANEOUS PROTESTS BURST AROUND ABILA,medium,source_relations.csv,likely_primary_article_id=191
E01143,Media_Athena_Speaks,Media_The_Truth,Athena Speaks,The Truth,same_story_or_derivative_relation,8,source_relation,EVT-0097,2009-06-21,THE SPONTANEOUS PROTESTS BURST AROUND ABILA,medium,source_relations.csv,likely_primary_article_id=191
E01144,Media_Athena_Speaks,Media_Worldwise,Athena Speaks,Worldwise,same_story_or_derivative_relation,8,source_relation,EVT-0097,2009-06-21,THE SPONTANEOUS PROTESTS BURST AROUND ABILA,medium,source_relations.csv,likely_primary_article_id=191
E01145,Media_Daily_Pegasus,Media_The_Orb,Daily Pegasus,The Orb,same_story_or_derivative_relation,2,source_relation,EVT-0098,2009-06-21,ELIAN KAREL DIED IN KRONOS JAIL,medium,source_relations.csv,likely_primary_article_id=269
E01146,Media_News_Online_Today,Media_International_Times,News Online Today,International Times,same_story_or_derivative_relation,3,source_relation,EVT-0099,2009-06-22,Profile:  Elian Karel,medium,source_relations.csv,likely_primary_article_id=155
E01147,Media_News_Online_Today,Media_World_Source,News Online Today,World Source,same_story_or_derivative_relation,3,source_relation,EVT-0099,2009-06-22,Profile:  Elian Karel,medium,source_relations.csv,likely_primary_article_id=155
E01148,Media_Everyday_News,Media_The_Continent,Everyday News,The Continent,same_story_or_derivative_relation,3,source_relation,EVT-0100,2009-06-23,Profile:  Elian Karel,medium,source_relations.csv,likely_primary_article_id=387
E01149,Media_Everyday_News,Media_World_Journal,Everyday News,World Journal,same_story_or_derivative_relation,3,source_relation,EVT-0100,2009-06-23,Profile:  Elian Karel,medium,source_relations.csv,likely_primary_article_id=387
E01150,Media_World_Journal,Media_The_Continent,World Journal,The Continent,same_story_or_derivative_relation,2,source_relation,EVT-0101,2010-03-05,The race of boat stopped before starting,medium,source_relations.csv,likely_primary_article_id=180
E01151,Media_Central_Bulletin,Media_News_Online_Today,Central Bulletin,News Online Today,same_story_or_derivative_relation,3,source_relation,EVT-0102,2010-06-14,ANNIVERSARY OF PROTESTS,medium,source_relations.csv,likely_primary_article_id=34
E01152,Media_Central_Bulletin,Media_The_Explainer,Central Bulletin,The Explainer,same_story_or_derivative_relation,3,source_relation,EVT-0102,2010-06-14,ANNIVERSARY OF PROTESTS,medium,source_relations.csv,likely_primary_article_id=34
E01153,Media_Athena_Speaks,Media_News_Desk,Athena Speaks,News Desk,same_story_or_derivative_relation,2,source_relation,EVT-0103,2010-06-15,BIRTHDAY OF THE PROTESTS,medium,source_relations.csv,likely_primary_article_id=405
E01154,Media_Homeland_Illumination,Media_News_Online_Today,Homeland Illumination,News Online Today,same_story_or_derivative_relation,2,source_relation,EVT-0104,2010-06-19,"IN REMEMBRANCE:  THE DEATH OF ELIAN KAREL, A YEAR LATER",medium,source_relations.csv,likely_primary_article_id=770
E01155,Media_Daily_Pegasus,Media_The_Orb,Daily Pegasus,The Orb,same_story_or_derivative_relation,3,source_relation,EVT-0105,2010-06-21,"IN REMEMBRANCE:  THE DEATH OF ELIAN KAREL, A YEAR LATER",medium,source_relations.csv,likely_primary_article_id=257
E01156,Media_Daily_Pegasus,Media_The_Wrap,Daily Pegasus,The Wrap,same_story_or_derivative_relation,3,source_relation,EVT-0105,2010-06-21,"IN REMEMBRANCE:  THE DEATH OF ELIAN KAREL, A YEAR LATER",medium,source_relations.csv,likely_primary_article_id=257
E01157,Media_Central_Bulletin,Media_Athena_Speaks,Central Bulletin,Athena Speaks,same_story_or_derivative_relation,3,source_relation,EVT-0106,2010-06-21,GOVERNMENT RESPONDS TO ANOTHER ROUND OF PROTESTS,medium,source_relations.csv,likely_primary_article_id=604
E01158,Media_Central_Bulletin,Media_News_Online_Today,Central Bulletin,News Online Today,same_story_or_derivative_relation,3,source_relation,EVT-0106,2010-06-21,GOVERNMENT RESPONDS TO ANOTHER ROUND OF PROTESTS,medium,source_relations.csv,likely_primary_article_id=604
E01159,Media_News_Online_Today,Media_International_News,News Online Today,International News,same_story_or_derivative_relation,2,source_relation,EVT-0107,2010-06-21,POK Protest at Abila Police Headquarters,medium,source_relations.csv,likely_primary_article_id=766
E01160,Media_The_Truth,Media_The_Guide,The Truth,The Guide,same_story_or_derivative_relation,3,source_relation,EVT-0108,2010-06-22,Protest POK at the Headquarters of the police force Abila,medium,source_relations.csv,likely_primary_article_id=581
E01161,Media_The_Truth,Media_Worldwise,The Truth,Worldwise,same_story_or_derivative_relation,3,source_relation,EVT-0108,2010-06-22,Protest POK at the Headquarters of the police force Abila,medium,source_relations.csv,likely_primary_article_id=581
E01162,Media_News_Desk,Media_The_Explainer,News Desk,The Explainer,same_story_or_derivative_relation,2,source_relation,EVT-0109,2010-06-22,THE GOVERNMENT ANSWERS TO ANOTHER ROUND OF PROTESTS,medium,source_relations.csv,likely_primary_article_id=644
E01163,Media_Central_Bulletin,Media_News_Desk,Central Bulletin,News Desk,same_story_or_derivative_relation,3,source_relation,EVT-0110,2010-10-03,PRESIDENT KAPELOU II ELECTED BY RECORD MARGIN,medium,source_relations.csv,likely_primary_article_id=244
E01164,Media_Central_Bulletin,Media_News_Online_Today,Central Bulletin,News Online Today,same_story_or_derivative_relation,3,source_relation,EVT-0110,2010-10-03,PRESIDENT KAPELOU II ELECTED BY RECORD MARGIN,medium,source_relations.csv,likely_primary_article_id=244
E01165,Media_Athena_Speaks,Media_The_Explainer,Athena Speaks,The Explainer,same_story_or_derivative_relation,2,source_relation,EVT-0111,2010-10-04,PRESIDENT KAPELOU II A ELECTED BY THE MARGIN RECORD,medium,source_relations.csv,likely_primary_article_id=601
E01166,Media_The_General_Post,Media_The_Light_of_Truth,The General Post,The Light of Truth,same_story_or_derivative_relation,2,source_relation,EVT-0112,2010-12-18,PREOCCUPATIONS OF THE INVESTMENT OF BUSINESS IN KRONOS,medium,source_relations.csv,likely_primary_article_id=345
E01167,Media_News_Desk,Media_News_Online_Today,News Desk,News Online Today,same_story_or_derivative_relation,2,source_relation,EVT-0113,2011-05-15,DRUG RELATED ARRESTS ON THE INCREASE,medium,source_relations.csv,likely_primary_article_id=571
E01168,Media_Daily_Pegasus,Media_All_News_Today,Daily Pegasus,All News Today,same_story_or_derivative_relation,3,source_relation,EVT-0115,2011-06-21,A GLANCE BEHIND IN A CUT TRAGICAL OF THE LIFE PUTS IN SHORT CIRCUIT: ELIAN KAREL,medium,source_relations.csv,likely_primary_article_id=175
E01169,Media_Daily_Pegasus,Media_News_Online_Today,Daily Pegasus,News Online Today,same_story_or_derivative_relation,3,source_relation,EVT-0115,2011-06-21,A GLANCE BEHIND IN A CUT TRAGICAL OF THE LIFE PUTS IN SHORT CIRCUIT: ELIAN KAREL,medium,source_relations.csv,likely_primary_article_id=175
E01170,Media_News_Online_Today,Media_Worldwise,News Online Today,Worldwise,same_story_or_derivative_relation,2,source_relation,EVT-0116,2011-06-21,POK Protesters Vandalize Siopa District,medium,source_relations.csv,likely_primary_article_id=416
E01171,Media_The_Orb,Media_The_Wrap,The Orb,The Wrap,same_story_or_derivative_relation,2,source_relation,EVT-0117,2011-06-22,A GLANCE BEHIND TRAGEDY OF CUT OF THE LIFE: ELIAN KAREL,medium,source_relations.csv,likely_primary_article_id=249
E01172,Media_The_Truth,Media_The_Guide,The Truth,The Guide,same_story_or_derivative_relation,2,source_relation,EVT-0118,2011-06-22,Protesters POK the district of Vandalize Siopa,medium,source_relations.csv,likely_primary_article_id=361
E01173,Media_Kronos_Star,Media_The_Abila_Post,Kronos Star,The Abila Post,same_story_or_derivative_relation,2,source_relation,EVT-0119,2011-07-27,"POK Labeled a ""Public Threat""",medium,source_relations.csv,likely_primary_article_id=548
E01174,Media_Central_Bulletin,Media_International_News,Central Bulletin,International News,same_story_or_derivative_relation,7,source_relation,EVT-0120,2011-07-28,GOVERNMENT LABELS POK 'PUBLIC THREAT',medium,source_relations.csv,likely_primary_article_id=123
E01175,Media_Central_Bulletin,Media_News_Desk,Central Bulletin,News Desk,same_story_or_derivative_relation,7,source_relation,EVT-0120,2011-07-28,GOVERNMENT LABELS POK 'PUBLIC THREAT',medium,source_relations.csv,likely_primary_article_id=123
E01176,Media_Central_Bulletin,Media_News_Online_Today,Central Bulletin,News Online Today,same_story_or_derivative_relation,7,source_relation,EVT-0120,2011-07-28,GOVERNMENT LABELS POK 'PUBLIC THREAT',medium,source_relations.csv,likely_primary_article_id=123
E01177,Media_Central_Bulletin,Media_The_Explainer,Central Bulletin,The Explainer,same_story_or_derivative_relation,7,source_relation,EVT-0120,2011-07-28,GOVERNMENT LABELS POK 'PUBLIC THREAT',medium,source_relations.csv,likely_primary_article_id=123
E01178,Media_Central_Bulletin,Media_The_Guide,Central Bulletin,The Guide,same_story_or_derivative_relation,7,source_relation,EVT-0120,2011-07-28,GOVERNMENT LABELS POK 'PUBLIC THREAT',medium,source_relations.csv,likely_primary_article_id=123
E01179,Media_Central_Bulletin,Media_The_Truth,Central Bulletin,The Truth,same_story_or_derivative_relation,7,source_relation,EVT-0120,2011-07-28,GOVERNMENT LABELS POK 'PUBLIC THREAT',medium,source_relations.csv,likely_primary_article_id=123
E01180,Media_Athena_Speaks,Media_Worldwise,Athena Speaks,Worldwise,same_story_or_derivative_relation,2,source_relation,EVT-0121,2011-07-29,"THE GOVERNMENT MARKS POK ""PUBLIC THREAT""",medium,source_relations.csv,likely_primary_article_id=64
E01181,Media_Central_Bulletin,Media_News_Online_Today,Central Bulletin,News Online Today,same_story_or_derivative_relation,2,source_relation,EVT-0122,2011-11-23,KRONOS POLICE ARREST BLOTTER - ABILA,medium,source_relations.csv,likely_primary_article_id=37
E01182,Media_World_Journal,Media_The_Continent,World Journal,The Continent,same_story_or_derivative_relation,2,source_relation,EVT-0123,2012-02-21,"The gas and oil industry of Kronos informed that it takes up its ""greater challenge in 20 years"" of due to the bottom grades of exploration.",medium,source_relations.csv,likely_primary_article_id=739
E01183,Media_News_Online_Today,Media_The_Truth,News Online Today,The Truth,same_story_or_derivative_relation,3,source_relation,EVT-0124,2012-03-08,Minister of Health Receives Threats from POK,medium,source_relations.csv,likely_primary_article_id=797
E01184,Media_News_Online_Today,Media_Worldwise,News Online Today,Worldwise,same_story_or_derivative_relation,3,source_relation,EVT-0124,2012-03-08,Minister of Health Receives Threats from POK,medium,source_relations.csv,likely_primary_article_id=797
E01185,Media_News_Online_Today,Media_The_Explainer,News Online Today,The Explainer,same_story_or_derivative_relation,2,source_relation,EVT-0125,2012-03-09,THREATS ISSUED BY POK,medium,source_relations.csv,likely_primary_article_id=549
E01186,Media_Athena_Speaks,Media_News_Desk,Athena Speaks,News Desk,same_story_or_derivative_relation,2,source_relation,EVT-0126,2012-03-10,THE THREATS PUBLISHED BY POK,medium,source_relations.csv,likely_primary_article_id=610
E01187,Media_Homeland_Illumination,Media_All_News_Today,Homeland Illumination,All News Today,same_story_or_derivative_relation,2,source_relation,EVT-0127,2012-04-09,RALLY SCHEDULED IN SUPPORT OF INCREASED GOVERNMENT ACCOUNTABILITY,medium,source_relations.csv,likely_primary_article_id=358
E01188,Media_Daily_Pegasus,Media_The_Orb,Daily Pegasus,The Orb,same_story_or_derivative_relation,2,source_relation,EVT-0128,2012-04-10,MEETING TO PROGRAM IN SUPPORT OF INCREASING RESPONSIBILITY OF THE GOVERNMENT,medium,source_relations.csv,likely_primary_article_id=773
E01189,Media_World_Source,Media_International_Times,World Source,International Times,same_story_or_derivative_relation,2,source_relation,EVT-0129,2012-06-20,Abila police break up sit-in turned violent at the presidential manor,medium,source_relations.csv,likely_primary_article_id=132
E01190,Media_Homeland_Illumination,Media_All_News_Today,Homeland Illumination,All News Today,same_story_or_derivative_relation,3,source_relation,EVT-0130,2012-06-20,POK REMEMBERS MARTYRED LEADER,medium,source_relations.csv,likely_primary_article_id=18
E01191,Media_Homeland_Illumination,Media_News_Online_Today,Homeland Illumination,News Online Today,same_story_or_derivative_relation,3,source_relation,EVT-0130,2012-06-20,POK REMEMBERS MARTYRED LEADER,medium,source_relations.csv,likely_primary_article_id=18
E01192,Media_Kronos_Star,Media_International_News,Kronos Star,International News,same_story_or_derivative_relation,3,source_relation,EVT-0131,2012-06-20,POK Anniversary Rally Ends in Riot,medium,source_relations.csv,likely_primary_article_id=364
E01193,Media_Kronos_Star,Media_News_Online_Today,Kronos Star,News Online Today,same_story_or_derivative_relation,3,source_relation,EVT-0131,2012-06-20,POK Anniversary Rally Ends in Riot,medium,source_relations.csv,likely_primary_article_id=364
E01194,Media_Daily_Pegasus,Media_All_News_Today,Daily Pegasus,All News Today,same_story_or_derivative_relation,6,source_relation,EVT-A183,2012-06-20,POK 纪念 Karel 集会,medium,source_relations.csv,likely_primary_article_id=572
E01195,Media_Daily_Pegasus,Media_Homeland_Illumination,Daily Pegasus,Homeland Illumination,same_story_or_derivative_relation,6,source_relation,EVT-A183,2012-06-20,POK 纪念 Karel 集会,medium,source_relations.csv,likely_primary_article_id=572
E01196,Media_Daily_Pegasus,Media_News_Online_Today,Daily Pegasus,News Online Today,same_story_or_derivative_relation,6,source_relation,EVT-A183,2012-06-20,POK 纪念 Karel 集会,medium,source_relations.csv,likely_primary_article_id=572
E01197,Media_Daily_Pegasus,Media_The_Orb,Daily Pegasus,The Orb,same_story_or_derivative_relation,6,source_relation,EVT-A183,2012-06-20,POK 纪念 Karel 集会,medium,source_relations.csv,likely_primary_article_id=572
E01198,Media_Everyday_News,Media_News_Online_Today,Everyday News,News Online Today,same_story_or_derivative_relation,4,source_relation,EVT-0132,2012-06-21,The police of Abila breaks itself for above will seat dice returned violent in presidential,medium,source_relations.csv,likely_primary_article_id=343
E01199,Media_Everyday_News,Media_The_Continent,Everyday News,The Continent,same_story_or_derivative_relation,4,source_relation,EVT-0132,2012-06-21,The police of Abila breaks itself for above will seat dice returned violent in presidential,medium,source_relations.csv,likely_primary_article_id=343
E01200,Media_Everyday_News,Media_World_Journal,Everyday News,World Journal,same_story_or_derivative_relation,4,source_relation,EVT-0132,2012-06-21,The police of Abila breaks itself for above will seat dice returned violent in presidential,medium,source_relations.csv,likely_primary_article_id=343
E01201,Media_The_Guide,Media_The_Truth,The Guide,The Truth,same_story_or_derivative_relation,2,source_relation,EVT-0133,2012-06-21,Ends of the meeting of the anniversary of POK in uproar,medium,source_relations.csv,likely_primary_article_id=664
E01202,Media_News_Online_Today,Media_International_News,News Online Today,International News,same_story_or_derivative_relation,3,source_relation,EVT-0134,2012-06-22,"Kapelou Calls POK ""A Gang of Criminals""",medium,source_relations.csv,likely_primary_article_id=337
E01203,Media_News_Online_Today,Media_Worldwise,News Online Today,Worldwise,same_story_or_derivative_relation,3,source_relation,EVT-0134,2012-06-22,"Kapelou Calls POK ""A Gang of Criminals""",medium,source_relations.csv,likely_primary_article_id=337
E01204,Media_Daily_Pegasus,Media_The_Orb,Daily Pegasus,The Orb,same_story_or_derivative_relation,2,source_relation,EVT-0135,2012-06-22,POK REMEMBERS MARTYRED LEADER,medium,source_relations.csv,likely_primary_article_id=572
E01205,Media_The_Truth,Media_The_Guide,The Truth,The Guide,same_story_or_derivative_relation,2,source_relation,EVT-0136,2012-06-23,The question POK of Kapelou a troop of criminals,medium,source_relations.csv,likely_primary_article_id=156
E01206,Media_The_Abila_Post,Media_News_Online_Today,The Abila Post,News Online Today,same_story_or_derivative_relation,2,source_relation,EVT-0137,2012-08-22,WHO ARE THE PROTESTERS,medium,source_relations.csv,likely_primary_article_id=54
E01207,Media_Central_Bulletin,Media_News_Desk,Central Bulletin,News Desk,same_story_or_derivative_relation,2,source_relation,EVT-0138,2012-08-23,WHO ARE THE PROTESTERS,medium,source_relations.csv,likely_primary_article_id=213
E01208,Media_Athena_Speaks,Media_The_Explainer,Athena Speaks,The Explainer,same_story_or_derivative_relation,2,source_relation,EVT-0139,2012-08-24,WHO ARE the PROTESTERS,medium,source_relations.csv,likely_primary_article_id=74
E01209,Media_All_News_Today,Media_The_Orb,All News Today,The Orb,same_story_or_derivative_relation,3,source_relation,EVT-0140,2012-09-08,PROTESTS SWELL IN ABILA IN RESPONSE TO CALLS TO ACTION,medium,source_relations.csv,likely_primary_article_id=753
E01210,Media_All_News_Today,Media_The_Wrap,All News Today,The Wrap,same_story_or_derivative_relation,3,source_relation,EVT-0140,2012-09-08,PROTESTS SWELL IN ABILA IN RESPONSE TO CALLS TO ACTION,medium,source_relations.csv,likely_primary_article_id=753
E01211,Media_News_Online_Today,Media_The_Orb,News Online Today,The Orb,same_story_or_derivative_relation,3,source_relation,EVT-0141,2012-11-12,POK DEMONSTRATIONS ON THE INCREASE,medium,source_relations.csv,likely_primary_article_id=108
E01212,Media_News_Online_Today,Media_The_Wrap,News Online Today,The Wrap,same_story_or_derivative_relation,3,source_relation,EVT-0141,2012-11-12,POK DEMONSTRATIONS ON THE INCREASE,medium,source_relations.csv,likely_primary_article_id=108
E01213,Media_News_Online_Today,Media_The_Continent,News Online Today,The Continent,same_story_or_derivative_relation,2,source_relation,EVT-0142,2013-02-08,Abila Hospitals Seeing Influx of Designer Drug Users,medium,source_relations.csv,likely_primary_article_id=124
E01214,Media_Everyday_News,Media_World_Journal,Everyday News,World Journal,same_story_or_derivative_relation,2,source_relation,EVT-0143,2013-02-09,Hospitals of Abila that see the affluence of the designer drug users,medium,source_relations.csv,likely_primary_article_id=93
E01215,Media_News_Online_Today,Media_International_Times,News Online Today,International Times,same_story_or_derivative_relation,3,source_relation,EVT-0144,2013-02-22,GAStech Profile,medium,source_relations.csv,likely_primary_article_id=303
E01216,Media_News_Online_Today,Media_World_Source,News Online Today,World Source,same_story_or_derivative_relation,3,source_relation,EVT-0144,2013-02-22,GAStech Profile,medium,source_relations.csv,likely_primary_article_id=303
E01217,Media_Everyday_News,Media_The_Continent,Everyday News,The Continent,same_story_or_derivative_relation,3,source_relation,EVT-0145,2013-02-24,GAStech,medium,source_relations.csv,likely_primary_article_id=147
E01218,Media_Everyday_News,Media_World_Journal,Everyday News,World Journal,same_story_or_derivative_relation,3,source_relation,EVT-0145,2013-02-24,GAStech,medium,source_relations.csv,likely_primary_article_id=147
E01219,Media_Kronos_Star,Media_International_News,Kronos Star,International News,same_story_or_derivative_relation,3,source_relation,EVT-0146,2013-06-20,"Annual POK Rally Ends in Riot, Again",medium,source_relations.csv,likely_primary_article_id=130
E01220,Media_Kronos_Star,Media_News_Online_Today,Kronos Star,News Online Today,same_story_or_derivative_relation,3,source_relation,EVT-0146,2013-06-20,"Annual POK Rally Ends in Riot, Again",medium,source_relations.csv,likely_primary_article_id=130
E01221,Media_All_News_Today,Media_The_Wrap,All News Today,The Wrap,same_story_or_derivative_relation,2,source_relation,EVT-0147,2013-06-21,WHO BRINGS A GUN TO A SIT IN?,medium,source_relations.csv,likely_primary_article_id=341
E01222,Media_The_Guide,Media_Worldwise,The Guide,Worldwise,same_story_or_derivative_relation,2,source_relation,EVT-0148,2013-06-22,"Annual ends of the meeting of POK in uproar, again",medium,source_relations.csv,likely_primary_article_id=189
E01223,Media_Daily_Pegasus,Media_The_Orb,Daily Pegasus,The Orb,same_story_or_derivative_relation,2,source_relation,EVT-0149,2013-06-22,THE WHO BRINGS A WEAPON TO SEATING INSIDE?,medium,source_relations.csv,likely_primary_article_id=700
E01224,Media_News_Online_Today,Media_The_Tulip,News Online Today,The Tulip,same_story_or_derivative_relation,2,source_relation,EVT-0150,2013-09-03,SANJORGE JR. TAKING GASTECH INTERNATIONAL PUBLIC,medium,source_relations.csv,likely_primary_article_id=46
E01225,Media_The_General_Post,Media_The_Light_of_Truth,The General Post,The Light of Truth,same_story_or_derivative_relation,2,source_relation,EVT-0151,2013-09-04,JR OF SANJORGE THAT TAKES TO GASTECH THE PUBLIC INTERNATIONAL,medium,source_relations.csv,likely_primary_article_id=336
E01226,Media_Everyday_News,Media_World_Journal,Everyday News,World Journal,same_story_or_derivative_relation,2,source_relation,EVT-0152,2013-10-21,2014/03/26,medium,source_relations.csv,likely_primary_article_id=234
E01227,Media_News_Online_Today,Media_World_Source,News Online Today,World Source,same_story_or_derivative_relation,2,source_relation,EVT-0153,2013-10-22,Multi-Country Task Force Formed,medium,source_relations.csv,likely_primary_article_id=590
E01228,Media_Everyday_News,Media_News_Online_Today,Everyday News,News Online Today,same_story_or_derivative_relation,4,source_relation,EVT-0154,2013-11-13,The protests of Kronos explode in violence,medium,source_relations.csv,likely_primary_article_id=608
E01229,Media_Everyday_News,Media_The_Continent,Everyday News,The Continent,same_story_or_derivative_relation,4,source_relation,EVT-0154,2013-11-13,The protests of Kronos explode in violence,medium,source_relations.csv,likely_primary_article_id=608
E01230,Media_Everyday_News,Media_World_Journal,Everyday News,World Journal,same_story_or_derivative_relation,4,source_relation,EVT-0154,2013-11-13,The protests of Kronos explode in violence,medium,source_relations.csv,likely_primary_article_id=608
E01231,Media_The_Abila_Post,Media_News_Online_Today,The Abila Post,News Online Today,same_story_or_derivative_relation,2,source_relation,EVT-0155,2013-12-16,BRAZEN DAY TIME ASSAULT BY POK,medium,source_relations.csv,likely_primary_article_id=83
E01232,Media_News_Online_Today,Media_International_News,News Online Today,International News,same_story_or_derivative_relation,4,source_relation,EVT-0156,2013-12-16,POK Assault Police in Abila,medium,source_relations.csv,likely_primary_article_id=777
E01233,Media_News_Online_Today,Media_The_Guide,News Online Today,The Guide,same_story_or_derivative_relation,4,source_relation,EVT-0156,2013-12-16,POK Assault Police in Abila,medium,source_relations.csv,likely_primary_article_id=777
E01234,Media_News_Online_Today,Media_The_Truth,News Online Today,The Truth,same_story_or_derivative_relation,4,source_relation,EVT-0156,2013-12-16,POK Assault Police in Abila,medium,source_relations.csv,likely_primary_article_id=777
E01235,Media_News_Online_Today,Media_The_World,News Online Today,The World,same_story_or_derivative_relation,2,source_relation,EVT-0157,2013-12-16,HUGE IPO MAKES SANJORGE BILLIONAIRE,medium,source_relations.csv,likely_primary_article_id=86
E01236,Media_The_General_Post,Media_Central_Bulletin,The General Post,Central Bulletin,same_story_or_derivative_relation,16,source_relation,EVT-A184,2013-12-16,GAStech IPO,medium,source_relations.csv,likely_primary_article_id=223
E01237,Media_The_General_Post,Media_Homeland_Illumination,The General Post,Homeland Illumination,same_story_or_derivative_relation,16,source_relation,EVT-A184,2013-12-16,GAStech IPO,medium,source_relations.csv,likely_primary_article_id=223
E01238,Media_The_General_Post,Media_News_Desk,The General Post,News Desk,same_story_or_derivative_relation,16,source_relation,EVT-A184,2013-12-16,GAStech IPO,medium,source_relations.csv,likely_primary_article_id=223
E01239,Media_The_General_Post,Media_News_Online_Today,The General Post,News Online Today,same_story_or_derivative_relation,16,source_relation,EVT-A184,2013-12-16,GAStech IPO,medium,source_relations.csv,likely_primary_article_id=223
E01240,Media_The_General_Post,Media_The_Abila_Post,The General Post,The Abila Post,same_story_or_derivative_relation,16,source_relation,EVT-A184,2013-12-16,GAStech IPO,medium,source_relations.csv,likely_primary_article_id=223
E01241,Media_The_General_Post,Media_The_Explainer,The General Post,The Explainer,same_story_or_derivative_relation,16,source_relation,EVT-A184,2013-12-16,GAStech IPO,medium,source_relations.csv,likely_primary_article_id=223
E01242,Media_The_General_Post,Media_The_Light_of_Truth,The General Post,The Light of Truth,same_story_or_derivative_relation,16,source_relation,EVT-A184,2013-12-16,GAStech IPO,medium,source_relations.csv,likely_primary_article_id=223
E01243,Media_The_General_Post,Media_The_Tulip,The General Post,The Tulip,same_story_or_derivative_relation,16,source_relation,EVT-A184,2013-12-16,GAStech IPO,medium,source_relations.csv,likely_primary_article_id=223
E01244,Media_The_General_Post,Media_The_World,The General Post,The World,same_story_or_derivative_relation,16,source_relation,EVT-A184,2013-12-16,GAStech IPO,medium,source_relations.csv,likely_primary_article_id=223
E01245,Media_The_General_Post,Media_Who_What_News,The General Post,Who What News,same_story_or_derivative_relation,16,source_relation,EVT-A184,2013-12-16,GAStech IPO,medium,source_relations.csv,likely_primary_article_id=223
E01246,Media_Homeland_Illumination,Media_All_News_Today,Homeland Illumination,All News Today,same_story_or_derivative_relation,15,source_relation,EVT-A185,2013-12-16,IPO 后高管巨额收益披露,medium,source_relations.csv,likely_primary_article_id=681
E01247,Media_Homeland_Illumination,Media_Athena_Speaks,Homeland Illumination,Athena Speaks,same_story_or_derivative_relation,15,source_relation,EVT-A185,2013-12-16,IPO 后高管巨额收益披露,medium,source_relations.csv,likely_primary_article_id=681
E01248,Media_Homeland_Illumination,Media_Central_Bulletin,Homeland Illumination,Central Bulletin,same_story_or_derivative_relation,15,source_relation,EVT-A185,2013-12-16,IPO 后高管巨额收益披露,medium,source_relations.csv,likely_primary_article_id=681
E01249,Media_Homeland_Illumination,Media_News_Desk,Homeland Illumination,News Desk,same_story_or_derivative_relation,15,source_relation,EVT-A185,2013-12-16,IPO 后高管巨额收益披露,medium,source_relations.csv,likely_primary_article_id=681
E01250,Media_Homeland_Illumination,Media_News_Online_Today,Homeland Illumination,News Online Today,same_story_or_derivative_relation,15,source_relation,EVT-A185,2013-12-16,IPO 后高管巨额收益披露,medium,source_relations.csv,likely_primary_article_id=681
E01251,Media_Homeland_Illumination,Media_The_Abila_Post,Homeland Illumination,The Abila Post,same_story_or_derivative_relation,15,source_relation,EVT-A185,2013-12-16,IPO 后高管巨额收益披露,medium,source_relations.csv,likely_primary_article_id=681
E01252,Media_Homeland_Illumination,Media_The_General_Post,Homeland Illumination,The General Post,same_story_or_derivative_relation,15,source_relation,EVT-A185,2013-12-16,IPO 后高管巨额收益披露,medium,source_relations.csv,likely_primary_article_id=681
E01253,Media_Homeland_Illumination,Media_The_Light_of_Truth,Homeland Illumination,The Light of Truth,same_story_or_derivative_relation,15,source_relation,EVT-A185,2013-12-16,IPO 后高管巨额收益披露,medium,source_relations.csv,likely_primary_article_id=681
E01254,Media_Homeland_Illumination,Media_The_Tulip,Homeland Illumination,The Tulip,same_story_or_derivative_relation,15,source_relation,EVT-A185,2013-12-16,IPO 后高管巨额收益披露,medium,source_relations.csv,likely_primary_article_id=681
E01255,Media_Homeland_Illumination,Media_The_World,Homeland Illumination,The World,same_story_or_derivative_relation,15,source_relation,EVT-A185,2013-12-16,IPO 后高管巨额收益披露,medium,source_relations.csv,likely_primary_article_id=681
E01256,Media_Homeland_Illumination,Media_The_Wrap,Homeland Illumination,The Wrap,same_story_or_derivative_relation,15,source_relation,EVT-A185,2013-12-16,IPO 后高管巨额收益披露,medium,source_relations.csv,likely_primary_article_id=681
E01257,Media_Homeland_Illumination,Media_Who_What_News,Homeland Illumination,Who What News,same_story_or_derivative_relation,15,source_relation,EVT-A185,2013-12-16,IPO 后高管巨额收益披露,medium,source_relations.csv,likely_primary_article_id=681
E01258,Media_Central_Bulletin,Media_Athena_Speaks,Central Bulletin,Athena Speaks,same_story_or_derivative_relation,2,source_relation,EVT-0158,2013-12-17,BRAZEN DAY TIME ASSAULT BY POK,medium,source_relations.csv,likely_primary_article_id=800
E01259,Media_The_Tulip,Media_Who_What_News,The Tulip,Who What News,same_story_or_derivative_relation,2,source_relation,EVT-0159,2013-12-17,GIANT IPO MAKE SANJORGE BILLIONAIRE,medium,source_relations.csv,likely_primary_article_id=360
E01260,Media_The_General_Post,Media_The_Light_of_Truth,The General Post,The Light of Truth,same_story_or_derivative_relation,2,source_relation,EVT-0160,2013-12-18,ENORMOUS IPO MAKES MULTIMILLIONAIRE OF SANJORGE,medium,source_relations.csv,likely_primary_article_id=223
E01261,Media_Central_Bulletin,Media_Athena_Speaks,Central Bulletin,Athena Speaks,same_story_or_derivative_relation,5,source_relation,EVT-0161,2014-01-19,MEETING SET FOR TOMORROW MORNING,medium,source_relations.csv,likely_primary_article_id=618
E01262,Media_Central_Bulletin,Media_News_Desk,Central Bulletin,News Desk,same_story_or_derivative_relation,5,source_relation,EVT-0161,2014-01-19,MEETING SET FOR TOMORROW MORNING,medium,source_relations.csv,likely_primary_article_id=618
E01263,Media_Central_Bulletin,Media_The_Abila_Post,Central Bulletin,The Abila Post,same_story_or_derivative_relation,5,source_relation,EVT-0161,2014-01-19,MEETING SET FOR TOMORROW MORNING,medium,source_relations.csv,likely_primary_article_id=618
E01264,Media_Central_Bulletin,Media_The_Explainer,Central Bulletin,The Explainer,same_story_or_derivative_relation,5,source_relation,EVT-0161,2014-01-19,MEETING SET FOR TOMORROW MORNING,medium,source_relations.csv,likely_primary_article_id=618
E01265,Media_Homeland_Illumination,Media_All_News_Today,Homeland Illumination,All News Today,same_story_or_derivative_relation,6,source_relation,EVT-0162,2014-01-19,A CELEBRATION OF UNFETTERED KLEPTOCRACY,medium,source_relations.csv,likely_primary_article_id=128
E01266,Media_Homeland_Illumination,Media_Daily_Pegasus,Homeland Illumination,Daily Pegasus,same_story_or_derivative_relation,6,source_relation,EVT-0162,2014-01-19,A CELEBRATION OF UNFETTERED KLEPTOCRACY,medium,source_relations.csv,likely_primary_article_id=128
E01267,Media_Homeland_Illumination,Media_News_Online_Today,Homeland Illumination,News Online Today,same_story_or_derivative_relation,6,source_relation,EVT-0162,2014-01-19,A CELEBRATION OF UNFETTERED KLEPTOCRACY,medium,source_relations.csv,likely_primary_article_id=128
E01268,Media_Homeland_Illumination,Media_The_Orb,Homeland Illumination,The Orb,same_story_or_derivative_relation,6,source_relation,EVT-0162,2014-01-19,A CELEBRATION OF UNFETTERED KLEPTOCRACY,medium,source_relations.csv,likely_primary_article_id=128
E01269,Media_Homeland_Illumination,Media_The_Wrap,Homeland Illumination,The Wrap,same_story_or_derivative_relation,6,source_relation,EVT-0162,2014-01-19,A CELEBRATION OF UNFETTERED KLEPTOCRACY,medium,source_relations.csv,likely_primary_article_id=128
E01270,Media_Kronos_Star,Media_International_News,Kronos Star,International News,same_story_or_derivative_relation,6,source_relation,EVT-0163,2014-01-19,GAStech and Kronos Celebrate Partnership,medium,source_relations.csv,likely_primary_article_id=174
E01271,Media_Kronos_Star,Media_News_Online_Today,Kronos Star,News Online Today,same_story_or_derivative_relation,6,source_relation,EVT-0163,2014-01-19,GAStech and Kronos Celebrate Partnership,medium,source_relations.csv,likely_primary_article_id=174
E01272,Media_Kronos_Star,Media_The_Guide,Kronos Star,The Guide,same_story_or_derivative_relation,6,source_relation,EVT-0163,2014-01-19,GAStech and Kronos Celebrate Partnership,medium,source_relations.csv,likely_primary_article_id=174
E01273,Media_Kronos_Star,Media_The_Truth,Kronos Star,The Truth,same_story_or_derivative_relation,6,source_relation,EVT-0163,2014-01-19,GAStech and Kronos Celebrate Partnership,medium,source_relations.csv,likely_primary_article_id=174
E01274,Media_Kronos_Star,Media_Worldwise,Kronos Star,Worldwise,same_story_or_derivative_relation,6,source_relation,EVT-0163,2014-01-19,GAStech and Kronos Celebrate Partnership,medium,source_relations.csv,likely_primary_article_id=174
E01275,Media_Homeland_Illumination,Media_Centrum_Sentinel,Homeland Illumination,Centrum Sentinel,same_story_or_derivative_relation,59,source_relation,EVT-0164,2014-01-20,VOICES - a blog about what is important to the people,medium,source_relations.csv,likely_primary_article_id=10
E01276,Media_The_Abila_Post,Media_Athena_Speaks,The Abila Post,Athena Speaks,same_story_or_derivative_relation,17,source_relation,EVT-0165,2014-01-20,WRAP UP OF EVENTS AT GASTECH,medium,source_relations.csv,likely_primary_article_id=326
E01277,Media_The_Abila_Post,Media_Central_Bulletin,The Abila Post,Central Bulletin,same_story_or_derivative_relation,17,source_relation,EVT-0165,2014-01-20,WRAP UP OF EVENTS AT GASTECH,medium,source_relations.csv,likely_primary_article_id=326
E01278,Media_The_Abila_Post,Media_International_News,The Abila Post,International News,same_story_or_derivative_relation,17,source_relation,EVT-0165,2014-01-20,WRAP UP OF EVENTS AT GASTECH,medium,source_relations.csv,likely_primary_article_id=326
E01279,Media_The_Abila_Post,Media_Kronos_Star,The Abila Post,Kronos Star,same_story_or_derivative_relation,17,source_relation,EVT-0165,2014-01-20,WRAP UP OF EVENTS AT GASTECH,medium,source_relations.csv,likely_primary_article_id=326
E01280,Media_The_Abila_Post,Media_News_Online_Today,The Abila Post,News Online Today,same_story_or_derivative_relation,17,source_relation,EVT-0165,2014-01-20,WRAP UP OF EVENTS AT GASTECH,medium,source_relations.csv,likely_primary_article_id=326
E01281,Media_The_Abila_Post,Media_The_Explainer,The Abila Post,The Explainer,same_story_or_derivative_relation,17,source_relation,EVT-0165,2014-01-20,WRAP UP OF EVENTS AT GASTECH,medium,source_relations.csv,likely_primary_article_id=326
E01282,Media_The_Abila_Post,Media_The_General_Post,The Abila Post,The General Post,same_story_or_derivative_relation,17,source_relation,EVT-0165,2014-01-20,WRAP UP OF EVENTS AT GASTECH,medium,source_relations.csv,likely_primary_article_id=326
E01283,Media_The_Abila_Post,Media_The_Guide,The Abila Post,The Guide,same_story_or_derivative_relation,17,source_relation,EVT-0165,2014-01-20,WRAP UP OF EVENTS AT GASTECH,medium,source_relations.csv,likely_primary_article_id=326
E01284,Media_The_Abila_Post,Media_The_Light_of_Truth,The Abila Post,The Light of Truth,same_story_or_derivative_relation,17,source_relation,EVT-0165,2014-01-20,WRAP UP OF EVENTS AT GASTECH,medium,source_relations.csv,likely_primary_article_id=326
E01285,Media_The_Abila_Post,Media_The_Truth,The Abila Post,The Truth,same_story_or_derivative_relation,17,source_relation,EVT-0165,2014-01-20,WRAP UP OF EVENTS AT GASTECH,medium,source_relations.csv,likely_primary_article_id=326
E01286,Media_The_Abila_Post,Media_The_Tulip,The Abila Post,The Tulip,same_story_or_derivative_relation,17,source_relation,EVT-0165,2014-01-20,WRAP UP OF EVENTS AT GASTECH,medium,source_relations.csv,likely_primary_article_id=326
E01287,Media_The_Abila_Post,Media_The_World,The Abila Post,The World,same_story_or_derivative_relation,17,source_relation,EVT-0165,2014-01-20,WRAP UP OF EVENTS AT GASTECH,medium,source_relations.csv,likely_primary_article_id=326
E01288,Media_The_Abila_Post,Media_Who_What_News,The Abila Post,Who What News,same_story_or_derivative_relation,17,source_relation,EVT-0165,2014-01-20,WRAP UP OF EVENTS AT GASTECH,medium,source_relations.csv,likely_primary_article_id=326
E01289,Media_Central_Bulletin,Media_Athena_Speaks,Central Bulletin,Athena Speaks,same_story_or_derivative_relation,7,source_relation,EVT-0167,2014-01-20,"GASTECH EMPLOYEE INTERROGATED, RELEASED",medium,source_relations.csv,likely_primary_article_id=125
E01290,Media_Central_Bulletin,Media_News_Desk,Central Bulletin,News Desk,same_story_or_derivative_relation,7,source_relation,EVT-0167,2014-01-20,"GASTECH EMPLOYEE INTERROGATED, RELEASED",medium,source_relations.csv,likely_primary_article_id=125
E01291,Media_Central_Bulletin,Media_News_Online_Today,Central Bulletin,News Online Today,same_story_or_derivative_relation,7,source_relation,EVT-0167,2014-01-20,"GASTECH EMPLOYEE INTERROGATED, RELEASED",medium,source_relations.csv,likely_primary_article_id=125
E01292,Media_Central_Bulletin,Media_The_Abila_Post,Central Bulletin,The Abila Post,same_story_or_derivative_relation,7,source_relation,EVT-0167,2014-01-20,"GASTECH EMPLOYEE INTERROGATED, RELEASED",medium,source_relations.csv,likely_primary_article_id=125
E01293,Media_Central_Bulletin,Media_The_Explainer,Central Bulletin,The Explainer,same_story_or_derivative_relation,7,source_relation,EVT-0167,2014-01-20,"GASTECH EMPLOYEE INTERROGATED, RELEASED",medium,source_relations.csv,likely_primary_article_id=125
E01294,Media_The_Abila_Post,Media_Modern_Rubicon,The Abila Post,Modern Rubicon,same_story_or_derivative_relation,52,source_relation,EVT-0168,2014-01-20,ON THE SCENE BLOG,medium,source_relations.csv,likely_primary_article_id=356
E01295,Media_Athena_Speaks,Media_News_Desk,Athena Speaks,News Desk,same_story_or_derivative_relation,5,source_relation,EVT-0169,2014-01-20,TOP EVENTS WITH GASTECH,medium,source_relations.csv,likely_primary_article_id=140
E01296,Media_Athena_Speaks,Media_The_Explainer,Athena Speaks,The Explainer,same_story_or_derivative_relation,5,source_relation,EVT-0169,2014-01-20,TOP EVENTS WITH GASTECH,medium,source_relations.csv,likely_primary_article_id=140
E01297,Media_Athena_Speaks,Media_Worldwise,Athena Speaks,Worldwise,same_story_or_derivative_relation,5,source_relation,EVT-0169,2014-01-20,TOP EVENTS WITH GASTECH,medium,source_relations.csv,likely_primary_article_id=140
E01298,Media_Central_Bulletin,Media_News_Online_Today,Central Bulletin,News Online Today,same_story_or_derivative_relation,3,source_relation,EVT-0171,2014-01-20,GASTECH LEADERSHIP CONFIRMED MISSING,medium,source_relations.csv,likely_primary_article_id=170
E01299,Media_Central_Bulletin,Media_The_Abila_Post,Central Bulletin,The Abila Post,same_story_or_derivative_relation,3,source_relation,EVT-0171,2014-01-20,GASTECH LEADERSHIP CONFIRMED MISSING,medium,source_relations.csv,likely_primary_article_id=170
E01300,Media_The_Abila_Post,Media_Athena_Speaks,The Abila Post,Athena Speaks,same_story_or_derivative_relation,4,source_relation,EVT-0172,2014-01-20,ABILA AIRPORT CONFIRMS TWO PRIVATE JETS LEFT TODAY,medium,source_relations.csv,likely_primary_article_id=718
E01301,Media_The_Abila_Post,Media_News_Desk,The Abila Post,News Desk,same_story_or_derivative_relation,4,source_relation,EVT-0172,2014-01-20,ABILA AIRPORT CONFIRMS TWO PRIVATE JETS LEFT TODAY,medium,source_relations.csv,likely_primary_article_id=718
E01302,Media_The_Abila_Post,Media_The_Explainer,The Abila Post,The Explainer,same_story_or_derivative_relation,4,source_relation,EVT-0172,2014-01-20,ABILA AIRPORT CONFIRMS TWO PRIVATE JETS LEFT TODAY,medium,source_relations.csv,likely_primary_article_id=718
E01303,Media_Kronos_Star,Media_Central_Bulletin,Kronos Star,Central Bulletin,same_story_or_derivative_relation,19,source_relation,EVT-A186,2014-01-20,2014-01-20 GAStech 总部会议,medium,source_relations.csv,likely_primary_article_id=174
E01304,Media_Kronos_Star,Media_International_News,Kronos Star,International News,same_story_or_derivative_relation,19,source_relation,EVT-A186,2014-01-20,2014-01-20 GAStech 总部会议,medium,source_relations.csv,likely_primary_article_id=174
E01305,Media_Kronos_Star,Media_News_Online_Today,Kronos Star,News Online Today,same_story_or_derivative_relation,19,source_relation,EVT-A186,2014-01-20,2014-01-20 GAStech 总部会议,medium,source_relations.csv,likely_primary_article_id=174
E01306,Media_Kronos_Star,Media_The_Abila_Post,Kronos Star,The Abila Post,same_story_or_derivative_relation,19,source_relation,EVT-A186,2014-01-20,2014-01-20 GAStech 总部会议,medium,source_relations.csv,likely_primary_article_id=174
E01307,Media_Kronos_Star,Media_The_Explainer,Kronos Star,The Explainer,same_story_or_derivative_relation,19,source_relation,EVT-A186,2014-01-20,2014-01-20 GAStech 总部会议,medium,source_relations.csv,likely_primary_article_id=174
E01308,Media_Kronos_Star,Media_The_Guide,Kronos Star,The Guide,same_story_or_derivative_relation,19,source_relation,EVT-A186,2014-01-20,2014-01-20 GAStech 总部会议,medium,source_relations.csv,likely_primary_article_id=174
E01309,Media_Kronos_Star,Media_The_Truth,Kronos Star,The Truth,same_story_or_derivative_relation,19,source_relation,EVT-A186,2014-01-20,2014-01-20 GAStech 总部会议,medium,source_relations.csv,likely_primary_article_id=174
E01310,Media_Modern_Rubicon,Media_Athena_Speaks,Modern Rubicon,Athena Speaks,same_story_or_derivative_relation,79,source_relation,EVT-A187,2014-01-20,GAStech 高管失踪/绑架,medium,source_relations.csv,likely_primary_article_id=106
E01311,Media_Modern_Rubicon,Media_Central_Bulletin,Modern Rubicon,Central Bulletin,same_story_or_derivative_relation,79,source_relation,EVT-A187,2014-01-20,GAStech 高管失踪/绑架,medium,source_relations.csv,likely_primary_article_id=106
E01312,Media_Modern_Rubicon,Media_Centrum_Sentinel,Modern Rubicon,Centrum Sentinel,same_story_or_derivative_relation,79,source_relation,EVT-A187,2014-01-20,GAStech 高管失踪/绑架,medium,source_relations.csv,likely_primary_article_id=106
E01313,Media_Modern_Rubicon,Media_Everyday_News,Modern Rubicon,Everyday News,same_story_or_derivative_relation,79,source_relation,EVT-A187,2014-01-20,GAStech 高管失踪/绑架,medium,source_relations.csv,likely_primary_article_id=106
E01314,Media_Modern_Rubicon,Media_Homeland_Illumination,Modern Rubicon,Homeland Illumination,same_story_or_derivative_relation,79,source_relation,EVT-A187,2014-01-20,GAStech 高管失踪/绑架,medium,source_relations.csv,likely_primary_article_id=106
E01315,Media_Modern_Rubicon,Media_International_News,Modern Rubicon,International News,same_story_or_derivative_relation,79,source_relation,EVT-A187,2014-01-20,GAStech 高管失踪/绑架,medium,source_relations.csv,likely_primary_article_id=106
E01316,Media_Modern_Rubicon,Media_International_Times,Modern Rubicon,International Times,same_story_or_derivative_relation,79,source_relation,EVT-A187,2014-01-20,GAStech 高管失踪/绑架,medium,source_relations.csv,likely_primary_article_id=106
E01317,Media_Modern_Rubicon,Media_Kronos_Star,Modern Rubicon,Kronos Star,same_story_or_derivative_relation,79,source_relation,EVT-A187,2014-01-20,GAStech 高管失踪/绑架,medium,source_relations.csv,likely_primary_article_id=106
E01318,Media_Modern_Rubicon,Media_News_Desk,Modern Rubicon,News Desk,same_story_or_derivative_relation,79,source_relation,EVT-A187,2014-01-20,GAStech 高管失踪/绑架,medium,source_relations.csv,likely_primary_article_id=106
E01319,Media_Modern_Rubicon,Media_News_Online_Today,Modern Rubicon,News Online Today,same_story_or_derivative_relation,79,source_relation,EVT-A187,2014-01-20,GAStech 高管失踪/绑架,medium,source_relations.csv,likely_primary_article_id=106
E01320,Media_Modern_Rubicon,Media_Tethys_News,Modern Rubicon,Tethys News,same_story_or_derivative_relation,79,source_relation,EVT-A187,2014-01-20,GAStech 高管失踪/绑架,medium,source_relations.csv,likely_primary_article_id=106
E01321,Media_Modern_Rubicon,Media_The_Abila_Post,Modern Rubicon,The Abila Post,same_story_or_derivative_relation,79,source_relation,EVT-A187,2014-01-20,GAStech 高管失踪/绑架,medium,source_relations.csv,likely_primary_article_id=106
E01322,Media_Modern_Rubicon,Media_The_Continent,Modern Rubicon,The Continent,same_story_or_derivative_relation,79,source_relation,EVT-A187,2014-01-20,GAStech 高管失踪/绑架,medium,source_relations.csv,likely_primary_article_id=106
E01323,Media_Modern_Rubicon,Media_The_Explainer,Modern Rubicon,The Explainer,same_story_or_derivative_relation,79,source_relation,EVT-A187,2014-01-20,GAStech 高管失踪/绑架,medium,source_relations.csv,likely_primary_article_id=106
E01324,Media_Modern_Rubicon,Media_The_General_Post,Modern Rubicon,The General Post,same_story_or_derivative_relation,79,source_relation,EVT-A187,2014-01-20,GAStech 高管失踪/绑架,medium,source_relations.csv,likely_primary_article_id=106
E01325,Media_Modern_Rubicon,Media_The_Guide,Modern Rubicon,The Guide,same_story_or_derivative_relation,79,source_relation,EVT-A187,2014-01-20,GAStech 高管失踪/绑架,medium,source_relations.csv,likely_primary_article_id=106
E01326,Media_Modern_Rubicon,Media_The_Light_of_Truth,Modern Rubicon,The Light of Truth,same_story_or_derivative_relation,79,source_relation,EVT-A187,2014-01-20,GAStech 高管失踪/绑架,medium,source_relations.csv,likely_primary_article_id=106
E01327,Media_Modern_Rubicon,Media_The_Truth,Modern Rubicon,The Truth,same_story_or_derivative_relation,79,source_relation,EVT-A187,2014-01-20,GAStech 高管失踪/绑架,medium,source_relations.csv,likely_primary_article_id=106
E01328,Media_Modern_Rubicon,Media_The_Tulip,Modern Rubicon,The Tulip,same_story_or_derivative_relation,79,source_relation,EVT-A187,2014-01-20,GAStech 高管失踪/绑架,medium,source_relations.csv,likely_primary_article_id=106
E01329,Media_Modern_Rubicon,Media_The_World,Modern Rubicon,The World,same_story_or_derivative_relation,79,source_relation,EVT-A187,2014-01-20,GAStech 高管失踪/绑架,medium,source_relations.csv,likely_primary_article_id=106
E01330,Media_Modern_Rubicon,Media_Who_What_News,Modern Rubicon,Who What News,same_story_or_derivative_relation,79,source_relation,EVT-A187,2014-01-20,GAStech 高管失踪/绑架,medium,source_relations.csv,likely_primary_article_id=106
E01331,Media_Modern_Rubicon,Media_World_Journal,Modern Rubicon,World Journal,same_story_or_derivative_relation,79,source_relation,EVT-A187,2014-01-20,GAStech 高管失踪/绑架,medium,source_relations.csv,likely_primary_article_id=106
E01332,Media_Modern_Rubicon,Media_World_Source,Modern Rubicon,World Source,same_story_or_derivative_relation,79,source_relation,EVT-A187,2014-01-20,GAStech 高管失踪/绑架,medium,source_relations.csv,likely_primary_article_id=106
E01333,Media_Modern_Rubicon,Media_Worldwise,Modern Rubicon,Worldwise,same_story_or_derivative_relation,79,source_relation,EVT-A187,2014-01-20,GAStech 高管失踪/绑架,medium,source_relations.csv,likely_primary_article_id=106
E01334,Media_Modern_Rubicon,Media_Homeland_Illumination,Modern Rubicon,Homeland Illumination,same_story_or_derivative_relation,27,source_relation,EVT-A188,2014-01-20,POK 声称绑架责任,medium,source_relations.csv,likely_primary_article_id=106
E01335,Media_Modern_Rubicon,Media_International_News,Modern Rubicon,International News,same_story_or_derivative_relation,27,source_relation,EVT-A188,2014-01-20,POK 声称绑架责任,medium,source_relations.csv,likely_primary_article_id=106
E01336,Media_Modern_Rubicon,Media_International_Times,Modern Rubicon,International Times,same_story_or_derivative_relation,27,source_relation,EVT-A188,2014-01-20,POK 声称绑架责任,medium,source_relations.csv,likely_primary_article_id=106
E01337,Media_Modern_Rubicon,Media_Kronos_Star,Modern Rubicon,Kronos Star,same_story_or_derivative_relation,27,source_relation,EVT-A188,2014-01-20,POK 声称绑架责任,medium,source_relations.csv,likely_primary_article_id=106
E01338,Media_Modern_Rubicon,Media_News_Online_Today,Modern Rubicon,News Online Today,same_story_or_derivative_relation,27,source_relation,EVT-A188,2014-01-20,POK 声称绑架责任,medium,source_relations.csv,likely_primary_article_id=106
E01339,Media_Modern_Rubicon,Media_Tethys_News,Modern Rubicon,Tethys News,same_story_or_derivative_relation,27,source_relation,EVT-A188,2014-01-20,POK 声称绑架责任,medium,source_relations.csv,likely_primary_article_id=106
E01340,Media_Modern_Rubicon,Media_The_Abila_Post,Modern Rubicon,The Abila Post,same_story_or_derivative_relation,27,source_relation,EVT-A188,2014-01-20,POK 声称绑架责任,medium,source_relations.csv,likely_primary_article_id=106
E01341,Media_Modern_Rubicon,Media_The_Continent,Modern Rubicon,The Continent,same_story_or_derivative_relation,27,source_relation,EVT-A188,2014-01-20,POK 声称绑架责任,medium,source_relations.csv,likely_primary_article_id=106
E01342,Media_Modern_Rubicon,Media_The_General_Post,Modern Rubicon,The General Post,same_story_or_derivative_relation,27,source_relation,EVT-A188,2014-01-20,POK 声称绑架责任,medium,source_relations.csv,likely_primary_article_id=106
E01343,Media_Modern_Rubicon,Media_The_Guide,Modern Rubicon,The Guide,same_story_or_derivative_relation,27,source_relation,EVT-A188,2014-01-20,POK 声称绑架责任,medium,source_relations.csv,likely_primary_article_id=106
E01344,Media_Modern_Rubicon,Media_The_Truth,Modern Rubicon,The Truth,same_story_or_derivative_relation,27,source_relation,EVT-A188,2014-01-20,POK 声称绑架责任,medium,source_relations.csv,likely_primary_article_id=106
E01345,Media_Modern_Rubicon,Media_The_World,Modern Rubicon,The World,same_story_or_derivative_relation,27,source_relation,EVT-A188,2014-01-20,POK 声称绑架责任,medium,source_relations.csv,likely_primary_article_id=106
E01346,Media_Modern_Rubicon,Media_Who_What_News,Modern Rubicon,Who What News,same_story_or_derivative_relation,27,source_relation,EVT-A188,2014-01-20,POK 声称绑架责任,medium,source_relations.csv,likely_primary_article_id=106
E01347,Media_Modern_Rubicon,Media_Worldwise,Modern Rubicon,Worldwise,same_story_or_derivative_relation,27,source_relation,EVT-A188,2014-01-20,POK 声称绑架责任,medium,source_relations.csv,likely_primary_article_id=106
E01348,Media_Modern_Rubicon,Media_The_Abila_Post,Modern Rubicon,The Abila Post,same_story_or_derivative_relation,8,source_relation,EVT-0174,2014-01-21,ON SCENE BLOG,medium,source_relations.csv,likely_primary_article_id=727
E01349,Media_Homeland_Illumination,Media_Centrum_Sentinel,Homeland Illumination,Centrum Sentinel,same_story_or_derivative_relation,11,source_relation,EVT-0175,2014-01-21,VOICES - a blog about what is important to the people,medium,source_relations.csv,likely_primary_article_id=407
E01350,Media_Kronos_Star,Media_Everyday_News,Kronos Star,Everyday News,same_story_or_derivative_relation,12,source_relation,EVT-0176,2014-01-21,GAStech's Sanjorge Escapes Kidnapping at GAStech HQ,medium,source_relations.csv,likely_primary_article_id=481
E01351,Media_Kronos_Star,Media_International_News,Kronos Star,International News,same_story_or_derivative_relation,12,source_relation,EVT-0176,2014-01-21,GAStech's Sanjorge Escapes Kidnapping at GAStech HQ,medium,source_relations.csv,likely_primary_article_id=481
E01352,Media_Kronos_Star,Media_International_Times,Kronos Star,International Times,same_story_or_derivative_relation,12,source_relation,EVT-0176,2014-01-21,GAStech's Sanjorge Escapes Kidnapping at GAStech HQ,medium,source_relations.csv,likely_primary_article_id=481
E01353,Media_Kronos_Star,Media_News_Online_Today,Kronos Star,News Online Today,same_story_or_derivative_relation,12,source_relation,EVT-0176,2014-01-21,GAStech's Sanjorge Escapes Kidnapping at GAStech HQ,medium,source_relations.csv,likely_primary_article_id=481
E01354,Media_Kronos_Star,Media_The_Continent,Kronos Star,The Continent,same_story_or_derivative_relation,12,source_relation,EVT-0176,2014-01-21,GAStech's Sanjorge Escapes Kidnapping at GAStech HQ,medium,source_relations.csv,likely_primary_article_id=481
E01355,Media_Kronos_Star,Media_The_Guide,Kronos Star,The Guide,same_story_or_derivative_relation,12,source_relation,EVT-0176,2014-01-21,GAStech's Sanjorge Escapes Kidnapping at GAStech HQ,medium,source_relations.csv,likely_primary_article_id=481
E01356,Media_Kronos_Star,Media_The_Light_of_Truth,Kronos Star,The Light of Truth,same_story_or_derivative_relation,12,source_relation,EVT-0176,2014-01-21,GAStech's Sanjorge Escapes Kidnapping at GAStech HQ,medium,source_relations.csv,likely_primary_article_id=481
E01357,Media_Kronos_Star,Media_The_Truth,Kronos Star,The Truth,same_story_or_derivative_relation,12,source_relation,EVT-0176,2014-01-21,GAStech's Sanjorge Escapes Kidnapping at GAStech HQ,medium,source_relations.csv,likely_primary_article_id=481
E01358,Media_Kronos_Star,Media_World_Journal,Kronos Star,World Journal,same_story_or_derivative_relation,12,source_relation,EVT-0176,2014-01-21,GAStech's Sanjorge Escapes Kidnapping at GAStech HQ,medium,source_relations.csv,likely_primary_article_id=481
E01359,Media_Kronos_Star,Media_World_Source,Kronos Star,World Source,same_story_or_derivative_relation,12,source_relation,EVT-0176,2014-01-21,GAStech's Sanjorge Escapes Kidnapping at GAStech HQ,medium,source_relations.csv,likely_primary_article_id=481
E01360,Media_The_General_Post,Media_News_Online_Today,The General Post,News Online Today,same_story_or_derivative_relation,7,source_relation,EVT-0177,2014-01-21,DEMANDS OF THE RESCUE DONE IN THE KIDNAPPING OF GASTECH,medium,source_relations.csv,likely_primary_article_id=536
E01361,Media_The_General_Post,Media_The_Guide,The General Post,The Guide,same_story_or_derivative_relation,7,source_relation,EVT-0177,2014-01-21,DEMANDS OF THE RESCUE DONE IN THE KIDNAPPING OF GASTECH,medium,source_relations.csv,likely_primary_article_id=536
E01362,Media_The_General_Post,Media_The_Truth,The General Post,The Truth,same_story_or_derivative_relation,7,source_relation,EVT-0177,2014-01-21,DEMANDS OF THE RESCUE DONE IN THE KIDNAPPING OF GASTECH,medium,source_relations.csv,likely_primary_article_id=536
E01363,Media_The_General_Post,Media_The_Tulip,The General Post,The Tulip,same_story_or_derivative_relation,7,source_relation,EVT-0177,2014-01-21,DEMANDS OF THE RESCUE DONE IN THE KIDNAPPING OF GASTECH,medium,source_relations.csv,likely_primary_article_id=536
E01364,Media_The_General_Post,Media_The_World,The General Post,The World,same_story_or_derivative_relation,7,source_relation,EVT-0177,2014-01-21,DEMANDS OF THE RESCUE DONE IN THE KIDNAPPING OF GASTECH,medium,source_relations.csv,likely_primary_article_id=536
E01365,Media_The_General_Post,Media_Who_What_News,The General Post,Who What News,same_story_or_derivative_relation,7,source_relation,EVT-0177,2014-01-21,DEMANDS OF THE RESCUE DONE IN THE KIDNAPPING OF GASTECH,medium,source_relations.csv,likely_primary_article_id=536
E01366,Media_Kronos_Star,Media_International_News,Kronos Star,International News,same_story_or_derivative_relation,3,source_relation,EVT-0179,2014-01-21,Police Hold News Conference on GAStech Kidnapping,medium,source_relations.csv,likely_primary_article_id=693
E01367,Media_Kronos_Star,Media_News_Online_Today,Kronos Star,News Online Today,same_story_or_derivative_relation,3,source_relation,EVT-0179,2014-01-21,Police Hold News Conference on GAStech Kidnapping,medium,source_relations.csv,likely_primary_article_id=693
E01368,Media_Everyday_News,Media_The_Continent,Everyday News,The Continent,same_story_or_derivative_relation,3,source_relation,EVT-0180,2014-03-26,Penetration of an expert: prospering like foreign CEO in Kronos,medium,source_relations.csv,likely_primary_article_id=656
E01369,Media_Everyday_News,Media_World_Journal,Everyday News,World Journal,same_story_or_derivative_relation,3,source_relation,EVT-0180,2014-03-26,Penetration of an expert: prospering like foreign CEO in Kronos,medium,source_relations.csv,likely_primary_article_id=656
E01370,Event_ANCHOR_01,GAStech,政府与 GAStech 签署 Tiskele 气田开发协议,GAStech,event_involves_entity,2,anchor_event,666,1993-03-12,奠定 GAStech 在 Kronos 的合法经营基础与政府深度绑定,high,anchor_events.csv,President Araullo announced signing of an agreement... GAStech was awarded exclusive rights to drill... 50% tax levied on new oil and gas exploration could yield in excess of $1 billion
E01371,Event_ANCHOR_01,Kronos_Government,政府与 GAStech 签署 Tiskele 气田开发协议,Kronos Government,event_involves_entity,2,anchor_event,666,1993-03-12,奠定 GAStech 在 Kronos 的合法经营基础与政府深度绑定,high,anchor_events.csv,President Araullo announced signing of an agreement... GAStech was awarded exclusive rights to drill... 50% tax levied on new oil and gas exploration could yield in excess of $1 billion
E01372,Event_ANCHOR_01,Sten_Sanjorge,政府与 GAStech 签署 Tiskele 气田开发协议,Sten Sanjorge,event_involves_entity,2,anchor_event,666,1993-03-12,奠定 GAStech 在 Kronos 的合法经营基础与政府深度绑定,high,anchor_events.csv,President Araullo announced signing of an agreement... GAStech was awarded exclusive rights to drill... 50% tax levied on new oil and gas exploration could yield in excess of $1 billion
E01373,Event_ANCHOR_01,Abila,政府与 GAStech 签署 Tiskele 气田开发协议,Abila,event_involves_entity,2,anchor_event,666,1993-03-12,奠定 GAStech 在 Kronos 的合法经营基础与政府深度绑定,high,anchor_events.csv,President Araullo announced signing of an agreement... GAStech was awarded exclusive rights to drill... 50% tax levied on new oil and gas exploration could yield in excess of $1 billion
E01374,Event_ANCHOR_01,Media_Kronos_Star,政府与 GAStech 签署 Tiskele 气田开发协议,Kronos Star,reported_by,1,anchor_event,666,1993-03-12,关键事件主要来源,high,anchor_events.csv,
E01375,Event_ANCHOR_02,GAStech,Elodis 环境污染系列报道启动,GAStech,event_involves_entity,2,anchor_event,69,1998-03-19,揭示 GAStech 运营与 Elodis 儿童患病、农作物减产之间的关联,high,anchor_events.csv,"After a couple of harvests, we saw a decline... when the kids started getting sick... The change turned out to be GAStech International"
E01376,Event_ANCHOR_02,Elodis,Elodis 环境污染系列报道启动,Elodis,event_involves_entity,2,anchor_event,69,1998-03-19,揭示 GAStech 运营与 Elodis 儿童患病、农作物减产之间的关联,high,anchor_events.csv,"After a couple of harvests, we saw a decline... when the kids started getting sick... The change turned out to be GAStech International"
E01377,Event_ANCHOR_02,Henk_Bodrogi,Elodis 环境污染系列报道启动,Henk Bodrogi,event_involves_entity,2,anchor_event,69,1998-03-19,揭示 GAStech 运营与 Elodis 儿童患病、农作物减产之间的关联,high,anchor_events.csv,"After a couple of harvests, we saw a decline... when the kids started getting sick... The change turned out to be GAStech International"
E01378,Event_ANCHOR_02,Kronos_Government,Elodis 环境污染系列报道启动,Kronos Government,event_involves_entity,2,anchor_event,69,1998-03-19,揭示 GAStech 运营与 Elodis 儿童患病、农作物减产之间的关联,high,anchor_events.csv,"After a couple of harvests, we saw a decline... when the kids started getting sick... The change turned out to be GAStech International"
E01379,Event_ANCHOR_02,Media_Homeland_Illumination,Elodis 环境污染系列报道启动,Homeland Illumination,reported_by,1,anchor_event,69,1998-03-19,关键事件主要来源,high,anchor_events.csv,
E01380,Event_ANCHOR_03,POK,POK 在 GAStech 总部抗议，多人被捕,POK,event_involves_entity,2,anchor_event,168,2009-02-18,环保诉求与 GAStech 正面冲突；政府下令加强未来 POK 集会安保,high,anchor_events.csv,POK rally... claims of environmental damage... ten protestors chained themselves to the doors... President Kapelou has ordered the police to provide additional protection
E01381,Event_ANCHOR_03,GAStech,POK 在 GAStech 总部抗议，多人被捕,GAStech,event_involves_entity,2,anchor_event,168,2009-02-18,环保诉求与 GAStech 正面冲突；政府下令加强未来 POK 集会安保,high,anchor_events.csv,POK rally... claims of environmental damage... ten protestors chained themselves to the doors... President Kapelou has ordered the police to provide additional protection
E01382,Event_ANCHOR_03,Kronos_Government,POK 在 GAStech 总部抗议，多人被捕,Kronos Government,event_involves_entity,2,anchor_event,168,2009-02-18,环保诉求与 GAStech 正面冲突；政府下令加强未来 POK 集会安保,high,anchor_events.csv,POK rally... claims of environmental damage... ten protestors chained themselves to the doors... President Kapelou has ordered the police to provide additional protection
E01383,Event_ANCHOR_03,Elian_Karel,POK 在 GAStech 总部抗议，多人被捕,Elian Karel,event_involves_entity,2,anchor_event,168,2009-02-18,环保诉求与 GAStech 正面冲突；政府下令加强未来 POK 集会安保,high,anchor_events.csv,POK rally... claims of environmental damage... ten protestors chained themselves to the doors... President Kapelou has ordered the police to provide additional protection
E01384,Event_ANCHOR_03,Abila,POK 在 GAStech 总部抗议，多人被捕,Abila,event_involves_entity,2,anchor_event,168,2009-02-18,环保诉求与 GAStech 正面冲突；政府下令加强未来 POK 集会安保,high,anchor_events.csv,POK rally... claims of environmental damage... ten protestors chained themselves to the doors... President Kapelou has ordered the police to provide additional protection
E01385,Event_ANCHOR_03,Media_Kronos_Star,POK 在 GAStech 总部抗议，多人被捕,Kronos Star,reported_by,1,anchor_event,168,2009-02-18,关键事件主要来源,high,anchor_events.csv,
E01386,Event_ANCHOR_04,POK,Elian Karel 死亡引发 Abila 骚乱,POK,event_involves_entity,2,anchor_event,185,2009-06-20,POK 领袖之死成为运动象征，抗议升级为暴力冲突,high,anchor_events.csv,Protesting the death yesterday of Elian Karel... died in jail after being arrested for tax evasion... chanted slogans including Justice for Elian and Remember Juliana
E01387,Event_ANCHOR_04,Elian_Karel,Elian Karel 死亡引发 Abila 骚乱,Elian Karel,event_involves_entity,2,anchor_event,185,2009-06-20,POK 领袖之死成为运动象征，抗议升级为暴力冲突,high,anchor_events.csv,Protesting the death yesterday of Elian Karel... died in jail after being arrested for tax evasion... chanted slogans including Justice for Elian and Remember Juliana
E01388,Event_ANCHOR_04,Kronos_Government,Elian Karel 死亡引发 Abila 骚乱,Kronos Government,event_involves_entity,2,anchor_event,185,2009-06-20,POK 领袖之死成为运动象征，抗议升级为暴力冲突,high,anchor_events.csv,Protesting the death yesterday of Elian Karel... died in jail after being arrested for tax evasion... chanted slogans including Justice for Elian and Remember Juliana
E01389,Event_ANCHOR_04,Abila,Elian Karel 死亡引发 Abila 骚乱,Abila,event_involves_entity,2,anchor_event,185,2009-06-20,POK 领袖之死成为运动象征，抗议升级为暴力冲突,high,anchor_events.csv,Protesting the death yesterday of Elian Karel... died in jail after being arrested for tax evasion... chanted slogans including Justice for Elian and Remember Juliana
E01390,Event_ANCHOR_04,Elodis,Elian Karel 死亡引发 Abila 骚乱,Elodis,event_involves_entity,2,anchor_event,185,2009-06-20,POK 领袖之死成为运动象征，抗议升级为暴力冲突,high,anchor_events.csv,Protesting the death yesterday of Elian Karel... died in jail after being arrested for tax evasion... chanted slogans including Justice for Elian and Remember Juliana
E01391,Event_ANCHOR_04,Media_The_Abila_Post,Elian Karel 死亡引发 Abila 骚乱,The Abila Post,reported_by,1,anchor_event,185,2009-06-20,关键事件主要来源,high,anchor_events.csv,
E01392,Event_ANCHOR_05,POK,Kapelou 总统称 POK 为「罪犯集团」,POK,event_involves_entity,2,anchor_event,541,2012-06-22,政府公开定性 POK，预示后续强硬执法,high,anchor_events.csv,"President Kapelou called the POK a gang of criminals, thugs, and malcontents... future POK demonstrations will be met with maximum police force"
E01393,Event_ANCHOR_05,Kronos_Government,Kapelou 总统称 POK 为「罪犯集团」,Kronos Government,event_involves_entity,2,anchor_event,541,2012-06-22,政府公开定性 POK，预示后续强硬执法,high,anchor_events.csv,"President Kapelou called the POK a gang of criminals, thugs, and malcontents... future POK demonstrations will be met with maximum police force"
E01394,Event_ANCHOR_05,President_Kapelou,Kapelou 总统称 POK 为「罪犯集团」,President Kapelou,event_involves_entity,2,anchor_event,541,2012-06-22,政府公开定性 POK，预示后续强硬执法,high,anchor_events.csv,"President Kapelou called the POK a gang of criminals, thugs, and malcontents... future POK demonstrations will be met with maximum police force"
E01395,Event_ANCHOR_05,Abila,Kapelou 总统称 POK 为「罪犯集团」,Abila,event_involves_entity,2,anchor_event,541,2012-06-22,政府公开定性 POK，预示后续强硬执法,high,anchor_events.csv,"President Kapelou called the POK a gang of criminals, thugs, and malcontents... future POK demonstrations will be met with maximum police force"
E01396,Event_ANCHOR_05,Media_Kronos_Star,Kapelou 总统称 POK 为「罪犯集团」,Kronos Star,reported_by,1,anchor_event,541,2012-06-22,关键事件主要来源,high,anchor_events.csv,
E01397,Event_ANCHOR_06,GAStech,GAStech IPO，Sanjorge 成为巨富,GAStech,event_involves_entity,2,anchor_event,223,2013-12-18,商业利益集中爆发，为后续矛盾激化提供背景,high,anchor_events.csv,ENORMOUS IPO MAKES MULTIMILLIONAIRE OF SANJORGE... initial public offer
E01398,Event_ANCHOR_06,Sten_Sanjorge,GAStech IPO，Sanjorge 成为巨富,Sten Sanjorge,event_involves_entity,2,anchor_event,223,2013-12-18,商业利益集中爆发，为后续矛盾激化提供背景,high,anchor_events.csv,ENORMOUS IPO MAKES MULTIMILLIONAIRE OF SANJORGE... initial public offer
E01399,Event_ANCHOR_06,Tethys,GAStech IPO，Sanjorge 成为巨富,Tethys,event_involves_entity,2,anchor_event,223,2013-12-18,商业利益集中爆发，为后续矛盾激化提供背景,high,anchor_events.csv,ENORMOUS IPO MAKES MULTIMILLIONAIRE OF SANJORGE... initial public offer
E01400,Event_ANCHOR_06,Centrum,GAStech IPO，Sanjorge 成为巨富,Centrum,event_involves_entity,2,anchor_event,223,2013-12-18,商业利益集中爆发，为后续矛盾激化提供背景,high,anchor_events.csv,ENORMOUS IPO MAKES MULTIMILLIONAIRE OF SANJORGE... initial public offer
E01401,Event_ANCHOR_06,Media_The_General_Post,GAStech IPO，Sanjorge 成为巨富,The General Post,reported_by,1,anchor_event,223,2013-12-18,关键事件主要来源,high,anchor_events.csv,
E01402,Event_ANCHOR_07,GAStech,GAStech 与 Kronos 庆祝合作 20 周年,GAStech,event_involves_entity,2,anchor_event,174,2014-01-19,IPO 后政府接待安排，绑架事件直接导火索,high,anchor_events.csv,Reception hosted by President Kapelou... celebrate the 20th year of cooperation between the corporation and our country
E01403,Event_ANCHOR_07,Kronos_Government,GAStech 与 Kronos 庆祝合作 20 周年,Kronos Government,event_involves_entity,2,anchor_event,174,2014-01-19,IPO 后政府接待安排，绑架事件直接导火索,high,anchor_events.csv,Reception hosted by President Kapelou... celebrate the 20th year of cooperation between the corporation and our country
E01404,Event_ANCHOR_07,Sten_Sanjorge,GAStech 与 Kronos 庆祝合作 20 周年,Sten Sanjorge,event_involves_entity,2,anchor_event,174,2014-01-19,IPO 后政府接待安排，绑架事件直接导火索,high,anchor_events.csv,Reception hosted by President Kapelou... celebrate the 20th year of cooperation between the corporation and our country
E01405,Event_ANCHOR_07,President_Kapelou,GAStech 与 Kronos 庆祝合作 20 周年,President Kapelou,event_involves_entity,2,anchor_event,174,2014-01-19,IPO 后政府接待安排，绑架事件直接导火索,high,anchor_events.csv,Reception hosted by President Kapelou... celebrate the 20th year of cooperation between the corporation and our country
E01406,Event_ANCHOR_07,Abila,GAStech 与 Kronos 庆祝合作 20 周年,Abila,event_involves_entity,2,anchor_event,174,2014-01-19,IPO 后政府接待安排，绑架事件直接导火索,high,anchor_events.csv,Reception hosted by President Kapelou... celebrate the 20th year of cooperation between the corporation and our country
E01407,Event_ANCHOR_07,Media_Kronos_Star,GAStech 与 Kronos 庆祝合作 20 周年,Kronos Star,reported_by,1,anchor_event,174,2014-01-19,关键事件主要来源,high,anchor_events.csv,
E01408,Event_ANCHOR_08,GAStech,GAStech 高管失踪/绑架，POK 被指认,GAStech,event_involves_entity,2,anchor_event,713,2014-01-20,全案高潮：14 名员工被绑，POK 发赎金要求，APA 亦被提及,high,anchor_events.csv,Members of the GAStech leadership are in fact missing... expected to arrive at the Government reception... IPO netted Sten Sanjorge Jr. $1.96 billion
E01409,Event_ANCHOR_08,POK,GAStech 高管失踪/绑架，POK 被指认,POK,event_involves_entity,2,anchor_event,713,2014-01-20,全案高潮：14 名员工被绑，POK 发赎金要求，APA 亦被提及,high,anchor_events.csv,Members of the GAStech leadership are in fact missing... expected to arrive at the Government reception... IPO netted Sten Sanjorge Jr. $1.96 billion
E01410,Event_ANCHOR_08,Asterian_Peoples_Army,GAStech 高管失踪/绑架，POK 被指认,APA / Asterian People's Army,event_involves_entity,2,anchor_event,713,2014-01-20,全案高潮：14 名员工被绑，POK 发赎金要求，APA 亦被提及,high,anchor_events.csv,Members of the GAStech leadership are in fact missing... expected to arrive at the Government reception... IPO netted Sten Sanjorge Jr. $1.96 billion
E01411,Event_ANCHOR_08,Kronos_Government,GAStech 高管失踪/绑架，POK 被指认,Kronos Government,event_involves_entity,2,anchor_event,713,2014-01-20,全案高潮：14 名员工被绑，POK 发赎金要求，APA 亦被提及,high,anchor_events.csv,Members of the GAStech leadership are in fact missing... expected to arrive at the Government reception... IPO netted Sten Sanjorge Jr. $1.96 billion
E01412,Event_ANCHOR_08,Sten_Sanjorge,GAStech 高管失踪/绑架，POK 被指认,Sten Sanjorge,event_involves_entity,2,anchor_event,713,2014-01-20,全案高潮：14 名员工被绑，POK 发赎金要求，APA 亦被提及,high,anchor_events.csv,Members of the GAStech leadership are in fact missing... expected to arrive at the Government reception... IPO netted Sten Sanjorge Jr. $1.96 billion
E01413,Event_ANCHOR_08,Abila,GAStech 高管失踪/绑架，POK 被指认,Abila,event_involves_entity,2,anchor_event,713,2014-01-20,全案高潮：14 名员工被绑，POK 发赎金要求，APA 亦被提及,high,anchor_events.csv,Members of the GAStech leadership are in fact missing... expected to arrive at the Government reception... IPO netted Sten Sanjorge Jr. $1.96 billion
E01414,Event_ANCHOR_08,Media_The_Abila_Post,GAStech 高管失踪/绑架，POK 被指认,The Abila Post,reported_by,1,anchor_event,713,2014-01-20,关键事件主要来源,high,anchor_events.csv,
E01415,Kronos,Abila,Kronos,Abila,contains_capital,5,map/factbook,,,Abila is capital/major urban area of Kronos,high,FACTBOOK-Kronos.docx; A Map of Kronos.jpg,
E01416,Kronos,Elodis,Kronos,Elodis,contains_town,4,map,,,Elodis located on Kronos map west of Abila,medium,A Map of Kronos.jpg,
E01417,Kronos,Tiskele_Bend,Kronos,Tiskele Bend,contains_gas_field,4,news/factbook,,,Tiskele gas development context,medium,anchor_events.csv; FACTBOOK-Kronos.docx,
E01418,Tethys,Centrum,Tethys,Centrum,contains_capital,4,factbook,,,Centrum is capital of Tethys,high,FACTBOOK-Tethys.docx,
E01419,Tethys,GAStech,Tethys,GAStech,home_country_context,3,factbook/news,,,GAStech is Tethys-based in the story setting,high,anchor_events.csv; FACTBOOK-Tethys.docx,
