event_id,date,date_precision,event_title,event_type,narrative_lines,narrative_line_names,importance,importance_score_1_to_5,related_entities,related_locations,source_count,sources,article_ids,likely_primary_source,evidence_summary,key_quote_or_summary,source_file,review_status
EVT-0001,1982-10-02,day,Centrum's central role in the Tethan Gas Industry,cross_source_story,1,商业利益线,medium,3,GAStech|Government|Sten Sanjorge|Tethys|Centrum,Tethys|Centrum,2,International Times; World Source,638;728,International Times,"The world of gas is distant, difficult and far flung. In Tethys a few years ago, I journeyed laboriously to the remote gas fields of Tethys to look at a contentious new energy producing area. One of t","The world of gas is distant, difficult and far flung. In Tethys a few years ago, I journeyed laboriously to the remote gas fields of Tethys to look at a contentious new energy producing area. One of t",narrative_line_1_商业利益线.csv,auto_clustered
EVT-0002,1982-10-03,day,Central paper of the center in the industry of the gas of Tethan,cross_source_story,1,商业利益线,medium,3,GAStech|Government|Sten Sanjorge|Tethys,Tethys,2,Everyday News; The Continent,214;796,Everyday News,"The world of the gas distant, difficult and is thrown far. In Tethys some years ago, I traveled laborious to the gas fields moved away of Tethys to watch a new debatable area of the energy production.","The world of the gas distant, difficult and is thrown far. In Tethys some years ago, I traveled laborious to the gas fields moved away of Tethys to watch a new debatable area of the energy production.",narrative_line_1_商业利益线.csv,auto_clustered
EVT-0003,1984-05-03,day,Shale gas pioneer plans world's first offshore wells in Mediterranean Sea,cross_source_story,2,环境冲突线,medium,3,GAStech|Tethys|Government|Sten Sanjorge,Tethys,2,International Times; World Source,564;751,World Source,<<Deleted Image: Anti-offshore drilling protester. Exploration has proved a controversial issue in Kronos>> Continue reading the main story The son of the founder of gas firm GAStech is planning a ven,<<Deleted Image: Anti-offshore drilling protester. Exploration has proved a controversial issue in Kronos>> Continue reading the main story The son of the founder of gas firm GAStech is planning a ven,narrative_line_2_环境冲突线.csv,auto_clustered
EVT-0003,1984-05-03,day,Shale gas pioneer plans world's first offshore wells in Mediterranean Sea,cross_source_story,3,组织对抗线,medium,3,GAStech|Tethys|Government|Sten Sanjorge,Tethys,2,International Times; World Source,564;751,World Source,<<Deleted Image: Anti-offshore drilling protester. Exploration has proved a controversial issue in Kronos>> Continue reading the main story The son of the founder of gas firm GAStech is planning a ven,<<Deleted Image: Anti-offshore drilling protester. Exploration has proved a controversial issue in Kronos>> Continue reading the main story The son of the founder of gas firm GAStech is planning a ven,narrative_line_3_组织对抗线.csv,auto_clustered
EVT-0004,1984-05-05,day,The pioneer of the gas of the slate plans first wells outside coast of the world in the Mediterranean Sea,cross_source_story,2,环境冲突线,medium,3,GAStech|Government|Sten Sanjorge|Tethys,Tethys,2,Everyday News; The Continent,496;784,Everyday News,<<Deleted image: Demonstrator whom it perforates of Anti-offshore. The exploration has proven an controversial edition in Kronos>> To continue reading main history The son of the founder of the compan,<<Deleted image: Demonstrator whom it perforates of Anti-offshore. The exploration has proven an controversial edition in Kronos>> To continue reading main history The son of the founder of the compan,narrative_line_2_环境冲突线.csv,auto_clustered
EVT-0004,1984-05-05,day,The pioneer of the gas of the slate plans first wells outside coast of the world in the Mediterranean Sea,cross_source_story,3,组织对抗线,medium,3,GAStech|Government|Sten Sanjorge|Tethys,Tethys,2,Everyday News; The Continent,496;784,Everyday News,<<Deleted image: Demonstrator whom it perforates of Anti-offshore. The exploration has proven an controversial edition in Kronos>> To continue reading main history The son of the founder of the compan,<<Deleted image: Demonstrator whom it perforates of Anti-offshore. The exploration has proven an controversial edition in Kronos>> To continue reading main history The son of the founder of the compan,narrative_line_3_组织对抗线.csv,auto_clustered
EVT-0005,1992-12-12,day,KRONOS GOVERNMENT PLANS TAX BREAKS TO ENCOURAGE FOREIGN INVESTMENT,cross_source_story,1,商业利益线,medium,3,Government,,2,News Online Today; Who What News,380;473,News Online Today,The Government of Kronos is currently planning some of the world's most generous tax breaks for gas investments. The Government of Kronos is pitching the plan as a win-win situation given that the hig,The Government of Kronos is currently planning some of the world's most generous tax breaks for gas investments. The Government of Kronos is pitching the plan as a win-win situation given that the hig,narrative_line_1_商业利益线.csv,auto_clustered
EVT-0006,1993-01-19,day,Government Announces Tax Incentives For Foreign Investment,cross_source_story,1,商业利益线,medium,3,Government,,3,International News; News Online Today; The Guide,103;226;641,News Online Today,Today the Parliament voted 86 to 14 in favor of President Araullo's package of tax incentives designed to lure foreign investment to our fair country.,Today the Parliament voted 86 to 14 in favor of President Araullo's package of tax incentives designed to lure foreign investment to our fair country.,narrative_line_1_商业利益线.csv,auto_clustered
EVT-0007,1993-01-20,day,The government announces the incentives of the tax for foreign investment,cross_source_story,1,商业利益线,medium,3,Government,,2,The Truth; Worldwise,632;755,The Truth,"Today the parliament that 86 up to 14 in favor of the parcel of president Araullo's of tax incentives becomes that is devised voted to tempt foreign investment to our honest country. Tomas Sarto, mini","Today the parliament that 86 up to 14 in favor of the parcel of president Araullo's of tax incentives becomes that is devised voted to tempt foreign investment to our honest country. Tomas Sarto, mini",narrative_line_1_商业利益线.csv,auto_clustered
EVT-0008,1993-02-02,day,LACK OF DETAILS MARS GOVERNMENT INTENTIONS,cross_source_story,1,商业利益线,medium,3,Government,,2,All News Today; Homeland Illumination,152;681,Homeland Illumination,"In a glitzy press conference late last year President Luis Araullo announced a historic set of tax incentives intended to bring foreign investment to Kronos under the guise creating jobs, providing ch","In a glitzy press conference late last year President Luis Araullo announced a historic set of tax incentives intended to bring foreign investment to Kronos under the guise creating jobs, providing ch",narrative_line_1_商业利益线.csv,auto_clustered
EVT-0008,1993-02-02,day,LACK OF DETAILS MARS GOVERNMENT INTENTIONS,cross_source_story,2,环境冲突线,medium,3,Government,,2,All News Today; Homeland Illumination,152;681,Homeland Illumination,"In a glitzy press conference late last year President Luis Araullo announced a historic set of tax incentives intended to bring foreign investment to Kronos under the guise creating jobs, providing ch","In a glitzy press conference late last year President Luis Araullo announced a historic set of tax incentives intended to bring foreign investment to Kronos under the guise creating jobs, providing ch",narrative_line_2_环境冲突线.csv,auto_clustered
ANCHOR-01,1993-03-12,day,政府与 GAStech 签署 Tiskele 气田开发协议,anchor_event,1,商业利益线,high,5,GAStech|Government|Sten Sanjorge|Abila,Abila,1,Kronos Star,666,Kronos Star,奠定 GAStech 在 Kronos 的合法经营基础与政府深度绑定,President Araullo announced signing of an agreement... GAStech was awarded exclusive rights to drill... 50% tax levied on new oil and gas exploration could yield in excess of $1 billion,anchor_events.csv,curated
EVT-0010,1993-03-14,day,The strikes of government treat international GAStech,cross_source_story,1,商业利益线,medium,3,GAStech|Government|Sten Sanjorge|Tethys,Tethys,2,The Truth; Worldwise,114;795,Worldwise,"President Araullo today announced the signature of an agreement between his government and GAStech Tethys-based international for the development of the gas layers of curve of Tiskele. GAStech, under ","President Araullo today announced the signature of an agreement between his government and GAStech Tethys-based international for the development of the gas layers of curve of Tiskele. GAStech, under ",narrative_line_1_商业利益线.csv,auto_clustered
EVT-0010,1993-03-14,day,The strikes of government treat international GAStech,cross_source_story,2,环境冲突线,medium,3,GAStech|Government|Sten Sanjorge|Tethys,Tethys,2,The Truth; Worldwise,114;795,Worldwise,"President Araullo today announced the signature of an agreement between his government and GAStech Tethys-based international for the development of the gas layers of curve of Tiskele. GAStech, under ","President Araullo today announced the signature of an agreement between his government and GAStech Tethys-based international for the development of the gas layers of curve of Tiskele. GAStech, under ",narrative_line_2_环境冲突线.csv,auto_clustered
EVT-0013,1994-02-18,day,"THE PROMINENT BUSINESS, CIVIC LEADER DIES IN 65",cross_source_story,2,环境冲突线,medium,3,GAStech|Sten Sanjorge|Tethys|Centrum,Tethys|Centrum,5,News Online Today; The General Post; The Light of Truth; The Tulip; Who What News,137;198;3;478;722,The General Post,"after four years of health that diminishes that they follow an important heart attac, Sten Sanjorge Sr. died Friday. Mr. Sanjorge, 65, of Centrum, Tethys was president emeritus of international of GAS","after four years of health that diminishes that they follow an important heart attac, Sten Sanjorge Sr. died Friday. Mr. Sanjorge, 65, of Centrum, Tethys was president emeritus of international of GAS",narrative_line_2_环境冲突线.csv,auto_clustered
EVT-0016,1995-03-30,day,DRILLING TECHNIQUE BANNED IN TETHYS,cross_source_story,2,环境冲突线,medium,3,GAStech|Government|Tethys|Sten Sanjorge,Tethys,3,News Online Today; The World; Who What News,111;153;314,News Online Today,GAStech International's Hyper Acidic Substrate Removal (HASR) has officially been banned by the Tethys government due to the high probability of water contamination.,GAStech International's Hyper Acidic Substrate Removal (HASR) has officially been banned by the Tethys government due to the high probability of water contamination.,narrative_line_2_环境冲突线.csv,auto_clustered
EVT-0017,1995-04-01,day,TECHNIQUE THAT IT PERFORATES PROHIBITED IN TETHYS,cross_source_story,2,环境冲突线,medium,3,GAStech|Government|Sten Sanjorge|Tethys,Tethys,2,The General Post; The Tulip,586;97,The General Post,The international hyperactive acid retirement of the substratum of GAStech (HASR) has been prohibited officially by the government of Tethys due to the high probability of the contamination of the wat,The international hyperactive acid retirement of the substratum of GAStech (HASR) has been prohibited officially by the government of Tethys due to the high probability of the contamination of the wat,narrative_line_2_环境冲突线.csv,auto_clustered
EVT-0021,1995-11-21,day,Araullo Announces New Hospital Construction,cross_source_story,2,环境冲突线,medium,3,Government|Abila,Abila,2,International News; Kronos Star,421;547,Kronos Star,"President Araullo announced today that his government is planning the construction of a new, modern Abila General Hospital. The old Abila General Hospital, built in 1930, has outdated health care faci","President Araullo announced today that his government is planning the construction of a new, modern Abila General Hospital. The old Abila General Hospital, built in 1930, has outdated health care faci",narrative_line_2_环境冲突线.csv,auto_clustered
EVT-0022,1995-11-22,day,Araullo Announces New Hospital Construction,cross_source_story,2,环境冲突线,medium,3,Government|Abila,Abila,2,News Online Today; Worldwise,312;98,News Online Today,"President Araullo announced today that his government is planning the construction of a new, modern Abila General Hospital. The old Abila General Hospital, built in 1930, has outdated health care faci","President Araullo announced today that his government is planning the construction of a new, modern Abila General Hospital. The old Abila General Hospital, built in 1930, has outdated health care faci",narrative_line_2_环境冲突线.csv,auto_clustered
EVT-0025,1996-07-08,day,GASTECH CHANGES OF POSITION THE CENTRUM TO KRONOS,cross_source_story,2,环境冲突线,medium,3,GAStech|Tethys|Government|Centrum,Tethys|Centrum,3,News Online Today; The General Post; The Light of Truth,120;671;825,The General Post,International GAStech has changed of position its center of Tethys to the small Mediterranean island of Kronos and to the extensive deposits of the gas underneath the Earth. The recent loads of contam,International GAStech has changed of position its center of Tethys to the small Mediterranean island of Kronos and to the extensive deposits of the gas underneath the Earth. The recent loads of contam,narrative_line_2_环境冲突线.csv,auto_clustered
EVT-0026,1997-04-23,day,POSSIBLE CONTAMINATION IN ELODIS,cross_source_story,2,环境冲突线,medium,3,GAStech|Government|Elodis|Abila,Elodis|Abila,2,Central Bulletin; The Abila Post,136;782,Central Bulletin,"About 25 km West of Abila is the small rural township of Elodis, situated on the Tiskele River. Roughly 20 km upstream is the Tiskele Bend site operated by GAStech International on government-owned la","About 25 km West of Abila is the small rural township of Elodis, situated on the Tiskele River. Roughly 20 km upstream is the Tiskele Bend site operated by GAStech International on government-owned la",narrative_line_2_环境冲突线.csv,auto_clustered
EVT-0027,1997-04-24,day,POSSIBLE CONTAMINATION IN ELODIS,cross_source_story,2,环境冲突线,medium,3,GAStech|Government|Elodis|Abila,Elodis|Abila,2,Athena Speaks; News Online Today,545;652,Athena Speaks,"Approximately 25 kilometers in the west of Abila are the small rural suburbs of Elodis, located on the river of Tiskele. Roughly 20 kilometers of ascending are the site of curve of Tiskele actuated by","Approximately 25 kilometers in the west of Abila are the small rural suburbs of Elodis, located on the river of Tiskele. Roughly 20 kilometers of ascending are the site of curve of Tiskele actuated by",narrative_line_2_环境冲突线.csv,auto_clustered
EVT-0028,1997-04-25,day,POSSIBLE POLLUTION IN ELODIS,cross_source_story,2,环境冲突线,medium,3,GAStech|Government|Elodis|Abila,Elodis|Abila,2,News Desk; The Explainer,60;731,News Desk,"Approximately 25 km at west of Abila are the small rural municipality of Elodis, to the river Tiskele located. Roughly speaking 20 km are upstream the place of bending Tiskele which is put by GAStech ","Approximately 25 km at west of Abila are the small rural municipality of Elodis, to the river Tiskele located. Roughly speaking 20 km are upstream the place of bending Tiskele which is put by GAStech ",narrative_line_2_环境冲突线.csv,auto_clustered
EVT-0029,1997-10-15,day,GOVERNMENT CITES 'MINOR' CONTAMINATION NEAR ELODIS,cross_source_story,2,环境冲突线,medium,3,GAStech|Government|Elodis,Elodis,2,News Online Today; The Abila Post,186;304,The Abila Post,After continued complaints and appeals from the people of Elodis government officials acknowledge minor contamination in and around the rural township in a report on their investigation into the towns,After continued complaints and appeals from the people of Elodis government officials acknowledge minor contamination in and around the rural township in a report on their investigation into the towns,narrative_line_2_环境冲突线.csv,auto_clustered
EVT-0030,1997-10-16,day,GOVERNMENT CITES 'MINOR' CONTAMINATION NEAR ELODIS,cross_source_story,2,环境冲突线,medium,3,GAStech|Government|Elodis,Elodis,2,Central Bulletin; The Explainer,151;703,Central Bulletin,After continued complaints and appeals from the people of Elodis government officials acknowledge minor contamination in and around the rural township in a report on their investigation into the towns,After continued complaints and appeals from the people of Elodis government officials acknowledge minor contamination in and around the rural township in a report on their investigation into the towns,narrative_line_2_环境冲突线.csv,auto_clustered
ANCHOR-02,1998-03-19,day,Elodis 环境污染系列报道启动,anchor_event,2,环境冲突线,high,5,GAStech|Elodis|Henk Bodrogi|Government,Elodis,1,Homeland Illumination,69,Homeland Illumination,揭示 GAStech 运营与 Elodis 儿童患病、农作物减产之间的关联,"After a couple of harvests, we saw a decline... when the kids started getting sick... The change turned out to be GAStech International",anchor_events.csv,curated
EVT-0032,1998-03-20,day,"ELODIS, KRONOS:  A TOWN IN NEED, Part One",cross_source_story,2,环境冲突线,medium,3,GAStech|Sten Sanjorge|Elodis|Government|Henk Bodrogi|Tethys,Elodis|Tethys,3,All News Today; News Online Today; The Orb,154;342;531,All News Today,"NOTE: This article is the first in a series, reprinted with permission from the Homeland Illumination. This article is the first installment of a three-part series addressing the growing problem of on","NOTE: This article is the first in a series, reprinted with permission from the Homeland Illumination. This article is the first installment of a three-part series addressing the growing problem of on",narrative_line_2_环境冲突线.csv,auto_clustered
EVT-0033,1998-03-21,day,"ELODIS, KRONOS:  A CITY IN the NECESSITY, part one",cross_source_story,2,环境冲突线,medium,3,GAStech|Government|Sten Sanjorge|Henk Bodrogi|Elodis|Tethys,Elodis|Tethys,2,Daily Pegasus; The Wrap,317;448,Daily Pegasus,"This article is the first installation of a series of three parts that deals with the problem every greater time an anguish of the community, the criminal fact of the government, and the alarming infl","This article is the first installation of a series of three parts that deals with the problem every greater time an anguish of the community, the criminal fact of the government, and the alarming infl",narrative_line_2_环境冲突线.csv,auto_clustered
EVT-0033,1998-03-21,day,"ELODIS, KRONOS:  A CITY IN the NECESSITY, part one",cross_source_story,3,组织对抗线,medium,3,GAStech|Government|Sten Sanjorge|Henk Bodrogi|Elodis|Tethys,Elodis|Tethys,2,Daily Pegasus; The Wrap,317;448,Daily Pegasus,"This article is the first installation of a series of three parts that deals with the problem every greater time an anguish of the community, the criminal fact of the government, and the alarming infl","This article is the first installation of a series of three parts that deals with the problem every greater time an anguish of the community, the criminal fact of the government, and the alarming infl",narrative_line_3_组织对抗线.csv,auto_clustered
EVT-0034,1998-04-26,day,"ELODIS, KRONOS:  HELP FROM AN UNEXPECTED SOURCE Part Two",cross_source_story,2,环境冲突线,medium,3,GAStech|Government|Henk Bodrogi|Elodis|Sten Sanjorge,Elodis,2,News Online Today; The Wrap,183;4,News Online Today,"NOTE: This article is the second in a series, reprinted with permission from the Homeland Illumination. Bodrogi has farmed soybeans his entire life, as did his father and their fathers. ""We've worked ","NOTE: This article is the second in a series, reprinted with permission from the Homeland Illumination. Bodrogi has farmed soybeans his entire life, as did his father and their fathers. ""We've worked ",narrative_line_2_环境冲突线.csv,auto_clustered
EVT-0035,1998-04-27,day,"ELODIS, KRONOS:  AID of one divides two of the SOURCE UNEXPECTED",cross_source_story,1,商业利益线,medium,3,GAStech|Government|Sten Sanjorge|Henk Bodrogi|Elodis,Elodis,2,Daily Pegasus; The Orb,647;741,Daily Pegasus,"This article is the second installation of a series of three parts that deals with the problem every greater time an anguish of the community, the criminal fact of the government, and the alarming inf","This article is the second installation of a series of three parts that deals with the problem every greater time an anguish of the community, the criminal fact of the government, and the alarming inf",narrative_line_1_商业利益线.csv,auto_clustered
EVT-0035,1998-04-27,day,"ELODIS, KRONOS:  AID of one divides two of the SOURCE UNEXPECTED",cross_source_story,2,环境冲突线,medium,3,GAStech|Government|Sten Sanjorge|Henk Bodrogi|Elodis,Elodis,2,Daily Pegasus; The Orb,647;741,Daily Pegasus,"This article is the second installation of a series of three parts that deals with the problem every greater time an anguish of the community, the criminal fact of the government, and the alarming inf","This article is the second installation of a series of three parts that deals with the problem every greater time an anguish of the community, the criminal fact of the government, and the alarming inf",narrative_line_2_环境冲突线.csv,auto_clustered
EVT-0035,1998-04-27,day,"ELODIS, KRONOS:  AID of one divides two of the SOURCE UNEXPECTED",cross_source_story,3,组织对抗线,medium,3,GAStech|Government|Sten Sanjorge|Henk Bodrogi|Elodis,Elodis,2,Daily Pegasus; The Orb,647;741,Daily Pegasus,"This article is the second installation of a series of three parts that deals with the problem every greater time an anguish of the community, the criminal fact of the government, and the alarming inf","This article is the second installation of a series of three parts that deals with the problem every greater time an anguish of the community, the criminal fact of the government, and the alarming inf",narrative_line_3_组织对抗线.csv,auto_clustered
EVT-0036,1998-05-15,day,"ELODIS, KRONOS: WILL THE GOVERNMENT RESPOND IN TIME? Part Three",cross_source_story,2,环境冲突线,medium,3,Government|Elodis|Henk Bodrogi|Abila,Elodis|Abila,3,All News Today; Homeland Illumination; News Online Today,237;35;79,Homeland Illumination,"This article is the last installment of a three-part series addressing the growing problem of one community's anguish, government malfeasance, and the alarming influence of multinational corporations ","This article is the last installment of a three-part series addressing the growing problem of one community's anguish, government malfeasance, and the alarming influence of multinational corporations ",narrative_line_2_环境冲突线.csv,auto_clustered
EVT-0037,1998-05-16,day,ELODIS PUBLIC HEALTH FACT SHEET,cross_source_story,2,环境冲突线,medium,3,Elodis,Elodis,2,All News Today; News Online Today,16;617,All News Today,"At the request of the citizens of Elodis, Wellness for All has published a report on the impact of gas drilling operations on water quality and public health. Comparative data prior to 1998 was obtain","At the request of the citizens of Elodis, Wellness for All has published a report on the impact of gas drilling operations on water quality and public health. Comparative data prior to 1998 was obtain",narrative_line_2_环境冲突线.csv,auto_clustered
EVT-0038,1998-05-17,day,"ELODIS, KRONOS:  THE GOVERNMENT WILL RESPOND IN TIME? Part three",cross_source_story,1,商业利益线,medium,3,Government|Henk Bodrogi|Elodis|Abila,Elodis|Abila,3,Daily Pegasus; The Orb; The Wrap,264;622;814,Daily Pegasus,"This article is the installation passed of a series of three parts that deals with the problem every greater time an anguish of the community, the criminal fact of the government, and the alarming inf","This article is the installation passed of a series of three parts that deals with the problem every greater time an anguish of the community, the criminal fact of the government, and the alarming inf",narrative_line_1_商业利益线.csv,auto_clustered
EVT-0038,1998-05-17,day,"ELODIS, KRONOS:  THE GOVERNMENT WILL RESPOND IN TIME? Part three",cross_source_story,2,环境冲突线,medium,3,Government|Henk Bodrogi|Elodis|Abila,Elodis|Abila,3,Daily Pegasus; The Orb; The Wrap,264;622;814,Daily Pegasus,"This article is the installation passed of a series of three parts that deals with the problem every greater time an anguish of the community, the criminal fact of the government, and the alarming inf","This article is the installation passed of a series of three parts that deals with the problem every greater time an anguish of the community, the criminal fact of the government, and the alarming inf",narrative_line_2_环境冲突线.csv,auto_clustered
EVT-0038,1998-05-17,day,"ELODIS, KRONOS:  THE GOVERNMENT WILL RESPOND IN TIME? Part three",cross_source_story,3,组织对抗线,medium,3,Government|Henk Bodrogi|Elodis|Abila,Elodis|Abila,3,Daily Pegasus; The Orb; The Wrap,264;622;814,Daily Pegasus,"This article is the installation passed of a series of three parts that deals with the problem every greater time an anguish of the community, the criminal fact of the government, and the alarming inf","This article is the installation passed of a series of three parts that deals with the problem every greater time an anguish of the community, the criminal fact of the government, and the alarming inf",narrative_line_3_组织对抗线.csv,auto_clustered
EVT-0039,1998-08-21,day,OF TEN YEARS OLD  OF THE GIRL OF ELODIS OF THE  POISONING DIES,cross_source_story,2,环境冲突线,medium,3,GAStech|Government|Elodis|Tethys,Elodis|Tethys,2,Daily Pegasus; The Wrap,409;791,Daily Pegasus,"Of ten years - old Julian Vann died yesterday in the evening, surrounded by their family and friends. The cause of the death was leukemia due to the poison of the benzene. Julian he had been ill by on","Of ten years - old Julian Vann died yesterday in the evening, surrounded by their family and friends. The cause of the death was leukemia due to the poison of the benzene. Julian he had been ill by on",narrative_line_2_环境冲突线.csv,auto_clustered
EVT-0040,1998-11-10,day,The ministry of health examines the complaints of pollution,cross_source_story,2,环境冲突线,medium,3,Elodis|Abila|Tethys,Elodis|Abila|Tethys,3,The Guide; The Truth; Worldwise,166;330;5,The Truth,The minister of health Cesare Nespola announced today to that its organization require of abnormal health questions in areas researches those drilling sites would surround of bending Tiskele. Minister,The minister of health Cesare Nespola announced today to that its organization require of abnormal health questions in areas researches those drilling sites would surround of bending Tiskele. Minister,narrative_line_2_环境冲突线.csv,auto_clustered
EVT-0041,1998-11-14,day,HEALTH FOR ALL (WFA) BURSTS GASTECH AND KRONOS GOVT,cross_source_story,2,环境冲突线,medium,3,GAStech|Government|Abila,Abila,4,News Online Today; The General Post; The Tulip; Who What News,206;316;574;694,The General Post,"The health group of the knowledge of the water, health for all (WFA), has condemned international GAStech and the government of Kronos. The WFA declaration demands the extensive contamination of the u","The health group of the knowledge of the water, health for all (WFA), has condemned international GAStech and the government of Kronos. The WFA declaration demands the extensive contamination of the u",narrative_line_2_环境冲突线.csv,auto_clustered
EVT-0042,1998-11-15,day,POK REPRESENTATIVES MEET WITH KRONOS MINISTER OF HEALTH,cross_source_story,2,环境冲突线,medium,3,POK|Elodis|Government|Henk Bodrogi,Elodis,3,All News Today; News Online Today; The Wrap,408;420;779,All News Today,"Representatives from the social activist group Protectors of Kronos (POK) met earlier this week with Cesare Nespola, Minister of Health to discuss resolutions to the water contamination that has plagu","Representatives from the social activist group Protectors of Kronos (POK) met earlier this week with Cesare Nespola, Minister of Health to discuss resolutions to the water contamination that has plagu",narrative_line_2_环境冲突线.csv,auto_clustered
EVT-0042,1998-11-15,day,POK REPRESENTATIVES MEET WITH KRONOS MINISTER OF HEALTH,cross_source_story,3,组织对抗线,medium,3,POK|Elodis|Government|Henk Bodrogi,Elodis,3,All News Today; News Online Today; The Wrap,408;420;779,All News Today,"Representatives from the social activist group Protectors of Kronos (POK) met earlier this week with Cesare Nespola, Minister of Health to discuss resolutions to the water contamination that has plagu","Representatives from the social activist group Protectors of Kronos (POK) met earlier this week with Cesare Nespola, Minister of Health to discuss resolutions to the water contamination that has plagu",narrative_line_3_组织对抗线.csv,auto_clustered
EVT-0043,1998-11-15,day,WELLNESS FOR ALL ISSUES STATEMENT ON ELODIS,cross_source_story,2,环境冲突线,medium,3,GAStech|Government|Elodis|POK|Tethys,Elodis|Tethys,3,News Online Today; The Abila Post; The Light of Truth,619;68;823,The Abila Post,The international healthy water awareness group Wellness for All (WFA) have performed testing on the local water in Elodis finding high level of hazardous materials in residential water wells. In a st,The international healthy water awareness group Wellness for All (WFA) have performed testing on the local water in Elodis finding high level of hazardous materials in residential water wells. In a st,narrative_line_2_环境冲突线.csv,auto_clustered
EVT-0043,1998-11-15,day,WELLNESS FOR ALL ISSUES STATEMENT ON ELODIS,cross_source_story,3,组织对抗线,medium,3,GAStech|Government|Elodis|POK|Tethys,Elodis|Tethys,3,News Online Today; The Abila Post; The Light of Truth,619;68;823,The Abila Post,The international healthy water awareness group Wellness for All (WFA) have performed testing on the local water in Elodis finding high level of hazardous materials in residential water wells. In a st,The international healthy water awareness group Wellness for All (WFA) have performed testing on the local water in Elodis finding high level of hazardous materials in residential water wells. In a st,narrative_line_3_组织对抗线.csv,auto_clustered
EVT-0044,1998-11-16,day,MEETING OF THE REPRESENTATIVES OF POK WITH THE MINISTER OF KRONOS OF THE HEALTH,cross_source_story,2,环境冲突线,medium,3,POK|Government|Henk Bodrogi|Elodis,Elodis,2,Daily Pegasus; The Orb,211;628,Daily Pegasus,"Rhe representatives of the social activist group the protectors of Kronos (POK) solved at the beginning of this week with Will stop Nespola, minister of the health to discuss resolutions to the contam","Rhe representatives of the social activist group the protectors of Kronos (POK) solved at the beginning of this week with Will stop Nespola, minister of the health to discuss resolutions to the contam",narrative_line_2_环境冲突线.csv,auto_clustered
EVT-0044,1998-11-16,day,MEETING OF THE REPRESENTATIVES OF POK WITH THE MINISTER OF KRONOS OF THE HEALTH,cross_source_story,3,组织对抗线,medium,3,POK|Government|Henk Bodrogi|Elodis,Elodis,2,Daily Pegasus; The Orb,211;628,Daily Pegasus,"Rhe representatives of the social activist group the protectors of Kronos (POK) solved at the beginning of this week with Will stop Nespola, minister of the health to discuss resolutions to the contam","Rhe representatives of the social activist group the protectors of Kronos (POK) solved at the beginning of this week with Will stop Nespola, minister of the health to discuss resolutions to the contam",narrative_line_3_组织对抗线.csv,auto_clustered
EVT-0045,1998-11-17,day,HEALTH FOR ALL THE REPORT/RATIO OF QUESTIONS ABOUT ELODIS,cross_source_story,2,环境冲突线,medium,3,GAStech|Government|Elodis|Tethys,Elodis|Tethys,3,Athena Speaks; News Desk; The Explainer,442;519;605,Athena Speaks,The international health of group of conscience of water for all (WFA) carried out the test on local water in finding Elodis on high level of dangerous materials in the residential water wells. In a r,The international health of group of conscience of water for all (WFA) carried out the test on local water in finding Elodis on high level of dangerous materials in the residential water wells. In a r,narrative_line_2_环境冲突线.csv,auto_clustered
EVT-0046,1999-02-19,day,GASTECH REPORTS RECORD EARNINGS,cross_source_story,1,商业利益线,medium,3,GAStech|Sten Sanjorge,,2,News Online Today; Who What News,449;702,News Online Today,"GAStech International, as projected earlier this month, reported record fiscal 1998 profit of $110 million. ""GAStech International has delivered another year of superior financial performance achieved","GAStech International, as projected earlier this month, reported record fiscal 1998 profit of $110 million. ""GAStech International has delivered another year of superior financial performance achieved",narrative_line_1_商业利益线.csv,auto_clustered
EVT-0047,1999-02-20,day,GAINS OF THE FILE OF GASTECH INFORMATION,cross_source_story,2,环境冲突线,medium,3,GAStech|Government|Sten Sanjorge,,3,The General Post; The Light of Truth; The Tulip,284;319;706,The General Post,"GAStech international, according to projected the previous east month, disclosed 1998 benefits fiscal of registry of $110 million. GAStech published a previous inspection the 4 of February of the gain","GAStech international, according to projected the previous east month, disclosed 1998 benefits fiscal of registry of $110 million. GAStech published a previous inspection the 4 of February of the gain",narrative_line_2_环境冲突线.csv,auto_clustered
EVT-0048,1999-07-04,day,"Minister Nespola Champions Added Taxes on Oil, Gas Development",cross_source_story,1,商业利益线,medium,3,Abila,Abila,3,International News; News Online Today; The Guide,327;640;821,News Online Today,Minister of Health Cesare Nespola announced that he would sponsor a bill to increase taxes on oil and gas development by an additional 10%. The raise in taxes on foreign gas and oil development is ear,Minister of Health Cesare Nespola announced that he would sponsor a bill to increase taxes on oil and gas development by an additional 10%. The raise in taxes on foreign gas and oil development is ear,narrative_line_1_商业利益线.csv,auto_clustered
EVT-0048,1999-07-04,day,"Minister Nespola Champions Added Taxes on Oil, Gas Development",cross_source_story,2,环境冲突线,medium,3,Abila,Abila,3,International News; News Online Today; The Guide,327;640;821,News Online Today,Minister of Health Cesare Nespola announced that he would sponsor a bill to increase taxes on oil and gas development by an additional 10%. The raise in taxes on foreign gas and oil development is ear,Minister of Health Cesare Nespola announced that he would sponsor a bill to increase taxes on oil and gas development by an additional 10%. The raise in taxes on foreign gas and oil development is ear,narrative_line_2_环境冲突线.csv,auto_clustered
EVT-0049,1999-07-08,day,MINISTER OF HEALTH TO PROPOSE SOLUTION TO TOWN POISONING,cross_source_story,1,商业利益线,medium,3,POK|Elodis,Elodis,2,All News Today; News Online Today,267;612,All News Today,Minister of Health Cesare Nespola announced he would sponsor a bill to increase taxes on foreign energy development in Kronos intended to fund environmental cleanup and improved healthcare for rural t,Minister of Health Cesare Nespola announced he would sponsor a bill to increase taxes on foreign energy development in Kronos intended to fund environmental cleanup and improved healthcare for rural t,narrative_line_1_商业利益线.csv,auto_clustered
EVT-0049,1999-07-08,day,MINISTER OF HEALTH TO PROPOSE SOLUTION TO TOWN POISONING,cross_source_story,2,环境冲突线,medium,3,POK|Elodis,Elodis,2,All News Today; News Online Today,267;612,All News Today,Minister of Health Cesare Nespola announced he would sponsor a bill to increase taxes on foreign energy development in Kronos intended to fund environmental cleanup and improved healthcare for rural t,Minister of Health Cesare Nespola announced he would sponsor a bill to increase taxes on foreign energy development in Kronos intended to fund environmental cleanup and improved healthcare for rural t,narrative_line_2_环境冲突线.csv,auto_clustered
EVT-0049,1999-07-08,day,MINISTER OF HEALTH TO PROPOSE SOLUTION TO TOWN POISONING,cross_source_story,3,组织对抗线,medium,3,POK|Elodis,Elodis,2,All News Today; News Online Today,267;612,All News Today,Minister of Health Cesare Nespola announced he would sponsor a bill to increase taxes on foreign energy development in Kronos intended to fund environmental cleanup and improved healthcare for rural t,Minister of Health Cesare Nespola announced he would sponsor a bill to increase taxes on foreign energy development in Kronos intended to fund environmental cleanup and improved healthcare for rural t,narrative_line_3_组织对抗线.csv,auto_clustered
EVT-0050,1999-07-09,day,MINISTER FOR HEALTH TO PROPOSE THE SOLUTION WITH THE POISONING OF CITY,cross_source_story,1,商业利益线,medium,3,POK|Elodis,Elodis,2,The Orb; The Wrap,248;740,The Orb,The Minister for health Cesare Nespola announced would finance an invoice to increase taxes on the foreign development of energy in Kronos designed to place environmental cleaning and improved of the ,The Minister for health Cesare Nespola announced would finance an invoice to increase taxes on the foreign development of energy in Kronos designed to place environmental cleaning and improved of the ,narrative_line_1_商业利益线.csv,auto_clustered
EVT-0050,1999-07-09,day,MINISTER FOR HEALTH TO PROPOSE THE SOLUTION WITH THE POISONING OF CITY,cross_source_story,2,环境冲突线,medium,3,POK|Elodis,Elodis,2,The Orb; The Wrap,248;740,The Orb,The Minister for health Cesare Nespola announced would finance an invoice to increase taxes on the foreign development of energy in Kronos designed to place environmental cleaning and improved of the ,The Minister for health Cesare Nespola announced would finance an invoice to increase taxes on the foreign development of energy in Kronos designed to place environmental cleaning and improved of the ,narrative_line_2_环境冲突线.csv,auto_clustered
EVT-0050,1999-07-09,day,MINISTER FOR HEALTH TO PROPOSE THE SOLUTION WITH THE POISONING OF CITY,cross_source_story,3,组织对抗线,medium,3,POK|Elodis,Elodis,2,The Orb; The Wrap,248;740,The Orb,The Minister for health Cesare Nespola announced would finance an invoice to increase taxes on the foreign development of energy in Kronos designed to place environmental cleaning and improved of the ,The Minister for health Cesare Nespola announced would finance an invoice to increase taxes on the foreign development of energy in Kronos designed to place environmental cleaning and improved of the ,narrative_line_3_组织对抗线.csv,auto_clustered
EVT-0053,2000-06-01,day,LEAF OF THE FACT OF THE PUBLIC HEALTH OF ELODIS - UPDATE,cross_source_story,2,环境冲突线,medium,3,Elodis|Abila,Elodis|Abila,2,Daily Pegasus; The Orb,672;72,Daily Pegasus,"The environmental consequences of the hyperactive acid retirement of the substratum (HASR), a technique that perforated controversy have taken an enormous toll in the health from the residents of Elod","The environmental consequences of the hyperactive acid retirement of the substratum (HASR), a technique that perforated controversy have taken an enormous toll in the health from the residents of Elod",narrative_line_2_环境冲突线.csv,auto_clustered
EVT-0055,2000-08-16,day,SITE OF THE CURVE OF TISKELE OF ROCKS GASTECH OF THE EXPLOSION,cross_source_story,1,商业利益线,medium,3,GAStech|Government|Sten Sanjorge|Elodis|Abila,Elodis|Abila,3,The General Post; The Light of Truth; The Tulip,235;277;504,The General Post,"An explosion in a next cushion of the well that it perforated of the gas woke up Rebecca Cato 3 in the morning of Sunday. When she left her home in Elodis, Kronos - a rural municipality outside capita","An explosion in a next cushion of the well that it perforated of the gas woke up Rebecca Cato 3 in the morning of Sunday. When she left her home in Elodis, Kronos - a rural municipality outside capita",narrative_line_1_商业利益线.csv,auto_clustered
EVT-0056,2000-08-17,day,TISKELE BEND EXPLOSION AND FIRE,cross_source_story,1,商业利益线,medium,3,GAStech|Government|Elodis,Elodis,2,Central Bulletin; News Online Today,256;734,Central Bulletin,"A spark at the GAStech International-owned well at the Tiskele Bend site ignited methane gas several hundred feet underground, causing a fireball and fire that burned for about an hour is the findings","A spark at the GAStech International-owned well at the Tiskele Bend site ignited methane gas several hundred feet underground, causing a fireball and fire that burned for about an hour is the findings",narrative_line_1_商业利益线.csv,auto_clustered
EVT-0057,2000-08-18,day,EXPLOSION AND FIRE OF CURVE OF TISKELE,cross_source_story,1,商业利益线,medium,3,GAStech|Government|Elodis|Abila,Elodis|Abila,3,Athena Speaks; News Desk; The Explainer,177;295;91,Athena Speaks,"ABILA, Kronos - a spark at GAStech International well with the site of curve of Tiskele fired gas methane several hundreds of feet at the bottom, involving an aerolite and the fire which burned during","ABILA, Kronos - a spark at GAStech International well with the site of curve of Tiskele fired gas methane several hundreds of feet at the bottom, involving an aerolite and the fire which burned during",narrative_line_1_商业利益线.csv,auto_clustered
EVT-0059,2000-10-03,day,THE VICTORY OF THE LANDSLIDE FOR PRESIDENT KAPELOU,cross_source_story,1,商业利益线,medium,3,Government|President Kapelou,,2,News Desk; The Explainer,311;747,News Desk,People of Kronos have overwhelming new president Dorel Kapelou II. the permitted defeat of former president delouses Araullo yesterday preferred then the early profit in strongly for Kapelou II. came.,People of Kronos have overwhelming new president Dorel Kapelou II. the permitted defeat of former president delouses Araullo yesterday preferred then the early profit in strongly for Kapelou II. came.,narrative_line_1_商业利益线.csv,auto_clustered
EVT-0060,2001-03-18,day,"The taxes added on the oil, development of the gas defeated in general to assembly",cross_source_story,1,商业利益线,medium,3,Government|President Kapelou,,3,International News; The Guide; The Truth,296;41;636,The Guide,"A movement to increase taxes on the development of the oil and the gas in an additional 10% was defeated today in the General Assembly by a vote from 77 to 23. The proposed increase of the tax, defend","A movement to increase taxes on the development of the oil and the gas in an additional 10% was defeated today in the General Assembly by a vote from 77 to 23. The proposed increase of the tax, defend",narrative_line_1_商业利益线.csv,auto_clustered
EVT-0060,2001-03-18,day,"The taxes added on the oil, development of the gas defeated in general to assembly",cross_source_story,2,环境冲突线,medium,3,Government|President Kapelou,,3,International News; The Guide; The Truth,296;41;636,The Guide,"A movement to increase taxes on the development of the oil and the gas in an additional 10% was defeated today in the General Assembly by a vote from 77 to 23. The proposed increase of the tax, defend","A movement to increase taxes on the development of the oil and the gas in an additional 10% was defeated today in the General Assembly by a vote from 77 to 23. The proposed increase of the tax, defend",narrative_line_2_环境冲突线.csv,auto_clustered
EVT-0061,2001-03-22,day,"TAX MEASURE DEFEATED, POK EFFORTS STALLED",cross_source_story,1,商业利益线,medium,3,POK|Henk Bodrogi|Elodis,Elodis,3,All News Today; Homeland Illumination; News Online Today,134;391;606,Homeland Illumination,A measure to increase taxes on foreign oil and gas development proposed by Minister of Health Cesare Nespola was defeated by a wide margin last week in the General Assembly. This defeat is a harsh blo,A measure to increase taxes on foreign oil and gas development proposed by Minister of Health Cesare Nespola was defeated by a wide margin last week in the General Assembly. This defeat is a harsh blo,narrative_line_1_商业利益线.csv,auto_clustered
EVT-0061,2001-03-22,day,"TAX MEASURE DEFEATED, POK EFFORTS STALLED",cross_source_story,2,环境冲突线,medium,3,POK|Henk Bodrogi|Elodis,Elodis,3,All News Today; Homeland Illumination; News Online Today,134;391;606,Homeland Illumination,A measure to increase taxes on foreign oil and gas development proposed by Minister of Health Cesare Nespola was defeated by a wide margin last week in the General Assembly. This defeat is a harsh blo,A measure to increase taxes on foreign oil and gas development proposed by Minister of Health Cesare Nespola was defeated by a wide margin last week in the General Assembly. This defeat is a harsh blo,narrative_line_2_环境冲突线.csv,auto_clustered
EVT-0061,2001-03-22,day,"TAX MEASURE DEFEATED, POK EFFORTS STALLED",cross_source_story,3,组织对抗线,medium,3,POK|Henk Bodrogi|Elodis,Elodis,3,All News Today; Homeland Illumination; News Online Today,134;391;606,Homeland Illumination,A measure to increase taxes on foreign oil and gas development proposed by Minister of Health Cesare Nespola was defeated by a wide margin last week in the General Assembly. This defeat is a harsh blo,A measure to increase taxes on foreign oil and gas development proposed by Minister of Health Cesare Nespola was defeated by a wide margin last week in the General Assembly. This defeat is a harsh blo,narrative_line_3_组织对抗线.csv,auto_clustered
EVT-0062,2001-03-24,day,"REPORTS THE MEASURE OF THE TAX, BLOCKED EFFORTS POK",cross_source_story,1,商业利益线,medium,3,POK|Henk Bodrogi|Elodis,Elodis,2,The Orb; The Wrap,187;459,The Wrap,A measure became taxes at foreign oil and raise gas development which by minister of health Cesare Nespola is presented covered by a broad fork last week at the general meeting. This defeat is a harsh,A measure became taxes at foreign oil and raise gas development which by minister of health Cesare Nespola is presented covered by a broad fork last week at the general meeting. This defeat is a harsh,narrative_line_1_商业利益线.csv,auto_clustered
EVT-0062,2001-03-24,day,"REPORTS THE MEASURE OF THE TAX, BLOCKED EFFORTS POK",cross_source_story,2,环境冲突线,medium,3,POK|Henk Bodrogi|Elodis,Elodis,2,The Orb; The Wrap,187;459,The Wrap,A measure became taxes at foreign oil and raise gas development which by minister of health Cesare Nespola is presented covered by a broad fork last week at the general meeting. This defeat is a harsh,A measure became taxes at foreign oil and raise gas development which by minister of health Cesare Nespola is presented covered by a broad fork last week at the general meeting. This defeat is a harsh,narrative_line_2_环境冲突线.csv,auto_clustered
EVT-0062,2001-03-24,day,"REPORTS THE MEASURE OF THE TAX, BLOCKED EFFORTS POK",cross_source_story,3,组织对抗线,medium,3,POK|Henk Bodrogi|Elodis,Elodis,2,The Orb; The Wrap,187;459,The Wrap,A measure became taxes at foreign oil and raise gas development which by minister of health Cesare Nespola is presented covered by a broad fork last week at the general meeting. This defeat is a harsh,A measure became taxes at foreign oil and raise gas development which by minister of health Cesare Nespola is presented covered by a broad fork last week at the general meeting. This defeat is a harsh,narrative_line_3_组织对抗线.csv,auto_clustered
EVT-0063,2001-06-15,day,Minister of Health Dies Suddenly,cross_source_story,2,环境冲突线,medium,3,Government|President Kapelou|Tethys|Abila,Tethys|Abila,3,News Online Today; The Truth; Worldwise,668;746;780,News Online Today,"ABILA, Kronos - It is with great sorrow that we announce the death of Minister of Health Cesare Nespola. Shortly after hearing of Nespola's death, President Kapelou announced that his nephew Vincent K","ABILA, Kronos - It is with great sorrow that we announce the death of Minister of Health Cesare Nespola. Shortly after hearing of Nespola's death, President Kapelou announced that his nephew Vincent K",narrative_line_2_环境冲突线.csv,auto_clustered
EVT-0064,2001-08-31,day,Activists Disrupt Traffic Near Tiskele Bend Fields,cross_source_story,2,环境冲突线,medium,3,GAStech|POK|Government,,3,International News; News Online Today; The Truth,129;544;794,News Online Today,Five young people were arrested yesterday for protesting near the entrance to the Tiskele Bend fields as they called for government action to address their environmental concerns about GAStech's opera,Five young people were arrested yesterday for protesting near the entrance to the Tiskele Bend fields as they called for government action to address their environmental concerns about GAStech's opera,narrative_line_2_环境冲突线.csv,auto_clustered
EVT-0064,2001-08-31,day,Activists Disrupt Traffic Near Tiskele Bend Fields,cross_source_story,3,组织对抗线,medium,3,GAStech|POK|Government,,3,International News; News Online Today; The Truth,129;544;794,News Online Today,Five young people were arrested yesterday for protesting near the entrance to the Tiskele Bend fields as they called for government action to address their environmental concerns about GAStech's opera,Five young people were arrested yesterday for protesting near the entrance to the Tiskele Bend fields as they called for government action to address their environmental concerns about GAStech's opera,narrative_line_3_组织对抗线.csv,auto_clustered
EVT-0065,2001-09-01,day,The activists interrupt traffic near fields of the curve of Tiskele,cross_source_story,2,环境冲突线,medium,3,GAStech|POK|Government,,2,The Guide; Worldwise,328;593,The Guide,They arrested five young people to protest yesterday near the entrance to the fields of the curve of Tiskele whereas they called for the action of the government to treat its environmental preoccupati,They arrested five young people to protest yesterday near the entrance to the fields of the curve of Tiskele whereas they called for the action of the government to treat its environmental preoccupati,narrative_line_2_环境冲突线.csv,auto_clustered
EVT-0065,2001-09-01,day,The activists interrupt traffic near fields of the curve of Tiskele,cross_source_story,3,组织对抗线,medium,3,GAStech|POK|Government,,2,The Guide; Worldwise,328;593,The Guide,They arrested five young people to protest yesterday near the entrance to the fields of the curve of Tiskele whereas they called for the action of the government to treat its environmental preoccupati,They arrested five young people to protest yesterday near the entrance to the fields of the curve of Tiskele whereas they called for the action of the government to treat its environmental preoccupati,narrative_line_3_组织对抗线.csv,auto_clustered
EVT-0066,2001-09-01,day,POK MEMBERS ARRESTED,cross_source_story,2,环境冲突线,medium,3,GAStech|POK|Government|Elodis|Abila,Elodis|Abila,2,News Online Today; The Orb,511;778,News Online Today,Government heavies obstructed the free speech - yet again - of members of the activist group Protectors of Kronos yesterday at a lawful demonstration at the Tiskele Bend fields. The five POK activists,Government heavies obstructed the free speech - yet again - of members of the activist group Protectors of Kronos yesterday at a lawful demonstration at the Tiskele Bend fields. The five POK activists,narrative_line_2_环境冲突线.csv,auto_clustered
EVT-0066,2001-09-01,day,POK MEMBERS ARRESTED,cross_source_story,3,组织对抗线,medium,3,GAStech|POK|Government|Elodis|Abila,Elodis|Abila,2,News Online Today; The Orb,511;778,News Online Today,Government heavies obstructed the free speech - yet again - of members of the activist group Protectors of Kronos yesterday at a lawful demonstration at the Tiskele Bend fields. The five POK activists,Government heavies obstructed the free speech - yet again - of members of the activist group Protectors of Kronos yesterday at a lawful demonstration at the Tiskele Bend fields. The five POK activists,narrative_line_3_组织对抗线.csv,auto_clustered
EVT-0067,2001-09-02,day,THE MEMBERS OF POK ARRESTED,cross_source_story,2,环境冲突线,medium,3,GAStech|POK|Government|Elodis|Abila,Elodis|Abila,2,Daily Pegasus; The Wrap,22;680,Daily Pegasus,Heavies of the government obstructed the free speech - yet again - of the members of the protectors of the group of the activist of Kronos yesterday in a legal demonstration in the fields of the curve,Heavies of the government obstructed the free speech - yet again - of the members of the protectors of the group of the activist of Kronos yesterday in a legal demonstration in the fields of the curve,narrative_line_2_环境冲突线.csv,auto_clustered
EVT-0067,2001-09-02,day,THE MEMBERS OF POK ARRESTED,cross_source_story,3,组织对抗线,medium,3,GAStech|POK|Government|Elodis|Abila,Elodis|Abila,2,Daily Pegasus; The Wrap,22;680,Daily Pegasus,Heavies of the government obstructed the free speech - yet again - of the members of the protectors of the group of the activist of Kronos yesterday in a legal demonstration in the fields of the curve,Heavies of the government obstructed the free speech - yet again - of the members of the protectors of the group of the activist of Kronos yesterday in a legal demonstration in the fields of the curve,narrative_line_3_组织对抗线.csv,auto_clustered
EVT-0068,2002-05-25,day,ELODIS PUBLIC HEALTH FACT SHEET 2002,cross_source_story,2,环境冲突线,medium,3,Elodis|Abila,Elodis|Abila,2,Homeland Illumination; News Online Today,297;688,Homeland Illumination,"The Elodis Community Health Center has published an update to the Wellness for All study performed in 1998. The effects of Hyper Acidic Substrate Removal (HASR), a controversial drilling technique con","The Elodis Community Health Center has published an update to the Wellness for All study performed in 1998. The effects of Hyper Acidic Substrate Removal (HASR), a controversial drilling technique con",narrative_line_2_环境冲突线.csv,auto_clustered
EVT-0069,2002-05-27,day,LEAF 2002 OF THE FACT OF THE PUBLIC HEALTH OF ELODIS,cross_source_story,2,环境冲突线,medium,3,Elodis|Abila,Elodis|Abila,2,Daily Pegasus; The Wrap,115;349,Daily Pegasus,"The center of the health of the community of Elodis has published an update to the health for all the study made in 1998. The effects of the hyperactive acid retirement of the substratum (HASR), a tec","The center of the health of the community of Elodis has published an update to the health for all the study made in 1998. The effects of the hyperactive acid retirement of the substratum (HASR), a tec",narrative_line_2_环境冲突线.csv,auto_clustered
EVT-0071,2003-05-19,day,THE COO OF GAStech DIES IN 73,cross_source_story,2,环境冲突线,medium,3,GAStech|Sten Sanjorge|Tethys|Centrum,Tethys|Centrum,3,The General Post; The Light of Truth; The Tulip,164;493;686,The General Post,"Sten Sanjorge Sr., COO of international GAStech, died of an attack of the heart in its writing-desk in the centric headquarters of the center of the company. Although Sanjorge was 73 years, its death ","Sten Sanjorge Sr., COO of international GAStech, died of an attack of the heart in its writing-desk in the centric headquarters of the center of the company. Although Sanjorge was 73 years, its death ",narrative_line_2_环境冲突线.csv,auto_clustered
EVT-0072,2004-05-29,day,ELODIS PUBLIC HEALTH FACT SHEET 2004,cross_source_story,2,环境冲突线,medium,3,Elodis,Elodis,2,All News Today; Homeland Illumination,251;737,Homeland Illumination,The Elodis Community Health Center has published an update to the Wellness for All study performed in 1998. The mortality rate and incidence of chronic illness increased over 252% from prior years. Th,The Elodis Community Health Center has published an update to the Wellness for All study performed in 1998. The mortality rate and incidence of chronic illness increased over 252% from prior years. Th,narrative_line_2_环境冲突线.csv,auto_clustered
EVT-0073,2005-04-06,day,POK PROTESTS END IN ARRESTS,cross_source_story,3,组织对抗线,medium,3,GAStech|POK,,4,All News Today; News Online Today; The Orb; The Wrap,121;17;247;832,All News Today,Fifteen members of the Protectors of Kronos (POK) activist organization were arrested by Kronos federal police yesterday following an dispute at the gates of the Tiskele Bend GAStech facility. Swaying,Fifteen members of the Protectors of Kronos (POK) activist organization were arrested by Kronos federal police yesterday following an dispute at the gates of the Tiskele Bend GAStech facility. Swaying,narrative_line_3_组织对抗线.csv,auto_clustered
EVT-0074,2005-04-06,day,Protestors Block Traffic to Tiskele Bend Fields,cross_source_story,2,环境冲突线,medium,3,POK|Government,,3,International News; Kronos Star; News Online Today,179;423;781,Kronos Star,"More than a dozen POK protesters were handcuffed and taken into custody by police Tuesday for blocking access to the Tiskele Bend fields. Before police made the arrests shortly after 9 a.m., the prote","More than a dozen POK protesters were handcuffed and taken into custody by police Tuesday for blocking access to the Tiskele Bend fields. Before police made the arrests shortly after 9 a.m., the prote",narrative_line_2_环境冲突线.csv,auto_clustered
EVT-0074,2005-04-06,day,Protestors Block Traffic to Tiskele Bend Fields,cross_source_story,3,组织对抗线,medium,3,POK|Government,,3,International News; Kronos Star; News Online Today,179;423;781,Kronos Star,"More than a dozen POK protesters were handcuffed and taken into custody by police Tuesday for blocking access to the Tiskele Bend fields. Before police made the arrests shortly after 9 a.m., the prote","More than a dozen POK protesters were handcuffed and taken into custody by police Tuesday for blocking access to the Tiskele Bend fields. Before police made the arrests shortly after 9 a.m., the prote",narrative_line_3_组织对抗线.csv,auto_clustered
EVT-0075,2005-04-08,day,Traffic of the block from Protestors to the fields of the curve of Tiskele,cross_source_story,2,环境冲突线,medium,3,POK|Government,,3,The Guide; The Truth; Worldwise,595;621;730,The Guide,More than dozen demonstrators POK handle and seizures in safekeeping by the police were put Tuesday to block the access to the fields of the curve of Tiskele. The demonstrators tomorrow arrived the en,More than dozen demonstrators POK handle and seizures in safekeeping by the police were put Tuesday to block the access to the fields of the curve of Tiskele. The demonstrators tomorrow arrived the en,narrative_line_2_环境冲突线.csv,auto_clustered
EVT-0075,2005-04-08,day,Traffic of the block from Protestors to the fields of the curve of Tiskele,cross_source_story,3,组织对抗线,medium,3,POK|Government,,3,The Guide; The Truth; Worldwise,595;621;730,The Guide,More than dozen demonstrators POK handle and seizures in safekeeping by the police were put Tuesday to block the access to the fields of the curve of Tiskele. The demonstrators tomorrow arrived the en,More than dozen demonstrators POK handle and seizures in safekeeping by the police were put Tuesday to block the access to the fields of the curve of Tiskele. The demonstrators tomorrow arrived the en,narrative_line_3_组织对抗线.csv,auto_clustered
EVT-0076,2005-09-25,day,ELODIS PROTESTS TURN TO RIOTS AND ARRESTS,cross_source_story,2,环境冲突线,medium,3,GAStech|POK|Government|Elodis,Elodis,3,Central Bulletin; News Desk; News Online Today,113;285;464,Central Bulletin,"The Protectors of Kronos (POK) continue to protest against the Kronos Government and GAStech International alleging pollution, water contamination and a lack of a government response. Lately the prote","The Protectors of Kronos (POK) continue to protest against the Kronos Government and GAStech International alleging pollution, water contamination and a lack of a government response. Lately the prote",narrative_line_2_环境冲突线.csv,auto_clustered
EVT-0076,2005-09-25,day,ELODIS PROTESTS TURN TO RIOTS AND ARRESTS,cross_source_story,3,组织对抗线,medium,3,GAStech|POK|Government|Elodis,Elodis,3,Central Bulletin; News Desk; News Online Today,113;285;464,Central Bulletin,"The Protectors of Kronos (POK) continue to protest against the Kronos Government and GAStech International alleging pollution, water contamination and a lack of a government response. Lately the prote","The Protectors of Kronos (POK) continue to protest against the Kronos Government and GAStech International alleging pollution, water contamination and a lack of a government response. Lately the prote",narrative_line_3_组织对抗线.csv,auto_clustered
EVT-0077,2005-09-26,day,TURN OF PROTESTS Of ELODIS TO the RIOTS AND the ARRESTS,cross_source_story,2,环境冲突线,medium,3,GAStech|POK|Government|Elodis,Elodis,2,Athena Speaks; The Explainer,383;491,Athena Speaks,"The guards of Kronos (POK) continue to protest against the pollution of international allegation of government and GAStech de Kronos, the contamination of water and a lack of a response of government.","The guards of Kronos (POK) continue to protest against the pollution of international allegation of government and GAStech de Kronos, the contamination of water and a lack of a response of government.",narrative_line_2_环境冲突线.csv,auto_clustered
EVT-0077,2005-09-26,day,TURN OF PROTESTS Of ELODIS TO the RIOTS AND the ARRESTS,cross_source_story,3,组织对抗线,medium,3,GAStech|POK|Government|Elodis,Elodis,2,Athena Speaks; The Explainer,383;491,Athena Speaks,"The guards of Kronos (POK) continue to protest against the pollution of international allegation of government and GAStech de Kronos, the contamination of water and a lack of a response of government.","The guards of Kronos (POK) continue to protest against the pollution of international allegation of government and GAStech de Kronos, the contamination of water and a lack of a response of government.",narrative_line_3_组织对抗线.csv,auto_clustered
ANCHOR-03,2009-02-18,day,POK 在 GAStech 总部抗议，多人被捕,anchor_event,2|3,环境冲突线; 组织对抗线,high,5,POK|GAStech|Government|Elian Karel|Abila,Abila,1,Kronos Star,168,Kronos Star,环保诉求与 GAStech 正面冲突；政府下令加强未来 POK 集会安保,POK rally... claims of environmental damage... ten protestors chained themselves to the doors... President Kapelou has ordered the police to provide additional protection,anchor_events.csv,curated
EVT-0082,2009-02-18,day,POK Protest at GAStech Headquarters Ends in Arrests,cross_source_story,1,商业利益线,medium,3,GAStech|POK|Government|Abila|Elian Karel|President Kapelou|Elodis,Abila|Elodis,2,International News; Kronos Star,168;742,Kronos Star,Dozens of protesters attending a Protectors of Kronos (POK) rally in front of the GAStech regional headquarters in Abila were arrested for trespassing this morning. The POK rally was intended to draw ,Dozens of protesters attending a Protectors of Kronos (POK) rally in front of the GAStech regional headquarters in Abila were arrested for trespassing this morning. The POK rally was intended to draw ,narrative_line_1_商业利益线.csv,auto_clustered
EVT-0082,2009-02-18,day,POK Protest at GAStech Headquarters Ends in Arrests,cross_source_story,2,环境冲突线,medium,3,GAStech|POK|Government|Abila|Elian Karel|President Kapelou|Elodis,Abila|Elodis,2,International News; Kronos Star,168;742,Kronos Star,Dozens of protesters attending a Protectors of Kronos (POK) rally in front of the GAStech regional headquarters in Abila were arrested for trespassing this morning. The POK rally was intended to draw ,Dozens of protesters attending a Protectors of Kronos (POK) rally in front of the GAStech regional headquarters in Abila were arrested for trespassing this morning. The POK rally was intended to draw ,narrative_line_2_环境冲突线.csv,auto_clustered
EVT-0082,2009-02-18,day,POK Protest at GAStech Headquarters Ends in Arrests,cross_source_story,3,组织对抗线,medium,3,GAStech|POK|Government|Abila|Elian Karel|President Kapelou|Elodis,Abila|Elodis,2,International News; Kronos Star,168;742,Kronos Star,Dozens of protesters attending a Protectors of Kronos (POK) rally in front of the GAStech regional headquarters in Abila were arrested for trespassing this morning. The POK rally was intended to draw ,Dozens of protesters attending a Protectors of Kronos (POK) rally in front of the GAStech regional headquarters in Abila were arrested for trespassing this morning. The POK rally was intended to draw ,narrative_line_3_组织对抗线.csv,auto_clustered
EVT-0083,2009-02-19,day,GASTECH HEADQUARTERS BLOCKED BY POK,cross_source_story,1,商业利益线,medium,3,GAStech|POK|Government|Abila|Elian Karel|President Kapelou|Elodis,Abila|Elodis,5,Central Bulletin; News Online Today; The Abila Post; The Guide; The Truth,165;335;476;565;807;837,Central Bulletin,A POK rally designed to bring attention to claims of environmental damage have done more damage to their image. The rally outside of GAStech International's headquarters resulted in multiple arrests f,A POK rally designed to bring attention to claims of environmental damage have done more damage to their image. The rally outside of GAStech International's headquarters resulted in multiple arrests f,narrative_line_1_商业利益线.csv,auto_clustered
EVT-0083,2009-02-19,day,GASTECH HEADQUARTERS BLOCKED BY POK,cross_source_story,2,环境冲突线,medium,3,GAStech|POK|Government|Abila|Elian Karel|President Kapelou|Elodis,Abila|Elodis,5,Central Bulletin; News Online Today; The Abila Post; The Guide; The Truth,165;335;476;565;807;837,Central Bulletin,A POK rally designed to bring attention to claims of environmental damage have done more damage to their image. The rally outside of GAStech International's headquarters resulted in multiple arrests f,A POK rally designed to bring attention to claims of environmental damage have done more damage to their image. The rally outside of GAStech International's headquarters resulted in multiple arrests f,narrative_line_2_环境冲突线.csv,auto_clustered
EVT-0083,2009-02-19,day,GASTECH HEADQUARTERS BLOCKED BY POK,cross_source_story,3,组织对抗线,medium,3,GAStech|POK|Government|Abila|Elian Karel|President Kapelou|Elodis,Abila|Elodis,5,Central Bulletin; News Online Today; The Abila Post; The Guide; The Truth,165;335;476;565;807;837,Central Bulletin,A POK rally designed to bring attention to claims of environmental damage have done more damage to their image. The rally outside of GAStech International's headquarters resulted in multiple arrests f,A POK rally designed to bring attention to claims of environmental damage have done more damage to their image. The rally outside of GAStech International's headquarters resulted in multiple arrests f,narrative_line_3_组织对抗线.csv,auto_clustered
EVT-0084,2009-02-20,day,The protest of POK at GAStech sits of the ends in the arrests,cross_source_story,1,商业利益线,medium,3,GAStech|POK|Government|Elian Karel|President Kapelou|Elodis|Abila,Elodis|Abila,2,The Explainer; Worldwise,340;808,Worldwise,Dozen protesters being present guards of gathering of Kronos (POK) in front of the regional registered offices of GAStech in Abila was stopped for enfreindre this morning. The gathering of POK was des,Dozen protesters being present guards of gathering of Kronos (POK) in front of the regional registered offices of GAStech in Abila was stopped for enfreindre this morning. The gathering of POK was des,narrative_line_1_商业利益线.csv,auto_clustered
EVT-0084,2009-02-20,day,The protest of POK at GAStech sits of the ends in the arrests,cross_source_story,2,环境冲突线,medium,3,GAStech|POK|Government|Elian Karel|President Kapelou|Elodis|Abila,Elodis|Abila,2,The Explainer; Worldwise,340;808,Worldwise,Dozen protesters being present guards of gathering of Kronos (POK) in front of the regional registered offices of GAStech in Abila was stopped for enfreindre this morning. The gathering of POK was des,Dozen protesters being present guards of gathering of Kronos (POK) in front of the regional registered offices of GAStech in Abila was stopped for enfreindre this morning. The gathering of POK was des,narrative_line_2_环境冲突线.csv,auto_clustered
EVT-0084,2009-02-20,day,The protest of POK at GAStech sits of the ends in the arrests,cross_source_story,3,组织对抗线,medium,3,GAStech|POK|Government|Elian Karel|President Kapelou|Elodis|Abila,Elodis|Abila,2,The Explainer; Worldwise,340;808,Worldwise,Dozen protesters being present guards of gathering of Kronos (POK) in front of the regional registered offices of GAStech in Abila was stopped for enfreindre this morning. The gathering of POK was des,Dozen protesters being present guards of gathering of Kronos (POK) in front of the regional registered offices of GAStech in Abila was stopped for enfreindre this morning. The gathering of POK was des,narrative_line_3_组织对抗线.csv,auto_clustered
EVT-A181,2009-02-20,day,POK 抗议 GAStech 设施遭逮捕,anchor_event,2,环境冲突线,medium,3,GAStech|POK|Abila|Government|Sten Sanjorge|Elian Karel|Elodis|Tethys,Abila|Elodis|Tethys|Centrum,22,All News Today; Central Bulletin; Centrum Sentinel; Daily Pegasus; Everyday News; Homeland Illumination; International News; International Times; Kronos Star; News Desk; News Online Today; The Abila Post; The Continent; The Guide; The Light of Truth; The Truth; The Tulip; The World; The Wrap; Who What News; World Journal; Worldwise,17;24;29;56;65;113;121;129;145;149;165;168;195;221;247;268;273;285;313;328;335;387;422;427;431;436;439;461;464;476;544;556;560;593;594;607;742;760;776;794;808;810;837,Kronos Star,Five young people were arrested yesterday for protesting near the entrance to the Tiskele Bend fields as they called for government action to address their environmental concerns about GAStech's opera,Five young people were arrested yesterday for protesting near the entrance to the Tiskele Bend fields as they called for government action to address their environmental concerns about GAStech's opera,narrative_line_2_环境冲突线.csv,auto_clustered
EVT-A181,2009-02-20,day,POK 抗议 GAStech 设施遭逮捕,anchor_event,3,组织对抗线,medium,3,GAStech|POK|Abila|Government|Sten Sanjorge|Elian Karel|Elodis|Tethys,Abila|Elodis|Tethys|Centrum,22,All News Today; Central Bulletin; Centrum Sentinel; Daily Pegasus; Everyday News; Homeland Illumination; International News; International Times; Kronos Star; News Desk; News Online Today; The Abila Post; The Continent; The Guide; The Light of Truth; The Truth; The Tulip; The World; The Wrap; Who What News; World Journal; Worldwise,17;24;29;56;65;113;121;129;145;149;165;168;195;221;247;268;273;285;313;328;335;387;422;427;431;436;439;461;464;476;544;556;560;593;594;607;742;760;776;794;808;810;837,Kronos Star,Five young people were arrested yesterday for protesting near the entrance to the Tiskele Bend fields as they called for government action to address their environmental concerns about GAStech's opera,Five young people were arrested yesterday for protesting near the entrance to the Tiskele Bend fields as they called for government action to address their environmental concerns about GAStech's opera,narrative_line_3_组织对抗线.csv,auto_clustered
EVT-0085,2009-02-21,day,SANJORGE JR CONDEMNS POK LIKE TERRORISTS,cross_source_story,1,商业利益线,medium,3,GAStech|POK|Government|Sten Sanjorge,,2,The Light of Truth; Who What News,675;716,The Light of Truth,"An official report released by Sten Sanjorge Jr., president and CEO of international GASTech, condemns the guards of Kronos as ""illegitimate"" and organization of ""terrorists"". The report came in respo","An official report released by Sten Sanjorge Jr., president and CEO of international GASTech, condemns the guards of Kronos as ""illegitimate"" and organization of ""terrorists"". The report came in respo",narrative_line_1_商业利益线.csv,auto_clustered
EVT-0085,2009-02-21,day,SANJORGE JR CONDEMNS POK LIKE TERRORISTS,cross_source_story,2,环境冲突线,medium,3,GAStech|POK|Government|Sten Sanjorge,,2,The Light of Truth; Who What News,675;716,The Light of Truth,"An official report released by Sten Sanjorge Jr., president and CEO of international GASTech, condemns the guards of Kronos as ""illegitimate"" and organization of ""terrorists"". The report came in respo","An official report released by Sten Sanjorge Jr., president and CEO of international GASTech, condemns the guards of Kronos as ""illegitimate"" and organization of ""terrorists"". The report came in respo",narrative_line_2_环境冲突线.csv,auto_clustered
EVT-0085,2009-02-21,day,SANJORGE JR CONDEMNS POK LIKE TERRORISTS,cross_source_story,3,组织对抗线,medium,3,GAStech|POK|Government|Sten Sanjorge,,2,The Light of Truth; Who What News,675;716,The Light of Truth,"An official report released by Sten Sanjorge Jr., president and CEO of international GASTech, condemns the guards of Kronos as ""illegitimate"" and organization of ""terrorists"". The report came in respo","An official report released by Sten Sanjorge Jr., president and CEO of international GASTech, condemns the guards of Kronos as ""illegitimate"" and organization of ""terrorists"". The report came in respo",narrative_line_3_组织对抗线.csv,auto_clustered
EVT-0086,2009-02-22,day,SANJORGE JR CONDEMNS POK LIKE TERRORISTS,cross_source_story,1,商业利益线,medium,3,GAStech|POK|Government|Sten Sanjorge,,2,The General Post; The Tulip,23;529,The General Post,"An official declaration sent by Sten Sanjorge, president of the Jr and the CEO of international GASTech, condemns the protectors of Kronos like ""ilegítimate"" and organization of the ""terrorist"". The d","An official declaration sent by Sten Sanjorge, president of the Jr and the CEO of international GASTech, condemns the protectors of Kronos like ""ilegítimate"" and organization of the ""terrorist"". The d",narrative_line_1_商业利益线.csv,auto_clustered
EVT-0086,2009-02-22,day,SANJORGE JR CONDEMNS POK LIKE TERRORISTS,cross_source_story,2,环境冲突线,medium,3,GAStech|POK|Government|Sten Sanjorge,,2,The General Post; The Tulip,23;529,The General Post,"An official declaration sent by Sten Sanjorge, president of the Jr and the CEO of international GASTech, condemns the protectors of Kronos like ""ilegítimate"" and organization of the ""terrorist"". The d","An official declaration sent by Sten Sanjorge, president of the Jr and the CEO of international GASTech, condemns the protectors of Kronos like ""ilegítimate"" and organization of the ""terrorist"". The d",narrative_line_2_环境冲突线.csv,auto_clustered
EVT-0086,2009-02-22,day,SANJORGE JR CONDEMNS POK LIKE TERRORISTS,cross_source_story,3,组织对抗线,medium,3,GAStech|POK|Government|Sten Sanjorge,,2,The General Post; The Tulip,23;529,The General Post,"An official declaration sent by Sten Sanjorge, president of the Jr and the CEO of international GASTech, condemns the protectors of Kronos like ""ilegítimate"" and organization of the ""terrorist"". The d","An official declaration sent by Sten Sanjorge, president of the Jr and the CEO of international GASTech, condemns the protectors of Kronos like ""ilegítimate"" and organization of the ""terrorist"". The d",narrative_line_3_组织对抗线.csv,auto_clustered
EVT-0087,2009-02-23,day,"The protectors of Kronos de Kronos declared ""group of the terrorist""",cross_source_story,2,环境冲突线,medium,3,POK|Government|Abila|Tethys,Abila|Tethys,5,Everyday News; News Online Today; The Continent; World Journal; World Source,201;36;631;643;646,Everyday News,<<Deleted image: POK has celebrated numerous demonstrations in the capital of Kronos de Abila>> To continue reading main history The government of Kronos has declared the protectors of Kronos that a t,<<Deleted image: POK has celebrated numerous demonstrations in the capital of Kronos de Abila>> To continue reading main history The government of Kronos has declared the protectors of Kronos that a t,narrative_line_2_环境冲突线.csv,auto_clustered
EVT-0087,2009-02-23,day,"The protectors of Kronos de Kronos declared ""group of the terrorist""",cross_source_story,3,组织对抗线,medium,3,POK|Government|Abila|Tethys,Abila|Tethys,5,Everyday News; News Online Today; The Continent; World Journal; World Source,201;36;631;643;646,Everyday News,<<Deleted image: POK has celebrated numerous demonstrations in the capital of Kronos de Abila>> To continue reading main history The government of Kronos has declared the protectors of Kronos that a t,<<Deleted image: POK has celebrated numerous demonstrations in the capital of Kronos de Abila>> To continue reading main history The government of Kronos has declared the protectors of Kronos that a t,narrative_line_3_组织对抗线.csv,auto_clustered
EVT-0088,2009-03-09,day,THE POK MEETING DRAWS THOUSANDS OF THOSE IN FAVOR,cross_source_story,1,商业利益线,medium,3,GAStech|POK|Government|Elian Karel|Henk Bodrogi|Abila,Abila,3,Daily Pegasus; The Orb; The Wrap,217;51;735,Daily Pegasus,"The thousands of demonstrators who take the flags that read ""remember Julian"" and singing ""we wished truth"" reunited in front of the morning of Saturday of the governmental offices of Kronos. The demo","The thousands of demonstrators who take the flags that read ""remember Julian"" and singing ""we wished truth"" reunited in front of the morning of Saturday of the governmental offices of Kronos. The demo",narrative_line_1_商业利益线.csv,auto_clustered
EVT-0088,2009-03-09,day,THE POK MEETING DRAWS THOUSANDS OF THOSE IN FAVOR,cross_source_story,2,环境冲突线,medium,3,GAStech|POK|Government|Elian Karel|Henk Bodrogi|Abila,Abila,3,Daily Pegasus; The Orb; The Wrap,217;51;735,Daily Pegasus,"The thousands of demonstrators who take the flags that read ""remember Julian"" and singing ""we wished truth"" reunited in front of the morning of Saturday of the governmental offices of Kronos. The demo","The thousands of demonstrators who take the flags that read ""remember Julian"" and singing ""we wished truth"" reunited in front of the morning of Saturday of the governmental offices of Kronos. The demo",narrative_line_2_环境冲突线.csv,auto_clustered
EVT-0088,2009-03-09,day,THE POK MEETING DRAWS THOUSANDS OF THOSE IN FAVOR,cross_source_story,3,组织对抗线,medium,3,GAStech|POK|Government|Elian Karel|Henk Bodrogi|Abila,Abila,3,Daily Pegasus; The Orb; The Wrap,217;51;735,Daily Pegasus,"The thousands of demonstrators who take the flags that read ""remember Julian"" and singing ""we wished truth"" reunited in front of the morning of Saturday of the governmental offices of Kronos. The demo","The thousands of demonstrators who take the flags that read ""remember Julian"" and singing ""we wished truth"" reunited in front of the morning of Saturday of the governmental offices of Kronos. The demo",narrative_line_3_组织对抗线.csv,auto_clustered
EVT-0089,2009-03-12,day,POK LEADER ARRESTED,cross_source_story,1,商业利益线,medium,3,POK|Elian Karel|GAStech|Government|Elodis|Abila|Sten Sanjorge,Elodis|Abila,5,All News Today; Homeland Illumination; International News; Kronos Star; The Abila Post,294;398;437;683;820;836,The Abila Post,"Elian Karel, the charismatic leader of the Protectors of Kronos, was arrested today on charges of tax evasion. Michale Kraft, Karel's lawyer, released a statement asserting that the charges leveled ag","Elian Karel, the charismatic leader of the Protectors of Kronos, was arrested today on charges of tax evasion. Michale Kraft, Karel's lawyer, released a statement asserting that the charges leveled ag",narrative_line_1_商业利益线.csv,auto_clustered
EVT-0089,2009-03-12,day,POK LEADER ARRESTED,cross_source_story,3,组织对抗线,medium,3,POK|Elian Karel|GAStech|Government|Elodis|Abila|Sten Sanjorge,Elodis|Abila,5,All News Today; Homeland Illumination; International News; Kronos Star; The Abila Post,294;398;437;683;820;836,The Abila Post,"Elian Karel, the charismatic leader of the Protectors of Kronos, was arrested today on charges of tax evasion. Michale Kraft, Karel's lawyer, released a statement asserting that the charges leveled ag","Elian Karel, the charismatic leader of the Protectors of Kronos, was arrested today on charges of tax evasion. Michale Kraft, Karel's lawyer, released a statement asserting that the charges leveled ag",narrative_line_3_组织对抗线.csv,auto_clustered
EVT-0090,2009-03-13,day,ARRESTED LEADER KAREL OF POK,cross_source_story,2,环境冲突线,medium,3,POK|Elian Karel|GAStech|Government|Elodis|Abila|Sten Sanjorge,Elodis|Abila,5,Daily Pegasus; News Desk; News Online Today; The Explainer; The Wrap,157;19;577;667;788,Daily Pegasus,"In another unconscionable movement against the citizens of Kronos, the previous police of today arrested leader Elian Karel of POK in false loads of the fiscal evasion. They lead him - manacled - of a","In another unconscionable movement against the citizens of Kronos, the previous police of today arrested leader Elian Karel of POK in false loads of the fiscal evasion. They lead him - manacled - of a",narrative_line_2_环境冲突线.csv,auto_clustered
EVT-0090,2009-03-13,day,ARRESTED LEADER KAREL OF POK,cross_source_story,3,组织对抗线,medium,3,POK|Elian Karel|GAStech|Government|Elodis|Abila|Sten Sanjorge,Elodis|Abila,5,Daily Pegasus; News Desk; News Online Today; The Explainer; The Wrap,157;19;577;667;788,Daily Pegasus,"In another unconscionable movement against the citizens of Kronos, the previous police of today arrested leader Elian Karel of POK in false loads of the fiscal evasion. They lead him - manacled - of a","In another unconscionable movement against the citizens of Kronos, the previous police of today arrested leader Elian Karel of POK in false loads of the fiscal evasion. They lead him - manacled - of a",narrative_line_3_组织对抗线.csv,auto_clustered
EVT-0091,2009-03-13,day,POK LEADER ARRESTED,cross_source_story,1,商业利益线,medium,3,POK|Elian Karel|GAStech,,2,Central Bulletin; News Online Today,505;798,Central Bulletin,"Elian Karel, the charismatic leader of the Protectors of Kronos, was arrested today on charges of tax evasion. Michale Kraft, Karel's lawyer, released a statement asserting that the charges leveled ag","Elian Karel, the charismatic leader of the Protectors of Kronos, was arrested today on charges of tax evasion. Michale Kraft, Karel's lawyer, released a statement asserting that the charges leveled ag",narrative_line_1_商业利益线.csv,auto_clustered
EVT-0091,2009-03-13,day,POK LEADER ARRESTED,cross_source_story,3,组织对抗线,medium,3,POK|Elian Karel|GAStech,,2,Central Bulletin; News Online Today,505;798,Central Bulletin,"Elian Karel, the charismatic leader of the Protectors of Kronos, was arrested today on charges of tax evasion. Michale Kraft, Karel's lawyer, released a statement asserting that the charges leveled ag","Elian Karel, the charismatic leader of the Protectors of Kronos, was arrested today on charges of tax evasion. Michale Kraft, Karel's lawyer, released a statement asserting that the charges leveled ag",narrative_line_3_组织对抗线.csv,auto_clustered
EVT-0092,2009-03-14,day,THE CHIEF OF STOPPED POK,cross_source_story,1,商业利益线,medium,3,GAStech|POK|Government|Elian Karel|Elodis|Abila,Elodis|Abila,2,Athena Speaks; The Orb,354;455,Athena Speaks,"Elan Carol, the charismatic chief of the guards of Kronos, was stopped today on expenses of tax avoidance. Michale Kraft, the lawyer of Carol, released a report/ratio affirming that the expenses level","Elan Carol, the charismatic chief of the guards of Kronos, was stopped today on expenses of tax avoidance. Michale Kraft, the lawyer of Carol, released a report/ratio affirming that the expenses level",narrative_line_1_商业利益线.csv,auto_clustered
EVT-0092,2009-03-14,day,THE CHIEF OF STOPPED POK,cross_source_story,3,组织对抗线,medium,3,GAStech|POK|Government|Elian Karel|Elodis|Abila,Elodis|Abila,2,Athena Speaks; The Orb,354;455,Athena Speaks,"Elan Carol, the charismatic chief of the guards of Kronos, was stopped today on expenses of tax avoidance. Michale Kraft, the lawyer of Carol, released a report/ratio affirming that the expenses level","Elan Carol, the charismatic chief of the guards of Kronos, was stopped today on expenses of tax avoidance. Michale Kraft, the lawyer of Carol, released a report/ratio affirming that the expenses level",narrative_line_3_组织对抗线.csv,auto_clustered
EVT-0093,2009-05-16,day,GASTECH ADOPTS NEW LOGO,cross_source_story,3,组织对抗线,medium,3,GAStech|Sten Sanjorge|Government|Abila,Abila,3,News Online Today; The Tulip; Who What News,422;65;810,News Online Today,"With great fanfare GAStech International's President and CEO Sten Sanjorge, Jr. spoke of the new logo - a tri-part blue flame - that is reminiscent of a leaf to ""help position GAStech and its products","With great fanfare GAStech International's President and CEO Sten Sanjorge, Jr. spoke of the new logo - a tri-part blue flame - that is reminiscent of a leaf to ""help position GAStech and its products",narrative_line_3_组织对抗线.csv,auto_clustered
EVT-0094,2009-05-17,day,GASTECH ADOPTS NEW STANDARD,cross_source_story,2,环境冲突线,medium,3,GAStech|Government|Sten Sanjorge|Abila,Abila,2,The General Post; The Light of Truth,560;826,The General Post,"International president and CEO Sten Sanjorge Jr., with great fanfare, revealed the new standard of the company, leaves from the process rebranding of the company. During the press conference Sanjorge","International president and CEO Sten Sanjorge Jr., with great fanfare, revealed the new standard of the company, leaves from the process rebranding of the company. During the press conference Sanjorge",narrative_line_2_环境冲突线.csv,auto_clustered
EVT-0094,2009-05-17,day,GASTECH ADOPTS NEW STANDARD,cross_source_story,3,组织对抗线,medium,3,GAStech|Government|Sten Sanjorge|Abila,Abila,2,The General Post; The Light of Truth,560;826,The General Post,"International president and CEO Sten Sanjorge Jr., with great fanfare, revealed the new standard of the company, leaves from the process rebranding of the company. During the press conference Sanjorge","International president and CEO Sten Sanjorge Jr., with great fanfare, revealed the new standard of the company, leaves from the process rebranding of the company. During the press conference Sanjorge",narrative_line_3_组织对抗线.csv,auto_clustered
EVT-A182,2009-06-19,day,Elian Karel 死亡,anchor_event,2,环境冲突线,medium,3,Elian Karel|POK|Abila|Government|Elodis|GAStech|Henk Bodrogi|Sten Sanjorge,Abila|Elodis,21,All News Today; Athena Speaks; Central Bulletin; Daily Pegasus; Everyday News; Homeland Illumination; International News; International Times; Kronos Star; News Desk; News Online Today; The Abila Post; The Continent; The Explainer; The Guide; The Orb; The Truth; The Wrap; World Journal; World Source; Worldwise,0;14;18;24;33;34;54;55;73;74;77;95;132;149;158;161;162;175;184;185;190;204;213;225;249;257;269;282;286;288;300;309;318;334;343;351;353;357;378;385;387;445;454;508;520;523;554;566;570;572;581;620;623;670;698;709;745;753;767;770;799;801;812,The Abila Post,"Protests erupted around the Kronos government buildings, downtown, and elsewhere around Abila eventually escalating into riots and violence. The activists are protesting the death yesterday of Elian K","Protests erupted around the Kronos government buildings, downtown, and elsewhere around Abila eventually escalating into riots and violence. The activists are protesting the death yesterday of Elian K",narrative_line_2_环境冲突线.csv,auto_clustered
EVT-A182,2009-06-19,day,Elian Karel 死亡,anchor_event,3,组织对抗线,medium,3,Elian Karel|POK|Abila|Government|Elodis|GAStech|Henk Bodrogi|Sten Sanjorge,Abila|Elodis,21,All News Today; Athena Speaks; Central Bulletin; Daily Pegasus; Everyday News; Homeland Illumination; International News; International Times; Kronos Star; News Desk; News Online Today; The Abila Post; The Continent; The Explainer; The Guide; The Orb; The Truth; The Wrap; World Journal; World Source; Worldwise,0;14;18;24;33;34;54;55;73;74;77;95;132;149;158;161;162;175;184;185;190;204;213;225;249;257;269;282;286;288;300;309;318;334;343;351;353;357;378;385;387;445;454;508;520;523;554;566;570;572;581;620;623;670;698;709;745;753;767;770;799;801;812,The Abila Post,"Protests erupted around the Kronos government buildings, downtown, and elsewhere around Abila eventually escalating into riots and violence. The activists are protesting the death yesterday of Elian K","Protests erupted around the Kronos government buildings, downtown, and elsewhere around Abila eventually escalating into riots and violence. The activists are protesting the death yesterday of Elian K",narrative_line_3_组织对抗线.csv,auto_clustered
ANCHOR-04,2009-06-20,day,Elian Karel 死亡引发 Abila 骚乱,anchor_event,2|3,环境冲突线; 组织对抗线,high,5,POK|Elian Karel|Government|Abila|Elodis,Abila|Elodis,1,The Abila Post,185,The Abila Post,POK 领袖之死成为运动象征，抗议升级为暴力冲突,Protesting the death yesterday of Elian Karel... died in jail after being arrested for tax evasion... chanted slogans including Justice for Elian and Remember Juliana,anchor_events.csv,curated
EVT-0095,2009-06-20,day,Protest Turns Violent in Abila,cross_source_story,1,商业利益线,medium,3,POK|Government|Elian Karel|Abila|Elodis|President Kapelou,Abila|Elodis,2,Kronos Star; The Abila Post,185;623,Kronos Star,"A rally of hundreds of protestors allied with the ""Protectors of Kronos"" movement turned to violence today as angry activists vented their displeasure on the innocent citizens of Abila after hearing t","A rally of hundreds of protestors allied with the ""Protectors of Kronos"" movement turned to violence today as angry activists vented their displeasure on the innocent citizens of Abila after hearing t",narrative_line_1_商业利益线.csv,auto_clustered
EVT-0095,2009-06-20,day,Protest Turns Violent in Abila,cross_source_story,3,组织对抗线,medium,3,POK|Government|Elian Karel|Abila|Elodis|President Kapelou,Abila|Elodis,2,Kronos Star; The Abila Post,185;623,Kronos Star,"A rally of hundreds of protestors allied with the ""Protectors of Kronos"" movement turned to violence today as angry activists vented their displeasure on the innocent citizens of Abila after hearing t","A rally of hundreds of protestors allied with the ""Protectors of Kronos"" movement turned to violence today as angry activists vented their displeasure on the innocent citizens of Abila after hearing t",narrative_line_3_组织对抗线.csv,auto_clustered
EVT-0096,2009-06-20,day,ELIAN KAREL DEAD IN KRONOS JAIL,cross_source_story,3,组织对抗线,medium,3,POK|Elian Karel|Abila|GAStech|Elodis,Abila|Elodis,3,All News Today; News Online Today; The Wrap,445;554;95,News Online Today,"Elian Karel, age 28, died Friday while unlawfully incarcerated at the Abila City Prison. He was expecting to be released in the next few days and return to his work with the Protectors of Kronos, and ","Elian Karel, age 28, died Friday while unlawfully incarcerated at the Abila City Prison. He was expecting to be released in the next few days and return to his work with the Protectors of Kronos, and ",narrative_line_3_组织对抗线.csv,auto_clustered
EVT-0097,2009-06-21,day,THE SPONTANEOUS PROTESTS BURST AROUND ABILA,cross_source_story,1,商业利益线,medium,3,Abila|POK|Elian Karel|Government|Elodis|President Kapelou,Abila|Elodis,7,Athena Speaks; Central Bulletin; News Desk; News Online Today; The Guide; The Truth; Worldwise,14;162;191;20;204;309;745;801,Athena Speaks,"the protests burst around the buildings of government of Kronos, the center town, and elsewhere around Abila climbing thereafter in riots and violence. The activists protest yesterday the death of Ela","the protests burst around the buildings of government of Kronos, the center town, and elsewhere around Abila climbing thereafter in riots and violence. The activists protest yesterday the death of Ela",narrative_line_1_商业利益线.csv,auto_clustered
EVT-0097,2009-06-21,day,THE SPONTANEOUS PROTESTS BURST AROUND ABILA,cross_source_story,2,环境冲突线,medium,3,Abila|POK|Elian Karel|Government|Elodis|President Kapelou,Abila|Elodis,7,Athena Speaks; Central Bulletin; News Desk; News Online Today; The Guide; The Truth; Worldwise,14;162;191;20;204;309;745;801,Athena Speaks,"the protests burst around the buildings of government of Kronos, the center town, and elsewhere around Abila climbing thereafter in riots and violence. The activists protest yesterday the death of Ela","the protests burst around the buildings of government of Kronos, the center town, and elsewhere around Abila climbing thereafter in riots and violence. The activists protest yesterday the death of Ela",narrative_line_2_环境冲突线.csv,auto_clustered
EVT-0097,2009-06-21,day,THE SPONTANEOUS PROTESTS BURST AROUND ABILA,cross_source_story,3,组织对抗线,medium,3,Abila|POK|Elian Karel|Government|Elodis|President Kapelou,Abila|Elodis,7,Athena Speaks; Central Bulletin; News Desk; News Online Today; The Guide; The Truth; Worldwise,14;162;191;20;204;309;745;801,Athena Speaks,"the protests burst around the buildings of government of Kronos, the center town, and elsewhere around Abila climbing thereafter in riots and violence. The activists protest yesterday the death of Ela","the protests burst around the buildings of government of Kronos, the center town, and elsewhere around Abila climbing thereafter in riots and violence. The activists protest yesterday the death of Ela",narrative_line_3_组织对抗线.csv,auto_clustered
EVT-0098,2009-06-21,day,ELIAN KAREL DIED IN KRONOS JAIL,cross_source_story,2,环境冲突线,medium,3,GAStech|POK|Elian Karel|Elodis|Abila,Elodis|Abila,2,Daily Pegasus; The Orb,269;357,Daily Pegasus,"Elian Karel, age 28, died Friday whereas incarcerated illegally in the prison of the city of Abila. Karel was jailed in fraudulent charges of the fiscal evasion after its halting the 12 of March earli","Elian Karel, age 28, died Friday whereas incarcerated illegally in the prison of the city of Abila. Karel was jailed in fraudulent charges of the fiscal evasion after its halting the 12 of March earli",narrative_line_2_环境冲突线.csv,auto_clustered
EVT-0098,2009-06-21,day,ELIAN KAREL DIED IN KRONOS JAIL,cross_source_story,3,组织对抗线,medium,3,GAStech|POK|Elian Karel|Elodis|Abila,Elodis|Abila,2,Daily Pegasus; The Orb,269;357,Daily Pegasus,"Elian Karel, age 28, died Friday whereas incarcerated illegally in the prison of the city of Abila. Karel was jailed in fraudulent charges of the fiscal evasion after its halting the 12 of March earli","Elian Karel, age 28, died Friday whereas incarcerated illegally in the prison of the city of Abila. Karel was jailed in fraudulent charges of the fiscal evasion after its halting the 12 of March earli",narrative_line_3_组织对抗线.csv,auto_clustered
EVT-0099,2009-06-22,day,Profile:  Elian Karel,cross_source_story,2,环境冲突线,medium,3,GAStech|POK|Government|Elian Karel|Abila|Sten Sanjorge,Abila,3,International Times; News Online Today; World Source,155;24;353,News Online Today,"<<deleted image of Elian Karel speaking at a rally in Abila>> Voice of protest for some, popularist demagogue for others, Protectors of Kronos leader Elian Karel became a martyr and a rallying point f","<<deleted image of Elian Karel speaking at a rally in Abila>> Voice of protest for some, popularist demagogue for others, Protectors of Kronos leader Elian Karel became a martyr and a rallying point f",narrative_line_2_环境冲突线.csv,auto_clustered
EVT-0099,2009-06-22,day,Profile:  Elian Karel,cross_source_story,3,组织对抗线,medium,3,GAStech|POK|Government|Elian Karel|Abila|Sten Sanjorge,Abila,3,International Times; News Online Today; World Source,155;24;353,News Online Today,"<<deleted image of Elian Karel speaking at a rally in Abila>> Voice of protest for some, popularist demagogue for others, Protectors of Kronos leader Elian Karel became a martyr and a rallying point f","<<deleted image of Elian Karel speaking at a rally in Abila>> Voice of protest for some, popularist demagogue for others, Protectors of Kronos leader Elian Karel became a martyr and a rallying point f",narrative_line_3_组织对抗线.csv,auto_clustered
EVT-0100,2009-06-23,day,Profile:  Elian Karel,cross_source_story,2,环境冲突线,medium,3,GAStech|POK|Government|Elian Karel|Sten Sanjorge|Abila,Abila,3,Everyday News; The Continent; World Journal,149;268;387,Everyday News,"<<deleted the image of Elian Karel that spoke in a meeting in Abila>> The voice of the protest for some, demagog for others, protective of popularist of the leader Elian Karel de Kronos became martyr ","<<deleted the image of Elian Karel that spoke in a meeting in Abila>> The voice of the protest for some, demagog for others, protective of popularist of the leader Elian Karel de Kronos became martyr ",narrative_line_2_环境冲突线.csv,auto_clustered
EVT-0100,2009-06-23,day,Profile:  Elian Karel,cross_source_story,3,组织对抗线,medium,3,GAStech|POK|Government|Elian Karel|Sten Sanjorge|Abila,Abila,3,Everyday News; The Continent; World Journal,149;268;387,Everyday News,"<<deleted the image of Elian Karel that spoke in a meeting in Abila>> The voice of the protest for some, demagog for others, protective of popularist of the leader Elian Karel de Kronos became martyr ","<<deleted the image of Elian Karel that spoke in a meeting in Abila>> The voice of the protest for some, demagog for others, protective of popularist of the leader Elian Karel de Kronos became martyr ",narrative_line_3_组织对抗线.csv,auto_clustered
EVT-0101,2010-03-05,day,The race of boat stopped before starting,cross_source_story,3,组织对抗线,medium,3,Government|President Kapelou|Abila,Abila,2,The Continent; World Journal,180;242,World Journal,10th Kapalou cup was given to later less than one hour before it was due to the beginning after the capsized presidential ship and is descended. It is the first incident of its kind in the history of ,10th Kapalou cup was given to later less than one hour before it was due to the beginning after the capsized presidential ship and is descended. It is the first incident of its kind in the history of ,narrative_line_3_组织对抗线.csv,auto_clustered
EVT-0102,2010-06-14,day,ANNIVERSARY OF PROTESTS,cross_source_story,3,组织对抗线,medium,3,POK|Government|Elian Karel|Abila,Abila,3,Central Bulletin; News Online Today; The Explainer,334;34;378,Central Bulletin,"Last year spontaneous protests and riots broke out around Abila in response to the death of Elian Karel, a Protectors of Kronos (POK) activist. Officials fear a repeat of last year's violent activitie","Last year spontaneous protests and riots broke out around Abila in response to the death of Elian Karel, a Protectors of Kronos (POK) activist. Officials fear a repeat of last year's violent activitie",narrative_line_3_组织对抗线.csv,auto_clustered
EVT-0103,2010-06-15,day,BIRTHDAY OF THE PROTESTS,cross_source_story,3,组织对抗线,medium,3,POK|Government|Abila|Elian Karel,Abila,2,Athena Speaks; News Desk,190;405,Athena Speaks,"The spontaneous protests and riots last year burst around Abila in answer to died of Elan Carol, of the guards of activist of Kronos (POK). The civils servant fear a repetition of the violent activiti","The spontaneous protests and riots last year burst around Abila in answer to died of Elan Carol, of the guards of activist of Kronos (POK). The civils servant fear a repetition of the violent activiti",narrative_line_3_组织对抗线.csv,auto_clustered
EVT-0104,2010-06-19,day,"IN REMEMBRANCE:  THE DEATH OF ELIAN KAREL, A YEAR LATER",cross_source_story,1,商业利益线,medium,3,Elian Karel|POK|Government|Abila,Abila,2,Homeland Illumination; News Online Today,286;770,Homeland Illumination,"One year ago today a young man in search of a brighter future for his countrymen died in a cold, cement prison. He was attended only by apathetic guards who had been charged with detaining him pending","One year ago today a young man in search of a brighter future for his countrymen died in a cold, cement prison. He was attended only by apathetic guards who had been charged with detaining him pending",narrative_line_1_商业利益线.csv,auto_clustered
EVT-0104,2010-06-19,day,"IN REMEMBRANCE:  THE DEATH OF ELIAN KAREL, A YEAR LATER",cross_source_story,2,环境冲突线,medium,3,Elian Karel|POK|Government|Abila,Abila,2,Homeland Illumination; News Online Today,286;770,Homeland Illumination,"One year ago today a young man in search of a brighter future for his countrymen died in a cold, cement prison. He was attended only by apathetic guards who had been charged with detaining him pending","One year ago today a young man in search of a brighter future for his countrymen died in a cold, cement prison. He was attended only by apathetic guards who had been charged with detaining him pending",narrative_line_2_环境冲突线.csv,auto_clustered
EVT-0104,2010-06-19,day,"IN REMEMBRANCE:  THE DEATH OF ELIAN KAREL, A YEAR LATER",cross_source_story,3,组织对抗线,medium,3,Elian Karel|POK|Government|Abila,Abila,2,Homeland Illumination; News Online Today,286;770,Homeland Illumination,"One year ago today a young man in search of a brighter future for his countrymen died in a cold, cement prison. He was attended only by apathetic guards who had been charged with detaining him pending","One year ago today a young man in search of a brighter future for his countrymen died in a cold, cement prison. He was attended only by apathetic guards who had been charged with detaining him pending",narrative_line_3_组织对抗线.csv,auto_clustered
EVT-0105,2010-06-21,day,"IN REMEMBRANCE:  THE DEATH OF ELIAN KAREL, A YEAR LATER",cross_source_story,1,商业利益线,medium,3,POK|Government|Elian Karel|Abila,Abila,3,Daily Pegasus; The Orb; The Wrap,158;257;523,Daily Pegasus,"A young man in search of a more shining future for his died countrymen does today of the year in a cold, prison of the cement. The protectors he only took care of apathetic it that they had been loade","A young man in search of a more shining future for his died countrymen does today of the year in a cold, prison of the cement. The protectors he only took care of apathetic it that they had been loade",narrative_line_1_商业利益线.csv,auto_clustered
EVT-0105,2010-06-21,day,"IN REMEMBRANCE:  THE DEATH OF ELIAN KAREL, A YEAR LATER",cross_source_story,2,环境冲突线,medium,3,POK|Government|Elian Karel|Abila,Abila,3,Daily Pegasus; The Orb; The Wrap,158;257;523,Daily Pegasus,"A young man in search of a more shining future for his died countrymen does today of the year in a cold, prison of the cement. The protectors he only took care of apathetic it that they had been loade","A young man in search of a more shining future for his died countrymen does today of the year in a cold, prison of the cement. The protectors he only took care of apathetic it that they had been loade",narrative_line_2_环境冲突线.csv,auto_clustered
EVT-0105,2010-06-21,day,"IN REMEMBRANCE:  THE DEATH OF ELIAN KAREL, A YEAR LATER",cross_source_story,3,组织对抗线,medium,3,POK|Government|Elian Karel|Abila,Abila,3,Daily Pegasus; The Orb; The Wrap,158;257;523,Daily Pegasus,"A young man in search of a more shining future for his died countrymen does today of the year in a cold, prison of the cement. The protectors he only took care of apathetic it that they had been loade","A young man in search of a more shining future for his died countrymen does today of the year in a cold, prison of the cement. The protectors he only took care of apathetic it that they had been loade",narrative_line_3_组织对抗线.csv,auto_clustered
EVT-0106,2010-06-21,day,GOVERNMENT RESPONDS TO ANOTHER ROUND OF PROTESTS,cross_source_story,3,组织对抗线,medium,3,POK|Government|Abila,Abila,3,Athena Speaks; Central Bulletin; News Online Today,604;615;71,Central Bulletin,Protesters aligned with the Protectors of Kronos (POK) activist group surrounded government buildings chanting and carry images of their so-called martyrs. Kronos government security forces in concert,Protesters aligned with the Protectors of Kronos (POK) activist group surrounded government buildings chanting and carry images of their so-called martyrs. Kronos government security forces in concert,narrative_line_3_组织对抗线.csv,auto_clustered
EVT-0107,2010-06-21,day,POK Protest at Abila Police Headquarters,cross_source_story,3,组织对抗线,medium,3,POK|Abila|Elian Karel,Abila,2,International News; News Online Today,766;767,News Online Today,A Protectors of Kronos demonstration was held in front of Abila police headquarters yesterday morning. Abila police attempted to gain control of the situation by using bullhorns to call for the peacef,A Protectors of Kronos demonstration was held in front of Abila police headquarters yesterday morning. Abila police attempted to gain control of the situation by using bullhorns to call for the peacef,narrative_line_3_组织对抗线.csv,auto_clustered
EVT-0108,2010-06-22,day,Protest POK at the Headquarters of the police force Abila,cross_source_story,3,组织对抗线,medium,3,POK|Elian Karel|Abila,Abila,3,The Guide; The Truth; Worldwise,581;620;670,The Truth,"The guards were loved demonstration Kronos for Abila the morning the police headquarters yesterday. POK within memorialize their former LEADER, Elian Karel had collected himself, who died previous yea","The guards were loved demonstration Kronos for Abila the morning the police headquarters yesterday. POK within memorialize their former LEADER, Elian Karel had collected himself, who died previous yea",narrative_line_3_组织对抗线.csv,auto_clustered
EVT-0109,2010-06-22,day,THE GOVERNMENT ANSWERS TO ANOTHER ROUND OF PROTESTS,cross_source_story,3,组织对抗线,medium,3,POK|Government|Abila,Abila,2,News Desk; The Explainer,644;691,News Desk,Protesters which at the guards of Kronos the activist group (of POK) is aimed surrounded government bldg. the chanting and carry pictures of their so-called martyrs. The strengths of the government se,Protesters which at the guards of Kronos the activist group (of POK) is aimed surrounded government bldg. the chanting and carry pictures of their so-called martyrs. The strengths of the government se,narrative_line_3_组织对抗线.csv,auto_clustered
EVT-0112,2010-12-18,day,PREOCCUPATIONS OF THE INVESTMENT OF BUSINESS IN KRONOS,cross_source_story,1,商业利益线,medium,3,GAStech|Government,,2,The General Post; The Light of Truth,345;432,The General Post,"A survey of the straw of assistants in the economic forum in Davos, Switzerland of the world indicates that the international leaders of business are not interested in making business with the governm","A survey of the straw of assistants in the economic forum in Davos, Switzerland of the world indicates that the international leaders of business are not interested in making business with the governm",narrative_line_1_商业利益线.csv,auto_clustered
EVT-0114,2011-06-20,day,A LOOK BACK AT A LIFE CUT TRAGICAL SHORT: ELIAN KAREL,cross_source_story,1,商业利益线,medium,3,GAStech|POK|Government|Elian Karel|Elodis|Abila,Elodis|Abila,1,Homeland Illumination,161;225,Homeland Illumination,"Two years ago yesterday Elian Karel died at age 28 in an Abila jail cell, purportedly of cardiac arrest. He had been arrested three months prior for spurious charges of tax evasion and left to linger ","Two years ago yesterday Elian Karel died at age 28 in an Abila jail cell, purportedly of cardiac arrest. He had been arrested three months prior for spurious charges of tax evasion and left to linger ",narrative_line_1_商业利益线.csv,auto_clustered
EVT-0114,2011-06-20,day,A LOOK BACK AT A LIFE CUT TRAGICAL SHORT: ELIAN KAREL,cross_source_story,3,组织对抗线,medium,3,GAStech|POK|Government|Elian Karel|Elodis|Abila,Elodis|Abila,1,Homeland Illumination,161;225,Homeland Illumination,"Two years ago yesterday Elian Karel died at age 28 in an Abila jail cell, purportedly of cardiac arrest. He had been arrested three months prior for spurious charges of tax evasion and left to linger ","Two years ago yesterday Elian Karel died at age 28 in an Abila jail cell, purportedly of cardiac arrest. He had been arrested three months prior for spurious charges of tax evasion and left to linger ",narrative_line_3_组织对抗线.csv,auto_clustered
EVT-0115,2011-06-21,day,A GLANCE BEHIND IN A CUT TRAGICAL OF THE LIFE PUTS IN SHORT CIRCUIT: ELIAN KAREL,cross_source_story,1,商业利益线,medium,3,POK|Elian Karel|Elodis|Abila|GAStech|Government,Elodis|Abila,3,All News Today; Daily Pegasus; News Online Today,175;288;77,Daily Pegasus,"For two years of Elian Karel died yesterday in age 28 in a cell of the jail of Abila, presumably of the failure cardiac. They had arrested it three months previous for the false loads of left fiscal e","For two years of Elian Karel died yesterday in age 28 in a cell of the jail of Abila, presumably of the failure cardiac. They had arrested it three months previous for the false loads of left fiscal e",narrative_line_1_商业利益线.csv,auto_clustered
EVT-0115,2011-06-21,day,A GLANCE BEHIND IN A CUT TRAGICAL OF THE LIFE PUTS IN SHORT CIRCUIT: ELIAN KAREL,cross_source_story,3,组织对抗线,medium,3,POK|Elian Karel|Elodis|Abila|GAStech|Government,Elodis|Abila,3,All News Today; Daily Pegasus; News Online Today,175;288;77,Daily Pegasus,"For two years of Elian Karel died yesterday in age 28 in a cell of the jail of Abila, presumably of the failure cardiac. They had arrested it three months previous for the false loads of left fiscal e","For two years of Elian Karel died yesterday in age 28 in a cell of the jail of Abila, presumably of the failure cardiac. They had arrested it three months previous for the false loads of left fiscal e",narrative_line_3_组织对抗线.csv,auto_clustered
EVT-0116,2011-06-21,day,POK Protesters Vandalize Siopa District,cross_source_story,3,组织对抗线,medium,3,POK|Abila,Abila,2,News Online Today; Worldwise,416;774,News Online Today,A Protectors of Kronos demonstration in the streets of the Siopa district in downtown Abila resulted in numerous incidents of vandalism and opportunistic looting yesterday.,A Protectors of Kronos demonstration in the streets of the Siopa district in downtown Abila resulted in numerous incidents of vandalism and opportunistic looting yesterday.,narrative_line_3_组织对抗线.csv,auto_clustered
EVT-0117,2011-06-22,day,A GLANCE BEHIND TRAGEDY OF CUT OF THE LIFE: ELIAN KAREL,cross_source_story,1,商业利益线,medium,3,GAStech|POK|Government|Elian Karel|Elodis|Abila,Elodis|Abila,2,The Orb; The Wrap,249;799,The Orb,"Two years ago yesterday Elian Karel died at age 28 in a cell of prison of Abila, supposedly of heart stop. He had been stopped three months former for incidental expense of tax avoidance and left to b","Two years ago yesterday Elian Karel died at age 28 in a cell of prison of Abila, supposedly of heart stop. He had been stopped three months former for incidental expense of tax avoidance and left to b",narrative_line_1_商业利益线.csv,auto_clustered
EVT-0117,2011-06-22,day,A GLANCE BEHIND TRAGEDY OF CUT OF THE LIFE: ELIAN KAREL,cross_source_story,3,组织对抗线,medium,3,GAStech|POK|Government|Elian Karel|Elodis|Abila,Elodis|Abila,2,The Orb; The Wrap,249;799,The Orb,"Two years ago yesterday Elian Karel died at age 28 in a cell of prison of Abila, supposedly of heart stop. He had been stopped three months former for incidental expense of tax avoidance and left to b","Two years ago yesterday Elian Karel died at age 28 in a cell of prison of Abila, supposedly of heart stop. He had been stopped three months former for incidental expense of tax avoidance and left to b",narrative_line_3_组织对抗线.csv,auto_clustered
EVT-0118,2011-06-22,day,Protesters POK the district of Vandalize Siopa,cross_source_story,3,组织对抗线,medium,3,POK|Abila,Abila,2,The Guide; The Truth,361;754,The Truth,The guards of demonstration Kronos resulted in the streets of the district Siopa in Abila of the inner city in many incidents of vandalism and the opportunistic plunder yesterday. The new emblem POK p,The guards of demonstration Kronos resulted in the streets of the district Siopa in Abila of the inner city in many incidents of vandalism and the opportunistic plunder yesterday. The new emblem POK p,narrative_line_3_组织对抗线.csv,auto_clustered
EVT-0119,2011-07-27,day,"POK Labeled a ""Public Threat""",cross_source_story,3,组织对抗线,medium,3,POK|Government|President Kapelou,,2,Kronos Star; The Abila Post,548;705,Kronos Star,"In a statement to the press today, government spokesman Rufus Drymiau said of the POK: ""they are justifiably a public threat due to violent demonstrations, opportunistic vandalism, and clashes with th","In a statement to the press today, government spokesman Rufus Drymiau said of the POK: ""they are justifiably a public threat due to violent demonstrations, opportunistic vandalism, and clashes with th",narrative_line_3_组织对抗线.csv,auto_clustered
EVT-0120,2011-07-28,day,GOVERNMENT LABELS POK 'PUBLIC THREAT',cross_source_story,3,组织对抗线,medium,3,POK|Government|President Kapelou|Abila,Abila,7,Central Bulletin; International News; News Desk; News Online Today; The Explainer; The Guide; The Truth,123;224;45;499;527;757;96,Central Bulletin,"ABILA, Kronos - The Kronos Government has labeled the Protectors of Kronos (POK) as a threat to the public. In a statement by government spokesman Rufus Drymiau the POK are described as ""justifiably a","ABILA, Kronos - The Kronos Government has labeled the Protectors of Kronos (POK) as a threat to the public. In a statement by government spokesman Rufus Drymiau the POK are described as ""justifiably a",narrative_line_3_组织对抗线.csv,auto_clustered
EVT-0121,2011-07-29,day,"THE GOVERNMENT MARKS POK ""PUBLIC THREAT""",cross_source_story,3,组织对抗线,medium,3,POK|Government|President Kapelou,,2,Athena Speaks; Worldwise,629;64,Athena Speaks,"The government of Kronos marked the Protectors of Kronos (POK) as threats the public. In a report of spokesman Rufus Drymiau of government the POK are described like ""clear public threats due to the v","The government of Kronos marked the Protectors of Kronos (POK) as threats the public. In a report of spokesman Rufus Drymiau of government the POK are described like ""clear public threats due to the v",narrative_line_3_组织对抗线.csv,auto_clustered
EVT-0122,2011-11-23,day,KRONOS POLICE ARREST BLOTTER - ABILA,cross_source_story,2,环境冲突线,medium,3,Abila,Abila,2,Central Bulletin; News Online Today,323;37,Central Bulletin,"AWELON, CYNTHE / DOB: 3/20/1981 / Time of Arrest: 0003 hrs / Accused of: DRUG PARAPHERNALIA BLUMIAU, WILLEM / DOB: 2/15/1995 / Time of Arrest: 2215 hrs / Accused of: POSSESSION OF CONTROLLED SUBSTANCE","AWELON, CYNTHE / DOB: 3/20/1981 / Time of Arrest: 0003 hrs / Accused of: DRUG PARAPHERNALIA BLUMIAU, WILLEM / DOB: 2/15/1995 / Time of Arrest: 2215 hrs / Accused of: POSSESSION OF CONTROLLED SUBSTANCE",narrative_line_2_环境冲突线.csv,auto_clustered
EVT-0123,2012-02-21,day,"The gas and oil industry of Kronos informed that it takes up its ""greater challenge in 20 years"" of due to the bottom grades of exploration.",cross_source_story,1,商业利益线,medium,3,GAStech|Government,,2,The Continent; World Journal,457;739,World Journal,"The civils servant of energy of government declared that only 15 wells were drilled last year. It was in spite of the strong levels of the investment, reaching one year last record and supported this ","The civils servant of energy of government declared that only 15 wells were drilled last year. It was in spite of the strong levels of the investment, reaching one year last record and supported this ",narrative_line_1_商业利益线.csv,auto_clustered
EVT-0124,2012-03-08,day,Minister of Health Receives Threats from POK,cross_source_story,2,环境冲突线,medium,3,POK|President Kapelou,,3,News Online Today; The Truth; Worldwise,228;584;797,News Online Today,"Police sources have stated that Vincent Kapelou, Minister of Health, has received several threatening letters purporting to come from the POK.","Police sources have stated that Vincent Kapelou, Minister of Health, has received several threatening letters purporting to come from the POK.",narrative_line_2_环境冲突线.csv,auto_clustered
EVT-0124,2012-03-08,day,Minister of Health Receives Threats from POK,cross_source_story,3,组织对抗线,medium,3,POK|President Kapelou,,3,News Online Today; The Truth; Worldwise,228;584;797,News Online Today,"Police sources have stated that Vincent Kapelou, Minister of Health, has received several threatening letters purporting to come from the POK.","Police sources have stated that Vincent Kapelou, Minister of Health, has received several threatening letters purporting to come from the POK.",narrative_line_3_组织对抗线.csv,auto_clustered
EVT-0125,2012-03-09,day,THREATS ISSUED BY POK,cross_source_story,2,环境冲突线,medium,3,POK|Government|President Kapelou,,2,News Online Today; The Explainer,258;549,News Online Today,"Letters purported to be from the Protectors of Kronos (POK) have been received by Vincent Kapelou, Minister of Health and nephew of President Kapelou.","Letters purported to be from the Protectors of Kronos (POK) have been received by Vincent Kapelou, Minister of Health and nephew of President Kapelou.",narrative_line_2_环境冲突线.csv,auto_clustered
EVT-0125,2012-03-09,day,THREATS ISSUED BY POK,cross_source_story,3,组织对抗线,medium,3,POK|Government|President Kapelou,,2,News Online Today; The Explainer,258;549,News Online Today,"Letters purported to be from the Protectors of Kronos (POK) have been received by Vincent Kapelou, Minister of Health and nephew of President Kapelou.","Letters purported to be from the Protectors of Kronos (POK) have been received by Vincent Kapelou, Minister of Health and nephew of President Kapelou.",narrative_line_3_组织对抗线.csv,auto_clustered
EVT-0126,2012-03-10,day,THE THREATS PUBLISHED BY POK,cross_source_story,2,环境冲突线,medium,3,POK|Government|President Kapelou|Abila,Abila,2,Athena Speaks; News Desk,104;610,Athena Speaks,"ABILA, Kronos - letters claimed to be from guards of Kronos (POK) were received by Vincent Kapelou, minister of health and nephew of President Kapelou. The menacing letters seem to be the empty threat","ABILA, Kronos - letters claimed to be from guards of Kronos (POK) were received by Vincent Kapelou, minister of health and nephew of President Kapelou. The menacing letters seem to be the empty threat",narrative_line_2_环境冲突线.csv,auto_clustered
EVT-0126,2012-03-10,day,THE THREATS PUBLISHED BY POK,cross_source_story,3,组织对抗线,medium,3,POK|Government|President Kapelou|Abila,Abila,2,Athena Speaks; News Desk,104;610,Athena Speaks,"ABILA, Kronos - letters claimed to be from guards of Kronos (POK) were received by Vincent Kapelou, minister of health and nephew of President Kapelou. The menacing letters seem to be the empty threat","ABILA, Kronos - letters claimed to be from guards of Kronos (POK) were received by Vincent Kapelou, minister of health and nephew of President Kapelou. The menacing letters seem to be the empty threat",narrative_line_3_组织对抗线.csv,auto_clustered
EVT-0127,2012-04-09,day,RALLY SCHEDULED IN SUPPORT OF INCREASED GOVERNMENT ACCOUNTABILITY,cross_source_story,3,组织对抗线,medium,3,POK|Government|Elodis,Elodis,2,All News Today; Homeland Illumination,135;358,Homeland Illumination,"Silvia Marek, leader of the Protectors of Kronos social action organization is appealing to the citizens of Kronos to join her for a day of peaceful protest tomorrow. Marek asks all concerned citizens","Silvia Marek, leader of the Protectors of Kronos social action organization is appealing to the citizens of Kronos to join her for a day of peaceful protest tomorrow. Marek asks all concerned citizens",narrative_line_3_组织对抗线.csv,auto_clustered
EVT-0128,2012-04-10,day,MEETING TO PROGRAM IN SUPPORT OF INCREASING RESPONSIBILITY OF THE GOVERNMENT,cross_source_story,1,商业利益线,medium,3,Government|Elodis,Elodis,2,Daily Pegasus; The Orb,239;773,Daily Pegasus,"Silvia Marek, leader of the protectors of the social organization of the action of Kronos is repealing the citizens of Kronos to assemble it by a day of the pacific protest morning. Marek requests tha","Silvia Marek, leader of the protectors of the social organization of the action of Kronos is repealing the citizens of Kronos to assemble it by a day of the pacific protest morning. Marek requests tha",narrative_line_1_商业利益线.csv,auto_clustered
EVT-0128,2012-04-10,day,MEETING TO PROGRAM IN SUPPORT OF INCREASING RESPONSIBILITY OF THE GOVERNMENT,cross_source_story,3,组织对抗线,medium,3,Government|Elodis,Elodis,2,Daily Pegasus; The Orb,239;773,Daily Pegasus,"Silvia Marek, leader of the protectors of the social organization of the action of Kronos is repealing the citizens of Kronos to assemble it by a day of the pacific protest morning. Marek requests tha","Silvia Marek, leader of the protectors of the social organization of the action of Kronos is repealing the citizens of Kronos to assemble it by a day of the pacific protest morning. Marek requests tha",narrative_line_3_组织对抗线.csv,auto_clustered
EVT-0129,2012-06-20,day,Abila police break up sit-in turned violent at the presidential manor,cross_source_story,2,环境冲突线,medium,3,GAStech|POK|Government|Elian Karel|Abila,Abila,2,International Times; World Source,132;282,World Source,"Traffic snarled around the city as Abilians struggle to get to work amid vandalism and looting Early on Tuesday police stormed the front of the presidential mansion and the capital building, breaking ","Traffic snarled around the city as Abilians struggle to get to work amid vandalism and looting Early on Tuesday police stormed the front of the presidential mansion and the capital building, breaking ",narrative_line_2_环境冲突线.csv,auto_clustered
EVT-0129,2012-06-20,day,Abila police break up sit-in turned violent at the presidential manor,cross_source_story,3,组织对抗线,medium,3,GAStech|POK|Government|Elian Karel|Abila,Abila,2,International Times; World Source,132;282,World Source,"Traffic snarled around the city as Abilians struggle to get to work amid vandalism and looting Early on Tuesday police stormed the front of the presidential mansion and the capital building, breaking ","Traffic snarled around the city as Abilians struggle to get to work amid vandalism and looting Early on Tuesday police stormed the front of the presidential mansion and the capital building, breaking ",narrative_line_3_组织对抗线.csv,auto_clustered
EVT-0130,2012-06-20,day,POK REMEMBERS MARTYRED LEADER,cross_source_story,2,环境冲突线,medium,3,POK|Elian Karel|Henk Bodrogi|Elodis|Abila,Elodis|Abila,3,All News Today; Homeland Illumination; News Online Today,18;570;698,Homeland Illumination,"In a touching ceremony Wednesday leaders of the activist group Protectors of Kronos paid tribute to their fallen leader, Elian Karel, who was murdered on 19 June 2009 while being illegally detained in","In a touching ceremony Wednesday leaders of the activist group Protectors of Kronos paid tribute to their fallen leader, Elian Karel, who was murdered on 19 June 2009 while being illegally detained in",narrative_line_2_环境冲突线.csv,auto_clustered
EVT-0130,2012-06-20,day,POK REMEMBERS MARTYRED LEADER,cross_source_story,3,组织对抗线,medium,3,POK|Elian Karel|Henk Bodrogi|Elodis|Abila,Elodis|Abila,3,All News Today; Homeland Illumination; News Online Today,18;570;698,Homeland Illumination,"In a touching ceremony Wednesday leaders of the activist group Protectors of Kronos paid tribute to their fallen leader, Elian Karel, who was murdered on 19 June 2009 while being illegally detained in","In a touching ceremony Wednesday leaders of the activist group Protectors of Kronos paid tribute to their fallen leader, Elian Karel, who was murdered on 19 June 2009 while being illegally detained in",narrative_line_3_组织对抗线.csv,auto_clustered
EVT-0131,2012-06-20,day,POK Anniversary Rally Ends in Riot,cross_source_story,3,组织对抗线,medium,3,POK|Abila|Government,Abila,3,International News; Kronos Star; News Online Today,364;785;89,Kronos Star,"POK members held a large demonstration in Abila yesterday. Several dozen of their supporters held sit-ins in front of the capitol building and the presidential manor, while others took to the streets ","POK members held a large demonstration in Abila yesterday. Several dozen of their supporters held sit-ins in front of the capitol building and the presidential manor, while others took to the streets ",narrative_line_3_组织对抗线.csv,auto_clustered
EVT-A183,2012-06-20,day,POK 纪念 Karel 集会,anchor_event,3,组织对抗线,medium,3,POK|Elian Karel|Henk Bodrogi|Elodis|Abila|Government,Elodis|Abila,5,All News Today; Daily Pegasus; Homeland Illumination; News Online Today; The Orb,18;447;570;572;662;698,Daily Pegasus,"In the stirring leaders of Wednesday of the ceremony of the protectors of the group of the activist of Kronos the tribute paid to its fallen leader, Elian Karel, that was assassinated the 19 of June o","In the stirring leaders of Wednesday of the ceremony of the protectors of the group of the activist of Kronos the tribute paid to its fallen leader, Elian Karel, that was assassinated the 19 of June o",narrative_line_3_组织对抗线.csv,auto_clustered
EVT-0132,2012-06-21,day,The police of Abila breaks itself for above will seat dice returned violent in presidential,cross_source_story,2,环境冲突线,medium,3,POK|Government|Abila|GAStech|Elian Karel,Abila,4,Everyday News; News Online Today; The Continent; World Journal,318;343;351;57,Everyday News,The traffic around the city as fight of Abilians to be able to work in the middle of vandalism and of the sacking. At the beginning of the Tuesday police stormed the front of the presidential mansion ,The traffic around the city as fight of Abilians to be able to work in the middle of vandalism and of the sacking. At the beginning of the Tuesday police stormed the front of the presidential mansion ,narrative_line_2_环境冲突线.csv,auto_clustered
EVT-0132,2012-06-21,day,The police of Abila breaks itself for above will seat dice returned violent in presidential,cross_source_story,3,组织对抗线,medium,3,POK|Government|Abila|GAStech|Elian Karel,Abila,4,Everyday News; News Online Today; The Continent; World Journal,318;343;351;57,Everyday News,The traffic around the city as fight of Abilians to be able to work in the middle of vandalism and of the sacking. At the beginning of the Tuesday police stormed the front of the presidential mansion ,The traffic around the city as fight of Abilians to be able to work in the middle of vandalism and of the sacking. At the beginning of the Tuesday police stormed the front of the presidential mansion ,narrative_line_3_组织对抗线.csv,auto_clustered
EVT-0133,2012-06-21,day,Ends of the meeting of the anniversary of POK in uproar,cross_source_story,3,组织对抗线,medium,3,POK|Government|Abila,Abila,2,The Guide; The Truth,645;664,The Guide,"The members of POK celebrated a great demonstration in Abila yesterday. It varies dozen of his those in favor carried out seating-ins in front of the building of capitol and señorío presidential, wher","The members of POK celebrated a great demonstration in Abila yesterday. It varies dozen of his those in favor carried out seating-ins in front of the building of capitol and señorío presidential, wher",narrative_line_3_组织对抗线.csv,auto_clustered
ANCHOR-05,2012-06-22,day,Kapelou 总统称 POK 为「罪犯集团」,anchor_event,3,组织对抗线,high,5,POK|Government|President Kapelou|Abila,Abila,1,Kronos Star,541,Kronos Star,政府公开定性 POK，预示后续强硬执法,"President Kapelou called the POK a gang of criminals, thugs, and malcontents... future POK demonstrations will be met with maximum police force",anchor_events.csv,curated
EVT-0134,2012-06-22,day,"Kapelou Calls POK ""A Gang of Criminals""",cross_source_story,3,组织对抗线,medium,3,POK|Government|President Kapelou|Elodis,Elodis,3,International News; News Online Today; Worldwise,337;75;792,News Online Today,"In a press release today, President Kapelou today called the POK ""a gang of criminals, thugs, and malcontents who have become a pestilence to our peaceful way of life.""","In a press release today, President Kapelou today called the POK ""a gang of criminals, thugs, and malcontents who have become a pestilence to our peaceful way of life.""",narrative_line_3_组织对抗线.csv,auto_clustered
EVT-0135,2012-06-22,day,POK REMEMBERS MARTYRED LEADER,cross_source_story,1,商业利益线,medium,3,POK|Elian Karel|Henk Bodrogi|Elodis|Abila,Elodis|Abila,2,Daily Pegasus; The Orb,572;662,Daily Pegasus,"In the stirring leaders of Wednesday of the ceremony of the protectors of the group of the activist of Kronos the tribute paid to its fallen leader, Elian Karel, that was assassinated the 19 of June o","In the stirring leaders of Wednesday of the ceremony of the protectors of the group of the activist of Kronos the tribute paid to its fallen leader, Elian Karel, that was assassinated the 19 of June o",narrative_line_1_商业利益线.csv,auto_clustered
EVT-0135,2012-06-22,day,POK REMEMBERS MARTYRED LEADER,cross_source_story,2,环境冲突线,medium,3,POK|Elian Karel|Henk Bodrogi|Elodis|Abila,Elodis|Abila,2,Daily Pegasus; The Orb,572;662,Daily Pegasus,"In the stirring leaders of Wednesday of the ceremony of the protectors of the group of the activist of Kronos the tribute paid to its fallen leader, Elian Karel, that was assassinated the 19 of June o","In the stirring leaders of Wednesday of the ceremony of the protectors of the group of the activist of Kronos the tribute paid to its fallen leader, Elian Karel, that was assassinated the 19 of June o",narrative_line_2_环境冲突线.csv,auto_clustered
EVT-0135,2012-06-22,day,POK REMEMBERS MARTYRED LEADER,cross_source_story,3,组织对抗线,medium,3,POK|Elian Karel|Henk Bodrogi|Elodis|Abila,Elodis|Abila,2,Daily Pegasus; The Orb,572;662,Daily Pegasus,"In the stirring leaders of Wednesday of the ceremony of the protectors of the group of the activist of Kronos the tribute paid to its fallen leader, Elian Karel, that was assassinated the 19 of June o","In the stirring leaders of Wednesday of the ceremony of the protectors of the group of the activist of Kronos the tribute paid to its fallen leader, Elian Karel, that was assassinated the 19 of June o",narrative_line_3_组织对抗线.csv,auto_clustered
EVT-0136,2012-06-23,day,The question POK of Kapelou a troop of criminals,cross_source_story,3,组织对抗线,medium,3,POK|Government|President Kapelou|Elodis,Elodis,2,The Guide; The Truth,156;194,The Truth,"In a press communication today, president Kapelou today called POK a troop of criminals, criminals, and malcontents who pestilence to our peaceful manner of living. have become the comments of preside","In a press communication today, president Kapelou today called POK a troop of criminals, criminals, and malcontents who pestilence to our peaceful manner of living. have become the comments of preside",narrative_line_3_组织对抗线.csv,auto_clustered
EVT-0137,2012-08-22,day,WHO ARE THE PROTESTERS,cross_source_story,1,商业利益线,medium,3,POK|Government|Elian Karel|Elodis|GAStech|Abila,Elodis|Abila,2,News Online Today; The Abila Post,184;54,The Abila Post,"With the third anniversary of Elian Karel's death approaching - former member of the Protectors of Kronos - the question is: who are the protesters? But not only who are they, what and why are they pr","With the third anniversary of Elian Karel's death approaching - former member of the Protectors of Kronos - the question is: who are the protesters? But not only who are they, what and why are they pr",narrative_line_1_商业利益线.csv,auto_clustered
EVT-0137,2012-08-22,day,WHO ARE THE PROTESTERS,cross_source_story,2,环境冲突线,medium,3,POK|Government|Elian Karel|Elodis|GAStech|Abila,Elodis|Abila,2,News Online Today; The Abila Post,184;54,The Abila Post,"With the third anniversary of Elian Karel's death approaching - former member of the Protectors of Kronos - the question is: who are the protesters? But not only who are they, what and why are they pr","With the third anniversary of Elian Karel's death approaching - former member of the Protectors of Kronos - the question is: who are the protesters? But not only who are they, what and why are they pr",narrative_line_2_环境冲突线.csv,auto_clustered
EVT-0137,2012-08-22,day,WHO ARE THE PROTESTERS,cross_source_story,3,组织对抗线,medium,3,POK|Government|Elian Karel|Elodis|GAStech|Abila,Elodis|Abila,2,News Online Today; The Abila Post,184;54,The Abila Post,"With the third anniversary of Elian Karel's death approaching - former member of the Protectors of Kronos - the question is: who are the protesters? But not only who are they, what and why are they pr","With the third anniversary of Elian Karel's death approaching - former member of the Protectors of Kronos - the question is: who are the protesters? But not only who are they, what and why are they pr",narrative_line_3_组织对抗线.csv,auto_clustered
EVT-0138,2012-08-23,day,WHO ARE THE PROTESTERS,cross_source_story,1,商业利益线,medium,3,GAStech|POK|Government|Elian Karel|Elodis|Abila,Elodis|Abila,2,Central Bulletin; News Desk,213;709,Central Bulletin,"ABILA, Kronos - With the third anniversary of Elian Karel's death approaching - former member of the Protectors of Kronos - the question is: who are the protesters? The Protectors of Kronos or POK wer","ABILA, Kronos - With the third anniversary of Elian Karel's death approaching - former member of the Protectors of Kronos - the question is: who are the protesters? The Protectors of Kronos or POK wer",narrative_line_1_商业利益线.csv,auto_clustered
EVT-0138,2012-08-23,day,WHO ARE THE PROTESTERS,cross_source_story,2,环境冲突线,medium,3,GAStech|POK|Government|Elian Karel|Elodis|Abila,Elodis|Abila,2,Central Bulletin; News Desk,213;709,Central Bulletin,"ABILA, Kronos - With the third anniversary of Elian Karel's death approaching - former member of the Protectors of Kronos - the question is: who are the protesters? The Protectors of Kronos or POK wer","ABILA, Kronos - With the third anniversary of Elian Karel's death approaching - former member of the Protectors of Kronos - the question is: who are the protesters? The Protectors of Kronos or POK wer",narrative_line_2_环境冲突线.csv,auto_clustered
EVT-0138,2012-08-23,day,WHO ARE THE PROTESTERS,cross_source_story,3,组织对抗线,medium,3,GAStech|POK|Government|Elian Karel|Elodis|Abila,Elodis|Abila,2,Central Bulletin; News Desk,213;709,Central Bulletin,"ABILA, Kronos - With the third anniversary of Elian Karel's death approaching - former member of the Protectors of Kronos - the question is: who are the protesters? The Protectors of Kronos or POK wer","ABILA, Kronos - With the third anniversary of Elian Karel's death approaching - former member of the Protectors of Kronos - the question is: who are the protesters? The Protectors of Kronos or POK wer",narrative_line_3_组织对抗线.csv,auto_clustered
EVT-0139,2012-08-24,day,WHO ARE the PROTESTERS,cross_source_story,1,商业利益线,medium,3,GAStech|POK|Government|Elian Karel|Elodis|Abila,Elodis|Abila,2,Athena Speaks; The Explainer,300;74,Athena Speaks,"With the approaching third birthday of the death of of Elian Karel - former member of the Protectors of Kronos - the question is: who are the protesters? But not only which is they, which and why they","With the approaching third birthday of the death of of Elian Karel - former member of the Protectors of Kronos - the question is: who are the protesters? But not only which is they, which and why they",narrative_line_1_商业利益线.csv,auto_clustered
EVT-0139,2012-08-24,day,WHO ARE the PROTESTERS,cross_source_story,2,环境冲突线,medium,3,GAStech|POK|Government|Elian Karel|Elodis|Abila,Elodis|Abila,2,Athena Speaks; The Explainer,300;74,Athena Speaks,"With the approaching third birthday of the death of of Elian Karel - former member of the Protectors of Kronos - the question is: who are the protesters? But not only which is they, which and why they","With the approaching third birthday of the death of of Elian Karel - former member of the Protectors of Kronos - the question is: who are the protesters? But not only which is they, which and why they",narrative_line_2_环境冲突线.csv,auto_clustered
EVT-0139,2012-08-24,day,WHO ARE the PROTESTERS,cross_source_story,3,组织对抗线,medium,3,GAStech|POK|Government|Elian Karel|Elodis|Abila,Elodis|Abila,2,Athena Speaks; The Explainer,300;74,Athena Speaks,"With the approaching third birthday of the death of of Elian Karel - former member of the Protectors of Kronos - the question is: who are the protesters? But not only which is they, which and why they","With the approaching third birthday of the death of of Elian Karel - former member of the Protectors of Kronos - the question is: who are the protesters? But not only which is they, which and why they",narrative_line_3_组织对抗线.csv,auto_clustered
EVT-0140,2012-09-08,day,PROTESTS SWELL IN ABILA IN RESPONSE TO CALLS TO ACTION,cross_source_story,2,环境冲突线,medium,3,Government|Elian Karel|Abila|POK,Abila,3,All News Today; The Orb; The Wrap,0;520;753,All News Today,"Thousands of people lined the roads on Thursday in a display of antigovernment solidarity. Among the demonstrators was Mestache Vardshvna, 23, from the west coast of Kronos. ""This is important, so I t","Thousands of people lined the roads on Thursday in a display of antigovernment solidarity. Among the demonstrators was Mestache Vardshvna, 23, from the west coast of Kronos. ""This is important, so I t",narrative_line_2_环境冲突线.csv,auto_clustered
EVT-0140,2012-09-08,day,PROTESTS SWELL IN ABILA IN RESPONSE TO CALLS TO ACTION,cross_source_story,3,组织对抗线,medium,3,Government|Elian Karel|Abila|POK,Abila,3,All News Today; The Orb; The Wrap,0;520;753,All News Today,"Thousands of people lined the roads on Thursday in a display of antigovernment solidarity. Among the demonstrators was Mestache Vardshvna, 23, from the west coast of Kronos. ""This is important, so I t","Thousands of people lined the roads on Thursday in a display of antigovernment solidarity. Among the demonstrators was Mestache Vardshvna, 23, from the west coast of Kronos. ""This is important, so I t",narrative_line_3_组织对抗线.csv,auto_clustered
EVT-0141,2012-11-12,day,POK DEMONSTRATIONS ON THE INCREASE,cross_source_story,3,组织对抗线,medium,3,POK|Government,,3,News Online Today; The Orb; The Wrap,108;840;843,News Online Today,"An increase in the frequency of demonstrations by the Protectors of Kronos have given rise to concerns from the Government of Kronos. Three recent demonstrations, in as many weeks, have drawn crowds o","An increase in the frequency of demonstrations by the Protectors of Kronos have given rise to concerns from the Government of Kronos. Three recent demonstrations, in as many weeks, have drawn crowds o",narrative_line_3_组织对抗线.csv,auto_clustered
EVT-0142,2013-02-08,day,Abila Hospitals Seeing Influx of Designer Drug Users,cross_source_story,1,商业利益线,medium,3,Government|Abila|APA|Elodis,Abila|Elodis,2,News Online Today; The Continent,124;530,News Online Today,"The Emergency Department at Abila General Hospital in Kronos has been swamped in the last month by people suffering medical complications from designer drugs such as ""cotton candy"" and synthetic marij","The Emergency Department at Abila General Hospital in Kronos has been swamped in the last month by people suffering medical complications from designer drugs such as ""cotton candy"" and synthetic marij",narrative_line_1_商业利益线.csv,auto_clustered
EVT-0142,2013-02-08,day,Abila Hospitals Seeing Influx of Designer Drug Users,cross_source_story,3,组织对抗线,medium,3,Government|Abila|APA|Elodis,Abila|Elodis,2,News Online Today; The Continent,124;530,News Online Today,"The Emergency Department at Abila General Hospital in Kronos has been swamped in the last month by people suffering medical complications from designer drugs such as ""cotton candy"" and synthetic marij","The Emergency Department at Abila General Hospital in Kronos has been swamped in the last month by people suffering medical complications from designer drugs such as ""cotton candy"" and synthetic marij",narrative_line_3_组织对抗线.csv,auto_clustered
EVT-0143,2013-02-09,day,Hospitals of Abila that see the affluence of the designer drug users,cross_source_story,1,商业利益线,medium,3,Government|Elodis|Abila,Elodis|Abila,2,Everyday News; World Journal,81;93,Everyday News,"The department of the emergency in the general hospital of Abila in Kronos has been sunk in the month last through the people who underwent medical complications of designer drugs such as ""caramel of ","The department of the emergency in the general hospital of Abila in Kronos has been sunk in the month last through the people who underwent medical complications of designer drugs such as ""caramel of ",narrative_line_1_商业利益线.csv,auto_clustered
EVT-0143,2013-02-09,day,Hospitals of Abila that see the affluence of the designer drug users,cross_source_story,2,环境冲突线,medium,3,Government|Elodis|Abila,Elodis|Abila,2,Everyday News; World Journal,81;93,Everyday News,"The department of the emergency in the general hospital of Abila in Kronos has been sunk in the month last through the people who underwent medical complications of designer drugs such as ""caramel of ","The department of the emergency in the general hospital of Abila in Kronos has been sunk in the month last through the people who underwent medical complications of designer drugs such as ""caramel of ",narrative_line_2_环境冲突线.csv,auto_clustered
EVT-0143,2013-02-09,day,Hospitals of Abila that see the affluence of the designer drug users,cross_source_story,3,组织对抗线,medium,3,Government|Elodis|Abila,Elodis|Abila,2,Everyday News; World Journal,81;93,Everyday News,"The department of the emergency in the general hospital of Abila in Kronos has been sunk in the month last through the people who underwent medical complications of designer drugs such as ""caramel of ","The department of the emergency in the general hospital of Abila in Kronos has been sunk in the month last through the people who underwent medical complications of designer drugs such as ""caramel of ",narrative_line_3_组织对抗线.csv,auto_clustered
EVT-0144,2013-02-22,day,GAStech Profile,cross_source_story,1,商业利益线,medium,3,GAStech|Sten Sanjorge|Tethys|Government,Tethys,3,International Times; News Online Today; World Source,150;303;393,News Online Today,"It is the biggest company in Kronos, the third largest gas company on the planet, and it is fifty-three years old. This is the heart of Kronos's pipeline business, where gas from the eastern gas field","It is the biggest company in Kronos, the third largest gas company on the planet, and it is fifty-three years old. This is the heart of Kronos's pipeline business, where gas from the eastern gas field",narrative_line_1_商业利益线.csv,auto_clustered
EVT-0145,2013-02-24,day,GAStech,cross_source_story,1,商业利益线,medium,3,GAStech|Government|Sten Sanjorge|Tethys,Tethys,3,Everyday News; The Continent; World Journal,147;580;648,Everyday News,"It is the biggest company of Kronos, the third bigger company of the gas in the planet, and is years of fifty-three. In the past it has had a corrupt reputation like and environmentally harmful, but n","It is the biggest company of Kronos, the third bigger company of the gas in the planet, and is years of fifty-three. In the past it has had a corrupt reputation like and environmentally harmful, but n",narrative_line_1_商业利益线.csv,auto_clustered
EVT-0145,2013-02-24,day,GAStech,cross_source_story,2,环境冲突线,medium,3,GAStech|Government|Sten Sanjorge|Tethys,Tethys,3,Everyday News; The Continent; World Journal,147;580;648,Everyday News,"It is the biggest company of Kronos, the third bigger company of the gas in the planet, and is years of fifty-three. In the past it has had a corrupt reputation like and environmentally harmful, but n","It is the biggest company of Kronos, the third bigger company of the gas in the planet, and is years of fifty-three. In the past it has had a corrupt reputation like and environmentally harmful, but n",narrative_line_2_环境冲突线.csv,auto_clustered
EVT-0146,2013-06-20,day,"Annual POK Rally Ends in Riot, Again",cross_source_story,3,组织对抗线,medium,3,POK|Government|Abila|Elian Karel|GAStech|President Kapelou|Tethys,Abila|Tethys,3,International News; Kronos Star; News Online Today,130;252;374,Kronos Star,"POK members held their annual demonstration in Abila yesterday. A larger than usual crowd gathered in front of the Capitol building, waving signs holding pictures of Elian Karel and Juliana Vann, who ","POK members held their annual demonstration in Abila yesterday. A larger than usual crowd gathered in front of the Capitol building, waving signs holding pictures of Elian Karel and Juliana Vann, who ",narrative_line_3_组织对抗线.csv,auto_clustered
EVT-0147,2013-06-21,day,WHO BRINGS A GUN TO A SIT IN?,cross_source_story,2,环境冲突线,medium,3,POK|Government|Elodis|Abila|President Kapelou,Elodis|Abila,2,All News Today; The Wrap,341;769,All News Today,"ABILA, Kronos - Yesterday, as they have each June 19th for the past three years supporters, of Protectors of Kronos rallied demanding much the same as they have in the past fourteen years: an end to t","ABILA, Kronos - Yesterday, as they have each June 19th for the past three years supporters, of Protectors of Kronos rallied demanding much the same as they have in the past fourteen years: an end to t",narrative_line_2_环境冲突线.csv,auto_clustered
EVT-0147,2013-06-21,day,WHO BRINGS A GUN TO A SIT IN?,cross_source_story,3,组织对抗线,medium,3,POK|Government|Elodis|Abila|President Kapelou,Elodis|Abila,2,All News Today; The Wrap,341;769,All News Today,"ABILA, Kronos - Yesterday, as they have each June 19th for the past three years supporters, of Protectors of Kronos rallied demanding much the same as they have in the past fourteen years: an end to t","ABILA, Kronos - Yesterday, as they have each June 19th for the past three years supporters, of Protectors of Kronos rallied demanding much the same as they have in the past fourteen years: an end to t",narrative_line_3_组织对抗线.csv,auto_clustered
EVT-0148,2013-06-22,day,"Annual ends of the meeting of POK in uproar, again",cross_source_story,3,组织对抗线,medium,3,GAStech|POK|Government|Elian Karel|President Kapelou|Abila|Tethys,Abila|Tethys,2,The Guide; Worldwise,189;538,The Guide,"Rhe members of POK celebrated their annual demonstration in Abila yesterday. Greater of the crowd it generally collected in front of the building of the Capitol, shaking the samples that carried out t","Rhe members of POK celebrated their annual demonstration in Abila yesterday. Greater of the crowd it generally collected in front of the building of the Capitol, shaking the samples that carried out t",narrative_line_3_组织对抗线.csv,auto_clustered
EVT-0149,2013-06-22,day,THE WHO BRINGS A WEAPON TO SEATING INSIDE?,cross_source_story,1,商业利益线,medium,3,POK|Government|President Kapelou|Elodis|Abila,Elodis|Abila,2,Daily Pegasus; The Orb,575;700,Daily Pegasus,"Yesterday, because they have each 19 of June by last the three years of those in favor of the reunited protectors of Kronos demanding much just as they are in the last fourteen years old: a end to the","Yesterday, because they have each 19 of June by last the three years of those in favor of the reunited protectors of Kronos demanding much just as they are in the last fourteen years old: a end to the",narrative_line_1_商业利益线.csv,auto_clustered
EVT-0149,2013-06-22,day,THE WHO BRINGS A WEAPON TO SEATING INSIDE?,cross_source_story,2,环境冲突线,medium,3,POK|Government|President Kapelou|Elodis|Abila,Elodis|Abila,2,Daily Pegasus; The Orb,575;700,Daily Pegasus,"Yesterday, because they have each 19 of June by last the three years of those in favor of the reunited protectors of Kronos demanding much just as they are in the last fourteen years old: a end to the","Yesterday, because they have each 19 of June by last the three years of those in favor of the reunited protectors of Kronos demanding much just as they are in the last fourteen years old: a end to the",narrative_line_2_环境冲突线.csv,auto_clustered
EVT-0149,2013-06-22,day,THE WHO BRINGS A WEAPON TO SEATING INSIDE?,cross_source_story,3,组织对抗线,medium,3,POK|Government|President Kapelou|Elodis|Abila,Elodis|Abila,2,Daily Pegasus; The Orb,575;700,Daily Pegasus,"Yesterday, because they have each 19 of June by last the three years of those in favor of the reunited protectors of Kronos demanding much just as they are in the last fourteen years old: a end to the","Yesterday, because they have each 19 of June by last the three years of those in favor of the reunited protectors of Kronos demanding much just as they are in the last fourteen years old: a end to the",narrative_line_3_组织对抗线.csv,auto_clustered
EVT-0152,2013-10-21,day,2014/03/26,cross_source_story,1,商业利益线,medium,3,APA|Tethys,Tethys,2,Everyday News; World Journal,234;687,Everyday News,Interpol has announced the formation of a detachment of forces of the new multi-country to fight the more and more ample distribution of cathinone of methyldimethyl of the drug (MDMC). To direct the d,Interpol has announced the formation of a detachment of forces of the new multi-country to fight the more and more ample distribution of cathinone of methyldimethyl of the drug (MDMC). To direct the d,narrative_line_1_商业利益线.csv,auto_clustered
EVT-0152,2013-10-21,day,2014/03/26,cross_source_story,2,环境冲突线,medium,3,APA|Tethys,Tethys,2,Everyday News; World Journal,234;687,Everyday News,Interpol has announced the formation of a detachment of forces of the new multi-country to fight the more and more ample distribution of cathinone of methyldimethyl of the drug (MDMC). To direct the d,Interpol has announced the formation of a detachment of forces of the new multi-country to fight the more and more ample distribution of cathinone of methyldimethyl of the drug (MDMC). To direct the d,narrative_line_2_环境冲突线.csv,auto_clustered
EVT-0152,2013-10-21,day,2014/03/26,cross_source_story,3,组织对抗线,medium,3,APA|Tethys,Tethys,2,Everyday News; World Journal,234;687,Everyday News,Interpol has announced the formation of a detachment of forces of the new multi-country to fight the more and more ample distribution of cathinone of methyldimethyl of the drug (MDMC). To direct the d,Interpol has announced the formation of a detachment of forces of the new multi-country to fight the more and more ample distribution of cathinone of methyldimethyl of the drug (MDMC). To direct the d,narrative_line_3_组织对抗线.csv,auto_clustered
EVT-0153,2013-10-22,day,Multi-Country Task Force Formed,cross_source_story,2,环境冲突线,medium,3,Tethys|APA,Tethys,2,News Online Today; World Source,590;775,News Online Today,"Interpol has announced the formation of a new multi-country task force to combat the increasingly wide distribution of the drug methyldimethyl cathinone (MDMC). This particular blend of the drug MDMC,","Interpol has announced the formation of a new multi-country task force to combat the increasingly wide distribution of the drug methyldimethyl cathinone (MDMC). This particular blend of the drug MDMC,",narrative_line_2_环境冲突线.csv,auto_clustered
EVT-0154,2013-11-13,day,The protests of Kronos explode in violence,cross_source_story,1,商业利益线,medium,3,GAStech|Government|Abila|President Kapelou|Tethys,Abila|Tethys,4,Everyday News; News Online Today; The Continent; World Journal,126;446;608;88,Everyday News,"Journalist Shawn Pastorini says that the ""deficiency of the respect"" is supplying of fuel the protests << to continue reading main history >> The demonstrators in Abilia, Kronos have fixed the fire to","Journalist Shawn Pastorini says that the ""deficiency of the respect"" is supplying of fuel the protests << to continue reading main history >> The demonstrators in Abilia, Kronos have fixed the fire to",narrative_line_1_商业利益线.csv,auto_clustered
EVT-0154,2013-11-13,day,The protests of Kronos explode in violence,cross_source_story,2,环境冲突线,medium,3,GAStech|Government|Abila|President Kapelou|Tethys,Abila|Tethys,4,Everyday News; News Online Today; The Continent; World Journal,126;446;608;88,Everyday News,"Journalist Shawn Pastorini says that the ""deficiency of the respect"" is supplying of fuel the protests << to continue reading main history >> The demonstrators in Abilia, Kronos have fixed the fire to","Journalist Shawn Pastorini says that the ""deficiency of the respect"" is supplying of fuel the protests << to continue reading main history >> The demonstrators in Abilia, Kronos have fixed the fire to",narrative_line_2_环境冲突线.csv,auto_clustered
EVT-0154,2013-11-13,day,The protests of Kronos explode in violence,cross_source_story,3,组织对抗线,medium,3,GAStech|Government|Abila|President Kapelou|Tethys,Abila|Tethys,4,Everyday News; News Online Today; The Continent; World Journal,126;446;608;88,Everyday News,"Journalist Shawn Pastorini says that the ""deficiency of the respect"" is supplying of fuel the protests << to continue reading main history >> The demonstrators in Abilia, Kronos have fixed the fire to","Journalist Shawn Pastorini says that the ""deficiency of the respect"" is supplying of fuel the protests << to continue reading main history >> The demonstrators in Abilia, Kronos have fixed the fire to",narrative_line_3_组织对抗线.csv,auto_clustered
EVT-0155,2013-12-16,day,BRAZEN DAY TIME ASSAULT BY POK,cross_source_story,3,组织对抗线,medium,3,POK|Government,,2,News Online Today; The Abila Post,25;83,The Abila Post,"The brazen day time assault on two peace officers by the POK is just another violent, terroristic act in a long string of such acts. The two officers were left bloody and beaten, and tied up in the tr","The brazen day time assault on two peace officers by the POK is just another violent, terroristic act in a long string of such acts. The two officers were left bloody and beaten, and tied up in the tr",narrative_line_3_组织对抗线.csv,auto_clustered
EVT-0156,2013-12-16,day,POK Assault Police in Abila,cross_source_story,3,组织对抗线,medium,3,POK|Abila|Government,Abila,4,International News; News Online Today; The Guide; The Truth,333;388;480;777,News Online Today,Police spokesman Adrien Carmen informed the media today that members of the POK assaulted a police patrol in Abila early this morning. The POK thugs crept up on two patrol officers who were sitting in,Police spokesman Adrien Carmen informed the media today that members of the POK assaulted a police patrol in Abila early this morning. The POK thugs crept up on two patrol officers who were sitting in,narrative_line_3_组织对抗线.csv,auto_clustered
EVT-0157,2013-12-16,day,HUGE IPO MAKES SANJORGE BILLIONAIRE,cross_source_story,1,商业利益线,medium,3,GAStech|Sten Sanjorge,,2,News Online Today; The World,559;86,News Online Today,"President and CEO of GAStech International Sten Sanjorge, Jr. The filings show that the GAStech - Kronos executives earned a collective $327.25 million from the newly vested shares including $96.25 mi","President and CEO of GAStech International Sten Sanjorge, Jr. The filings show that the GAStech - Kronos executives earned a collective $327.25 million from the newly vested shares including $96.25 mi",narrative_line_1_商业利益线.csv,auto_clustered
EVT-A184,2013-12-16,day,GAStech IPO,anchor_event,1,商业利益线,medium,3,GAStech|Sten Sanjorge|Government|Tethys|Abila|POK|Centrum|President Kapelou,Tethys|Abila|Centrum,11,Central Bulletin; Homeland Illumination; News Desk; News Online Today; The Abila Post; The Explainer; The General Post; The Light of Truth; The Tulip; The World; Who What News,1;86;223;326;348;360;375;525;559;618;673;679;711;713;764;834,The General Post,"President and CEO of GAStech international Sten Sanjorge Jr can add another description to his name: multimillionaire. And not only a multimillionaire, almost multimillionaire excessive of like parts ","President and CEO of GAStech international Sten Sanjorge Jr can add another description to his name: multimillionaire. And not only a multimillionaire, almost multimillionaire excessive of like parts ",narrative_line_1_商业利益线.csv,auto_clustered
EVT-A184,2013-12-16,day,GAStech IPO,anchor_event,4,绑架导火索线,medium,3,GAStech|Sten Sanjorge|Government|Tethys|Abila|POK|Centrum|President Kapelou,Tethys|Abila|Centrum,11,Central Bulletin; Homeland Illumination; News Desk; News Online Today; The Abila Post; The Explainer; The General Post; The Light of Truth; The Tulip; The World; Who What News,1;86;223;326;348;360;375;525;559;618;673;679;711;713;764;834,The General Post,"President and CEO of GAStech international Sten Sanjorge Jr can add another description to his name: multimillionaire. And not only a multimillionaire, almost multimillionaire excessive of like parts ","President and CEO of GAStech international Sten Sanjorge Jr can add another description to his name: multimillionaire. And not only a multimillionaire, almost multimillionaire excessive of like parts ",narrative_line_4_绑架导火索线.csv,auto_clustered
EVT-A185,2013-12-16,day,IPO 后高管巨额收益披露,anchor_event,1,商业利益线,medium,3,GAStech|Sten Sanjorge|Government|Tethys|Centrum,Tethys|Centrum,13,All News Today; Athena Speaks; Central Bulletin; Homeland Illumination; News Desk; News Online Today; The Abila Post; The General Post; The Light of Truth; The Tulip; The World; The Wrap; Who What News,1;86;138;152;170;223;360;375;500;525;559;618;681;682;713,Homeland Illumination,"In a glitzy press conference late last year President Luis Araullo announced a historic set of tax incentives intended to bring foreign investment to Kronos under the guise creating jobs, providing ch","In a glitzy press conference late last year President Luis Araullo announced a historic set of tax incentives intended to bring foreign investment to Kronos under the guise creating jobs, providing ch",narrative_line_1_商业利益线.csv,auto_clustered
EVT-A185,2013-12-16,day,IPO 后高管巨额收益披露,anchor_event,4,绑架导火索线,medium,3,GAStech|Sten Sanjorge|Government|Tethys|Centrum,Tethys|Centrum,13,All News Today; Athena Speaks; Central Bulletin; Homeland Illumination; News Desk; News Online Today; The Abila Post; The General Post; The Light of Truth; The Tulip; The World; The Wrap; Who What News,1;86;138;152;170;223;360;375;500;525;559;618;681;682;713,Homeland Illumination,"In a glitzy press conference late last year President Luis Araullo announced a historic set of tax incentives intended to bring foreign investment to Kronos under the guise creating jobs, providing ch","In a glitzy press conference late last year President Luis Araullo announced a historic set of tax incentives intended to bring foreign investment to Kronos under the guise creating jobs, providing ch",narrative_line_4_绑架导火索线.csv,auto_clustered
EVT-0158,2013-12-17,day,BRAZEN DAY TIME ASSAULT BY POK,cross_source_story,3,组织对抗线,medium,3,POK|Government|Abila,Abila,2,Athena Speaks; Central Bulletin,231;800,Central Bulletin,"ABILA, Kronos - The brazen day time assault on two peace officers by the POK is just another violent, terroristic act in a long string of such acts. Police spokesman Adrien Carman said of the attack, ","ABILA, Kronos - The brazen day time assault on two peace officers by the POK is just another violent, terroristic act in a long string of such acts. Police spokesman Adrien Carman said of the attack, ",narrative_line_3_组织对抗线.csv,auto_clustered
EVT-0159,2013-12-17,day,GIANT IPO MAKE SANJORGE BILLIONAIRE,cross_source_story,1,商业利益线,medium,3,GAStech|Sten Sanjorge|Tethys|Centrum,Tethys|Centrum,2,The Tulip; Who What News,360;375,The Tulip,"President and CEO of GAStech international Sten Sanjorge, Jr. can add another description to its name: billionaire. And not only a billionaire, almost a billionaire two times if international sold sha","President and CEO of GAStech international Sten Sanjorge, Jr. can add another description to its name: billionaire. And not only a billionaire, almost a billionaire two times if international sold sha",narrative_line_1_商业利益线.csv,auto_clustered
EVT-0159,2013-12-17,day,GIANT IPO MAKE SANJORGE BILLIONAIRE,cross_source_story,2,环境冲突线,medium,3,GAStech|Sten Sanjorge|Tethys|Centrum,Tethys|Centrum,2,The Tulip; Who What News,360;375,The Tulip,"President and CEO of GAStech international Sten Sanjorge, Jr. can add another description to its name: billionaire. And not only a billionaire, almost a billionaire two times if international sold sha","President and CEO of GAStech international Sten Sanjorge, Jr. can add another description to its name: billionaire. And not only a billionaire, almost a billionaire two times if international sold sha",narrative_line_2_环境冲突线.csv,auto_clustered
ANCHOR-06,2013-12-18,day,GAStech IPO，Sanjorge 成为巨富,anchor_event,1|4,商业利益线; 绑架导火索线,high,5,GAStech|Sten Sanjorge|Tethys|Centrum,Tethys|Centrum,1,The General Post,223,The General Post,商业利益集中爆发，为后续矛盾激化提供背景,ENORMOUS IPO MAKES MULTIMILLIONAIRE OF SANJORGE... initial public offer,anchor_events.csv,curated
EVT-0160,2013-12-18,day,ENORMOUS IPO MAKES MULTIMILLIONAIRE OF SANJORGE,cross_source_story,1,商业利益线,medium,3,GAStech|Sten Sanjorge,,2,The General Post; The Light of Truth,1;223,The General Post,"President and CEO of GAStech international Sten Sanjorge Jr can add another description to his name: multimillionaire. And not only a multimillionaire, almost multimillionaire excessive of like parts ","President and CEO of GAStech international Sten Sanjorge Jr can add another description to his name: multimillionaire. And not only a multimillionaire, almost multimillionaire excessive of like parts ",narrative_line_1_商业利益线.csv,auto_clustered
EVT-0160,2013-12-18,day,ENORMOUS IPO MAKES MULTIMILLIONAIRE OF SANJORGE,cross_source_story,2,环境冲突线,medium,3,GAStech|Sten Sanjorge,,2,The General Post; The Light of Truth,1;223,The General Post,"President and CEO of GAStech international Sten Sanjorge Jr can add another description to his name: multimillionaire. And not only a multimillionaire, almost multimillionaire excessive of like parts ","President and CEO of GAStech international Sten Sanjorge Jr can add another description to his name: multimillionaire. And not only a multimillionaire, almost multimillionaire excessive of like parts ",narrative_line_2_环境冲突线.csv,auto_clustered
EVT-0160,2013-12-18,day,ENORMOUS IPO MAKES MULTIMILLIONAIRE OF SANJORGE,cross_source_story,3,组织对抗线,medium,3,GAStech|Sten Sanjorge,,2,The General Post; The Light of Truth,1;223,The General Post,"President and CEO of GAStech international Sten Sanjorge Jr can add another description to his name: multimillionaire. And not only a multimillionaire, almost multimillionaire excessive of like parts ","President and CEO of GAStech international Sten Sanjorge Jr can add another description to his name: multimillionaire. And not only a multimillionaire, almost multimillionaire excessive of like parts ",narrative_line_3_组织对抗线.csv,auto_clustered
ANCHOR-07,2014-01-19,day,GAStech 与 Kronos 庆祝合作 20 周年,anchor_event,1|4,商业利益线; 绑架导火索线,high,5,GAStech|Government|Sten Sanjorge|President Kapelou|Abila,Abila,1,Kronos Star,174,Kronos Star,IPO 后政府接待安排，绑架事件直接导火索,Reception hosted by President Kapelou... celebrate the 20th year of cooperation between the corporation and our country,anchor_events.csv,curated
EVT-0161,2014-01-19,day,MEETING SET FOR TOMORROW MORNING,cross_source_story,1,商业利益线,medium,3,GAStech|Abila|Sten Sanjorge,Abila,5,Athena Speaks; Central Bulletin; News Desk; The Abila Post; The Explainer,127;160;259;618;764,Central Bulletin,"With a meeting set tomorrow at 8 AM, the recent Initial Public Offering, and CEO Sten Sanjorge, Jr. in town reporters will be descending on the GAStech - Kronos headquarters in droves with plenty of q","With a meeting set tomorrow at 8 AM, the recent Initial Public Offering, and CEO Sten Sanjorge, Jr. in town reporters will be descending on the GAStech - Kronos headquarters in droves with plenty of q",narrative_line_1_商业利益线.csv,auto_clustered
EVT-0163,2014-01-19,day,GAStech and Kronos Celebrate Partnership,cross_source_story,1,商业利益线,medium,3,GAStech|Government|Sten Sanjorge|President Kapelou|Abila|Tethys,Abila|Tethys,6,International News; Kronos Star; News Online Today; The Guide; The Truth; Worldwise,174;240;40;436;589;614,Kronos Star,"Local GAStech executives Ingrid Barranco, Ada Campo-Corrente, Orhan Strum, and Willem Vasco-Pais will attend a reception with government officials tomorrow following a business meeting at their headqu","Local GAStech executives Ingrid Barranco, Ada Campo-Corrente, Orhan Strum, and Willem Vasco-Pais will attend a reception with government officials tomorrow following a business meeting at their headqu",narrative_line_1_商业利益线.csv,auto_clustered
TL-127,2014-01-19,day,TO SATISFY THE SYSTEM FOR TOMORROW MORNING,timeline,1,商业利益线,medium,3,GAStech|Sten Sanjorge|Abila,Abila,1,The Explainer,127,The Explainer,"ABILA, Kronos - with a meeting to fix tomorrow to 8, the recent initial public offer, and the CEO Sten Sanjorge, Jr in reporters of the city will be descendant in the headquarters of GAStech - of Kron","ABILA, Kronos - with a meeting to fix tomorrow to 8, the recent initial public offer, and the CEO Sten Sanjorge, Jr in reporters of the city will be descendant in the headquarters of GAStech - of Kron",narrative_line_1_商业利益线.csv,auto_clustered
TL-160,2014-01-19,day,TO MEET the WHOLE FOR Tomorrow morning,timeline,1,商业利益线,medium,3,GAStech|Abila,Abila,1,Athena Speaks,160,Athena Speaks,"With a meeting to place tomorrow at 8 AM, the public call to the saving initial recent, and PRESIDENT Sten St George, Jr. in journalists of city will be downward on the registered offices of GAStech -","With a meeting to place tomorrow at 8 AM, the public call to the saving initial recent, and PRESIDENT Sten St George, Jr. in journalists of city will be downward on the registered offices of GAStech -",narrative_line_1_商业利益线.csv,auto_clustered
TL-259,2014-01-19,day,MEETING WHO IS PLACED FOR THE MORNING,timeline,1,商业利益线,medium,3,GAStech|Abila,Abila,1,News Desk,259,News Desk,"ABILA, Kronos - with a meeting who at 8 AM, the recent initial public, and CEO Sten which Sanjorge are placed tomorrow offer, Jr. in town report donors on the hoofdkwartier GAStech will decrease - Kro","ABILA, Kronos - with a meeting who at 8 AM, the recent initial public, and CEO Sten which Sanjorge are placed tomorrow offer, Jr. in town report donors on the hoofdkwartier GAStech will decrease - Kro",narrative_line_1_商业利益线.csv,auto_clustered
TL-618,2014-01-19,day,MEETING SET FOR TOMORROW MORNING,timeline,1,商业利益线,medium,3,GAStech|Sten Sanjorge,,1,Central Bulletin,618,Central Bulletin,"With a meeting set tomorrow at 8 AM, the recent Initial Public Offering, and CEO Sten Sanjorge, Jr. in town reporters will be descending on the GAStech - Kronos headquarters in droves with plenty of q","With a meeting set tomorrow at 8 AM, the recent Initial Public Offering, and CEO Sten Sanjorge, Jr. in town reporters will be descending on the GAStech - Kronos headquarters in droves with plenty of q",narrative_line_1_商业利益线.csv,auto_clustered
TL-711,2014-01-19,day,MEETING SET FOR TOMORROW MORNING,timeline,1,商业利益线,medium,3,Sten Sanjorge,,1,News Online Today,711,News Online Today,"With a meeting set tomorrow at 8 AM, the recent Initial Public Offering, and CEO Sten Sanjorge, Jr.","With a meeting set tomorrow at 8 AM, the recent Initial Public Offering, and CEO Sten Sanjorge, Jr.",narrative_line_1_商业利益线.csv,auto_clustered
TL-764,2014-01-19,day,MEETING SET FOR TOMORROW MORNING,timeline,1,商业利益线,medium,3,GAStech|Sten Sanjorge|Abila,Abila,1,The Abila Post,764,The Abila Post,"With a meeting set tomorrow at 8 AM, the recent Initial Public Offering, and CEO Sten Sanjorge, Jr. in town reporters will be descending on the GAStech - Kronos headquarters in droves with plenty of q","With a meeting set tomorrow at 8 AM, the recent Initial Public Offering, and CEO Sten Sanjorge, Jr. in town reporters will be descending on the GAStech - Kronos headquarters in droves with plenty of q",narrative_line_1_商业利益线.csv,auto_clustered
ANCHOR-08,2014-01-20,day,GAStech 高管失踪/绑架，POK 被指认,anchor_event,3|4,组织对抗线; 绑架导火索线,high,5,GAStech|POK|APA|Government|Sten Sanjorge|Abila,Abila,1,The Abila Post,713,The Abila Post,全案高潮：14 名员工被绑，POK 发赎金要求，APA 亦被提及,Members of the GAStech leadership are in fact missing... expected to arrive at the Government reception... IPO netted Sten Sanjorge Jr. $1.96 billion,anchor_events.csv,curated
EVT-0165,2014-01-20,day,WRAP UP OF EVENTS AT GASTECH,cross_source_story,1,商业利益线,medium,3,GAStech|Abila|Government|POK|Sten Sanjorge|Tethys|Centrum,Abila|Tethys|Centrum,14,Athena Speaks; Central Bulletin; International News; Kronos Star; News Online Today; The Abila Post; The Explainer; The General Post; The Guide; The Light of Truth; The Truth; The Tulip; The World; Who What News,107;145;29;291;326;431;461;469;49;494;516;607;673;679;7;712;715,The Abila Post,"A long tense day of conflicting reports and confusing information has come to an end. What we know for certain is that 14 GAStech employees are not only missing, but kidnapped as confirmed by a Kronos","A long tense day of conflicting reports and confusing information has come to an end. What we know for certain is that 14 GAStech employees are not only missing, but kidnapped as confirmed by a Kronos",narrative_line_1_商业利益线.csv,auto_clustered
EVT-0165,2014-01-20,day,WRAP UP OF EVENTS AT GASTECH,cross_source_story,3,组织对抗线,medium,3,GAStech|Abila|Government|POK|Sten Sanjorge|Tethys|Centrum,Abila|Tethys|Centrum,14,Athena Speaks; Central Bulletin; International News; Kronos Star; News Online Today; The Abila Post; The Explainer; The General Post; The Guide; The Light of Truth; The Truth; The Tulip; The World; Who What News,107;145;29;291;326;431;461;469;49;494;516;607;673;679;7;712;715,The Abila Post,"A long tense day of conflicting reports and confusing information has come to an end. What we know for certain is that 14 GAStech employees are not only missing, but kidnapped as confirmed by a Kronos","A long tense day of conflicting reports and confusing information has come to an end. What we know for certain is that 14 GAStech employees are not only missing, but kidnapped as confirmed by a Kronos",narrative_line_3_组织对抗线.csv,auto_clustered
EVT-0165,2014-01-20,day,WRAP UP OF EVENTS AT GASTECH,cross_source_story,4,绑架导火索线,medium,3,GAStech|Abila|Government|POK|Sten Sanjorge|Tethys|Centrum,Abila|Tethys|Centrum,14,Athena Speaks; Central Bulletin; International News; Kronos Star; News Online Today; The Abila Post; The Explainer; The General Post; The Guide; The Light of Truth; The Truth; The Tulip; The World; Who What News,107;145;29;291;326;431;461;469;49;494;516;607;673;679;7;712;715,The Abila Post,"A long tense day of conflicting reports and confusing information has come to an end. What we know for certain is that 14 GAStech employees are not only missing, but kidnapped as confirmed by a Kronos","A long tense day of conflicting reports and confusing information has come to an end. What we know for certain is that 14 GAStech employees are not only missing, but kidnapped as confirmed by a Kronos",narrative_line_4_绑架导火索线.csv,auto_clustered
EVT-0167,2014-01-20,day,"GASTECH EMPLOYEE INTERROGATED, RELEASED",cross_source_story,1,商业利益线,medium,3,GAStech|Government|POK|Abila|Elodis|Sten Sanjorge|Tethys,Abila|Elodis|Tethys,6,Athena Speaks; Central Bulletin; News Desk; News Online Today; The Abila Post; The Explainer,125;197;440;466;50;512;525,Central Bulletin,For roughly 6 hours GAStech - Kronos employee Edvard Vann was interrogated by Kronos Police and Government officials before being released at 17:00 this evening. The apparent confusion stems from the ,For roughly 6 hours GAStech - Kronos employee Edvard Vann was interrogated by Kronos Police and Government officials before being released at 17:00 this evening. The apparent confusion stems from the ,narrative_line_1_商业利益线.csv,auto_clustered
EVT-0167,2014-01-20,day,"GASTECH EMPLOYEE INTERROGATED, RELEASED",cross_source_story,3,组织对抗线,medium,3,GAStech|Government|POK|Abila|Elodis|Sten Sanjorge|Tethys,Abila|Elodis|Tethys,6,Athena Speaks; Central Bulletin; News Desk; News Online Today; The Abila Post; The Explainer,125;197;440;466;50;512;525,Central Bulletin,For roughly 6 hours GAStech - Kronos employee Edvard Vann was interrogated by Kronos Police and Government officials before being released at 17:00 this evening. The apparent confusion stems from the ,For roughly 6 hours GAStech - Kronos employee Edvard Vann was interrogated by Kronos Police and Government officials before being released at 17:00 this evening. The apparent confusion stems from the ,narrative_line_3_组织对抗线.csv,auto_clustered
EVT-0169,2014-01-20,day,TOP EVENTS WITH GASTECH,cross_source_story,1,商业利益线,medium,3,GAStech|Government|Abila|Tethys|POK|Sten Sanjorge|Centrum,Abila|Tethys|Centrum,4,Athena Speaks; News Desk; The Explainer; Worldwise,140;397;402;594;818,Athena Speaks,"A long day of the contradictory reports and muddling information finished. What we know for certain that 14 employees of GAStech missing, as confirmed by a source of government of Kronos. Currently it","A long day of the contradictory reports and muddling information finished. What we know for certain that 14 employees of GAStech missing, as confirmed by a source of government of Kronos. Currently it",narrative_line_1_商业利益线.csv,auto_clustered
EVT-0169,2014-01-20,day,TOP EVENTS WITH GASTECH,cross_source_story,3,组织对抗线,medium,3,GAStech|Government|Abila|Tethys|POK|Sten Sanjorge|Centrum,Abila|Tethys|Centrum,4,Athena Speaks; News Desk; The Explainer; Worldwise,140;397;402;594;818,Athena Speaks,"A long day of the contradictory reports and muddling information finished. What we know for certain that 14 employees of GAStech missing, as confirmed by a source of government of Kronos. Currently it","A long day of the contradictory reports and muddling information finished. What we know for certain that 14 employees of GAStech missing, as confirmed by a source of government of Kronos. Currently it",narrative_line_3_组织对抗线.csv,auto_clustered
EVT-0169,2014-01-20,day,TOP EVENTS WITH GASTECH,cross_source_story,4,绑架导火索线,medium,3,GAStech|Government|Abila|Tethys|POK|Sten Sanjorge|Centrum,Abila|Tethys|Centrum,4,Athena Speaks; News Desk; The Explainer; Worldwise,140;397;402;594;818,Athena Speaks,"A long day of the contradictory reports and muddling information finished. What we know for certain that 14 employees of GAStech missing, as confirmed by a source of government of Kronos. Currently it","A long day of the contradictory reports and muddling information finished. What we know for certain that 14 employees of GAStech missing, as confirmed by a source of government of Kronos. Currently it",narrative_line_4_绑架导火索线.csv,auto_clustered
EVT-0171,2014-01-20,day,GASTECH LEADERSHIP CONFIRMED MISSING,cross_source_story,1,商业利益线,medium,3,GAStech|Tethys|Centrum|Government|Sten Sanjorge,Tethys|Centrum,3,Central Bulletin; News Online Today; The Abila Post,170;63;713,Central Bulletin,"Miriam Avila, an administrative assistant at GAStech International, has confirmed that members of the GAStech leadership are in fact missing. The group was expected to arrive at the Government recepti","Miriam Avila, an administrative assistant at GAStech International, has confirmed that members of the GAStech leadership are in fact missing. The group was expected to arrive at the Government recepti",narrative_line_1_商业利益线.csv,auto_clustered
EVT-0171,2014-01-20,day,GASTECH LEADERSHIP CONFIRMED MISSING,cross_source_story,4,绑架导火索线,medium,3,GAStech|Tethys|Centrum|Government|Sten Sanjorge,Tethys|Centrum,3,Central Bulletin; News Online Today; The Abila Post,170;63;713,Central Bulletin,"Miriam Avila, an administrative assistant at GAStech International, has confirmed that members of the GAStech leadership are in fact missing. The group was expected to arrive at the Government recepti","Miriam Avila, an administrative assistant at GAStech International, has confirmed that members of the GAStech leadership are in fact missing. The group was expected to arrive at the Government recepti",narrative_line_4_绑架导火索线.csv,auto_clustered
EVT-0173,2014-01-20,day,VOICES - a blog approximately that what is important to people,cross_source_story,1,商业利益线,medium,3,Government|GAStech|Tethys,Tethys,1,Centrum Sentinel,490;749;828,Centrum Sentinel,1356 - The means that the taken ones has marked GAStech-Tethys have confirmed a sure number of employs missing of GAStech.,1356 - The means that the taken ones has marked GAStech-Tethys have confirmed a sure number of employs missing of GAStech.,narrative_line_1_商业利益线.csv,auto_clustered
EVT-0173,2014-01-20,day,VOICES - a blog approximately that what is important to people,cross_source_story,4,绑架导火索线,medium,3,Government|GAStech|Tethys,Tethys,1,Centrum Sentinel,490;749;828,Centrum Sentinel,1356 - The means that the taken ones has marked GAStech-Tethys have confirmed a sure number of employs missing of GAStech.,1356 - The means that the taken ones has marked GAStech-Tethys have confirmed a sure number of employs missing of GAStech.,narrative_line_4_绑架导火索线.csv,auto_clustered
EVT-A186,2014-01-20,day,2014-01-20 GAStech 总部会议,anchor_event,4,绑架导火索线,medium,3,GAStech|Sten Sanjorge|Abila|Government|President Kapelou|Tethys|Centrum|POK,Abila|Tethys|Centrum|Elodis,8,Central Bulletin; International News; Kronos Star; News Online Today; The Abila Post; The Explainer; The Guide; The Truth,40;62;127;174;240;298;340;344;368;436;463;481;618;660;689;692;764;834;837,Kronos Star,"Local GAStech executives Ingrid Barranco, Ada Campo-Corrente, Orhan Strum, and Willem Vasco-Pais will attend a reception with government officials tomorrow following a business meeting at their headqu","Local GAStech executives Ingrid Barranco, Ada Campo-Corrente, Orhan Strum, and Willem Vasco-Pais will attend a reception with government officials tomorrow following a business meeting at their headqu",narrative_line_4_绑架导火索线.csv,auto_clustered
EVT-A187,2014-01-20,day,GAStech 高管失踪/绑架,anchor_event,4,绑架导火索线,medium,3,GAStech|Abila|POK|Government|Tethys|Sten Sanjorge|Centrum|President Kapelou,Abila|Tethys|Centrum|Elodis,25,Athena Speaks; Central Bulletin; Centrum Sentinel; Everyday News; Homeland Illumination; International News; International Times; Kronos Star; Modern Rubicon; News Desk; News Online Today; Tethys News; The Abila Post; The Continent; The Explainer; The General Post; The Guide; The Light of Truth; The Truth; The Tulip; The World; Who What News; World Journal; World Source; Worldwise,7;29;43;49;53;62;63;76;87;94;106;107;140;145;167;169;170;172;173;219;245;250;261;262;274;276;291;298;310;326;329;344;359;372;384;396;397;400;430;431;460;461;463;469;481;485;494;507;516;518;525;536;555;594;598;599;607;613;655;673;674;676;678;679;689;693;712;713;715;733;752;761;776;787;813;818;822;824;838,Modern Rubicon,1245 - I REDEEM DEMANDS FROM POK - the protections of Kronos has freed a supporting responsibility of declaration of the kidnapping of employs you of GAStech that they demand I redeem $20 million.,1245 - I REDEEM DEMANDS FROM POK - the protections of Kronos has freed a supporting responsibility of declaration of the kidnapping of employs you of GAStech that they demand I redeem $20 million.,narrative_line_4_绑架导火索线.csv,auto_clustered
EVT-A188,2014-01-20,day,POK 声称绑架责任,anchor_event,3,组织对抗线,medium,3,GAStech|POK|Abila|Tethys|Government|Sten Sanjorge|Centrum|President Kapelou,Abila|Tethys|Centrum|Elodis,15,Homeland Illumination; International News; International Times; Kronos Star; Modern Rubicon; News Online Today; Tethys News; The Abila Post; The Continent; The General Post; The Guide; The Truth; The World; Who What News; Worldwise,29;62;106;145;167;172;173;219;245;261;274;310;359;372;431;461;463;481;536;594;607;674;689;693;776;824;838,Modern Rubicon,1245 - I REDEEM DEMANDS FROM POK - the protections of Kronos has freed a supporting responsibility of declaration of the kidnapping of employs you of GAStech that they demand I redeem $20 million.,1245 - I REDEEM DEMANDS FROM POK - the protections of Kronos has freed a supporting responsibility of declaration of the kidnapping of employs you of GAStech that they demand I redeem $20 million.,narrative_line_3_组织对抗线.csv,auto_clustered
EVT-A188,2014-01-20,day,POK 声称绑架责任,anchor_event,4,绑架导火索线,medium,3,GAStech|POK|Abila|Tethys|Government|Sten Sanjorge|Centrum|President Kapelou,Abila|Tethys|Centrum|Elodis,15,Homeland Illumination; International News; International Times; Kronos Star; Modern Rubicon; News Online Today; Tethys News; The Abila Post; The Continent; The General Post; The Guide; The Truth; The World; Who What News; Worldwise,29;62;106;145;167;172;173;219;245;261;274;310;359;372;431;461;463;481;536;594;607;674;689;693;776;824;838,Modern Rubicon,1245 - I REDEEM DEMANDS FROM POK - the protections of Kronos has freed a supporting responsibility of declaration of the kidnapping of employs you of GAStech that they demand I redeem $20 million.,1245 - I REDEEM DEMANDS FROM POK - the protections of Kronos has freed a supporting responsibility of declaration of the kidnapping of employs you of GAStech that they demand I redeem $20 million.,narrative_line_4_绑架导火索线.csv,auto_clustered
TL-107,2014-01-20,day,KIDNAPPING IN GASTECH KRONOS,timeline,1,商业利益线,medium,3,GAStech|POK|Government|Sten Sanjorge|Abila,Abila,1,The General Post,107,The General Post,"After a long day to be in conflict and the confused information of information continue being incomplete, only history is beginning to come clearly: a source of the government of Kronos has confirmed ","After a long day to be in conflict and the confused information of information continue being incomplete, only history is beginning to come clearly: a source of the government of Kronos has confirmed ",narrative_line_1_商业利益线.csv,auto_clustered
TL-107,2014-01-20,day,KIDNAPPING IN GASTECH KRONOS,timeline,3,组织对抗线,medium,3,GAStech|POK|Government|Sten Sanjorge|Abila,Abila,1,The General Post,107,The General Post,"After a long day to be in conflict and the confused information of information continue being incomplete, only history is beginning to come clearly: a source of the government of Kronos has confirmed ","After a long day to be in conflict and the confused information of information continue being incomplete, only history is beginning to come clearly: a source of the government of Kronos has confirmed ",narrative_line_3_组织对抗线.csv,auto_clustered
TL-107,2014-01-20,day,KIDNAPPING IN GASTECH KRONOS,timeline,4,绑架导火索线,medium,3,GAStech|POK|Government|Sten Sanjorge|Abila,Abila,1,The General Post,107,The General Post,"After a long day to be in conflict and the confused information of information continue being incomplete, only history is beginning to come clearly: a source of the government of Kronos has confirmed ","After a long day to be in conflict and the confused information of information continue being incomplete, only history is beginning to come clearly: a source of the government of Kronos has confirmed ",narrative_line_4_绑架导火索线.csv,auto_clustered
TL-118,2014-01-20,day,VOICES - a blog on what is important to people,timeline,1,商业利益线,medium,3,Abila|Tethys,Abila|Tethys,1,Centrum Sentinel,118,Centrum Sentinel,2232 - There are relationships that the civil employees of the airport have confirmed the arrival of a classified jet from Tethys. Several passengers have left in an attending limousine. The reporter ,2232 - There are relationships that the civil employees of the airport have confirmed the arrival of a classified jet from Tethys. Several passengers have left in an attending limousine. The reporter ,narrative_line_1_商业利益线.csv,auto_clustered
TL-125,2014-01-20,day,"GASTECH EMPLOYEE INTERROGATED, RELEASED",timeline,1,商业利益线,medium,3,GAStech|POK|Government|Abila,Abila,1,Central Bulletin,125,Central Bulletin,For roughly 6 hours GAStech - Kronos employee Edvard Vann was interrogated by Kronos Police and Government officials before being released at 17:00 this evening. The apparent confusion stems from the ,For roughly 6 hours GAStech - Kronos employee Edvard Vann was interrogated by Kronos Police and Government officials before being released at 17:00 this evening. The apparent confusion stems from the ,narrative_line_1_商业利益线.csv,auto_clustered
TL-125,2014-01-20,day,"GASTECH EMPLOYEE INTERROGATED, RELEASED",timeline,3,组织对抗线,medium,3,GAStech|POK|Government|Abila,Abila,1,Central Bulletin,125,Central Bulletin,For roughly 6 hours GAStech - Kronos employee Edvard Vann was interrogated by Kronos Police and Government officials before being released at 17:00 this evening. The apparent confusion stems from the ,For roughly 6 hours GAStech - Kronos employee Edvard Vann was interrogated by Kronos Police and Government officials before being released at 17:00 this evening. The apparent confusion stems from the ,narrative_line_3_组织对抗线.csv,auto_clustered
TL-138,2014-01-20,day,DISAPPEARED CONFIRMED BY CONTROL FROM GASTECH,timeline,1,商业利益线,medium,3,GAStech|Government|Tethys|Centrum,Tethys|Centrum,1,Athena Speaks,138,Athena Speaks,"Miriam Avila, an administrative assistant at international GAStech, confirmed that the members of the control of GAStech are in fact missing. One expected that arrives at the reception of government f","Miriam Avila, an administrative assistant at international GAStech, confirmed that the members of the control of GAStech are in fact missing. One expected that arrives at the reception of government f",narrative_line_1_商业利益线.csv,auto_clustered
TL-138,2014-01-20,day,DISAPPEARED CONFIRMED BY CONTROL FROM GASTECH,timeline,2,环境冲突线,medium,3,GAStech|Government|Tethys|Centrum,Tethys|Centrum,1,Athena Speaks,138,Athena Speaks,"Miriam Avila, an administrative assistant at international GAStech, confirmed that the members of the control of GAStech are in fact missing. One expected that arrives at the reception of government f","Miriam Avila, an administrative assistant at international GAStech, confirmed that the members of the control of GAStech are in fact missing. One expected that arrives at the reception of government f",narrative_line_2_环境冲突线.csv,auto_clustered
TL-138,2014-01-20,day,DISAPPEARED CONFIRMED BY CONTROL FROM GASTECH,timeline,4,绑架导火索线,medium,3,GAStech|Government|Tethys|Centrum,Tethys|Centrum,1,Athena Speaks,138,Athena Speaks,"Miriam Avila, an administrative assistant at international GAStech, confirmed that the members of the control of GAStech are in fact missing. One expected that arrives at the reception of government f","Miriam Avila, an administrative assistant at international GAStech, confirmed that the members of the control of GAStech are in fact missing. One expected that arrives at the reception of government f",narrative_line_4_绑架导火索线.csv,auto_clustered
TL-139,2014-01-20,day,ON THE SCENE BLOG,timeline,4,绑架导火索线,medium,3,GAStech|Abila,Abila,1,The Abila Post,139,The Abila Post,"1947 UPDATE - From the Abila Police news conference: ""There are approximately fourteen individuals unaccounted for among the GAStech staff. It has not yet been determined if all of these individuals a","1947 UPDATE - From the Abila Police news conference: ""There are approximately fourteen individuals unaccounted for among the GAStech staff. It has not yet been determined if all of these individuals a",narrative_line_4_绑架导火索线.csv,auto_clustered
TL-140,2014-01-20,day,TOP EVENTS WITH GASTECH,timeline,1,商业利益线,medium,3,GAStech|Government|Abila|Tethys,Abila|Tethys,1,Athena Speaks,140,Athena Speaks,"A long day of the contradictory reports and muddling information finished. What we know for certain that 14 employees of GAStech missing, as confirmed by a source of government of Kronos. Currently it","A long day of the contradictory reports and muddling information finished. What we know for certain that 14 employees of GAStech missing, as confirmed by a source of government of Kronos. Currently it",narrative_line_1_商业利益线.csv,auto_clustered
TL-140,2014-01-20,day,TOP EVENTS WITH GASTECH,timeline,3,组织对抗线,medium,3,GAStech|Government|Abila|Tethys,Abila|Tethys,1,Athena Speaks,140,Athena Speaks,"A long day of the contradictory reports and muddling information finished. What we know for certain that 14 employees of GAStech missing, as confirmed by a source of government of Kronos. Currently it","A long day of the contradictory reports and muddling information finished. What we know for certain that 14 employees of GAStech missing, as confirmed by a source of government of Kronos. Currently it",narrative_line_3_组织对抗线.csv,auto_clustered
TL-140,2014-01-20,day,TOP EVENTS WITH GASTECH,timeline,4,绑架导火索线,medium,3,GAStech|Government|Abila|Tethys,Abila|Tethys,1,Athena Speaks,140,Athena Speaks,"A long day of the contradictory reports and muddling information finished. What we know for certain that 14 employees of GAStech missing, as confirmed by a source of government of Kronos. Currently it","A long day of the contradictory reports and muddling information finished. What we know for certain that 14 employees of GAStech missing, as confirmed by a source of government of Kronos. Currently it",narrative_line_4_绑架导火索线.csv,auto_clustered
TL-144,2014-01-20,day,VOICES - a blog about what is important to the people,timeline,1,商业利益线,medium,3,GAStech|Government,,1,Homeland Illumination,144,Homeland Illumination,1251 - The police who just arrived went immediately into GAStech headquarters. At the same time the policemen that have been on site are now reconstructing the yellow tape perimeter. Still no word on ,1251 - The police who just arrived went immediately into GAStech headquarters. At the same time the policemen that have been on site are now reconstructing the yellow tape perimeter. Still no word on ,narrative_line_1_商业利益线.csv,auto_clustered
TL-145,2014-01-20,day,POK kidnaps to employees of GAStech,timeline,1,商业利益线,medium,3,GAStech|POK|Abila|Tethys|Centrum,Abila|Tethys|Centrum,1,The Guide,145,The Guide,The protectors of Kronos (POK) suspect themselves to kidnap to up to fourteen employees of GAStech of their construction of the headquarters previous today. The police of Abila quickly assured the rem,The protectors of Kronos (POK) suspect themselves to kidnap to up to fourteen employees of GAStech of their construction of the headquarters previous today. The police of Abila quickly assured the rem,narrative_line_1_商业利益线.csv,auto_clustered
TL-145,2014-01-20,day,POK kidnaps to employees of GAStech,timeline,3,组织对抗线,medium,3,GAStech|POK|Abila|Tethys|Centrum,Abila|Tethys|Centrum,1,The Guide,145,The Guide,The protectors of Kronos (POK) suspect themselves to kidnap to up to fourteen employees of GAStech of their construction of the headquarters previous today. The police of Abila quickly assured the rem,The protectors of Kronos (POK) suspect themselves to kidnap to up to fourteen employees of GAStech of their construction of the headquarters previous today. The police of Abila quickly assured the rem,narrative_line_3_组织对抗线.csv,auto_clustered
TL-145,2014-01-20,day,POK kidnaps to employees of GAStech,timeline,4,绑架导火索线,medium,3,GAStech|POK|Abila|Tethys|Centrum,Abila|Tethys|Centrum,1,The Guide,145,The Guide,The protectors of Kronos (POK) suspect themselves to kidnap to up to fourteen employees of GAStech of their construction of the headquarters previous today. The police of Abila quickly assured the rem,The protectors of Kronos (POK) suspect themselves to kidnap to up to fourteen employees of GAStech of their construction of the headquarters previous today. The police of Abila quickly assured the rem,narrative_line_4_绑架导火索线.csv,auto_clustered
TL-169,2014-01-20,day,ON THE SCENE BLOG,timeline,1,商业利益线,medium,3,GAStech|Government,,1,The Abila Post,169,The Abila Post,"2021 UPDATE - A Kronos Government official who asked not to be identified but was present at the government reception has gone on the record stating, ""Investigators are working around the clock to ens","2021 UPDATE - A Kronos Government official who asked not to be identified but was present at the government reception has gone on the record stating, ""Investigators are working around the clock to ens",narrative_line_1_商业利益线.csv,auto_clustered
TL-169,2014-01-20,day,ON THE SCENE BLOG,timeline,4,绑架导火索线,medium,3,GAStech|Government,,1,The Abila Post,169,The Abila Post,"2021 UPDATE - A Kronos Government official who asked not to be identified but was present at the government reception has gone on the record stating, ""Investigators are working around the clock to ens","2021 UPDATE - A Kronos Government official who asked not to be identified but was present at the government reception has gone on the record stating, ""Investigators are working around the clock to ens",narrative_line_4_绑架导火索线.csv,auto_clustered
TL-170,2014-01-20,day,GASTECH LEADERSHIP CONFIRMED MISSING,timeline,1,商业利益线,medium,3,GAStech|Government|Tethys|Centrum,Tethys|Centrum,1,Central Bulletin,170,Central Bulletin,"Miriam Avila, an administrative assistant at GAStech International, has confirmed that members of the GAStech leadership are in fact missing. The group was expected to arrive at the Government recepti","Miriam Avila, an administrative assistant at GAStech International, has confirmed that members of the GAStech leadership are in fact missing. The group was expected to arrive at the Government recepti",narrative_line_1_商业利益线.csv,auto_clustered
TL-170,2014-01-20,day,GASTECH LEADERSHIP CONFIRMED MISSING,timeline,4,绑架导火索线,medium,3,GAStech|Government|Tethys|Centrum,Tethys|Centrum,1,Central Bulletin,170,Central Bulletin,"Miriam Avila, an administrative assistant at GAStech International, has confirmed that members of the GAStech leadership are in fact missing. The group was expected to arrive at the Government recepti","Miriam Avila, an administrative assistant at GAStech International, has confirmed that members of the GAStech leadership are in fact missing. The group was expected to arrive at the Government recepti",narrative_line_4_绑架导火索线.csv,auto_clustered
TL-172,2014-01-20,day,VOICES - a blog about what is important to the people,timeline,1,商业利益线,medium,3,GAStech|Government,,1,Homeland Illumination,172,Homeland Illumination,2020 - Media outlets are reporting that a government spokesman who asked not to be named because he was not authorized to speak to the press stated that the GAStech employees had been kidnapped and th,2020 - Media outlets are reporting that a government spokesman who asked not to be named because he was not authorized to speak to the press stated that the GAStech employees had been kidnapped and th,narrative_line_1_商业利益线.csv,auto_clustered
TL-172,2014-01-20,day,VOICES - a blog about what is important to the people,timeline,4,绑架导火索线,medium,3,GAStech|Government,,1,Homeland Illumination,172,Homeland Illumination,2020 - Media outlets are reporting that a government spokesman who asked not to be named because he was not authorized to speak to the press stated that the GAStech employees had been kidnapped and th,2020 - Media outlets are reporting that a government spokesman who asked not to be named because he was not authorized to speak to the press stated that the GAStech employees had been kidnapped and th,narrative_line_4_绑架导火索线.csv,auto_clustered
TL-173,2014-01-20,day,To break off itself: The emergency to GAStech quarters construction [updates],timeline,3,组织对抗线,medium,3,GAStech|POK,,1,Tethys News,173,Tethys News,The customer of the Vann confirmation the unofficial declaration of the police who the POK are thought suspicion like the kidnappers. Not there are still the information on who has been taken.,The customer of the Vann confirmation the unofficial declaration of the police who the POK are thought suspicion like the kidnappers. Not there are still the information on who has been taken.,narrative_line_3_组织对抗线.csv,auto_clustered
TL-173,2014-01-20,day,To break off itself: The emergency to GAStech quarters construction [updates],timeline,4,绑架导火索线,medium,3,GAStech|POK,,1,Tethys News,173,Tethys News,The customer of the Vann confirmation the unofficial declaration of the police who the POK are thought suspicion like the kidnappers. Not there are still the information on who has been taken.,The customer of the Vann confirmation the unofficial declaration of the police who the POK are thought suspicion like the kidnappers. Not there are still the information on who has been taken.,narrative_line_4_绑架导火索线.csv,auto_clustered
TL-193,2014-01-20,day,To break off itself: The emergency to GAStech quarters construction [updates],timeline,1,商业利益线,medium,3,GAStech,,1,Tethys News,193,Tethys News,"1:00 PM update: The police has come and gone from the building of GAStech, but until this point no employee of GAStech she has left the construction. Still we do not have official word on because the ","1:00 PM update: The police has come and gone from the building of GAStech, but until this point no employee of GAStech she has left the construction. Still we do not have official word on because the ",narrative_line_1_商业利益线.csv,auto_clustered
TL-197,2014-01-20,day,"INTERROGATED, SENT EMPLOYEE OF GASTECH",timeline,1,商业利益线,medium,3,GAStech|POK|Government|Elodis|Abila,Elodis|Abila,1,The Explainer,197,The Explainer,"The evident confusion comes the similarity between its name and the one from a protector of the member of Kronos. Vann, protector of security for GAStech, was furious, indicating, ""I do not have anyth","The evident confusion comes the similarity between its name and the one from a protector of the member of Kronos. Vann, protector of security for GAStech, was furious, indicating, ""I do not have anyth",narrative_line_1_商业利益线.csv,auto_clustered
TL-197,2014-01-20,day,"INTERROGATED, SENT EMPLOYEE OF GASTECH",timeline,3,组织对抗线,medium,3,GAStech|POK|Government|Elodis|Abila,Elodis|Abila,1,The Explainer,197,The Explainer,"The evident confusion comes the similarity between its name and the one from a protector of the member of Kronos. Vann, protector of security for GAStech, was furious, indicating, ""I do not have anyth","The evident confusion comes the similarity between its name and the one from a protector of the member of Kronos. Vann, protector of security for GAStech, was furious, indicating, ""I do not have anyth",narrative_line_3_组织对抗线.csv,auto_clustered
TL-199,2014-01-20,day,VOICES - a blog on what is important to people,timeline,1,商业利益线,medium,3,GAStech|Government,,1,Centrum Sentinel,199,Centrum Sentinel,1251 - The police who has arrived has entered immediately in the centers of GAStech. At the same time the policemen are reconstructing the yellow perimeter of the tape. Still no word on the position o,1251 - The police who has arrived has entered immediately in the centers of GAStech. At the same time the policemen are reconstructing the yellow perimeter of the tape. Still no word on the position o,narrative_line_1_商业利益线.csv,auto_clustered
TL-21,2014-01-20,day,ON SCENE BLOG,timeline,1,商业利益线,medium,3,GAStech,,1,Modern Rubicon,21,Modern Rubicon,1506 - the police has begun to leave the centers of GAStech. The officials have refused to answer to the questions of all the reporter that they leave the scene. Some vehicles of the police are remain,1506 - the police has begun to leave the centers of GAStech. The officials have refused to answer to the questions of all the reporter that they leave the scene. Some vehicles of the police are remain,narrative_line_1_商业利益线.csv,auto_clustered
TL-212,2014-01-20,day,ON THE SCENE BLOG,timeline,1,商业利益线,medium,3,GAStech|Tethys,Tethys,1,The Abila Post,212,The Abila Post,1345 UPDATE - Confirmed report of missing GAStech employees from GAStech administrative assistant in Tethys headquarters; GAStech - Kronos still not responding. The mystery of whom and how many are mi,1345 UPDATE - Confirmed report of missing GAStech employees from GAStech administrative assistant in Tethys headquarters; GAStech - Kronos still not responding. The mystery of whom and how many are mi,narrative_line_1_商业利益线.csv,auto_clustered
TL-212,2014-01-20,day,ON THE SCENE BLOG,timeline,4,绑架导火索线,medium,3,GAStech|Tethys,Tethys,1,The Abila Post,212,The Abila Post,1345 UPDATE - Confirmed report of missing GAStech employees from GAStech administrative assistant in Tethys headquarters; GAStech - Kronos still not responding. The mystery of whom and how many are mi,1345 UPDATE - Confirmed report of missing GAStech employees from GAStech administrative assistant in Tethys headquarters; GAStech - Kronos still not responding. The mystery of whom and how many are mi,narrative_line_4_绑架导火索线.csv,auto_clustered
TL-262,2014-01-20,day,ON SCENE BLOG,timeline,4,绑架导火索线,medium,3,GAStech|Abila,Abila,1,Modern Rubicon,262,Modern Rubicon,"1947 - from the news conference of the police of Abila: ""There are approximately fourteen individuals missing between the staff of GAStech. Still it has not been determined if all these individuals in","1947 - from the news conference of the police of Abila: ""There are approximately fourteen individuals missing between the staff of GAStech. Still it has not been determined if all these individuals in",narrative_line_4_绑架导火索线.csv,auto_clustered
TL-29,2014-01-20,day,POK Kidnaps GAStech Employees,timeline,1,商业利益线,medium,3,GAStech|POK|Abila,Abila,1,International News,29,International News,The Protectors of Kronos (POK) are suspected of kidnapping up to fourteen GAStech employees from their headquarters building earlier today. Abila police quickly secured the building and interviewed th,The Protectors of Kronos (POK) are suspected of kidnapping up to fourteen GAStech employees from their headquarters building earlier today. Abila police quickly secured the building and interviewed th,narrative_line_1_商业利益线.csv,auto_clustered
TL-29,2014-01-20,day,POK Kidnaps GAStech Employees,timeline,3,组织对抗线,medium,3,GAStech|POK|Abila,Abila,1,International News,29,International News,The Protectors of Kronos (POK) are suspected of kidnapping up to fourteen GAStech employees from their headquarters building earlier today. Abila police quickly secured the building and interviewed th,The Protectors of Kronos (POK) are suspected of kidnapping up to fourteen GAStech employees from their headquarters building earlier today. Abila police quickly secured the building and interviewed th,narrative_line_3_组织对抗线.csv,auto_clustered
TL-29,2014-01-20,day,POK Kidnaps GAStech Employees,timeline,4,绑架导火索线,medium,3,GAStech|POK|Abila,Abila,1,International News,29,International News,The Protectors of Kronos (POK) are suspected of kidnapping up to fourteen GAStech employees from their headquarters building earlier today. Abila police quickly secured the building and interviewed th,The Protectors of Kronos (POK) are suspected of kidnapping up to fourteen GAStech employees from their headquarters building earlier today. Abila police quickly secured the building and interviewed th,narrative_line_4_绑架导火索线.csv,auto_clustered
TL-291,2014-01-20,day,KIDNAPPING AT GASTECH KRONOS,timeline,1,商业利益线,medium,3,GAStech|Government|Abila,Abila,1,News Online Today,291,News Online Today,"After a long day of conflicting and confusing information reports are still sketchy, but the story is beginning to come clear: a Kronos Government source has confirmed up to fourteen of GAStech Intern","After a long day of conflicting and confusing information reports are still sketchy, but the story is beginning to come clear: a Kronos Government source has confirmed up to fourteen of GAStech Intern",narrative_line_1_商业利益线.csv,auto_clustered
TL-291,2014-01-20,day,KIDNAPPING AT GASTECH KRONOS,timeline,4,绑架导火索线,medium,3,GAStech|Government|Abila,Abila,1,News Online Today,291,News Online Today,"After a long day of conflicting and confusing information reports are still sketchy, but the story is beginning to come clear: a Kronos Government source has confirmed up to fourteen of GAStech Intern","After a long day of conflicting and confusing information reports are still sketchy, but the story is beginning to come clear: a Kronos Government source has confirmed up to fourteen of GAStech Intern",narrative_line_4_绑架导火索线.csv,auto_clustered
TL-298,2014-01-20,day,Breaking: Emergency at GAStech Headquarters Building [Updates],timeline,1,商业利益线,medium,3,GAStech,,1,Kronos Star,298,Kronos Star,"Update, 5:50 PM: According to a GAStech employee, the GAStech executives left the building after their meeting this morning and were headed to the reception at the capitol building. When asked about w","Update, 5:50 PM: According to a GAStech employee, the GAStech executives left the building after their meeting this morning and were headed to the reception at the capitol building. When asked about w",narrative_line_1_商业利益线.csv,auto_clustered
TL-298,2014-01-20,day,Breaking: Emergency at GAStech Headquarters Building [Updates],timeline,4,绑架导火索线,medium,3,GAStech,,1,Kronos Star,298,Kronos Star,"Update, 5:50 PM: According to a GAStech employee, the GAStech executives left the building after their meeting this morning and were headed to the reception at the capitol building. When asked about w","Update, 5:50 PM: According to a GAStech employee, the GAStech executives left the building after their meeting this morning and were headed to the reception at the capitol building. When asked about w",narrative_line_4_绑架导火索线.csv,auto_clustered
TL-307,2014-01-20,day,ON SCENE BLOG,timeline,1,商业利益线,medium,3,GAStech|Tethys,Tethys,1,Modern Rubicon,307,Modern Rubicon,1345 - the relationship confirmed of missing of employs of GAStech from the administrative assistant of GAStech in Tethys quarters; GAStech - Kronos still that they do not answer. The mystery which an,1345 - the relationship confirmed of missing of employs of GAStech from the administrative assistant of GAStech in Tethys quarters; GAStech - Kronos still that they do not answer. The mystery which an,narrative_line_1_商业利益线.csv,auto_clustered
TL-307,2014-01-20,day,ON SCENE BLOG,timeline,4,绑架导火索线,medium,3,GAStech|Tethys,Tethys,1,Modern Rubicon,307,Modern Rubicon,1345 - the relationship confirmed of missing of employs of GAStech from the administrative assistant of GAStech in Tethys quarters; GAStech - Kronos still that they do not answer. The mystery which an,1345 - the relationship confirmed of missing of employs of GAStech from the administrative assistant of GAStech in Tethys quarters; GAStech - Kronos still that they do not answer. The mystery which an,narrative_line_4_绑架导火索线.csv,auto_clustered
TL-313,2014-01-20,day,VOICES - a blog about what is important to the people,timeline,1,商业利益线,medium,3,GAStech|Abila,Abila,1,Homeland Illumination,313,Homeland Illumination,"1942 - BREAKING NEWS - Kronos police spokesman has released a statement. ""There are approximately fourteen individuals unaccounted for among the GAStech staff. It has not yet been determined if all of","1942 - BREAKING NEWS - Kronos police spokesman has released a statement. ""There are approximately fourteen individuals unaccounted for among the GAStech staff. It has not yet been determined if all of",narrative_line_1_商业利益线.csv,auto_clustered
TL-313,2014-01-20,day,VOICES - a blog about what is important to the people,timeline,4,绑架导火索线,medium,3,GAStech|Abila,Abila,1,Homeland Illumination,313,Homeland Illumination,"1942 - BREAKING NEWS - Kronos police spokesman has released a statement. ""There are approximately fourteen individuals unaccounted for among the GAStech staff. It has not yet been determined if all of","1942 - BREAKING NEWS - Kronos police spokesman has released a statement. ""There are approximately fourteen individuals unaccounted for among the GAStech staff. It has not yet been determined if all of",narrative_line_4_绑架导火索线.csv,auto_clustered
TL-322,2014-01-20,day,ON THE SCENE BLOG,timeline,1,商业利益线,medium,3,GAStech,,1,The Abila Post,322,The Abila Post,1721 UPDATE - GAStech employees have continued to trickle out over the past two hours. A few have agreed to communicate with members of the press indicating that they were instructed not to say anythi,1721 UPDATE - GAStech employees have continued to trickle out over the past two hours. A few have agreed to communicate with members of the press indicating that they were instructed not to say anythi,narrative_line_1_商业利益线.csv,auto_clustered
TL-326,2014-01-20,day,WRAP UP OF EVENTS AT GASTECH,timeline,1,商业利益线,medium,3,GAStech|POK|Government|Sten Sanjorge|Abila|Tethys,Abila|Tethys,1,The Abila Post,326,The Abila Post,"A long tense day of conflicting reports and confusing information has come to an end. What we know for certain is that 14 GAStech employees are not only missing, but kidnapped as confirmed by a Kronos","A long tense day of conflicting reports and confusing information has come to an end. What we know for certain is that 14 GAStech employees are not only missing, but kidnapped as confirmed by a Kronos",narrative_line_1_商业利益线.csv,auto_clustered
TL-326,2014-01-20,day,WRAP UP OF EVENTS AT GASTECH,timeline,3,组织对抗线,medium,3,GAStech|POK|Government|Sten Sanjorge|Abila|Tethys,Abila|Tethys,1,The Abila Post,326,The Abila Post,"A long tense day of conflicting reports and confusing information has come to an end. What we know for certain is that 14 GAStech employees are not only missing, but kidnapped as confirmed by a Kronos","A long tense day of conflicting reports and confusing information has come to an end. What we know for certain is that 14 GAStech employees are not only missing, but kidnapped as confirmed by a Kronos",narrative_line_3_组织对抗线.csv,auto_clustered
TL-326,2014-01-20,day,WRAP UP OF EVENTS AT GASTECH,timeline,4,绑架导火索线,medium,3,GAStech|POK|Government|Sten Sanjorge|Abila|Tethys,Abila|Tethys,1,The Abila Post,326,The Abila Post,"A long tense day of conflicting reports and confusing information has come to an end. What we know for certain is that 14 GAStech employees are not only missing, but kidnapped as confirmed by a Kronos","A long tense day of conflicting reports and confusing information has come to an end. What we know for certain is that 14 GAStech employees are not only missing, but kidnapped as confirmed by a Kronos",narrative_line_4_绑架导火索线.csv,auto_clustered
TL-329,2014-01-20,day,Breaking: Emergency at GAStech Headquarters Building [Updates],timeline,1,商业利益线,medium,3,GAStech|Government,,1,Kronos Star,329,Kronos Star,"Update, 8:15 PM: A government official, who declined to be identified, says that police and government investigators are working around the clock to ensure the GAStech employees are found and that the","Update, 8:15 PM: A government official, who declined to be identified, says that police and government investigators are working around the clock to ensure the GAStech employees are found and that the",narrative_line_1_商业利益线.csv,auto_clustered
TL-329,2014-01-20,day,Breaking: Emergency at GAStech Headquarters Building [Updates],timeline,4,绑架导火索线,medium,3,GAStech|Government,,1,Kronos Star,329,Kronos Star,"Update, 8:15 PM: A government official, who declined to be identified, says that police and government investigators are working around the clock to ensure the GAStech employees are found and that the","Update, 8:15 PM: A government official, who declined to be identified, says that police and government investigators are working around the clock to ensure the GAStech employees are found and that the",narrative_line_4_绑架导火索线.csv,auto_clustered
TL-348,2014-01-20,day,VOICES - a blog about what is important to the people,timeline,1,商业利益线,medium,3,GAStech|Government|Sten Sanjorge|President Kapelou,,1,Homeland Illumination,348,Homeland Illumination,0926 - Welcome to our coverage of today's events. I'm standing outside the GAStech headquarters waiting for the GAStech executives who are expected to appear within the hour. GAStech CEO Sten Sanjorge,0926 - Welcome to our coverage of today's events. I'm standing outside the GAStech headquarters waiting for the GAStech executives who are expected to appear within the hour. GAStech CEO Sten Sanjorge,narrative_line_1_商业利益线.csv,auto_clustered
TL-348,2014-01-20,day,VOICES - a blog about what is important to the people,timeline,2,环境冲突线,medium,3,GAStech|Government|Sten Sanjorge|President Kapelou,,1,Homeland Illumination,348,Homeland Illumination,0926 - Welcome to our coverage of today's events. I'm standing outside the GAStech headquarters waiting for the GAStech executives who are expected to appear within the hour. GAStech CEO Sten Sanjorge,0926 - Welcome to our coverage of today's events. I'm standing outside the GAStech headquarters waiting for the GAStech executives who are expected to appear within the hour. GAStech CEO Sten Sanjorge,narrative_line_2_环境冲突线.csv,auto_clustered
TL-359,2014-01-20,day,Breaking: Emergency at GAStech Headquarters Building [Updates],timeline,1,商业利益线,medium,3,GAStech|POK|Government,,1,Kronos Star,359,Kronos Star,"Update, 5:30 PM: We have several reports from GAStech employees that confirm a kidnapping took place, but at this time there is no information on who was involved. Unofficial reports from the police i","Update, 5:30 PM: We have several reports from GAStech employees that confirm a kidnapping took place, but at this time there is no information on who was involved. Unofficial reports from the police i",narrative_line_1_商业利益线.csv,auto_clustered
TL-359,2014-01-20,day,Breaking: Emergency at GAStech Headquarters Building [Updates],timeline,3,组织对抗线,medium,3,GAStech|POK|Government,,1,Kronos Star,359,Kronos Star,"Update, 5:30 PM: We have several reports from GAStech employees that confirm a kidnapping took place, but at this time there is no information on who was involved. Unofficial reports from the police i","Update, 5:30 PM: We have several reports from GAStech employees that confirm a kidnapping took place, but at this time there is no information on who was involved. Unofficial reports from the police i",narrative_line_3_组织对抗线.csv,auto_clustered
TL-359,2014-01-20,day,Breaking: Emergency at GAStech Headquarters Building [Updates],timeline,4,绑架导火索线,medium,3,GAStech|POK|Government,,1,Kronos Star,359,Kronos Star,"Update, 5:30 PM: We have several reports from GAStech employees that confirm a kidnapping took place, but at this time there is no information on who was involved. Unofficial reports from the police i","Update, 5:30 PM: We have several reports from GAStech employees that confirm a kidnapping took place, but at this time there is no information on who was involved. Unofficial reports from the police i",narrative_line_4_绑架导火索线.csv,auto_clustered
TL-384,2014-01-20,day,ON SCENE BLOG,timeline,1,商业利益线,medium,3,GAStech|Government,,1,Modern Rubicon,384,Modern Rubicon,"2021 - a civil employee of government of Kronos that has asked not to be identified but was present to the government reception has gone on declaring record, ""the investigators are working around to t","2021 - a civil employee of government of Kronos that has asked not to be identified but was present to the government reception has gone on declaring record, ""the investigators are working around to t",narrative_line_1_商业利益线.csv,auto_clustered
TL-384,2014-01-20,day,ON SCENE BLOG,timeline,4,绑架导火索线,medium,3,GAStech|Government,,1,Modern Rubicon,384,Modern Rubicon,"2021 - a civil employee of government of Kronos that has asked not to be identified but was present to the government reception has gone on declaring record, ""the investigators are working around to t","2021 - a civil employee of government of Kronos that has asked not to be identified but was present to the government reception has gone on declaring record, ""the investigators are working around to t",narrative_line_4_绑架导火索线.csv,auto_clustered
TL-397,2014-01-20,day,TO BECOME INVOLVED FOR ABOVE OF EVENTS IN GASTECH,timeline,1,商业利益线,medium,3,GAStech|POK|Government|Sten Sanjorge|Abila|Tethys,Abila|Tethys,1,The Explainer,397,The Explainer,"A long tense day of information that were in conflict and of the confused information has finished. What we know for insurance that 14 employees of GAStech lack not only, but are kidnapped according t","A long tense day of information that were in conflict and of the confused information has finished. What we know for insurance that 14 employees of GAStech lack not only, but are kidnapped according t",narrative_line_1_商业利益线.csv,auto_clustered
TL-397,2014-01-20,day,TO BECOME INVOLVED FOR ABOVE OF EVENTS IN GASTECH,timeline,3,组织对抗线,medium,3,GAStech|POK|Government|Sten Sanjorge|Abila|Tethys,Abila|Tethys,1,The Explainer,397,The Explainer,"A long tense day of information that were in conflict and of the confused information has finished. What we know for insurance that 14 employees of GAStech lack not only, but are kidnapped according t","A long tense day of information that were in conflict and of the confused information has finished. What we know for insurance that 14 employees of GAStech lack not only, but are kidnapped according t",narrative_line_3_组织对抗线.csv,auto_clustered
TL-397,2014-01-20,day,TO BECOME INVOLVED FOR ABOVE OF EVENTS IN GASTECH,timeline,4,绑架导火索线,medium,3,GAStech|POK|Government|Sten Sanjorge|Abila|Tethys,Abila|Tethys,1,The Explainer,397,The Explainer,"A long tense day of information that were in conflict and of the confused information has finished. What we know for insurance that 14 employees of GAStech lack not only, but are kidnapped according t","A long tense day of information that were in conflict and of the confused information has finished. What we know for insurance that 14 employees of GAStech lack not only, but are kidnapped according t",narrative_line_4_绑架导火索线.csv,auto_clustered
TL-400,2014-01-20,day,To break off itself: The emergency to GAStech quarters construction [updates],timeline,1,商业利益线,medium,3,GAStech|POK|Abila,Abila,1,Tethys News,400,Tethys News,"Update, 7:00 PM: The last one of employs of GAStech has been allowed to leave the construction. The employee, Edvard Vann, as an example that the police has interviewed it for the hours and the accusa","Update, 7:00 PM: The last one of employs of GAStech has been allowed to leave the construction. The employee, Edvard Vann, as an example that the police has interviewed it for the hours and the accusa",narrative_line_1_商业利益线.csv,auto_clustered
TL-400,2014-01-20,day,To break off itself: The emergency to GAStech quarters construction [updates],timeline,3,组织对抗线,medium,3,GAStech|POK|Abila,Abila,1,Tethys News,400,Tethys News,"Update, 7:00 PM: The last one of employs of GAStech has been allowed to leave the construction. The employee, Edvard Vann, as an example that the police has interviewed it for the hours and the accusa","Update, 7:00 PM: The last one of employs of GAStech has been allowed to leave the construction. The employee, Edvard Vann, as an example that the police has interviewed it for the hours and the accusa",narrative_line_3_组织对抗线.csv,auto_clustered
TL-400,2014-01-20,day,To break off itself: The emergency to GAStech quarters construction [updates],timeline,4,绑架导火索线,medium,3,GAStech|POK|Abila,Abila,1,Tethys News,400,Tethys News,"Update, 7:00 PM: The last one of employs of GAStech has been allowed to leave the construction. The employee, Edvard Vann, as an example that the police has interviewed it for the hours and the accusa","Update, 7:00 PM: The last one of employs of GAStech has been allowed to leave the construction. The employee, Edvard Vann, as an example that the police has interviewed it for the hours and the accusa",narrative_line_4_绑架导火索线.csv,auto_clustered
TL-402,2014-01-20,day,REMOVAL AT HEADQUARTERS GASTECH,timeline,1,商业利益线,medium,3,GAStech|Government,,1,News Desk,402,News Desk,In what described only as an operation of terrorism multiple international employees are possible GAStech to be taken in custody a day slightly interruption of the headquarters of GAStech Kronos. The ,In what described only as an operation of terrorism multiple international employees are possible GAStech to be taken in custody a day slightly interruption of the headquarters of GAStech Kronos. The ,narrative_line_1_商业利益线.csv,auto_clustered
TL-402,2014-01-20,day,REMOVAL AT HEADQUARTERS GASTECH,timeline,4,绑架导火索线,medium,3,GAStech|Government,,1,News Desk,402,News Desk,In what described only as an operation of terrorism multiple international employees are possible GAStech to be taken in custody a day slightly interruption of the headquarters of GAStech Kronos. The ,In what described only as an operation of terrorism multiple international employees are possible GAStech to be taken in custody a day slightly interruption of the headquarters of GAStech Kronos. The ,narrative_line_4_绑架导火索线.csv,auto_clustered
TL-412,2014-01-20,day,ON SCENE BLOG,timeline,1,商业利益线,medium,3,GAStech|POK|Government,,1,Modern Rubicon,412,Modern Rubicon,"1915 - to the employee Edvard Vann of GAStech ""it has been allowed to go"" after nearly six hours of the interrogation from the police, the government and the civil employees of GAStech. Vann has been ","1915 - to the employee Edvard Vann of GAStech ""it has been allowed to go"" after nearly six hours of the interrogation from the police, the government and the civil employees of GAStech. Vann has been ",narrative_line_1_商业利益线.csv,auto_clustered
TL-412,2014-01-20,day,ON SCENE BLOG,timeline,3,组织对抗线,medium,3,GAStech|POK|Government,,1,Modern Rubicon,412,Modern Rubicon,"1915 - to the employee Edvard Vann of GAStech ""it has been allowed to go"" after nearly six hours of the interrogation from the police, the government and the civil employees of GAStech. Vann has been ","1915 - to the employee Edvard Vann of GAStech ""it has been allowed to go"" after nearly six hours of the interrogation from the police, the government and the civil employees of GAStech. Vann has been ",narrative_line_3_组织对抗线.csv,auto_clustered
TL-417,2014-01-20,day,ON SCENE BLOG,timeline,1,商业利益线,medium,3,GAStech,,1,Modern Rubicon,417,Modern Rubicon,1721 - it employs of GAStech have continued to drip outside over the two slid hours. Some have agreed in order to communicate with the members of the pressed one that it indicates that they have been ,1721 - it employs of GAStech have continued to drip outside over the two slid hours. Some have agreed in order to communicate with the members of the pressed one that it indicates that they have been ,narrative_line_1_商业利益线.csv,auto_clustered
TL-425,2014-01-20,day,ON SCENE BLOG,timeline,1,商业利益线,medium,3,GAStech|Abila,Abila,1,Modern Rubicon,425,Modern Rubicon,1245 - the police of Abila has cordoned outside of the centers of GAStech with the additional officials who arrive in order to assure the perimeter and to study that what can be only described like cr,1245 - the police of Abila has cordoned outside of the centers of GAStech with the additional officials who arrive in order to assure the perimeter and to study that what can be only described like cr,narrative_line_1_商业利益线.csv,auto_clustered
TL-43,2014-01-20,day,ON SCENE BLOG,timeline,1,商业利益线,medium,3,GAStech|Abila,Abila,1,Modern Rubicon,43,Modern Rubicon,1732 - great part of the information has re-united from employs of GAStech that have been allowed to go from the point of the investigators of the police to a kidnapping of several employ you of GASte,1732 - great part of the information has re-united from employs of GAStech that have been allowed to go from the point of the investigators of the police to a kidnapping of several employ you of GASte,narrative_line_1_商业利益线.csv,auto_clustered
TL-43,2014-01-20,day,ON SCENE BLOG,timeline,3,组织对抗线,medium,3,GAStech|Abila,Abila,1,Modern Rubicon,43,Modern Rubicon,1732 - great part of the information has re-united from employs of GAStech that have been allowed to go from the point of the investigators of the police to a kidnapping of several employ you of GASte,1732 - great part of the information has re-united from employs of GAStech that have been allowed to go from the point of the investigators of the police to a kidnapping of several employ you of GASte,narrative_line_3_组织对抗线.csv,auto_clustered
TL-43,2014-01-20,day,ON SCENE BLOG,timeline,4,绑架导火索线,medium,3,GAStech|Abila,Abila,1,Modern Rubicon,43,Modern Rubicon,1732 - great part of the information has re-united from employs of GAStech that have been allowed to go from the point of the investigators of the police to a kidnapping of several employ you of GASte,1732 - great part of the information has re-united from employs of GAStech that have been allowed to go from the point of the investigators of the police to a kidnapping of several employ you of GASte,narrative_line_4_绑架导火索线.csv,auto_clustered
TL-430,2014-01-20,day,To break off itself: The emergency to GAStech quarters construction [updates],timeline,1,商业利益线,medium,3,GAStech,,1,Tethys News,430,Tethys News,"Update, 7:45 PM: The Carman has said that the police cannot currently represent the place of fourteen employs of GAStech and not still to be able to find the suppliers. Once asked if the police though","Update, 7:45 PM: The Carman has said that the police cannot currently represent the place of fourteen employs of GAStech and not still to be able to find the suppliers. Once asked if the police though",narrative_line_1_商业利益线.csv,auto_clustered
TL-430,2014-01-20,day,To break off itself: The emergency to GAStech quarters construction [updates],timeline,4,绑架导火索线,medium,3,GAStech,,1,Tethys News,430,Tethys News,"Update, 7:45 PM: The Carman has said that the police cannot currently represent the place of fourteen employs of GAStech and not still to be able to find the suppliers. Once asked if the police though","Update, 7:45 PM: The Carman has said that the police cannot currently represent the place of fourteen employs of GAStech and not still to be able to find the suppliers. Once asked if the police though",narrative_line_4_绑架导火索线.csv,auto_clustered
TL-431,2014-01-20,day,POK Kidnaps GAStech Employees,timeline,1,商业利益线,medium,3,GAStech|POK|Abila,Abila,1,News Online Today,431,News Online Today,"The Protectors of Kronos (POK) are suspected of kidnapping up to fourteen GAStech employees from their headquarters building earlier today. One employee, Edvard Vann of Abila, was questioned for hours","The Protectors of Kronos (POK) are suspected of kidnapping up to fourteen GAStech employees from their headquarters building earlier today. One employee, Edvard Vann of Abila, was questioned for hours",narrative_line_1_商业利益线.csv,auto_clustered
TL-431,2014-01-20,day,POK Kidnaps GAStech Employees,timeline,3,组织对抗线,medium,3,GAStech|POK|Abila,Abila,1,News Online Today,431,News Online Today,"The Protectors of Kronos (POK) are suspected of kidnapping up to fourteen GAStech employees from their headquarters building earlier today. One employee, Edvard Vann of Abila, was questioned for hours","The Protectors of Kronos (POK) are suspected of kidnapping up to fourteen GAStech employees from their headquarters building earlier today. One employee, Edvard Vann of Abila, was questioned for hours",narrative_line_3_组织对抗线.csv,auto_clustered
TL-431,2014-01-20,day,POK Kidnaps GAStech Employees,timeline,4,绑架导火索线,medium,3,GAStech|POK|Abila,Abila,1,News Online Today,431,News Online Today,"The Protectors of Kronos (POK) are suspected of kidnapping up to fourteen GAStech employees from their headquarters building earlier today. One employee, Edvard Vann of Abila, was questioned for hours","The Protectors of Kronos (POK) are suspected of kidnapping up to fourteen GAStech employees from their headquarters building earlier today. One employee, Edvard Vann of Abila, was questioned for hours",narrative_line_4_绑架导火索线.csv,auto_clustered
TL-434,2014-01-20,day,VOICES - a blog on what is important to people,timeline,1,商业利益线,medium,3,,,1,Centrum Sentinel,434,Centrum Sentinel,1538 - An other employee in order to speak to the reporter on the state of anonymity. He has said that the police was making the questions a lot with regard to the nonemployees that they can have appr,1538 - An other employee in order to speak to the reporter on the state of anonymity. He has said that the police was making the questions a lot with regard to the nonemployees that they can have appr,narrative_line_1_商业利益线.csv,auto_clustered
TL-438,2014-01-20,day,ON THE SCENE BLOG,timeline,1,商业利益线,medium,3,GAStech|POK|Government,,1,The Abila Post,438,The Abila Post,"1915 UPDATE - GAStech employee Edvard Vann was ""allowed to leave"" after nearly six hours of interrogation by police, government, and GAStech officials. Vann was questioned and released about fifteen m","1915 UPDATE - GAStech employee Edvard Vann was ""allowed to leave"" after nearly six hours of interrogation by police, government, and GAStech officials. Vann was questioned and released about fifteen m",narrative_line_1_商业利益线.csv,auto_clustered
TL-438,2014-01-20,day,ON THE SCENE BLOG,timeline,3,组织对抗线,medium,3,GAStech|POK|Government,,1,The Abila Post,438,The Abila Post,"1915 UPDATE - GAStech employee Edvard Vann was ""allowed to leave"" after nearly six hours of interrogation by police, government, and GAStech officials. Vann was questioned and released about fifteen m","1915 UPDATE - GAStech employee Edvard Vann was ""allowed to leave"" after nearly six hours of interrogation by police, government, and GAStech officials. Vann was questioned and released about fifteen m",narrative_line_3_组织对抗线.csv,auto_clustered
TL-44,2014-01-20,day,To break off itself: The emergency to GAStech quarters construction [updates],timeline,1,商业利益线,medium,3,GAStech|Government,,1,Tethys News,44,Tethys News,"Update, 2:00 PM: A government automobile has been allowed with the perimeter of the police. The occupant, that she seems to be an emergency civil employee, has been left in the construction.","Update, 2:00 PM: A government automobile has been allowed with the perimeter of the police. The occupant, that she seems to be an emergency civil employee, has been left in the construction.",narrative_line_1_商业利益线.csv,auto_clustered
TL-440,2014-01-20,day,"GASTECH EMPLOYEE INTERROGATED, RELEASED",timeline,1,商业利益线,medium,3,GAStech|Government,,1,News Online Today,440,News Online Today,For roughly 6 hours GAStech - Kronos employee Edvard Vann was interrogated by Kronos Police and Government officials before being released at 17:00 this evening. With some 14 GAStech employees still u,For roughly 6 hours GAStech - Kronos employee Edvard Vann was interrogated by Kronos Police and Government officials before being released at 17:00 this evening. With some 14 GAStech employees still u,narrative_line_1_商业利益线.csv,auto_clustered
TL-450,2014-01-20,day,ON THE SCENE BLOG,timeline,4,绑架导火索线,medium,3,GAStech,,1,The Abila Post,450,The Abila Post,"1330 UPDATE - At 1315 we placed a call to GAStech headquarters. A hesitant administrative assistant to Orhan Strum, Chief Operating Officer of GAStech claimed Mr. Strum was unavailable. Linda Lagos th","1330 UPDATE - At 1315 we placed a call to GAStech headquarters. A hesitant administrative assistant to Orhan Strum, Chief Operating Officer of GAStech claimed Mr. Strum was unavailable. Linda Lagos th",narrative_line_4_绑架导火索线.csv,auto_clustered
TL-461,2014-01-20,day,POK Kidnaps GAStech Employees,timeline,1,商业利益线,medium,3,GAStech|POK|Abila|Tethys|Centrum,Abila|Tethys|Centrum,1,Kronos Star,461,Kronos Star,The Protectors of Kronos (POK) are suspected of kidnapping up to fourteen GAStech employees from their headquarters building earlier today. Abila police quickly secured the building and interviewed th,The Protectors of Kronos (POK) are suspected of kidnapping up to fourteen GAStech employees from their headquarters building earlier today. Abila police quickly secured the building and interviewed th,narrative_line_1_商业利益线.csv,auto_clustered
TL-461,2014-01-20,day,POK Kidnaps GAStech Employees,timeline,3,组织对抗线,medium,3,GAStech|POK|Abila|Tethys|Centrum,Abila|Tethys|Centrum,1,Kronos Star,461,Kronos Star,The Protectors of Kronos (POK) are suspected of kidnapping up to fourteen GAStech employees from their headquarters building earlier today. Abila police quickly secured the building and interviewed th,The Protectors of Kronos (POK) are suspected of kidnapping up to fourteen GAStech employees from their headquarters building earlier today. Abila police quickly secured the building and interviewed th,narrative_line_3_组织对抗线.csv,auto_clustered
TL-461,2014-01-20,day,POK Kidnaps GAStech Employees,timeline,4,绑架导火索线,medium,3,GAStech|POK|Abila|Tethys|Centrum,Abila|Tethys|Centrum,1,Kronos Star,461,Kronos Star,The Protectors of Kronos (POK) are suspected of kidnapping up to fourteen GAStech employees from their headquarters building earlier today. Abila police quickly secured the building and interviewed th,The Protectors of Kronos (POK) are suspected of kidnapping up to fourteen GAStech employees from their headquarters building earlier today. Abila police quickly secured the building and interviewed th,narrative_line_4_绑架导火索线.csv,auto_clustered
TL-466,2014-01-20,day,"EMPLOYEE OF QUESTIONED GASTECH, RELEASED",timeline,1,商业利益线,medium,3,GAStech|POK|Government|Elodis|Abila,Elodis|Abila,1,Athena Speaks,466,Athena Speaks,During roughly 6 hours employed Edvard Vann de GAStech - of Kronos was questioned by Kronos Police and civils servant of government before being released with 17:00 this evening. Apparent confusion co,During roughly 6 hours employed Edvard Vann de GAStech - of Kronos was questioned by Kronos Police and civils servant of government before being released with 17:00 this evening. Apparent confusion co,narrative_line_1_商业利益线.csv,auto_clustered
TL-466,2014-01-20,day,"EMPLOYEE OF QUESTIONED GASTECH, RELEASED",timeline,3,组织对抗线,medium,3,GAStech|POK|Government|Elodis|Abila,Elodis|Abila,1,Athena Speaks,466,Athena Speaks,During roughly 6 hours employed Edvard Vann de GAStech - of Kronos was questioned by Kronos Police and civils servant of government before being released with 17:00 this evening. Apparent confusion co,During roughly 6 hours employed Edvard Vann de GAStech - of Kronos was questioned by Kronos Police and civils servant of government before being released with 17:00 this evening. Apparent confusion co,narrative_line_3_组织对抗线.csv,auto_clustered
TL-466,2014-01-20,day,"EMPLOYEE OF QUESTIONED GASTECH, RELEASED",timeline,4,绑架导火索线,medium,3,GAStech|POK|Government|Elodis|Abila,Elodis|Abila,1,Athena Speaks,466,Athena Speaks,During roughly 6 hours employed Edvard Vann de GAStech - of Kronos was questioned by Kronos Police and civils servant of government before being released with 17:00 this evening. Apparent confusion co,During roughly 6 hours employed Edvard Vann de GAStech - of Kronos was questioned by Kronos Police and civils servant of government before being released with 17:00 this evening. Apparent confusion co,narrative_line_4_绑架导火索线.csv,auto_clustered
TL-469,2014-01-20,day,KIDNAPPING AT GASTECH KRONOS,timeline,1,商业利益线,medium,3,GAStech|POK|Government|Sten Sanjorge|Abila,Abila,1,Who What News,469,Who What News,"After a long day of conflicting and confusing information reports are still sketchy, but the story is beginning to come clear: a Kronos Government source has confirmed up to fourteen of GAStech Intern","After a long day of conflicting and confusing information reports are still sketchy, but the story is beginning to come clear: a Kronos Government source has confirmed up to fourteen of GAStech Intern",narrative_line_1_商业利益线.csv,auto_clustered
TL-469,2014-01-20,day,KIDNAPPING AT GASTECH KRONOS,timeline,3,组织对抗线,medium,3,GAStech|POK|Government|Sten Sanjorge|Abila,Abila,1,Who What News,469,Who What News,"After a long day of conflicting and confusing information reports are still sketchy, but the story is beginning to come clear: a Kronos Government source has confirmed up to fourteen of GAStech Intern","After a long day of conflicting and confusing information reports are still sketchy, but the story is beginning to come clear: a Kronos Government source has confirmed up to fourteen of GAStech Intern",narrative_line_3_组织对抗线.csv,auto_clustered
TL-469,2014-01-20,day,KIDNAPPING AT GASTECH KRONOS,timeline,4,绑架导火索线,medium,3,GAStech|POK|Government|Sten Sanjorge|Abila,Abila,1,Who What News,469,Who What News,"After a long day of conflicting and confusing information reports are still sketchy, but the story is beginning to come clear: a Kronos Government source has confirmed up to fourteen of GAStech Intern","After a long day of conflicting and confusing information reports are still sketchy, but the story is beginning to come clear: a Kronos Government source has confirmed up to fourteen of GAStech Intern",narrative_line_4_绑架导火索线.csv,auto_clustered
TL-485,2014-01-20,day,VOICES - a blog on what is important to people,timeline,1,商业利益线,medium,3,GAStech|Abila,Abila,1,Centrum Sentinel,485,Centrum Sentinel,"1942 - BREAKING OFF the NEWS - the megaphone of the police of Kronos has freed one declaration. ""There are approximately fourteen individuals missing between the staff of GAStech. Still it has not bee","1942 - BREAKING OFF the NEWS - the megaphone of the police of Kronos has freed one declaration. ""There are approximately fourteen individuals missing between the staff of GAStech. Still it has not bee",narrative_line_1_商业利益线.csv,auto_clustered
TL-485,2014-01-20,day,VOICES - a blog on what is important to people,timeline,4,绑架导火索线,medium,3,GAStech|Abila,Abila,1,Centrum Sentinel,485,Centrum Sentinel,"1942 - BREAKING OFF the NEWS - the megaphone of the police of Kronos has freed one declaration. ""There are approximately fourteen individuals missing between the staff of GAStech. Still it has not bee","1942 - BREAKING OFF the NEWS - the megaphone of the police of Kronos has freed one declaration. ""There are approximately fourteen individuals missing between the staff of GAStech. Still it has not bee",narrative_line_4_绑架导火索线.csv,auto_clustered
TL-49,2014-01-20,day,KIDNAPPING AT GASTECH KRONOS,timeline,1,商业利益线,medium,3,GAStech|POK|Government|Sten Sanjorge|Abila,Abila,1,The World,49,The World,"After a long day of conflicting and confusing information reports are still sketchy, but the story is beginning to come clear: a Kronos Government source has confirmed up to fourteen of GAStech Intern","After a long day of conflicting and confusing information reports are still sketchy, but the story is beginning to come clear: a Kronos Government source has confirmed up to fourteen of GAStech Intern",narrative_line_1_商业利益线.csv,auto_clustered
TL-49,2014-01-20,day,KIDNAPPING AT GASTECH KRONOS,timeline,3,组织对抗线,medium,3,GAStech|POK|Government|Sten Sanjorge|Abila,Abila,1,The World,49,The World,"After a long day of conflicting and confusing information reports are still sketchy, but the story is beginning to come clear: a Kronos Government source has confirmed up to fourteen of GAStech Intern","After a long day of conflicting and confusing information reports are still sketchy, but the story is beginning to come clear: a Kronos Government source has confirmed up to fourteen of GAStech Intern",narrative_line_3_组织对抗线.csv,auto_clustered
TL-49,2014-01-20,day,KIDNAPPING AT GASTECH KRONOS,timeline,4,绑架导火索线,medium,3,GAStech|POK|Government|Sten Sanjorge|Abila,Abila,1,The World,49,The World,"After a long day of conflicting and confusing information reports are still sketchy, but the story is beginning to come clear: a Kronos Government source has confirmed up to fourteen of GAStech Intern","After a long day of conflicting and confusing information reports are still sketchy, but the story is beginning to come clear: a Kronos Government source has confirmed up to fourteen of GAStech Intern",narrative_line_4_绑架导火索线.csv,auto_clustered
TL-494,2014-01-20,day,KIDNAPPING WITH GASTECH KRONOS,timeline,1,商业利益线,medium,3,GAStech|Government|Sten Sanjorge|Abila,Abila,1,The Light of Truth,494,The Light of Truth,"After a long day of the conflict and the muddling information papers are still not very precise, but the history starts to come clearly: a source of government of Kronos confirmed up to fourteen of GA","After a long day of the conflict and the muddling information papers are still not very precise, but the history starts to come clearly: a source of government of Kronos confirmed up to fourteen of GA",narrative_line_1_商业利益线.csv,auto_clustered
TL-494,2014-01-20,day,KIDNAPPING WITH GASTECH KRONOS,timeline,3,组织对抗线,medium,3,GAStech|Government|Sten Sanjorge|Abila,Abila,1,The Light of Truth,494,The Light of Truth,"After a long day of the conflict and the muddling information papers are still not very precise, but the history starts to come clearly: a source of government of Kronos confirmed up to fourteen of GA","After a long day of the conflict and the muddling information papers are still not very precise, but the history starts to come clearly: a source of government of Kronos confirmed up to fourteen of GA",narrative_line_3_组织对抗线.csv,auto_clustered
TL-494,2014-01-20,day,KIDNAPPING WITH GASTECH KRONOS,timeline,4,绑架导火索线,medium,3,GAStech|Government|Sten Sanjorge|Abila,Abila,1,The Light of Truth,494,The Light of Truth,"After a long day of the conflict and the muddling information papers are still not very precise, but the history starts to come clearly: a source of government of Kronos confirmed up to fourteen of GA","After a long day of the conflict and the muddling information papers are still not very precise, but the history starts to come clearly: a source of government of Kronos confirmed up to fourteen of GA",narrative_line_4_绑架导火索线.csv,auto_clustered
TL-50,2014-01-20,day,"GASTECH EMPLOYEE INTERROGATED, RELEASED",timeline,1,商业利益线,medium,3,GAStech|POK|Government|Elodis|Abila,Elodis|Abila,1,The Abila Post,50,The Abila Post,For roughly 6 hours GAStech - Kronos employee Edvard Vann was interrogated by Kronos Police and Government officials before being released at 17:00 this evening. The apparent confusion stems from the ,For roughly 6 hours GAStech - Kronos employee Edvard Vann was interrogated by Kronos Police and Government officials before being released at 17:00 this evening. The apparent confusion stems from the ,narrative_line_1_商业利益线.csv,auto_clustered
TL-50,2014-01-20,day,"GASTECH EMPLOYEE INTERROGATED, RELEASED",timeline,3,组织对抗线,medium,3,GAStech|POK|Government|Elodis|Abila,Elodis|Abila,1,The Abila Post,50,The Abila Post,For roughly 6 hours GAStech - Kronos employee Edvard Vann was interrogated by Kronos Police and Government officials before being released at 17:00 this evening. The apparent confusion stems from the ,For roughly 6 hours GAStech - Kronos employee Edvard Vann was interrogated by Kronos Police and Government officials before being released at 17:00 this evening. The apparent confusion stems from the ,narrative_line_3_组织对抗线.csv,auto_clustered
TL-507,2014-01-20,day,To break off itself: The emergency to GAStech quarters construction [updates],timeline,1,商业利益线,medium,3,GAStech|Government,,1,Tethys News,507,Tethys News,"Update, 8:15 PM: A government civil employee, that she has refused of being identified, as an example that the police and the investigators of government are working around to the clock in order asses","Update, 8:15 PM: A government civil employee, that she has refused of being identified, as an example that the police and the investigators of government are working around to the clock in order asses",narrative_line_1_商业利益线.csv,auto_clustered
TL-507,2014-01-20,day,To break off itself: The emergency to GAStech quarters construction [updates],timeline,4,绑架导火索线,medium,3,GAStech|Government,,1,Tethys News,507,Tethys News,"Update, 8:15 PM: A government civil employee, that she has refused of being identified, as an example that the police and the investigators of government are working around to the clock in order asses","Update, 8:15 PM: A government civil employee, that she has refused of being identified, as an example that the police and the investigators of government are working around to the clock in order asses",narrative_line_4_绑架导火索线.csv,auto_clustered
TL-512,2014-01-20,day,"GASTECH QUESTIONED EMPLOYEE, DELIVERED",timeline,1,商业利益线,medium,3,GAStech|POK|Government|Elodis|Abila,Elodis|Abila,1,News Desk,512,News Desk,Kronos employee Edvard Vann were questioned Kronos police force and the civil servants of the government before are delivered at 17:00 tonight. Clear misfiring descends from the resemblance between it,Kronos employee Edvard Vann were questioned Kronos police force and the civil servants of the government before are delivered at 17:00 tonight. Clear misfiring descends from the resemblance between it,narrative_line_1_商业利益线.csv,auto_clustered
TL-512,2014-01-20,day,"GASTECH QUESTIONED EMPLOYEE, DELIVERED",timeline,3,组织对抗线,medium,3,GAStech|POK|Government|Elodis|Abila,Elodis|Abila,1,News Desk,512,News Desk,Kronos employee Edvard Vann were questioned Kronos police force and the civil servants of the government before are delivered at 17:00 tonight. Clear misfiring descends from the resemblance between it,Kronos employee Edvard Vann were questioned Kronos police force and the civil servants of the government before are delivered at 17:00 tonight. Clear misfiring descends from the resemblance between it,narrative_line_3_组织对抗线.csv,auto_clustered
TL-516,2014-01-20,day,KIDNAPPING WITH THE REGISTERED OFFICES OF GASTECH,timeline,1,商业利益线,medium,3,GAStech|Government,,1,Athena Speaks,516,Athena Speaks,In what the can only described while a note of the multiple international employees of GAStech of terrorism were taken in a bronze incursion of day of the registered offices of GAStech Kronos. The rep,In what the can only described while a note of the multiple international employees of GAStech of terrorism were taken in a bronze incursion of day of the registered offices of GAStech Kronos. The rep,narrative_line_1_商业利益线.csv,auto_clustered
TL-516,2014-01-20,day,KIDNAPPING WITH THE REGISTERED OFFICES OF GASTECH,timeline,4,绑架导火索线,medium,3,GAStech|Government,,1,Athena Speaks,516,Athena Speaks,In what the can only described while a note of the multiple international employees of GAStech of terrorism were taken in a bronze incursion of day of the registered offices of GAStech Kronos. The rep,In what the can only described while a note of the multiple international employees of GAStech of terrorism were taken in a bronze incursion of day of the registered offices of GAStech Kronos. The rep,narrative_line_4_绑架导火索线.csv,auto_clustered
TL-518,2014-01-20,day,Breaking: Emergency at GAStech Headquarters Building [Updates],timeline,1,商业利益线,medium,3,GAStech,,1,Kronos Star,518,Kronos Star,"Update, 4:25 PM: GAStech employees continue to trickle out of the building. Several have declined to talk to reporters. However, one man told us that he was interviewed by police before being allowed ","Update, 4:25 PM: GAStech employees continue to trickle out of the building. Several have declined to talk to reporters. However, one man told us that he was interviewed by police before being allowed ",narrative_line_1_商业利益线.csv,auto_clustered
TL-518,2014-01-20,day,Breaking: Emergency at GAStech Headquarters Building [Updates],timeline,4,绑架导火索线,medium,3,GAStech,,1,Kronos Star,518,Kronos Star,"Update, 4:25 PM: GAStech employees continue to trickle out of the building. Several have declined to talk to reporters. However, one man told us that he was interviewed by police before being allowed ","Update, 4:25 PM: GAStech employees continue to trickle out of the building. Several have declined to talk to reporters. However, one man told us that he was interviewed by police before being allowed ",narrative_line_4_绑架导火索线.csv,auto_clustered
TL-521,2014-01-20,day,VOICES - a blog on what is important to people,timeline,1,商业利益线,medium,3,GAStech|Government,,1,Centrum Sentinel,521,Centrum Sentinel,1410 - A black government sedan has arrived to the centers of GAStech. He has pulled on the main hatches and I have obtained a short one glimpse of a man before the police closed in the hatches. Still,1410 - A black government sedan has arrived to the centers of GAStech. He has pulled on the main hatches and I have obtained a short one glimpse of a man before the police closed in the hatches. Still,narrative_line_1_商业利益线.csv,auto_clustered
TL-521,2014-01-20,day,VOICES - a blog on what is important to people,timeline,4,绑架导火索线,medium,3,GAStech|Government,,1,Centrum Sentinel,521,Centrum Sentinel,1410 - A black government sedan has arrived to the centers of GAStech. He has pulled on the main hatches and I have obtained a short one glimpse of a man before the police closed in the hatches. Still,1410 - A black government sedan has arrived to the centers of GAStech. He has pulled on the main hatches and I have obtained a short one glimpse of a man before the police closed in the hatches. Still,narrative_line_4_绑架导火索线.csv,auto_clustered
TL-522,2014-01-20,day,VOICES - a blog about what is important to the people,timeline,1,商业利益线,medium,3,GAStech|Tethys,Tethys,1,Homeland Illumination,522,Homeland Illumination,1356 - Media outlets have reported GAStech-Tethys have confirmed a number of GAStech employees are missing. 20 Jan 2014,1356 - Media outlets have reported GAStech-Tethys have confirmed a number of GAStech employees are missing. 20 Jan 2014,narrative_line_1_商业利益线.csv,auto_clustered
TL-522,2014-01-20,day,VOICES - a blog about what is important to the people,timeline,4,绑架导火索线,medium,3,GAStech|Tethys,Tethys,1,Homeland Illumination,522,Homeland Illumination,1356 - Media outlets have reported GAStech-Tethys have confirmed a number of GAStech employees are missing. 20 Jan 2014,1356 - Media outlets have reported GAStech-Tethys have confirmed a number of GAStech employees are missing. 20 Jan 2014,narrative_line_4_绑架导火索线.csv,auto_clustered
TL-525,2014-01-20,day,GASTECH CONTROL CONFIRMED MISSING,timeline,1,商业利益线,medium,3,GAStech|Government|Sten Sanjorge|Tethys,Tethys,1,News Desk,525,News Desk,"Miriam Avila, an administrative employee in international GAStech, have confirmed that the members of the control GAStech in fact missing. The group never would arrive at the reception of the governme","Miriam Avila, an administrative employee in international GAStech, have confirmed that the members of the control GAStech in fact missing. The group never would arrive at the reception of the governme",narrative_line_1_商业利益线.csv,auto_clustered
TL-525,2014-01-20,day,GASTECH CONTROL CONFIRMED MISSING,timeline,2,环境冲突线,medium,3,GAStech|Government|Sten Sanjorge|Tethys,Tethys,1,News Desk,525,News Desk,"Miriam Avila, an administrative employee in international GAStech, have confirmed that the members of the control GAStech in fact missing. The group never would arrive at the reception of the governme","Miriam Avila, an administrative employee in international GAStech, have confirmed that the members of the control GAStech in fact missing. The group never would arrive at the reception of the governme",narrative_line_2_环境冲突线.csv,auto_clustered
TL-525,2014-01-20,day,GASTECH CONTROL CONFIRMED MISSING,timeline,4,绑架导火索线,medium,3,GAStech|Government|Sten Sanjorge|Tethys,Tethys,1,News Desk,525,News Desk,"Miriam Avila, an administrative employee in international GAStech, have confirmed that the members of the control GAStech in fact missing. The group never would arrive at the reception of the governme","Miriam Avila, an administrative employee in international GAStech, have confirmed that the members of the control GAStech in fact missing. The group never would arrive at the reception of the governme",narrative_line_4_绑架导火索线.csv,auto_clustered
TL-53,2014-01-20,day,ON THE SCENE BLOG,timeline,1,商业利益线,medium,3,GAStech,,1,The Abila Post,53,The Abila Post,"1545 UPDATE - These ""shadowy"" figures are at the center of what appears to be a kidnapping incident with the victims being the missing GAStech leadership. At this time we can only speculate on the num","1545 UPDATE - These ""shadowy"" figures are at the center of what appears to be a kidnapping incident with the victims being the missing GAStech leadership. At this time we can only speculate on the num",narrative_line_1_商业利益线.csv,auto_clustered
TL-53,2014-01-20,day,ON THE SCENE BLOG,timeline,4,绑架导火索线,medium,3,GAStech,,1,The Abila Post,53,The Abila Post,"1545 UPDATE - These ""shadowy"" figures are at the center of what appears to be a kidnapping incident with the victims being the missing GAStech leadership. At this time we can only speculate on the num","1545 UPDATE - These ""shadowy"" figures are at the center of what appears to be a kidnapping incident with the victims being the missing GAStech leadership. At this time we can only speculate on the num",narrative_line_4_绑架导火索线.csv,auto_clustered
TL-555,2014-01-20,day,ON THE SCENE BLOG,timeline,1,商业利益线,medium,3,GAStech|POK|Abila,Abila,1,The Abila Post,555,The Abila Post,"1732 UPDATE - Much of the information gathered from the GAStech employees who have been allowed to leave by police investigators point to a kidnapping of several GAStech employees. However, officials ","1732 UPDATE - Much of the information gathered from the GAStech employees who have been allowed to leave by police investigators point to a kidnapping of several GAStech employees. However, officials ",narrative_line_1_商业利益线.csv,auto_clustered
TL-555,2014-01-20,day,ON THE SCENE BLOG,timeline,3,组织对抗线,medium,3,GAStech|POK|Abila,Abila,1,The Abila Post,555,The Abila Post,"1732 UPDATE - Much of the information gathered from the GAStech employees who have been allowed to leave by police investigators point to a kidnapping of several GAStech employees. However, officials ","1732 UPDATE - Much of the information gathered from the GAStech employees who have been allowed to leave by police investigators point to a kidnapping of several GAStech employees. However, officials ",narrative_line_3_组织对抗线.csv,auto_clustered
TL-555,2014-01-20,day,ON THE SCENE BLOG,timeline,4,绑架导火索线,medium,3,GAStech|POK|Abila,Abila,1,The Abila Post,555,The Abila Post,"1732 UPDATE - Much of the information gathered from the GAStech employees who have been allowed to leave by police investigators point to a kidnapping of several GAStech employees. However, officials ","1732 UPDATE - Much of the information gathered from the GAStech employees who have been allowed to leave by police investigators point to a kidnapping of several GAStech employees. However, officials ",narrative_line_4_绑架导火索线.csv,auto_clustered
TL-56,2014-01-20,day,VOICES - a blog on what is important to people,timeline,1,商业利益线,medium,3,GAStech|Abila,Abila,1,Centrum Sentinel,56,Centrum Sentinel,"1515 - BREAKING OFF the NEWS - the reporter have spoken with a civil employee of the airport that confirms that a classified jet has left the airport of Abila 1430, with a number of persons to edge. T","1515 - BREAKING OFF the NEWS - the reporter have spoken with a civil employee of the airport that confirms that a classified jet has left the airport of Abila 1430, with a number of persons to edge. T",narrative_line_1_商业利益线.csv,auto_clustered
TL-56,2014-01-20,day,VOICES - a blog on what is important to people,timeline,4,绑架导火索线,medium,3,GAStech|Abila,Abila,1,Centrum Sentinel,56,Centrum Sentinel,"1515 - BREAKING OFF the NEWS - the reporter have spoken with a civil employee of the airport that confirms that a classified jet has left the airport of Abila 1430, with a number of persons to edge. T","1515 - BREAKING OFF the NEWS - the reporter have spoken with a civil employee of the airport that confirms that a classified jet has left the airport of Abila 1430, with a number of persons to edge. T",narrative_line_4_绑架导火索线.csv,auto_clustered
TL-567,2014-01-20,day,VOICES - a blog about what is important to the people,timeline,4,绑架导火索线,medium,3,,,1,Homeland Illumination,567,Homeland Illumination,"1937 - Kronos police spokesman has released a statement ""There is no indication that the missing individuals have left the island of Kronos."" When I asked if the caterers were considered persons of in","1937 - Kronos police spokesman has released a statement ""There is no indication that the missing individuals have left the island of Kronos."" When I asked if the caterers were considered persons of in",narrative_line_4_绑架导火索线.csv,auto_clustered
TL-594,2014-01-20,day,POK removes employees of GAStech,timeline,1,商业利益线,medium,3,GAStech|POK|Abila|Tethys|Centrum,Abila|Tethys|Centrum,1,Worldwise,594,Worldwise,The guards of Kronos (POK) are suspected to remove to fourteen employees of GAStech of their construction of registered offices earlier today. The police force of Abila quickly fixed the building and ,The guards of Kronos (POK) are suspected to remove to fourteen employees of GAStech of their construction of registered offices earlier today. The police force of Abila quickly fixed the building and ,narrative_line_1_商业利益线.csv,auto_clustered
TL-594,2014-01-20,day,POK removes employees of GAStech,timeline,3,组织对抗线,medium,3,GAStech|POK|Abila|Tethys|Centrum,Abila|Tethys|Centrum,1,Worldwise,594,Worldwise,The guards of Kronos (POK) are suspected to remove to fourteen employees of GAStech of their construction of registered offices earlier today. The police force of Abila quickly fixed the building and ,The guards of Kronos (POK) are suspected to remove to fourteen employees of GAStech of their construction of registered offices earlier today. The police force of Abila quickly fixed the building and ,narrative_line_3_组织对抗线.csv,auto_clustered
TL-594,2014-01-20,day,POK removes employees of GAStech,timeline,4,绑架导火索线,medium,3,GAStech|POK|Abila|Tethys|Centrum,Abila|Tethys|Centrum,1,Worldwise,594,Worldwise,The guards of Kronos (POK) are suspected to remove to fourteen employees of GAStech of their construction of registered offices earlier today. The police force of Abila quickly fixed the building and ,The guards of Kronos (POK) are suspected to remove to fourteen employees of GAStech of their construction of registered offices earlier today. The police force of Abila quickly fixed the building and ,narrative_line_4_绑架导火索线.csv,auto_clustered
TL-600,2014-01-20,day,To break off itself: The emergency to GAStech quarters the construction [updates],timeline,4,绑架导火索线,medium,3,GAStech,,1,Tethys News,600,Tethys News,"Update, 7:40 PM: The Carman has informed the pressed one that the police does not believe that missing people had left the island of Kronos.","Update, 7:40 PM: The Carman has informed the pressed one that the police does not believe that missing people had left the island of Kronos.",narrative_line_4_绑架导火索线.csv,auto_clustered
TL-607,2014-01-20,day,POK kidnap employees GAStech,timeline,1,商业利益线,medium,3,GAStech|POK|Abila|Tethys,Abila|Tethys,1,The Truth,607,The Truth,The guards of Kronos (POK) become of kidnapping to fourteen employees from GAStech headquarters suspected that build in former days today. Police force of Abila protected rapidly the bldg. and intervi,The guards of Kronos (POK) become of kidnapping to fourteen employees from GAStech headquarters suspected that build in former days today. Police force of Abila protected rapidly the bldg. and intervi,narrative_line_1_商业利益线.csv,auto_clustered
TL-607,2014-01-20,day,POK kidnap employees GAStech,timeline,3,组织对抗线,medium,3,GAStech|POK|Abila|Tethys,Abila|Tethys,1,The Truth,607,The Truth,The guards of Kronos (POK) become of kidnapping to fourteen employees from GAStech headquarters suspected that build in former days today. Police force of Abila protected rapidly the bldg. and intervi,The guards of Kronos (POK) become of kidnapping to fourteen employees from GAStech headquarters suspected that build in former days today. Police force of Abila protected rapidly the bldg. and intervi,narrative_line_3_组织对抗线.csv,auto_clustered
TL-607,2014-01-20,day,POK kidnap employees GAStech,timeline,4,绑架导火索线,medium,3,GAStech|POK|Abila|Tethys,Abila|Tethys,1,The Truth,607,The Truth,The guards of Kronos (POK) become of kidnapping to fourteen employees from GAStech headquarters suspected that build in former days today. Police force of Abila protected rapidly the bldg. and intervi,The guards of Kronos (POK) become of kidnapping to fourteen employees from GAStech headquarters suspected that build in former days today. Police force of Abila protected rapidly the bldg. and intervi,narrative_line_4_绑架导火索线.csv,auto_clustered
TL-609,2014-01-20,day,VOICES - a blog about what is important to the people,timeline,1,商业利益线,medium,3,,,1,Homeland Illumination,609,Homeland Illumination,1538 - Another employee agreed to speak to me on the condition of anonymity. He said the police had been asking a lot of questions about nonemployees who may have had access to the building that morni,1538 - Another employee agreed to speak to me on the condition of anonymity. He said the police had been asking a lot of questions about nonemployees who may have had access to the building that morni,narrative_line_1_商业利益线.csv,auto_clustered
TL-613,2014-01-20,day,To break off itself: The emergency to GAStech quarters construction [updates],timeline,1,商业利益线,medium,3,GAStech,,1,Tethys News,613,Tethys News,"Update, 4:25 PM: It employs of GAStech continue to drip from the construction. Vary have refused to communicate with reporter. However, a man has said to us that he was interviewed from the police bef","Update, 4:25 PM: It employs of GAStech continue to drip from the construction. Vary have refused to communicate with reporter. However, a man has said to us that he was interviewed from the police bef",narrative_line_1_商业利益线.csv,auto_clustered
TL-613,2014-01-20,day,To break off itself: The emergency to GAStech quarters construction [updates],timeline,4,绑架导火索线,medium,3,GAStech,,1,Tethys News,613,Tethys News,"Update, 4:25 PM: It employs of GAStech continue to drip from the construction. Vary have refused to communicate with reporter. However, a man has said to us that he was interviewed from the police bef","Update, 4:25 PM: It employs of GAStech continue to drip from the construction. Vary have refused to communicate with reporter. However, a man has said to us that he was interviewed from the police bef",narrative_line_4_绑架导火索线.csv,auto_clustered
TL-63,2014-01-20,day,GASTECH LEADERSHIP CONFIRMED MISSING,timeline,4,绑架导火索线,medium,3,GAStech|Tethys|Centrum,Tethys|Centrum,1,News Online Today,63,News Online Today,"Miriam Avila, an administrative assistant at GAStech International, has confirmed that members of the GAStech leadership are in fact missing. maintains an office in Centrum, the capital of Tethys, mos","Miriam Avila, an administrative assistant at GAStech International, has confirmed that members of the GAStech leadership are in fact missing. maintains an office in Centrum, the capital of Tethys, mos",narrative_line_4_绑架导火索线.csv,auto_clustered
TL-635,2014-01-20,day,To break off itself: The emergency to GAStech quarters construction [updates],timeline,1,商业利益线,medium,3,GAStech|Tethys,Tethys,1,Tethys News,635,Tethys News,"Update, 10:00 PM: The federal civil employees and the staff of application of law of Tethys from the Ministry of Tethyn of the foreign policies have arrived in Kronos in order to help the police in th","Update, 10:00 PM: The federal civil employees and the staff of application of law of Tethys from the Ministry of Tethyn of the foreign policies have arrived in Kronos in order to help the police in th",narrative_line_1_商业利益线.csv,auto_clustered
TL-655,2014-01-20,day,VOICES - a blog on what is important to people,timeline,1,商业利益线,medium,3,,,1,Centrum Sentinel,655,Centrum Sentinel,"1621 - Reporter talks with an other employee who removes the construction. She has said that the police was interrogating all and asked if she had seen some thing not usual. ""There was some people tha","1621 - Reporter talks with an other employee who removes the construction. She has said that the police was interrogating all and asked if she had seen some thing not usual. ""There was some people tha",narrative_line_1_商业利益线.csv,auto_clustered
TL-655,2014-01-20,day,VOICES - a blog on what is important to people,timeline,4,绑架导火索线,medium,3,,,1,Centrum Sentinel,655,Centrum Sentinel,"1621 - Reporter talks with an other employee who removes the construction. She has said that the police was interrogating all and asked if she had seen some thing not usual. ""There was some people tha","1621 - Reporter talks with an other employee who removes the construction. She has said that the police was interrogating all and asked if she had seen some thing not usual. ""There was some people tha",narrative_line_4_绑架导火索线.csv,auto_clustered
TL-673,2014-01-20,day,WRAP UP OF EVENTS AT GASTECH,timeline,1,商业利益线,medium,3,GAStech|POK|Government|Abila|Tethys,Abila|Tethys,1,Central Bulletin,673,Central Bulletin,"A long tense day of conflicting reports and confusing information has come to an end. What we know for certain is that 14 GAStech employees are not only missing, but kidnapped as confirmed by a Kronos","A long tense day of conflicting reports and confusing information has come to an end. What we know for certain is that 14 GAStech employees are not only missing, but kidnapped as confirmed by a Kronos",narrative_line_1_商业利益线.csv,auto_clustered
TL-673,2014-01-20,day,WRAP UP OF EVENTS AT GASTECH,timeline,3,组织对抗线,medium,3,GAStech|POK|Government|Abila|Tethys,Abila|Tethys,1,Central Bulletin,673,Central Bulletin,"A long tense day of conflicting reports and confusing information has come to an end. What we know for certain is that 14 GAStech employees are not only missing, but kidnapped as confirmed by a Kronos","A long tense day of conflicting reports and confusing information has come to an end. What we know for certain is that 14 GAStech employees are not only missing, but kidnapped as confirmed by a Kronos",narrative_line_3_组织对抗线.csv,auto_clustered
TL-673,2014-01-20,day,WRAP UP OF EVENTS AT GASTECH,timeline,4,绑架导火索线,medium,3,GAStech|POK|Government|Abila|Tethys,Abila|Tethys,1,Central Bulletin,673,Central Bulletin,"A long tense day of conflicting reports and confusing information has come to an end. What we know for certain is that 14 GAStech employees are not only missing, but kidnapped as confirmed by a Kronos","A long tense day of conflicting reports and confusing information has come to an end. What we know for certain is that 14 GAStech employees are not only missing, but kidnapped as confirmed by a Kronos",narrative_line_4_绑架导火索线.csv,auto_clustered
TL-674,2014-01-20,day,Breaking: Emergency at GAStech Headquarters Building [Updates],timeline,3,组织对抗线,medium,3,GAStech|POK,,1,Kronos Star,674,Kronos Star,Vann's account confirms the unofficial police statement that the POK are suspected as the kidnappers. There is still no information on who was kidnapped.,Vann's account confirms the unofficial police statement that the POK are suspected as the kidnappers. There is still no information on who was kidnapped.,narrative_line_3_组织对抗线.csv,auto_clustered
TL-674,2014-01-20,day,Breaking: Emergency at GAStech Headquarters Building [Updates],timeline,4,绑架导火索线,medium,3,GAStech|POK,,1,Kronos Star,674,Kronos Star,Vann's account confirms the unofficial police statement that the POK are suspected as the kidnappers. There is still no information on who was kidnapped.,Vann's account confirms the unofficial police statement that the POK are suspected as the kidnappers. There is still no information on who was kidnapped.,narrative_line_4_绑架导火索线.csv,auto_clustered
TL-678,2014-01-20,day,Breaking: Emergency at GAStech Headquarters Building [Updates],timeline,1,商业利益线,medium,3,GAStech,,1,Kronos Star,678,Kronos Star,"Update, 7:45 PM: Carman said that police cannot currently account for the whereabouts of fourteen GAStech employees and have not yet been able to find the caterers. When asked if police suspected the ","Update, 7:45 PM: Carman said that police cannot currently account for the whereabouts of fourteen GAStech employees and have not yet been able to find the caterers. When asked if police suspected the ",narrative_line_1_商业利益线.csv,auto_clustered
TL-678,2014-01-20,day,Breaking: Emergency at GAStech Headquarters Building [Updates],timeline,4,绑架导火索线,medium,3,GAStech,,1,Kronos Star,678,Kronos Star,"Update, 7:45 PM: Carman said that police cannot currently account for the whereabouts of fourteen GAStech employees and have not yet been able to find the caterers. When asked if police suspected the ","Update, 7:45 PM: Carman said that police cannot currently account for the whereabouts of fourteen GAStech employees and have not yet been able to find the caterers. When asked if police suspected the ",narrative_line_4_绑架导火索线.csv,auto_clustered
TL-679,2014-01-20,day,DISAPPEARED CONFIRMED GASTECH DIRECTION,timeline,1,商业利益线,medium,3,GAStech|Government|Sten Sanjorge|Tethys,Tethys,1,The Explainer,679,The Explainer,"Miriam Avila, administrative assistant in international GAStech, has confirmed that the members of the direction of GAStech in fact are lacking. One hoped that it arrived the reception from the govern","Miriam Avila, administrative assistant in international GAStech, has confirmed that the members of the direction of GAStech in fact are lacking. One hoped that it arrived the reception from the govern",narrative_line_1_商业利益线.csv,auto_clustered
TL-679,2014-01-20,day,DISAPPEARED CONFIRMED GASTECH DIRECTION,timeline,2,环境冲突线,medium,3,GAStech|Government|Sten Sanjorge|Tethys,Tethys,1,The Explainer,679,The Explainer,"Miriam Avila, administrative assistant in international GAStech, has confirmed that the members of the direction of GAStech in fact are lacking. One hoped that it arrived the reception from the govern","Miriam Avila, administrative assistant in international GAStech, has confirmed that the members of the direction of GAStech in fact are lacking. One hoped that it arrived the reception from the govern",narrative_line_2_环境冲突线.csv,auto_clustered
TL-679,2014-01-20,day,DISAPPEARED CONFIRMED GASTECH DIRECTION,timeline,3,组织对抗线,medium,3,GAStech|Government|Sten Sanjorge|Tethys,Tethys,1,The Explainer,679,The Explainer,"Miriam Avila, administrative assistant in international GAStech, has confirmed that the members of the direction of GAStech in fact are lacking. One hoped that it arrived the reception from the govern","Miriam Avila, administrative assistant in international GAStech, has confirmed that the members of the direction of GAStech in fact are lacking. One hoped that it arrived the reception from the govern",narrative_line_3_组织对抗线.csv,auto_clustered
TL-679,2014-01-20,day,DISAPPEARED CONFIRMED GASTECH DIRECTION,timeline,4,绑架导火索线,medium,3,GAStech|Government|Sten Sanjorge|Tethys,Tethys,1,The Explainer,679,The Explainer,"Miriam Avila, administrative assistant in international GAStech, has confirmed that the members of the direction of GAStech in fact are lacking. One hoped that it arrived the reception from the govern","Miriam Avila, administrative assistant in international GAStech, has confirmed that the members of the direction of GAStech in fact are lacking. One hoped that it arrived the reception from the govern",narrative_line_4_绑架导火索线.csv,auto_clustered
TL-682,2014-01-20,day,ON THE SCENE BLOG,timeline,1,商业利益线,medium,3,GAStech|Government,,1,The Abila Post,682,The Abila Post,1235 UPDATE - Rumors abound in regards to the potentially missing GAStech executives. Some suggest that the newly vested executive group skipped the government reception to avoid the press and left to,1235 UPDATE - Rumors abound in regards to the potentially missing GAStech executives. Some suggest that the newly vested executive group skipped the government reception to avoid the press and left to,narrative_line_1_商业利益线.csv,auto_clustered
TL-682,2014-01-20,day,ON THE SCENE BLOG,timeline,4,绑架导火索线,medium,3,GAStech|Government,,1,The Abila Post,682,The Abila Post,1235 UPDATE - Rumors abound in regards to the potentially missing GAStech executives. Some suggest that the newly vested executive group skipped the government reception to avoid the press and left to,1235 UPDATE - Rumors abound in regards to the potentially missing GAStech executives. Some suggest that the newly vested executive group skipped the government reception to avoid the press and left to,narrative_line_4_绑架导火索线.csv,auto_clustered
TL-7,2014-01-20,day,WRAP UP OF EVENTS AT GASTECH,timeline,1,商业利益线,medium,3,GAStech|POK|Government,,1,News Online Today,7,News Online Today,"A long tense day of conflicting reports and confusing information has come to an end. What we know for certain is that 14 GAStech employees are not only missing, but kidnapped as confirmed by a Kronos","A long tense day of conflicting reports and confusing information has come to an end. What we know for certain is that 14 GAStech employees are not only missing, but kidnapped as confirmed by a Kronos",narrative_line_1_商业利益线.csv,auto_clustered
TL-7,2014-01-20,day,WRAP UP OF EVENTS AT GASTECH,timeline,3,组织对抗线,medium,3,GAStech|POK|Government,,1,News Online Today,7,News Online Today,"A long tense day of conflicting reports and confusing information has come to an end. What we know for certain is that 14 GAStech employees are not only missing, but kidnapped as confirmed by a Kronos","A long tense day of conflicting reports and confusing information has come to an end. What we know for certain is that 14 GAStech employees are not only missing, but kidnapped as confirmed by a Kronos",narrative_line_3_组织对抗线.csv,auto_clustered
TL-7,2014-01-20,day,WRAP UP OF EVENTS AT GASTECH,timeline,4,绑架导火索线,medium,3,GAStech|POK|Government,,1,News Online Today,7,News Online Today,"A long tense day of conflicting reports and confusing information has come to an end. What we know for certain is that 14 GAStech employees are not only missing, but kidnapped as confirmed by a Kronos","A long tense day of conflicting reports and confusing information has come to an end. What we know for certain is that 14 GAStech employees are not only missing, but kidnapped as confirmed by a Kronos",narrative_line_4_绑架导火索线.csv,auto_clustered
TL-712,2014-01-20,day,REMOVAL AT GASTECH KRONOS,timeline,1,商业利益线,medium,3,GAStech|Government|Sten Sanjorge|Abila,Abila,1,The Tulip,712,The Tulip,"After a long day of contrary and confusing information reports still sketchy, but the tale starts come clearly: a source of the government has confirmed Kronos up to fourteen of GAStech the internatio","After a long day of contrary and confusing information reports still sketchy, but the tale starts come clearly: a source of the government has confirmed Kronos up to fourteen of GAStech the internatio",narrative_line_1_商业利益线.csv,auto_clustered
TL-712,2014-01-20,day,REMOVAL AT GASTECH KRONOS,timeline,4,绑架导火索线,medium,3,GAStech|Government|Sten Sanjorge|Abila,Abila,1,The Tulip,712,The Tulip,"After a long day of contrary and confusing information reports still sketchy, but the tale starts come clearly: a source of the government has confirmed Kronos up to fourteen of GAStech the internatio","After a long day of contrary and confusing information reports still sketchy, but the tale starts come clearly: a source of the government has confirmed Kronos up to fourteen of GAStech the internatio",narrative_line_4_绑架导火索线.csv,auto_clustered
TL-713,2014-01-20,day,GASTECH LEADERSHIP CONFIRMED MISSING,timeline,1,商业利益线,medium,3,GAStech|Government|Sten Sanjorge|Tethys|Centrum,Tethys|Centrum,1,The Abila Post,713,The Abila Post,"Miriam Avila, an administrative assistant at GAStech International, has confirmed that members of the GAStech leadership are in fact missing. The group was expected to arrive at the Government recepti","Miriam Avila, an administrative assistant at GAStech International, has confirmed that members of the GAStech leadership are in fact missing. The group was expected to arrive at the Government recepti",narrative_line_1_商业利益线.csv,auto_clustered
TL-713,2014-01-20,day,GASTECH LEADERSHIP CONFIRMED MISSING,timeline,2,环境冲突线,medium,3,GAStech|Government|Sten Sanjorge|Tethys|Centrum,Tethys|Centrum,1,The Abila Post,713,The Abila Post,"Miriam Avila, an administrative assistant at GAStech International, has confirmed that members of the GAStech leadership are in fact missing. The group was expected to arrive at the Government recepti","Miriam Avila, an administrative assistant at GAStech International, has confirmed that members of the GAStech leadership are in fact missing. The group was expected to arrive at the Government recepti",narrative_line_2_环境冲突线.csv,auto_clustered
TL-713,2014-01-20,day,GASTECH LEADERSHIP CONFIRMED MISSING,timeline,4,绑架导火索线,medium,3,GAStech|Government|Sten Sanjorge|Tethys|Centrum,Tethys|Centrum,1,The Abila Post,713,The Abila Post,"Miriam Avila, an administrative assistant at GAStech International, has confirmed that members of the GAStech leadership are in fact missing. The group was expected to arrive at the Government recepti","Miriam Avila, an administrative assistant at GAStech International, has confirmed that members of the GAStech leadership are in fact missing. The group was expected to arrive at the Government recepti",narrative_line_4_绑架导火索线.csv,auto_clustered
TL-715,2014-01-20,day,KIDNAPPING IN THE GASTECH HEADQUARTERS,timeline,1,商业利益线,medium,3,GAStech|Government,,1,The Explainer,715,The Explainer,In which only described the power whereas an act of the multiple international employees of GAStech of the terrorism was taken in an incursion behaved shamelessly of the light of the day of the headqu,In which only described the power whereas an act of the multiple international employees of GAStech of the terrorism was taken in an incursion behaved shamelessly of the light of the day of the headqu,narrative_line_1_商业利益线.csv,auto_clustered
TL-715,2014-01-20,day,KIDNAPPING IN THE GASTECH HEADQUARTERS,timeline,4,绑架导火索线,medium,3,GAStech|Government,,1,The Explainer,715,The Explainer,In which only described the power whereas an act of the multiple international employees of GAStech of the terrorism was taken in an incursion behaved shamelessly of the light of the day of the headqu,In which only described the power whereas an act of the multiple international employees of GAStech of the terrorism was taken in an incursion behaved shamelessly of the light of the day of the headqu,narrative_line_4_绑架导火索线.csv,auto_clustered
TL-719,2014-01-20,day,VOICES - a blog about what is important to the people,timeline,1,商业利益线,medium,3,GAStech|Government,,1,Homeland Illumination,719,Homeland Illumination,1410 - A black government sedan has just arrived at GAStech headquarters. It pulled up in front of the main doors and I got a brief glimpse of a man in a suit carrying a entering before police closed ,1410 - A black government sedan has just arrived at GAStech headquarters. It pulled up in front of the main doors and I got a brief glimpse of a man in a suit carrying a entering before police closed ,narrative_line_1_商业利益线.csv,auto_clustered
TL-719,2014-01-20,day,VOICES - a blog about what is important to the people,timeline,4,绑架导火索线,medium,3,GAStech|Government,,1,Homeland Illumination,719,Homeland Illumination,1410 - A black government sedan has just arrived at GAStech headquarters. It pulled up in front of the main doors and I got a brief glimpse of a man in a suit carrying a entering before police closed ,1410 - A black government sedan has just arrived at GAStech headquarters. It pulled up in front of the main doors and I got a brief glimpse of a man in a suit carrying a entering before police closed ,narrative_line_4_绑架导火索线.csv,auto_clustered
TL-733,2014-01-20,day,VOICES - a blog about what is important to the people,timeline,1,商业利益线,medium,3,,,1,Homeland Illumination,733,Homeland Illumination,"1621 - I caught up with another employee exiting the area. She told me the police were questioning everyone. I asked her if she'd seen anything usual. ""There were some people I didn't recognize, but I","1621 - I caught up with another employee exiting the area. She told me the police were questioning everyone. I asked her if she'd seen anything usual. ""There were some people I didn't recognize, but I",narrative_line_1_商业利益线.csv,auto_clustered
TL-733,2014-01-20,day,VOICES - a blog about what is important to the people,timeline,4,绑架导火索线,medium,3,,,1,Homeland Illumination,733,Homeland Illumination,"1621 - I caught up with another employee exiting the area. She told me the police were questioning everyone. I asked her if she'd seen anything usual. ""There were some people I didn't recognize, but I","1621 - I caught up with another employee exiting the area. She told me the police were questioning everyone. I asked her if she'd seen anything usual. ""There were some people I didn't recognize, but I",narrative_line_4_绑架导火索线.csv,auto_clustered
TL-76,2014-01-20,day,To break off itself: The emergency to GAStech quarters construction [updates],timeline,1,商业利益线,medium,3,GAStech|Abila,Abila,1,Tethys News,76,Tethys News,"Update, 7:35 PM: The Carman di Adrien of the megaphone of the police of Abila has said, ""several employs you of GasTech seems missing. Anyone that sees the activity unusual is asked to put itself in c","Update, 7:35 PM: The Carman di Adrien of the megaphone of the police of Abila has said, ""several employs you of GasTech seems missing. Anyone that sees the activity unusual is asked to put itself in c",narrative_line_1_商业利益线.csv,auto_clustered
TL-76,2014-01-20,day,To break off itself: The emergency to GAStech quarters construction [updates],timeline,4,绑架导火索线,medium,3,GAStech|Abila,Abila,1,Tethys News,76,Tethys News,"Update, 7:35 PM: The Carman di Adrien of the megaphone of the police of Abila has said, ""several employs you of GasTech seems missing. Anyone that sees the activity unusual is asked to put itself in c","Update, 7:35 PM: The Carman di Adrien of the megaphone of the police of Abila has said, ""several employs you of GasTech seems missing. Anyone that sees the activity unusual is asked to put itself in c",narrative_line_4_绑架导火索线.csv,auto_clustered
TL-761,2014-01-20,day,Breaking: Emergency at GAStech Headquarters Building [Updates],timeline,1,商业利益线,medium,3,GAStech|POK|Abila,Abila,1,Kronos Star,761,Kronos Star,"Update, 7:00 PM: The last of the GAStech employees has been allowed to leave the building. The employee, Edvard Vann, said that the police interviewed him for hours and accused him of involvement in t","Update, 7:00 PM: The last of the GAStech employees has been allowed to leave the building. The employee, Edvard Vann, said that the police interviewed him for hours and accused him of involvement in t",narrative_line_1_商业利益线.csv,auto_clustered
TL-761,2014-01-20,day,Breaking: Emergency at GAStech Headquarters Building [Updates],timeline,3,组织对抗线,medium,3,GAStech|POK|Abila,Abila,1,Kronos Star,761,Kronos Star,"Update, 7:00 PM: The last of the GAStech employees has been allowed to leave the building. The employee, Edvard Vann, said that the police interviewed him for hours and accused him of involvement in t","Update, 7:00 PM: The last of the GAStech employees has been allowed to leave the building. The employee, Edvard Vann, said that the police interviewed him for hours and accused him of involvement in t",narrative_line_3_组织对抗线.csv,auto_clustered
TL-761,2014-01-20,day,Breaking: Emergency at GAStech Headquarters Building [Updates],timeline,4,绑架导火索线,medium,3,GAStech|POK|Abila,Abila,1,Kronos Star,761,Kronos Star,"Update, 7:00 PM: The last of the GAStech employees has been allowed to leave the building. The employee, Edvard Vann, said that the police interviewed him for hours and accused him of involvement in t","Update, 7:00 PM: The last of the GAStech employees has been allowed to leave the building. The employee, Edvard Vann, said that the police interviewed him for hours and accused him of involvement in t",narrative_line_4_绑架导火索线.csv,auto_clustered
TL-776,2014-01-20,day,Breaking: Emergency at GAStech Headquarters Building [Updates],timeline,1,商业利益线,medium,3,GAStech|Abila,Abila,1,Kronos Star,776,Kronos Star,"Update, 7:35 PM: Abila police spokesman Adrien Carman said, ""Several GasTech employees appear to be missing. Anyone seeing unusual activity is asked to contact the Abila police."" In response to questi","Update, 7:35 PM: Abila police spokesman Adrien Carman said, ""Several GasTech employees appear to be missing. Anyone seeing unusual activity is asked to contact the Abila police."" In response to questi",narrative_line_1_商业利益线.csv,auto_clustered
TL-776,2014-01-20,day,Breaking: Emergency at GAStech Headquarters Building [Updates],timeline,4,绑架导火索线,medium,3,GAStech|Abila,Abila,1,Kronos Star,776,Kronos Star,"Update, 7:35 PM: Abila police spokesman Adrien Carman said, ""Several GasTech employees appear to be missing. Anyone seeing unusual activity is asked to contact the Abila police."" In response to questi","Update, 7:35 PM: Abila police spokesman Adrien Carman said, ""Several GasTech employees appear to be missing. Anyone seeing unusual activity is asked to contact the Abila police."" In response to questi",narrative_line_4_绑架导火索线.csv,auto_clustered
TL-803,2014-01-20,day,ON THE SCENE BLOG,timeline,1,商业利益线,medium,3,GAStech,,1,The Abila Post,803,The Abila Post,1506 UPDATE - Police have begun to leave GAStech headquarters. The officers have declined to answer all of the reporters' questions leaving the scene. A few police vehicles have remained behind. Presu,1506 UPDATE - Police have begun to leave GAStech headquarters. The officers have declined to answer all of the reporters' questions leaving the scene. A few police vehicles have remained behind. Presu,narrative_line_1_商业利益线.csv,auto_clustered
TL-811,2014-01-20,day,ON SCENE BLOG,timeline,1,商业利益线,medium,3,GAStech|Government,,1,Modern Rubicon,811,Modern Rubicon,1405 - the government civil employees ally by marriage of Kronos have arrived to the centers of GAStech. Inks have arrived in unmarked the black automobile with the windows and have been are concurred,1405 - the government civil employees ally by marriage of Kronos have arrived to the centers of GAStech. Inks have arrived in unmarked the black automobile with the windows and have been are concurred,narrative_line_1_商业利益线.csv,auto_clustered
TL-813,2014-01-20,day,To break off itself: The emergency to GAStech quarters construction [updates],timeline,1,商业利益线,medium,3,GAStech,,1,Tethys News,813,Tethys News,"Update, 5:50 PM: According to an employee of GAStech, the pictures of GAStech have left to the construction after their reunion this morning and head to the reception the construction of the capitol. ","Update, 5:50 PM: According to an employee of GAStech, the pictures of GAStech have left to the construction after their reunion this morning and head to the reception the construction of the capitol. ",narrative_line_1_商业利益线.csv,auto_clustered
TL-813,2014-01-20,day,To break off itself: The emergency to GAStech quarters construction [updates],timeline,4,绑架导火索线,medium,3,GAStech,,1,Tethys News,813,Tethys News,"Update, 5:50 PM: According to an employee of GAStech, the pictures of GAStech have left to the construction after their reunion this morning and head to the reception the construction of the capitol. ","Update, 5:50 PM: According to an employee of GAStech, the pictures of GAStech have left to the construction after their reunion this morning and head to the reception the construction of the capitol. ",narrative_line_4_绑架导火索线.csv,auto_clustered
TL-817,2014-01-20,day,VOICES - a blog on what is important to people,timeline,4,绑架导火索线,medium,3,,,1,Centrum Sentinel,817,Centrum Sentinel,"1937 - The megaphone of the police of Kronos has freed a declaration ""is indication here that the missing individuals have left the island of Kronos."" Once asked if the suppliers were consider interes","1937 - The megaphone of the police of Kronos has freed a declaration ""is indication here that the missing individuals have left the island of Kronos."" Once asked if the suppliers were consider interes",narrative_line_4_绑架导火索线.csv,auto_clustered
TL-818,2014-01-20,day,ENVELOPE UP OF EVENTS AT GASTECH,timeline,1,商业利益线,medium,3,GAStech|Government|Sten Sanjorge|Abila|Tethys,Abila|Tethys,1,News Desk,818,News Desk,"ABILA, Kronos - a long stretched day of contrary is reports and finish confused information. What we for certain know is that 14 employees GAStech not only missing are confirmed, but kidnapped such as","ABILA, Kronos - a long stretched day of contrary is reports and finish confused information. What we for certain know is that 14 employees GAStech not only missing are confirmed, but kidnapped such as",narrative_line_1_商业利益线.csv,auto_clustered
TL-818,2014-01-20,day,ENVELOPE UP OF EVENTS AT GASTECH,timeline,4,绑架导火索线,medium,3,GAStech|Government|Sten Sanjorge|Abila|Tethys,Abila|Tethys,1,News Desk,818,News Desk,"ABILA, Kronos - a long stretched day of contrary is reports and finish confused information. What we for certain know is that 14 employees GAStech not only missing are confirmed, but kidnapped such as","ABILA, Kronos - a long stretched day of contrary is reports and finish confused information. What we for certain know is that 14 employees GAStech not only missing are confirmed, but kidnapped such as",narrative_line_4_绑架导火索线.csv,auto_clustered
TL-828,2014-01-20,day,VOICES - a blog approximately that what is important to people,timeline,1,商业利益线,medium,3,GAStech|Tethys,Tethys,1,Centrum Sentinel,828,Centrum Sentinel,1356 - The means that the taken ones has marked GAStech-Tethys have confirmed a sure number of employs missing of GAStech.,1356 - The means that the taken ones has marked GAStech-Tethys have confirmed a sure number of employs missing of GAStech.,narrative_line_1_商业利益线.csv,auto_clustered
TL-828,2014-01-20,day,VOICES - a blog approximately that what is important to people,timeline,4,绑架导火索线,medium,3,GAStech|Tethys,Tethys,1,Centrum Sentinel,828,Centrum Sentinel,1356 - The means that the taken ones has marked GAStech-Tethys have confirmed a sure number of employs missing of GAStech.,1356 - The means that the taken ones has marked GAStech-Tethys have confirmed a sure number of employs missing of GAStech.,narrative_line_4_绑架导火索线.csv,auto_clustered
TL-834,2014-01-20,day,ON THE SCENE BLOG,timeline,1,商业利益线,medium,3,GAStech|Government|Sten Sanjorge|Abila,Abila,1,The Abila Post,834,The Abila Post,930 20 January 2014 - This is Haneson Ngohebo here at the GAStech - Kronos headquarters live blogging the annual GAStech International meeting. At roughly 1000 the morning meeting will end and CEO Ste,930 20 January 2014 - This is Haneson Ngohebo here at the GAStech - Kronos headquarters live blogging the annual GAStech International meeting. At roughly 1000 the morning meeting will end and CEO Ste,narrative_line_1_商业利益线.csv,auto_clustered
TL-834,2014-01-20,day,ON THE SCENE BLOG,timeline,4,绑架导火索线,medium,3,GAStech|Government|Sten Sanjorge|Abila,Abila,1,The Abila Post,834,The Abila Post,930 20 January 2014 - This is Haneson Ngohebo here at the GAStech - Kronos headquarters live blogging the annual GAStech International meeting. At roughly 1000 the morning meeting will end and CEO Ste,930 20 January 2014 - This is Haneson Ngohebo here at the GAStech - Kronos headquarters live blogging the annual GAStech International meeting. At roughly 1000 the morning meeting will end and CEO Ste,narrative_line_4_绑架导火索线.csv,auto_clustered
TL-838,2014-01-20,day,To break off itself: The emergency to GAStech quarters the construction [updates],timeline,1,商业利益线,medium,3,GAStech|POK|Government,,1,Tethys News,838,Tethys News,"Update, 5:30 PM: We have several relationships from employs of GAStech that confirm a kidnapping have happened, but currently not are the information on who. The unofficial relationships from the poli","Update, 5:30 PM: We have several relationships from employs of GAStech that confirm a kidnapping have happened, but currently not are the information on who. The unofficial relationships from the poli",narrative_line_1_商业利益线.csv,auto_clustered
TL-838,2014-01-20,day,To break off itself: The emergency to GAStech quarters the construction [updates],timeline,3,组织对抗线,medium,3,GAStech|POK|Government,,1,Tethys News,838,Tethys News,"Update, 5:30 PM: We have several relationships from employs of GAStech that confirm a kidnapping have happened, but currently not are the information on who. The unofficial relationships from the poli","Update, 5:30 PM: We have several relationships from employs of GAStech that confirm a kidnapping have happened, but currently not are the information on who. The unofficial relationships from the poli",narrative_line_3_组织对抗线.csv,auto_clustered
TL-838,2014-01-20,day,To break off itself: The emergency to GAStech quarters the construction [updates],timeline,4,绑架导火索线,medium,3,GAStech|POK|Government,,1,Tethys News,838,Tethys News,"Update, 5:30 PM: We have several relationships from employs of GAStech that confirm a kidnapping have happened, but currently not are the information on who. The unofficial relationships from the poli","Update, 5:30 PM: We have several relationships from employs of GAStech that confirm a kidnapping have happened, but currently not are the information on who. The unofficial relationships from the poli",narrative_line_4_绑架导火索线.csv,auto_clustered
TL-85,2014-01-20,day,Breaking: Emergency at GAStech Headquarters Building [Updates],timeline,4,绑架导火索线,medium,3,GAStech,,1,Kronos Star,85,Kronos Star,"Update, 7:40 PM: Carman informed the press that police do not believe the missing people have left the island of Kronos.","Update, 7:40 PM: Carman informed the press that police do not believe the missing people have left the island of Kronos.",narrative_line_4_绑架导火索线.csv,auto_clustered
TL-87,2014-01-20,day,VOICES - a blog about what is important to the people,timeline,1,商业利益线,medium,3,GAStech,,1,Homeland Illumination,87,Homeland Illumination,1837 - There are unconfirmed reports that the GAStech employees were kidnapped. Media outlets are speculating that their newfound wealth might provide a motive. Perhaps someone should locate the cater,1837 - There are unconfirmed reports that the GAStech employees were kidnapped. Media outlets are speculating that their newfound wealth might provide a motive. Perhaps someone should locate the cater,narrative_line_1_商业利益线.csv,auto_clustered
TL-87,2014-01-20,day,VOICES - a blog about what is important to the people,timeline,4,绑架导火索线,medium,3,GAStech,,1,Homeland Illumination,87,Homeland Illumination,1837 - There are unconfirmed reports that the GAStech employees were kidnapped. Media outlets are speculating that their newfound wealth might provide a motive. Perhaps someone should locate the cater,1837 - There are unconfirmed reports that the GAStech employees were kidnapped. Media outlets are speculating that their newfound wealth might provide a motive. Perhaps someone should locate the cater,narrative_line_4_绑架导火索线.csv,auto_clustered
TL-9,2014-01-20,day,Breaking: Emergency at GAStech Headquarters Building [Updates],timeline,1,商业利益线,medium,3,GAStech,,1,Kronos Star,9,Kronos Star,"Update 1:00 PM: Police have come and gone from the GAStech building, but up to this point no GAStech employees have left the building. We still have no official word on why the police are present.","Update 1:00 PM: Police have come and gone from the GAStech building, but up to this point no GAStech employees have left the building. We still have no official word on why the police are present.",narrative_line_1_商业利益线.csv,auto_clustered
TL-94,2014-01-20,day,VOICES - a blog about what is important to the people,timeline,1,商业利益线,medium,3,GAStech|Abila,Abila,1,Homeland Illumination,94,Homeland Illumination,1744 - Media reports are coming in that a number of GAStech employees were kidnapped. The identity of the passengers on the mystery jet that departed earlier today from the Abila Airport remains unkno,1744 - Media reports are coming in that a number of GAStech employees were kidnapped. The identity of the passengers on the mystery jet that departed earlier today from the Abila Airport remains unkno,narrative_line_1_商业利益线.csv,auto_clustered
TL-94,2014-01-20,day,VOICES - a blog about what is important to the people,timeline,4,绑架导火索线,medium,3,GAStech|Abila,Abila,1,Homeland Illumination,94,Homeland Illumination,1744 - Media reports are coming in that a number of GAStech employees were kidnapped. The identity of the passengers on the mystery jet that departed earlier today from the Abila Airport remains unkno,1744 - Media reports are coming in that a number of GAStech employees were kidnapped. The identity of the passengers on the mystery jet that departed earlier today from the Abila Airport remains unkno,narrative_line_4_绑架导火索线.csv,auto_clustered
EVT-0174,2014-01-21,day,ON SCENE BLOG,cross_source_story,1,商业利益线,medium,3,GAStech|Tethys|Abila|POK|Sten Sanjorge|Government|Centrum,Tethys|Abila|Centrum,2,Modern Rubicon; The Abila Post,106;159;218;250;261;30;654;727,Modern Rubicon,934 - the police of Abila has indicated that the application of law and the civil employees of government from Tethys are working with. The number of the missing has been modified fourteen to ten. The,934 - the police of Abila has indicated that the application of law and the civil employees of government from Tethys are working with. The number of the missing has been modified fourteen to ten. The,narrative_line_1_商业利益线.csv,auto_clustered
EVT-0174,2014-01-21,day,ON SCENE BLOG,cross_source_story,4,绑架导火索线,medium,3,GAStech|Tethys|Abila|POK|Sten Sanjorge|Government|Centrum,Tethys|Abila|Centrum,2,Modern Rubicon; The Abila Post,106;159;218;250;261;30;654;727,Modern Rubicon,934 - the police of Abila has indicated that the application of law and the civil employees of government from Tethys are working with. The number of the missing has been modified fourteen to ten. The,934 - the police of Abila has indicated that the application of law and the civil employees of government from Tethys are working with. The number of the missing has been modified fourteen to ten. The,narrative_line_4_绑架导火索线.csv,auto_clustered
EVT-0176,2014-01-21,day,GAStech's Sanjorge Escapes Kidnapping at GAStech HQ,cross_source_story,1,商业利益线,medium,3,GAStech|Tethys|Sten Sanjorge|Abila|POK|APA|Centrum|Government,Tethys|Abila|Centrum|Elodis,11,Everyday News; International News; International Times; Kronos Star; News Online Today; The Continent; The Guide; The Light of Truth; The Truth; World Journal; World Source,167;245;344;396;460;463;481;598;62;689;787;822,Kronos Star,"According to a press conference held at GAStech headquarters in Centrum, Tethys this morning, GAStech's President and CEO, Sten Sanjorge Jr. returned safely to Tethys after a reported kidnapping event","According to a press conference held at GAStech headquarters in Centrum, Tethys this morning, GAStech's President and CEO, Sten Sanjorge Jr. returned safely to Tethys after a reported kidnapping event",narrative_line_1_商业利益线.csv,auto_clustered
EVT-0176,2014-01-21,day,GAStech's Sanjorge Escapes Kidnapping at GAStech HQ,cross_source_story,4,绑架导火索线,medium,3,GAStech|Tethys|Sten Sanjorge|Abila|POK|APA|Centrum|Government,Tethys|Abila|Centrum|Elodis,11,Everyday News; International News; International Times; Kronos Star; News Online Today; The Continent; The Guide; The Light of Truth; The Truth; World Journal; World Source,167;245;344;396;460;463;481;598;62;689;787;822,Kronos Star,"According to a press conference held at GAStech headquarters in Centrum, Tethys this morning, GAStech's President and CEO, Sten Sanjorge Jr. returned safely to Tethys after a reported kidnapping event","According to a press conference held at GAStech headquarters in Centrum, Tethys this morning, GAStech's President and CEO, Sten Sanjorge Jr. returned safely to Tethys after a reported kidnapping event",narrative_line_4_绑架导火索线.csv,auto_clustered
EVT-0177,2014-01-21,day,DEMANDS OF THE RESCUE DONE IN THE KIDNAPPING OF GASTECH,cross_source_story,1,商业利益线,medium,3,GAStech|POK|Sten Sanjorge|Abila|Government|Elodis|Tethys,Abila|Elodis|Tethys,7,News Online Today; The General Post; The Guide; The Truth; The Tulip; The World; Who What News,178;219;310;372;536;599;824,The General Post,"The protectors of Kronos not only have taken the responsibility from the kidnapping of the international employees of GAStech, but also they have made a demand of the rescue of $20M of the president a","The protectors of Kronos not only have taken the responsibility from the kidnapping of the international employees of GAStech, but also they have made a demand of the rescue of $20M of the president a",narrative_line_1_商业利益线.csv,auto_clustered
EVT-0177,2014-01-21,day,DEMANDS OF THE RESCUE DONE IN THE KIDNAPPING OF GASTECH,cross_source_story,3,组织对抗线,medium,3,GAStech|POK|Sten Sanjorge|Abila|Government|Elodis|Tethys,Abila|Elodis|Tethys,7,News Online Today; The General Post; The Guide; The Truth; The Tulip; The World; Who What News,178;219;310;372;536;599;824,The General Post,"The protectors of Kronos not only have taken the responsibility from the kidnapping of the international employees of GAStech, but also they have made a demand of the rescue of $20M of the president a","The protectors of Kronos not only have taken the responsibility from the kidnapping of the international employees of GAStech, but also they have made a demand of the rescue of $20M of the president a",narrative_line_3_组织对抗线.csv,auto_clustered
EVT-0177,2014-01-21,day,DEMANDS OF THE RESCUE DONE IN THE KIDNAPPING OF GASTECH,cross_source_story,4,绑架导火索线,medium,3,GAStech|POK|Sten Sanjorge|Abila|Government|Elodis|Tethys,Abila|Elodis|Tethys,7,News Online Today; The General Post; The Guide; The Truth; The Tulip; The World; Who What News,178;219;310;372;536;599;824,The General Post,"The protectors of Kronos not only have taken the responsibility from the kidnapping of the international employees of GAStech, but also they have made a demand of the rescue of $20M of the president a","The protectors of Kronos not only have taken the responsibility from the kidnapping of the international employees of GAStech, but also they have made a demand of the rescue of $20M of the president a",narrative_line_4_绑架导火索线.csv,auto_clustered
EVT-0178,2014-01-21,day,Conference of news of catch of police force on the kidnapping of GAStech,cross_source_story,1,商业利益线,medium,3,GAStech|Abila|POK|Government|Sten Sanjorge|President Kapelou|Tethys|Centrum,Abila|Tethys|Centrum,1,Worldwise,274;752,Worldwise,The police force of Abila held a press conference to nine this morning on the registered offices of removal of GAStech. To maintain to the order the journalists with the current that four of the emplo,The police force of Abila held a press conference to nine this morning on the registered offices of removal of GAStech. To maintain to the order the journalists with the current that four of the emplo,narrative_line_1_商业利益线.csv,auto_clustered
EVT-0178,2014-01-21,day,Conference of news of catch of police force on the kidnapping of GAStech,cross_source_story,3,组织对抗线,medium,3,GAStech|Abila|POK|Government|Sten Sanjorge|President Kapelou|Tethys|Centrum,Abila|Tethys|Centrum,1,Worldwise,274;752,Worldwise,The police force of Abila held a press conference to nine this morning on the registered offices of removal of GAStech. To maintain to the order the journalists with the current that four of the emplo,The police force of Abila held a press conference to nine this morning on the registered offices of removal of GAStech. To maintain to the order the journalists with the current that four of the emplo,narrative_line_3_组织对抗线.csv,auto_clustered
EVT-0178,2014-01-21,day,Conference of news of catch of police force on the kidnapping of GAStech,cross_source_story,4,绑架导火索线,medium,3,GAStech|Abila|POK|Government|Sten Sanjorge|President Kapelou|Tethys|Centrum,Abila|Tethys|Centrum,1,Worldwise,274;752,Worldwise,The police force of Abila held a press conference to nine this morning on the registered offices of removal of GAStech. To maintain to the order the journalists with the current that four of the emplo,The police force of Abila held a press conference to nine this morning on the registered offices of removal of GAStech. To maintain to the order the journalists with the current that four of the emplo,narrative_line_4_绑架导火索线.csv,auto_clustered
EVT-0179,2014-01-21,day,Police Hold News Conference on GAStech Kidnapping,cross_source_story,1,商业利益线,medium,3,GAStech|Abila|POK,Abila,3,International News; Kronos Star; News Online Today,276;676;693,Kronos Star,The Abila police held a press conference at nine this morning on the kidnapping GAStech headquarters. Police informed reporters that four of the GAStech employees whose whereabouts were unconfirmed ye,The Abila police held a press conference at nine this morning on the kidnapping GAStech headquarters. Police informed reporters that four of the GAStech employees whose whereabouts were unconfirmed ye,narrative_line_1_商业利益线.csv,auto_clustered
EVT-0179,2014-01-21,day,Police Hold News Conference on GAStech Kidnapping,cross_source_story,3,组织对抗线,medium,3,GAStech|Abila|POK,Abila,3,International News; Kronos Star; News Online Today,276;676;693,Kronos Star,The Abila police held a press conference at nine this morning on the kidnapping GAStech headquarters. Police informed reporters that four of the GAStech employees whose whereabouts were unconfirmed ye,The Abila police held a press conference at nine this morning on the kidnapping GAStech headquarters. Police informed reporters that four of the GAStech employees whose whereabouts were unconfirmed ye,narrative_line_3_组织对抗线.csv,auto_clustered
EVT-0179,2014-01-21,day,Police Hold News Conference on GAStech Kidnapping,cross_source_story,4,绑架导火索线,medium,3,GAStech|Abila|POK,Abila,3,International News; Kronos Star; News Online Today,276;676;693,Kronos Star,The Abila police held a press conference at nine this morning on the kidnapping GAStech headquarters. Police informed reporters that four of the GAStech employees whose whereabouts were unconfirmed ye,The Abila police held a press conference at nine this morning on the kidnapping GAStech headquarters. Police informed reporters that four of the GAStech employees whose whereabouts were unconfirmed ye,narrative_line_4_绑架导火索线.csv,auto_clustered
TL-142,2014-01-21,day,VOICES - a blog on what is important to people,timeline,1,商业利益线,medium,3,GAStech|Abila|Tethys,Abila|Tethys,1,Centrum Sentinel,142,Centrum Sentinel,0715 - Welcome to continuous news of the disappearing of several employs of GAStech. That what is known: The police has announced that fourteen employsof GAStech are disappeared yesterday morning. The,0715 - Welcome to continuous news of the disappearing of several employs of GAStech. That what is known: The police has announced that fourteen employsof GAStech are disappeared yesterday morning. The,narrative_line_1_商业利益线.csv,auto_clustered
TL-142,2014-01-21,day,VOICES - a blog on what is important to people,timeline,4,绑架导火索线,medium,3,GAStech|Abila|Tethys,Abila|Tethys,1,Centrum Sentinel,142,Centrum Sentinel,0715 - Welcome to continuous news of the disappearing of several employs of GAStech. That what is known: The police has announced that fourteen employsof GAStech are disappeared yesterday morning. The,0715 - Welcome to continuous news of the disappearing of several employs of GAStech. That what is known: The police has announced that fourteen employsof GAStech are disappeared yesterday morning. The,narrative_line_4_绑架导火索线.csv,auto_clustered
TL-159,2014-01-21,day,ON SCENE BLOG,timeline,4,绑架导火索线,medium,3,GAStech|Sten Sanjorge|Tethys,Tethys,1,Modern Rubicon,159,Modern Rubicon,"1013 - the CEO Sten Sanjorge, Jr. it is not missing. He is in the centers of Tethys of the GAStech in the center understood them. The names of the missing have still not been shared.","1013 - the CEO Sten Sanjorge, Jr. it is not missing. He is in the centers of Tethys of the GAStech in the center understood them. The names of the missing have still not been shared.",narrative_line_4_绑架导火索线.csv,auto_clustered
TL-167,2014-01-21,day,GASTech Employees Kidnapped in Kronos,timeline,1,商业利益线,medium,3,GAStech|POK|APA|Sten Sanjorge|Abila|Tethys,Abila|Tethys,1,International Times,167,International Times,"Fourteen employees feared kidnapped in Kronos by a radical environmental terrorist group during a corporate gathering. Fourteen employees, including possibly five executive officers, are feared kidnap","Fourteen employees feared kidnapped in Kronos by a radical environmental terrorist group during a corporate gathering. Fourteen employees, including possibly five executive officers, are feared kidnap",narrative_line_1_商业利益线.csv,auto_clustered
TL-167,2014-01-21,day,GASTech Employees Kidnapped in Kronos,timeline,2,环境冲突线,medium,3,GAStech|POK|APA|Sten Sanjorge|Abila|Tethys,Abila|Tethys,1,International Times,167,International Times,"Fourteen employees feared kidnapped in Kronos by a radical environmental terrorist group during a corporate gathering. Fourteen employees, including possibly five executive officers, are feared kidnap","Fourteen employees feared kidnapped in Kronos by a radical environmental terrorist group during a corporate gathering. Fourteen employees, including possibly five executive officers, are feared kidnap",narrative_line_2_环境冲突线.csv,auto_clustered
TL-167,2014-01-21,day,GASTech Employees Kidnapped in Kronos,timeline,3,组织对抗线,medium,3,GAStech|POK|APA|Sten Sanjorge|Abila|Tethys,Abila|Tethys,1,International Times,167,International Times,"Fourteen employees feared kidnapped in Kronos by a radical environmental terrorist group during a corporate gathering. Fourteen employees, including possibly five executive officers, are feared kidnap","Fourteen employees feared kidnapped in Kronos by a radical environmental terrorist group during a corporate gathering. Fourteen employees, including possibly five executive officers, are feared kidnap",narrative_line_3_组织对抗线.csv,auto_clustered
TL-167,2014-01-21,day,GASTech Employees Kidnapped in Kronos,timeline,4,绑架导火索线,medium,3,GAStech|POK|APA|Sten Sanjorge|Abila|Tethys,Abila|Tethys,1,International Times,167,International Times,"Fourteen employees feared kidnapped in Kronos by a radical environmental terrorist group during a corporate gathering. Fourteen employees, including possibly five executive officers, are feared kidnap","Fourteen employees feared kidnapped in Kronos by a radical environmental terrorist group during a corporate gathering. Fourteen employees, including possibly five executive officers, are feared kidnap",narrative_line_4_绑架导火索线.csv,auto_clustered
TL-178,2014-01-21,day,THE REQUIREMENTS OF THE RANSOM WHICH ARE MADE IN REMOVAL GASTECH,timeline,1,商业利益线,medium,3,GAStech|Government|Sten Sanjorge|Elodis|Abila|Tethys,Elodis|Abila|Tethys,1,The Tulip,178,The Tulip,"The guards of Kronos have not only also the taken responsibility for the removal of international employees GAStech, but the ransom question of $20M of the President and CEO Sten Sanjorge, Jr. made. R","The guards of Kronos have not only also the taken responsibility for the removal of international employees GAStech, but the ransom question of $20M of the President and CEO Sten Sanjorge, Jr. made. R",narrative_line_1_商业利益线.csv,auto_clustered
TL-178,2014-01-21,day,THE REQUIREMENTS OF THE RANSOM WHICH ARE MADE IN REMOVAL GASTECH,timeline,3,组织对抗线,medium,3,GAStech|Government|Sten Sanjorge|Elodis|Abila|Tethys,Elodis|Abila|Tethys,1,The Tulip,178,The Tulip,"The guards of Kronos have not only also the taken responsibility for the removal of international employees GAStech, but the ransom question of $20M of the President and CEO Sten Sanjorge, Jr. made. R","The guards of Kronos have not only also the taken responsibility for the removal of international employees GAStech, but the ransom question of $20M of the President and CEO Sten Sanjorge, Jr. made. R",narrative_line_3_组织对抗线.csv,auto_clustered
TL-218,2014-01-21,day,ON THE SCENE BLOG,timeline,4,绑架导火索线,medium,3,GAStech|Abila,Abila,1,The Abila Post,218,The Abila Post,850 UPDATE 21 January 2014 - DAY TWO of the GAStech Incident - We are awaiting the Abila Police Department news conference scheduled for 9:00.,850 UPDATE 21 January 2014 - DAY TWO of the GAStech Incident - We are awaiting the Abila Police Department news conference scheduled for 9:00.,narrative_line_4_绑架导火索线.csv,auto_clustered
TL-219,2014-01-21,day,RANSOM DEMANDS MADE IN GASTECH KIDNAPPING,timeline,1,商业利益线,medium,3,GAStech|POK|Sten Sanjorge,,1,News Online Today,219,News Online Today,"The Protectors of Kronos have not only taken responsibility for the kidnapping of GAStech International employees, but have also made a ransom demand of $20M from the President and CEO Sten Sanjorge, ","The Protectors of Kronos have not only taken responsibility for the kidnapping of GAStech International employees, but have also made a ransom demand of $20M from the President and CEO Sten Sanjorge, ",narrative_line_1_商业利益线.csv,auto_clustered
TL-219,2014-01-21,day,RANSOM DEMANDS MADE IN GASTECH KIDNAPPING,timeline,3,组织对抗线,medium,3,GAStech|POK|Sten Sanjorge,,1,News Online Today,219,News Online Today,"The Protectors of Kronos have not only taken responsibility for the kidnapping of GAStech International employees, but have also made a ransom demand of $20M from the President and CEO Sten Sanjorge, ","The Protectors of Kronos have not only taken responsibility for the kidnapping of GAStech International employees, but have also made a ransom demand of $20M from the President and CEO Sten Sanjorge, ",narrative_line_3_组织对抗线.csv,auto_clustered
TL-219,2014-01-21,day,RANSOM DEMANDS MADE IN GASTECH KIDNAPPING,timeline,4,绑架导火索线,medium,3,GAStech|POK|Sten Sanjorge,,1,News Online Today,219,News Online Today,"The Protectors of Kronos have not only taken responsibility for the kidnapping of GAStech International employees, but have also made a ransom demand of $20M from the President and CEO Sten Sanjorge, ","The Protectors of Kronos have not only taken responsibility for the kidnapping of GAStech International employees, but have also made a ransom demand of $20M from the President and CEO Sten Sanjorge, ",narrative_line_4_绑架导火索线.csv,auto_clustered
TL-245,2014-01-21,day,The employees of GASTech who are kidnapped in Kronos,timeline,1,商业利益线,medium,3,GAStech|POK|APA|Sten Sanjorge|Abila|Tethys,Abila|Tethys,1,The Continent,245,The Continent,"Fourteen employees feared kidnapped in Kronos by a radical environment terrorist group during itself collective collecting. Fourteen employees, among which executive civil servants perhaps five, feare","Fourteen employees feared kidnapped in Kronos by a radical environment terrorist group during itself collective collecting. Fourteen employees, among which executive civil servants perhaps five, feare",narrative_line_1_商业利益线.csv,auto_clustered
TL-245,2014-01-21,day,The employees of GASTech who are kidnapped in Kronos,timeline,2,环境冲突线,medium,3,GAStech|POK|APA|Sten Sanjorge|Abila|Tethys,Abila|Tethys,1,The Continent,245,The Continent,"Fourteen employees feared kidnapped in Kronos by a radical environment terrorist group during itself collective collecting. Fourteen employees, among which executive civil servants perhaps five, feare","Fourteen employees feared kidnapped in Kronos by a radical environment terrorist group during itself collective collecting. Fourteen employees, among which executive civil servants perhaps five, feare",narrative_line_2_环境冲突线.csv,auto_clustered
TL-245,2014-01-21,day,The employees of GASTech who are kidnapped in Kronos,timeline,3,组织对抗线,medium,3,GAStech|POK|APA|Sten Sanjorge|Abila|Tethys,Abila|Tethys,1,The Continent,245,The Continent,"Fourteen employees feared kidnapped in Kronos by a radical environment terrorist group during itself collective collecting. Fourteen employees, among which executive civil servants perhaps five, feare","Fourteen employees feared kidnapped in Kronos by a radical environment terrorist group during itself collective collecting. Fourteen employees, among which executive civil servants perhaps five, feare",narrative_line_3_组织对抗线.csv,auto_clustered
TL-245,2014-01-21,day,The employees of GASTech who are kidnapped in Kronos,timeline,4,绑架导火索线,medium,3,GAStech|POK|APA|Sten Sanjorge|Abila|Tethys,Abila|Tethys,1,The Continent,245,The Continent,"Fourteen employees feared kidnapped in Kronos by a radical environment terrorist group during itself collective collecting. Fourteen employees, among which executive civil servants perhaps five, feare","Fourteen employees feared kidnapped in Kronos by a radical environment terrorist group during itself collective collecting. Fourteen employees, among which executive civil servants perhaps five, feare",narrative_line_4_绑架导火索线.csv,auto_clustered
TL-250,2014-01-21,day,ON THE SCENE BLOG,timeline,1,商业利益线,medium,3,GAStech|Government|Abila|Tethys,Abila|Tethys,1,The Abila Post,250,The Abila Post,934 UPDATE - Abila Police indicated that they are working with law enforcement and government officials from Tethys. The number of the missing has been revised from fourteen to ten. The names of the m,934 UPDATE - Abila Police indicated that they are working with law enforcement and government officials from Tethys. The number of the missing has been revised from fourteen to ten. The names of the m,narrative_line_1_商业利益线.csv,auto_clustered
TL-250,2014-01-21,day,ON THE SCENE BLOG,timeline,4,绑架导火索线,medium,3,GAStech|Government|Abila|Tethys,Abila|Tethys,1,The Abila Post,250,The Abila Post,934 UPDATE - Abila Police indicated that they are working with law enforcement and government officials from Tethys. The number of the missing has been revised from fourteen to ten. The names of the m,934 UPDATE - Abila Police indicated that they are working with law enforcement and government officials from Tethys. The number of the missing has been revised from fourteen to ten. The names of the m,narrative_line_4_绑架导火索线.csv,auto_clustered
TL-261,2014-01-21,day,ON THE SCENE BLOG,timeline,1,商业利益线,medium,3,GAStech|POK,,1,The Abila Post,261,The Abila Post,1245 UPDATE - RANSOM DEMANDS FROM POK - The Protectors of Kronos have released a statement claiming responsibility for the kidnapping of GAStech employees demanding a $20 million ransom.,1245 UPDATE - RANSOM DEMANDS FROM POK - The Protectors of Kronos have released a statement claiming responsibility for the kidnapping of GAStech employees demanding a $20 million ransom.,narrative_line_1_商业利益线.csv,auto_clustered
TL-261,2014-01-21,day,ON THE SCENE BLOG,timeline,3,组织对抗线,medium,3,GAStech|POK,,1,The Abila Post,261,The Abila Post,1245 UPDATE - RANSOM DEMANDS FROM POK - The Protectors of Kronos have released a statement claiming responsibility for the kidnapping of GAStech employees demanding a $20 million ransom.,1245 UPDATE - RANSOM DEMANDS FROM POK - The Protectors of Kronos have released a statement claiming responsibility for the kidnapping of GAStech employees demanding a $20 million ransom.,narrative_line_3_组织对抗线.csv,auto_clustered
TL-261,2014-01-21,day,ON THE SCENE BLOG,timeline,4,绑架导火索线,medium,3,GAStech|POK,,1,The Abila Post,261,The Abila Post,1245 UPDATE - RANSOM DEMANDS FROM POK - The Protectors of Kronos have released a statement claiming responsibility for the kidnapping of GAStech employees demanding a $20 million ransom.,1245 UPDATE - RANSOM DEMANDS FROM POK - The Protectors of Kronos have released a statement claiming responsibility for the kidnapping of GAStech employees demanding a $20 million ransom.,narrative_line_4_绑架导火索线.csv,auto_clustered
TL-274,2014-01-21,day,Conference of news of catch of police force on the kidnapping of GAStech,timeline,1,商业利益线,medium,3,GAStech|POK|Abila,Abila,1,Worldwise,274,Worldwise,The police force of Abila held a press conference to nine this morning on the registered offices of removal of GAStech. To maintain to the order the journalists with the current that four of the emplo,The police force of Abila held a press conference to nine this morning on the registered offices of removal of GAStech. To maintain to the order the journalists with the current that four of the emplo,narrative_line_1_商业利益线.csv,auto_clustered
TL-274,2014-01-21,day,Conference of news of catch of police force on the kidnapping of GAStech,timeline,3,组织对抗线,medium,3,GAStech|POK|Abila,Abila,1,Worldwise,274,Worldwise,The police force of Abila held a press conference to nine this morning on the registered offices of removal of GAStech. To maintain to the order the journalists with the current that four of the emplo,The police force of Abila held a press conference to nine this morning on the registered offices of removal of GAStech. To maintain to the order the journalists with the current that four of the emplo,narrative_line_3_组织对抗线.csv,auto_clustered
TL-274,2014-01-21,day,Conference of news of catch of police force on the kidnapping of GAStech,timeline,4,绑架导火索线,medium,3,GAStech|POK|Abila,Abila,1,Worldwise,274,Worldwise,The police force of Abila held a press conference to nine this morning on the registered offices of removal of GAStech. To maintain to the order the journalists with the current that four of the emplo,The police force of Abila held a press conference to nine this morning on the registered offices of removal of GAStech. To maintain to the order the journalists with the current that four of the emplo,narrative_line_4_绑架导火索线.csv,auto_clustered
TL-276,2014-01-21,day,Police Hold News Conference on GAStech Kidnapping,timeline,1,商业利益线,medium,3,GAStech|POK|Abila,Abila,1,International News,276,International News,The Abila police held a press conference at nine this morning on the kidnapping GAStech headquarters. Police informed reporters that four of the GAStech employees whose whereabouts were unconfirmed ye,The Abila police held a press conference at nine this morning on the kidnapping GAStech headquarters. Police informed reporters that four of the GAStech employees whose whereabouts were unconfirmed ye,narrative_line_1_商业利益线.csv,auto_clustered
TL-276,2014-01-21,day,Police Hold News Conference on GAStech Kidnapping,timeline,3,组织对抗线,medium,3,GAStech|POK|Abila,Abila,1,International News,276,International News,The Abila police held a press conference at nine this morning on the kidnapping GAStech headquarters. Police informed reporters that four of the GAStech employees whose whereabouts were unconfirmed ye,The Abila police held a press conference at nine this morning on the kidnapping GAStech headquarters. Police informed reporters that four of the GAStech employees whose whereabouts were unconfirmed ye,narrative_line_3_组织对抗线.csv,auto_clustered
TL-276,2014-01-21,day,Police Hold News Conference on GAStech Kidnapping,timeline,4,绑架导火索线,medium,3,GAStech|POK|Abila,Abila,1,International News,276,International News,The Abila police held a press conference at nine this morning on the kidnapping GAStech headquarters. Police informed reporters that four of the GAStech employees whose whereabouts were unconfirmed ye,The Abila police held a press conference at nine this morning on the kidnapping GAStech headquarters. Police informed reporters that four of the GAStech employees whose whereabouts were unconfirmed ye,narrative_line_4_绑架导火索线.csv,auto_clustered
TL-30,2014-01-21,day,ON SCENE BLOG,timeline,4,绑架导火索线,medium,3,GAStech|Abila,Abila,1,Modern Rubicon,30,Modern Rubicon,850 21 January 2014 - DAY TWO of the event of GAStech - we are attending the news conference of unit of the police of Abila previewed for the 9:00.,850 21 January 2014 - DAY TWO of the event of GAStech - we are attending the news conference of unit of the police of Abila previewed for the 9:00.,narrative_line_4_绑架导火索线.csv,auto_clustered
TL-310,2014-01-21,day,RANSOM DEMANDS MADE IN GASTECH KIDNAPPING,timeline,1,商业利益线,medium,3,GAStech|POK|Government|Sten Sanjorge|Elodis|Abila,Elodis|Abila,1,Who What News,310,Who What News,"The Protectors of Kronos have not only taken responsibility for the kidnapping of GAStech International employees, but have also made a ransom demand of $20M from the President and CEO Sten Sanjorge, ","The Protectors of Kronos have not only taken responsibility for the kidnapping of GAStech International employees, but have also made a ransom demand of $20M from the President and CEO Sten Sanjorge, ",narrative_line_1_商业利益线.csv,auto_clustered
TL-310,2014-01-21,day,RANSOM DEMANDS MADE IN GASTECH KIDNAPPING,timeline,3,组织对抗线,medium,3,GAStech|POK|Government|Sten Sanjorge|Elodis|Abila,Elodis|Abila,1,Who What News,310,Who What News,"The Protectors of Kronos have not only taken responsibility for the kidnapping of GAStech International employees, but have also made a ransom demand of $20M from the President and CEO Sten Sanjorge, ","The Protectors of Kronos have not only taken responsibility for the kidnapping of GAStech International employees, but have also made a ransom demand of $20M from the President and CEO Sten Sanjorge, ",narrative_line_3_组织对抗线.csv,auto_clustered
TL-310,2014-01-21,day,RANSOM DEMANDS MADE IN GASTECH KIDNAPPING,timeline,4,绑架导火索线,medium,3,GAStech|POK|Government|Sten Sanjorge|Elodis|Abila,Elodis|Abila,1,Who What News,310,Who What News,"The Protectors of Kronos have not only taken responsibility for the kidnapping of GAStech International employees, but have also made a ransom demand of $20M from the President and CEO Sten Sanjorge, ","The Protectors of Kronos have not only taken responsibility for the kidnapping of GAStech International employees, but have also made a ransom demand of $20M from the President and CEO Sten Sanjorge, ",narrative_line_4_绑架导火索线.csv,auto_clustered
TL-344,2014-01-21,day,GAStech's Sanjorge Escapes Kidnapping at GAStech HQ,timeline,4,绑架导火索线,medium,3,GAStech|Sten Sanjorge|Tethys|Centrum,Tethys|Centrum,1,News Online Today,344,News Online Today,"According to a press conference held at GAStech headquarters in Centrum, Tethys this morning, GAStech's President and CEO, Sten Sanjorge Jr. Sanjorge, who had been attending a corporate meeting, was i","According to a press conference held at GAStech headquarters in Centrum, Tethys this morning, GAStech's President and CEO, Sten Sanjorge Jr. Sanjorge, who had been attending a corporate meeting, was i",narrative_line_4_绑架导火索线.csv,auto_clustered
TL-372,2014-01-21,day,Conference of the news of the grasping of the police on the kidnapping of GAStech,timeline,1,商业利益线,medium,3,GAStech|POK|Abila,Abila,1,The Guide,372,The Guide,The police of Abila carried out a press conference at nine this morning in the headquarters of GAStech of the kidnapping. To clean to informed reporters who four of the employees of GAStech found that,The police of Abila carried out a press conference at nine this morning in the headquarters of GAStech of the kidnapping. To clean to informed reporters who four of the employees of GAStech found that,narrative_line_1_商业利益线.csv,auto_clustered
TL-372,2014-01-21,day,Conference of the news of the grasping of the police on the kidnapping of GAStech,timeline,3,组织对抗线,medium,3,GAStech|POK|Abila,Abila,1,The Guide,372,The Guide,The police of Abila carried out a press conference at nine this morning in the headquarters of GAStech of the kidnapping. To clean to informed reporters who four of the employees of GAStech found that,The police of Abila carried out a press conference at nine this morning in the headquarters of GAStech of the kidnapping. To clean to informed reporters who four of the employees of GAStech found that,narrative_line_3_组织对抗线.csv,auto_clustered
TL-372,2014-01-21,day,Conference of the news of the grasping of the police on the kidnapping of GAStech,timeline,4,绑架导火索线,medium,3,GAStech|POK|Abila,Abila,1,The Guide,372,The Guide,The police of Abila carried out a press conference at nine this morning in the headquarters of GAStech of the kidnapping. To clean to informed reporters who four of the employees of GAStech found that,The police of Abila carried out a press conference at nine this morning in the headquarters of GAStech of the kidnapping. To clean to informed reporters who four of the employees of GAStech found that,narrative_line_4_绑架导火索线.csv,auto_clustered
TL-396,2014-01-21,day,Employees of GASTech removed in Kronos,timeline,1,商业利益线,medium,3,GAStech|POK|APA|Sten Sanjorge|Abila|Tethys,Abila|Tethys,1,World Journal,396,World Journal,"Fourteen employees have fears removed in Kronos by a radical environmental group of terrorist during a meeting of corporation. One fears fourteen employees, probably including five executive leaders, ","Fourteen employees have fears removed in Kronos by a radical environmental group of terrorist during a meeting of corporation. One fears fourteen employees, probably including five executive leaders, ",narrative_line_1_商业利益线.csv,auto_clustered
TL-396,2014-01-21,day,Employees of GASTech removed in Kronos,timeline,2,环境冲突线,medium,3,GAStech|POK|APA|Sten Sanjorge|Abila|Tethys,Abila|Tethys,1,World Journal,396,World Journal,"Fourteen employees have fears removed in Kronos by a radical environmental group of terrorist during a meeting of corporation. One fears fourteen employees, probably including five executive leaders, ","Fourteen employees have fears removed in Kronos by a radical environmental group of terrorist during a meeting of corporation. One fears fourteen employees, probably including five executive leaders, ",narrative_line_2_环境冲突线.csv,auto_clustered
TL-396,2014-01-21,day,Employees of GASTech removed in Kronos,timeline,3,组织对抗线,medium,3,GAStech|POK|APA|Sten Sanjorge|Abila|Tethys,Abila|Tethys,1,World Journal,396,World Journal,"Fourteen employees have fears removed in Kronos by a radical environmental group of terrorist during a meeting of corporation. One fears fourteen employees, probably including five executive leaders, ","Fourteen employees have fears removed in Kronos by a radical environmental group of terrorist during a meeting of corporation. One fears fourteen employees, probably including five executive leaders, ",narrative_line_3_组织对抗线.csv,auto_clustered
TL-396,2014-01-21,day,Employees of GASTech removed in Kronos,timeline,4,绑架导火索线,medium,3,GAStech|POK|APA|Sten Sanjorge|Abila|Tethys,Abila|Tethys,1,World Journal,396,World Journal,"Fourteen employees have fears removed in Kronos by a radical environmental group of terrorist during a meeting of corporation. One fears fourteen employees, probably including five executive leaders, ","Fourteen employees have fears removed in Kronos by a radical environmental group of terrorist during a meeting of corporation. One fears fourteen employees, probably including five executive leaders, ",narrative_line_4_绑架导火索线.csv,auto_clustered
TL-418,2014-01-21,day,VOICES - a blog on what is important to people,timeline,1,商业利益线,medium,3,GAStech|Abila,Abila,1,Centrum Sentinel,418,Centrum Sentinel,0911 - To a news conferencesome police of Abila of minutes ago has modified the number of missing employs of GAStech to ten. It is unknown if the police has identified which employs they lack.,0911 - To a news conferencesome police of Abila of minutes ago has modified the number of missing employs of GAStech to ten. It is unknown if the police has identified which employs they lack.,narrative_line_1_商业利益线.csv,auto_clustered
TL-418,2014-01-21,day,VOICES - a blog on what is important to people,timeline,4,绑架导火索线,medium,3,GAStech|Abila,Abila,1,Centrum Sentinel,418,Centrum Sentinel,0911 - To a news conferencesome police of Abila of minutes ago has modified the number of missing employs of GAStech to ten. It is unknown if the police has identified which employs they lack.,0911 - To a news conferencesome police of Abila of minutes ago has modified the number of missing employs of GAStech to ten. It is unknown if the police has identified which employs they lack.,narrative_line_4_绑架导火索线.csv,auto_clustered
TL-460,2014-01-21,day,Kidnapped employees of GASTech in Kronos,timeline,1,商业利益线,medium,3,GAStech|POK|APA|Sten Sanjorge|Abila|Tethys,Abila|Tethys,1,Everyday News,460,Everyday News,"Fourteen employees feared kidnapped in Kronos for radical an environmental group of the terrorist during a corporative meeting. They fear fourteen employees, including possibly to five executive offic","Fourteen employees feared kidnapped in Kronos for radical an environmental group of the terrorist during a corporative meeting. They fear fourteen employees, including possibly to five executive offic",narrative_line_1_商业利益线.csv,auto_clustered
TL-460,2014-01-21,day,Kidnapped employees of GASTech in Kronos,timeline,2,环境冲突线,medium,3,GAStech|POK|APA|Sten Sanjorge|Abila|Tethys,Abila|Tethys,1,Everyday News,460,Everyday News,"Fourteen employees feared kidnapped in Kronos for radical an environmental group of the terrorist during a corporative meeting. They fear fourteen employees, including possibly to five executive offic","Fourteen employees feared kidnapped in Kronos for radical an environmental group of the terrorist during a corporative meeting. They fear fourteen employees, including possibly to five executive offic",narrative_line_2_环境冲突线.csv,auto_clustered
TL-460,2014-01-21,day,Kidnapped employees of GASTech in Kronos,timeline,3,组织对抗线,medium,3,GAStech|POK|APA|Sten Sanjorge|Abila|Tethys,Abila|Tethys,1,Everyday News,460,Everyday News,"Fourteen employees feared kidnapped in Kronos for radical an environmental group of the terrorist during a corporative meeting. They fear fourteen employees, including possibly to five executive offic","Fourteen employees feared kidnapped in Kronos for radical an environmental group of the terrorist during a corporative meeting. They fear fourteen employees, including possibly to five executive offic",narrative_line_3_组织对抗线.csv,auto_clustered
TL-460,2014-01-21,day,Kidnapped employees of GASTech in Kronos,timeline,4,绑架导火索线,medium,3,GAStech|POK|APA|Sten Sanjorge|Abila|Tethys,Abila|Tethys,1,Everyday News,460,Everyday News,"Fourteen employees feared kidnapped in Kronos for radical an environmental group of the terrorist during a corporative meeting. They fear fourteen employees, including possibly to five executive offic","Fourteen employees feared kidnapped in Kronos for radical an environmental group of the terrorist during a corporative meeting. They fear fourteen employees, including possibly to five executive offic",narrative_line_4_绑架导火索线.csv,auto_clustered
TL-463,2014-01-21,day,Sanjorge of GAStech escape which kidnap GAStech at HQ,timeline,1,商业利益线,medium,3,GAStech|Government|Sten Sanjorge|President Kapelou|Abila|Tethys|Centrum,Abila|Tethys|Centrum,1,The Truth,463,The Truth,"According to a press conference which in GAStech headquarters in Centrum, Tethys announced, the President of have GAStech and CEO, Sten Sanjorge Jr. returned to Tethys after communicated kidnapping ev","According to a press conference which in GAStech headquarters in Centrum, Tethys announced, the President of have GAStech and CEO, Sten Sanjorge Jr. returned to Tethys after communicated kidnapping ev",narrative_line_1_商业利益线.csv,auto_clustered
TL-463,2014-01-21,day,Sanjorge of GAStech escape which kidnap GAStech at HQ,timeline,4,绑架导火索线,medium,3,GAStech|Government|Sten Sanjorge|President Kapelou|Abila|Tethys|Centrum,Abila|Tethys|Centrum,1,The Truth,463,The Truth,"According to a press conference which in GAStech headquarters in Centrum, Tethys announced, the President of have GAStech and CEO, Sten Sanjorge Jr. returned to Tethys after communicated kidnapping ev","According to a press conference which in GAStech headquarters in Centrum, Tethys announced, the President of have GAStech and CEO, Sten Sanjorge Jr. returned to Tethys after communicated kidnapping ev",narrative_line_4_绑架导火索线.csv,auto_clustered
TL-481,2014-01-21,day,GAStech's Sanjorge Escapes Kidnapping at GAStech HQ,timeline,1,商业利益线,medium,3,GAStech|Government|Sten Sanjorge|President Kapelou|Abila|Tethys|Centrum,Abila|Tethys|Centrum,1,Kronos Star,481,Kronos Star,"According to a press conference held at GAStech headquarters in Centrum, Tethys this morning, GAStech's President and CEO, Sten Sanjorge Jr. returned safely to Tethys after a reported kidnapping event","According to a press conference held at GAStech headquarters in Centrum, Tethys this morning, GAStech's President and CEO, Sten Sanjorge Jr. returned safely to Tethys after a reported kidnapping event",narrative_line_1_商业利益线.csv,auto_clustered
TL-481,2014-01-21,day,GAStech's Sanjorge Escapes Kidnapping at GAStech HQ,timeline,4,绑架导火索线,medium,3,GAStech|Government|Sten Sanjorge|President Kapelou|Abila|Tethys|Centrum,Abila|Tethys|Centrum,1,Kronos Star,481,Kronos Star,"According to a press conference held at GAStech headquarters in Centrum, Tethys this morning, GAStech's President and CEO, Sten Sanjorge Jr. returned safely to Tethys after a reported kidnapping event","According to a press conference held at GAStech headquarters in Centrum, Tethys this morning, GAStech's President and CEO, Sten Sanjorge Jr. returned safely to Tethys after a reported kidnapping event",narrative_line_4_绑架导火索线.csv,auto_clustered
TL-536,2014-01-21,day,DEMANDS OF THE RESCUE DONE IN THE KIDNAPPING OF GASTECH,timeline,1,商业利益线,medium,3,GAStech|POK|Government|Sten Sanjorge|Elodis|Tethys,Elodis|Tethys,1,The General Post,536,The General Post,"The protectors of Kronos not only have taken the responsibility from the kidnapping of the international employees of GAStech, but also they have made a demand of the rescue of $20M of the president a","The protectors of Kronos not only have taken the responsibility from the kidnapping of the international employees of GAStech, but also they have made a demand of the rescue of $20M of the president a",narrative_line_1_商业利益线.csv,auto_clustered
TL-536,2014-01-21,day,DEMANDS OF THE RESCUE DONE IN THE KIDNAPPING OF GASTECH,timeline,3,组织对抗线,medium,3,GAStech|POK|Government|Sten Sanjorge|Elodis|Tethys,Elodis|Tethys,1,The General Post,536,The General Post,"The protectors of Kronos not only have taken the responsibility from the kidnapping of the international employees of GAStech, but also they have made a demand of the rescue of $20M of the president a","The protectors of Kronos not only have taken the responsibility from the kidnapping of the international employees of GAStech, but also they have made a demand of the rescue of $20M of the president a",narrative_line_3_组织对抗线.csv,auto_clustered
TL-536,2014-01-21,day,DEMANDS OF THE RESCUE DONE IN THE KIDNAPPING OF GASTECH,timeline,4,绑架导火索线,medium,3,GAStech|POK|Government|Sten Sanjorge|Elodis|Tethys,Elodis|Tethys,1,The General Post,536,The General Post,"The protectors of Kronos not only have taken the responsibility from the kidnapping of the international employees of GAStech, but also they have made a demand of the rescue of $20M of the president a","The protectors of Kronos not only have taken the responsibility from the kidnapping of the international employees of GAStech, but also they have made a demand of the rescue of $20M of the president a",narrative_line_4_绑架导火索线.csv,auto_clustered
TL-556,2014-01-21,day,VOICES - a blog about what is important to the people,timeline,1,商业利益线,medium,3,GAStech|Sten Sanjorge|Abila|Tethys,Abila|Tethys,1,Homeland Illumination,556,Homeland Illumination,"1016 - A GAStech spokesman just announced that CEO Sten Sanjorge is not among the missing GAStech employees, and has returned to Tethys. We can assume that he was a passenger on one of the private jet","1016 - A GAStech spokesman just announced that CEO Sten Sanjorge is not among the missing GAStech employees, and has returned to Tethys. We can assume that he was a passenger on one of the private jet",narrative_line_1_商业利益线.csv,auto_clustered
TL-556,2014-01-21,day,VOICES - a blog about what is important to the people,timeline,4,绑架导火索线,medium,3,GAStech|Sten Sanjorge|Abila|Tethys,Abila|Tethys,1,Homeland Illumination,556,Homeland Illumination,"1016 - A GAStech spokesman just announced that CEO Sten Sanjorge is not among the missing GAStech employees, and has returned to Tethys. We can assume that he was a passenger on one of the private jet","1016 - A GAStech spokesman just announced that CEO Sten Sanjorge is not among the missing GAStech employees, and has returned to Tethys. We can assume that he was a passenger on one of the private jet",narrative_line_4_绑架导火索线.csv,auto_clustered
TL-583,2014-01-21,day,VOICES - a blog about what is important to the people,timeline,1,商业利益线,medium,3,GAStech|Abila,Abila,1,Homeland Illumination,583,Homeland Illumination,0911 - At a news conference just a few minutes ago Abila police revised the number of missing GAStech employees to ten. We do not know if the police have identified which employees are missing. 21 Jan,0911 - At a news conference just a few minutes ago Abila police revised the number of missing GAStech employees to ten. We do not know if the police have identified which employees are missing. 21 Jan,narrative_line_1_商业利益线.csv,auto_clustered
TL-583,2014-01-21,day,VOICES - a blog about what is important to the people,timeline,4,绑架导火索线,medium,3,GAStech|Abila,Abila,1,Homeland Illumination,583,Homeland Illumination,0911 - At a news conference just a few minutes ago Abila police revised the number of missing GAStech employees to ten. We do not know if the police have identified which employees are missing. 21 Jan,0911 - At a news conference just a few minutes ago Abila police revised the number of missing GAStech employees to ten. We do not know if the police have identified which employees are missing. 21 Jan,narrative_line_4_绑架导火索线.csv,auto_clustered
TL-598,2014-01-21,day,GASTech Employees Kidnapped in Kronos,timeline,1,商业利益线,medium,3,GAStech|POK|Tethys,Tethys,1,News Online Today,598,News Online Today,"Fourteen employees feared kidnapped in Kronos by a radical environmental terrorist group during a corporate gathering. Fourteen employees, including possibly five executive officers, are feared kidnap","Fourteen employees feared kidnapped in Kronos by a radical environmental terrorist group during a corporate gathering. Fourteen employees, including possibly five executive officers, are feared kidnap",narrative_line_1_商业利益线.csv,auto_clustered
TL-598,2014-01-21,day,GASTech Employees Kidnapped in Kronos,timeline,2,环境冲突线,medium,3,GAStech|POK|Tethys,Tethys,1,News Online Today,598,News Online Today,"Fourteen employees feared kidnapped in Kronos by a radical environmental terrorist group during a corporate gathering. Fourteen employees, including possibly five executive officers, are feared kidnap","Fourteen employees feared kidnapped in Kronos by a radical environmental terrorist group during a corporate gathering. Fourteen employees, including possibly five executive officers, are feared kidnap",narrative_line_2_环境冲突线.csv,auto_clustered
TL-598,2014-01-21,day,GASTech Employees Kidnapped in Kronos,timeline,3,组织对抗线,medium,3,GAStech|POK|Tethys,Tethys,1,News Online Today,598,News Online Today,"Fourteen employees feared kidnapped in Kronos by a radical environmental terrorist group during a corporate gathering. Fourteen employees, including possibly five executive officers, are feared kidnap","Fourteen employees feared kidnapped in Kronos by a radical environmental terrorist group during a corporate gathering. Fourteen employees, including possibly five executive officers, are feared kidnap",narrative_line_3_组织对抗线.csv,auto_clustered
TL-598,2014-01-21,day,GASTech Employees Kidnapped in Kronos,timeline,4,绑架导火索线,medium,3,GAStech|POK|Tethys,Tethys,1,News Online Today,598,News Online Today,"Fourteen employees feared kidnapped in Kronos by a radical environmental terrorist group during a corporate gathering. Fourteen employees, including possibly five executive officers, are feared kidnap","Fourteen employees feared kidnapped in Kronos by a radical environmental terrorist group during a corporate gathering. Fourteen employees, including possibly five executive officers, are feared kidnap",narrative_line_4_绑架导火索线.csv,auto_clustered
TL-599,2014-01-21,day,The conference of the news of the seizure of the police force concerning removal GAStech,timeline,1,商业利益线,medium,3,GAStech|POK|Abila,Abila,1,The Truth,599,The Truth,The police force Abila loved a press conference at nine this morning on the GAStech headquarters kidnappings. The police force communicated report donors that celebrate of whom residence was not confi,The police force Abila loved a press conference at nine this morning on the GAStech headquarters kidnappings. The police force communicated report donors that celebrate of whom residence was not confi,narrative_line_1_商业利益线.csv,auto_clustered
TL-599,2014-01-21,day,The conference of the news of the seizure of the police force concerning removal GAStech,timeline,3,组织对抗线,medium,3,GAStech|POK|Abila,Abila,1,The Truth,599,The Truth,The police force Abila loved a press conference at nine this morning on the GAStech headquarters kidnappings. The police force communicated report donors that celebrate of whom residence was not confi,The police force Abila loved a press conference at nine this morning on the GAStech headquarters kidnappings. The police force communicated report donors that celebrate of whom residence was not confi,narrative_line_3_组织对抗线.csv,auto_clustered
TL-599,2014-01-21,day,The conference of the news of the seizure of the police force concerning removal GAStech,timeline,4,绑架导火索线,medium,3,GAStech|POK|Abila,Abila,1,The Truth,599,The Truth,The police force Abila loved a press conference at nine this morning on the GAStech headquarters kidnappings. The police force communicated report donors that celebrate of whom residence was not confi,The police force Abila loved a press conference at nine this morning on the GAStech headquarters kidnappings. The police force communicated report donors that celebrate of whom residence was not confi,narrative_line_4_绑架导火索线.csv,auto_clustered
TL-62,2014-01-21,day,Sanjorge of GAStech saved from the kidnapping in the HQ of GAStech,timeline,1,商业利益线,medium,3,GAStech|Government|Sten Sanjorge|President Kapelou|Abila|Tethys|Centrum,Abila|Tethys|Centrum,1,The Guide,62,The Guide,"According to a press conference it maintained in the headquarters of GAStech in Centrum, Tethys this morning, president and CEO, GAStech CEO Sten Sanjorge Je returned surely to Tethys after the disclo","According to a press conference it maintained in the headquarters of GAStech in Centrum, Tethys this morning, president and CEO, GAStech CEO Sten Sanjorge Je returned surely to Tethys after the disclo",narrative_line_1_商业利益线.csv,auto_clustered
TL-62,2014-01-21,day,Sanjorge of GAStech saved from the kidnapping in the HQ of GAStech,timeline,4,绑架导火索线,medium,3,GAStech|Government|Sten Sanjorge|President Kapelou|Abila|Tethys|Centrum,Abila|Tethys|Centrum,1,The Guide,62,The Guide,"According to a press conference it maintained in the headquarters of GAStech in Centrum, Tethys this morning, president and CEO, GAStech CEO Sten Sanjorge Je returned surely to Tethys after the disclo","According to a press conference it maintained in the headquarters of GAStech in Centrum, Tethys this morning, president and CEO, GAStech CEO Sten Sanjorge Je returned surely to Tethys after the disclo",narrative_line_4_绑架导火索线.csv,auto_clustered
TL-624,2014-01-21,day,VOICES - a blog on what is important to people,timeline,1,商业利益线,medium,3,GAStech|Sten Sanjorge|Abila|Tethys,Abila|Tethys,1,Centrum Sentinel,624,Centrum Sentinel,1016 - A megaphone of GAStech has announced hardly that the CEO Sten Sanjorge is not with the employs missing and has sent back to Tethys. It is presupposed that he has been yesterday a passenger on o,1016 - A megaphone of GAStech has announced hardly that the CEO Sten Sanjorge is not with the employs missing and has sent back to Tethys. It is presupposed that he has been yesterday a passenger on o,narrative_line_1_商业利益线.csv,auto_clustered
TL-624,2014-01-21,day,VOICES - a blog on what is important to people,timeline,4,绑架导火索线,medium,3,GAStech|Sten Sanjorge|Abila|Tethys,Abila|Tethys,1,Centrum Sentinel,624,Centrum Sentinel,1016 - A megaphone of GAStech has announced hardly that the CEO Sten Sanjorge is not with the employs missing and has sent back to Tethys. It is presupposed that he has been yesterday a passenger on o,1016 - A megaphone of GAStech has announced hardly that the CEO Sten Sanjorge is not with the employs missing and has sent back to Tethys. It is presupposed that he has been yesterday a passenger on o,narrative_line_4_绑架导火索线.csv,auto_clustered
TL-654,2014-01-21,day,ON THE SCENE BLOG,timeline,1,商业利益线,medium,3,GAStech|Sten Sanjorge|Tethys|Centrum,Tethys|Centrum,1,The Abila Post,654,The Abila Post,"1013 UPDATE - CEO Sten Sanjorge, Jr. is not among the missing GAStech employees and is safe back in GAStech's Tethys headquarters in the capital Centrum. Names of the missing have still not been relea","1013 UPDATE - CEO Sten Sanjorge, Jr. is not among the missing GAStech employees and is safe back in GAStech's Tethys headquarters in the capital Centrum. Names of the missing have still not been relea",narrative_line_1_商业利益线.csv,auto_clustered
TL-654,2014-01-21,day,ON THE SCENE BLOG,timeline,4,绑架导火索线,medium,3,GAStech|Sten Sanjorge|Tethys|Centrum,Tethys|Centrum,1,The Abila Post,654,The Abila Post,"1013 UPDATE - CEO Sten Sanjorge, Jr. is not among the missing GAStech employees and is safe back in GAStech's Tethys headquarters in the capital Centrum. Names of the missing have still not been relea","1013 UPDATE - CEO Sten Sanjorge, Jr. is not among the missing GAStech employees and is safe back in GAStech's Tethys headquarters in the capital Centrum. Names of the missing have still not been relea",narrative_line_4_绑架导火索线.csv,auto_clustered
TL-676,2014-01-21,day,Police Hold News Conference on GAStech Kidnapping,timeline,1,商业利益线,medium,3,GAStech|Abila,Abila,1,News Online Today,676,News Online Today,The Abila police held a press conference at nine this morning on the kidnapping GAStech headquarters. Police informed reporters that four of the GAStech employees whose whereabouts were unconfirmed ye,The Abila police held a press conference at nine this morning on the kidnapping GAStech headquarters. Police informed reporters that four of the GAStech employees whose whereabouts were unconfirmed ye,narrative_line_1_商业利益线.csv,auto_clustered
TL-676,2014-01-21,day,Police Hold News Conference on GAStech Kidnapping,timeline,4,绑架导火索线,medium,3,GAStech|Abila,Abila,1,News Online Today,676,News Online Today,The Abila police held a press conference at nine this morning on the kidnapping GAStech headquarters. Police informed reporters that four of the GAStech employees whose whereabouts were unconfirmed ye,The Abila police held a press conference at nine this morning on the kidnapping GAStech headquarters. Police informed reporters that four of the GAStech employees whose whereabouts were unconfirmed ye,narrative_line_4_绑架导火索线.csv,auto_clustered
TL-689,2014-01-21,day,GAStech's Sanjorge Escapes Kidnapping at GAStech HQ,timeline,4,绑架导火索线,medium,3,GAStech|Government|Sten Sanjorge|President Kapelou|Abila|Tethys|Centrum,Abila|Tethys|Centrum,1,International News,689,International News,"According to a press conference held at GAStech headquarters in Centrum, Tethys this morning, GAStech's President and CEO, Sten Sanjorge Jr. returned safely to Tethys after a reported kidnapping event","According to a press conference held at GAStech headquarters in Centrum, Tethys this morning, GAStech's President and CEO, Sten Sanjorge Jr. returned safely to Tethys after a reported kidnapping event",narrative_line_4_绑架导火索线.csv,auto_clustered
TL-693,2014-01-21,day,Police Hold News Conference on GAStech Kidnapping,timeline,1,商业利益线,medium,3,GAStech|POK|Abila,Abila,1,Kronos Star,693,Kronos Star,The Abila police held a press conference at nine this morning on the kidnapping GAStech headquarters. Police informed reporters that four of the GAStech employees whose whereabouts were unconfirmed ye,The Abila police held a press conference at nine this morning on the kidnapping GAStech headquarters. Police informed reporters that four of the GAStech employees whose whereabouts were unconfirmed ye,narrative_line_1_商业利益线.csv,auto_clustered
TL-693,2014-01-21,day,Police Hold News Conference on GAStech Kidnapping,timeline,3,组织对抗线,medium,3,GAStech|POK|Abila,Abila,1,Kronos Star,693,Kronos Star,The Abila police held a press conference at nine this morning on the kidnapping GAStech headquarters. Police informed reporters that four of the GAStech employees whose whereabouts were unconfirmed ye,The Abila police held a press conference at nine this morning on the kidnapping GAStech headquarters. Police informed reporters that four of the GAStech employees whose whereabouts were unconfirmed ye,narrative_line_3_组织对抗线.csv,auto_clustered
TL-693,2014-01-21,day,Police Hold News Conference on GAStech Kidnapping,timeline,4,绑架导火索线,medium,3,GAStech|POK|Abila,Abila,1,Kronos Star,693,Kronos Star,The Abila police held a press conference at nine this morning on the kidnapping GAStech headquarters. Police informed reporters that four of the GAStech employees whose whereabouts were unconfirmed ye,The Abila police held a press conference at nine this morning on the kidnapping GAStech headquarters. Police informed reporters that four of the GAStech employees whose whereabouts were unconfirmed ye,narrative_line_4_绑架导火索线.csv,auto_clustered
TL-727,2014-01-21,day,ON SCENE BLOG,timeline,1,商业利益线,medium,3,GAStech|Government|Abila|Tethys,Abila|Tethys,1,Modern Rubicon,727,Modern Rubicon,934 - the police of Abila has indicated that the application of law and the civil employees of government from Tethys are working with. The number of the missing has been modified fourteen to ten. The,934 - the police of Abila has indicated that the application of law and the civil employees of government from Tethys are working with. The number of the missing has been modified fourteen to ten. The,narrative_line_1_商业利益线.csv,auto_clustered
TL-727,2014-01-21,day,ON SCENE BLOG,timeline,4,绑架导火索线,medium,3,GAStech|Government|Abila|Tethys,Abila|Tethys,1,Modern Rubicon,727,Modern Rubicon,934 - the police of Abila has indicated that the application of law and the civil employees of government from Tethys are working with. The number of the missing has been modified fourteen to ten. The,934 - the police of Abila has indicated that the application of law and the civil employees of government from Tethys are working with. The number of the missing has been modified fourteen to ten. The,narrative_line_4_绑架导火索线.csv,auto_clustered
TL-738,2014-01-21,day,VOICES - a blog about what is important to the people,timeline,1,商业利益线,medium,3,GAStech|Abila|Tethys,Abila|Tethys,1,Homeland Illumination,738,Homeland Illumination,0715 - Welcome to our continuing coverage of the disappearance of several GAStech employees. What we know: Police have announced that fourteen GAStech employees disappeared sometime yesterday morning.,0715 - Welcome to our continuing coverage of the disappearance of several GAStech employees. What we know: Police have announced that fourteen GAStech employees disappeared sometime yesterday morning.,narrative_line_1_商业利益线.csv,auto_clustered
TL-738,2014-01-21,day,VOICES - a blog about what is important to the people,timeline,4,绑架导火索线,medium,3,GAStech|Abila|Tethys,Abila|Tethys,1,Homeland Illumination,738,Homeland Illumination,0715 - Welcome to our continuing coverage of the disappearance of several GAStech employees. What we know: Police have announced that fourteen GAStech employees disappeared sometime yesterday morning.,0715 - Welcome to our continuing coverage of the disappearance of several GAStech employees. What we know: Police have announced that fourteen GAStech employees disappeared sometime yesterday morning.,narrative_line_4_绑架导火索线.csv,auto_clustered
TL-752,2014-01-21,day,Sanjorge Escapes from  GAStech removing at the HQ of GAStech,timeline,4,绑架导火索线,medium,3,GAStech|Government|Sten Sanjorge|President Kapelou|Abila|Tethys|Centrum,Abila|Tethys|Centrum,1,Worldwise,752,Worldwise,"According to a press conference was held with the registered offices of GAStech in the centrum, Tethys this morning, president and CEO of GAStech, Sten Sanjorge Jr., returned without risk to Tethys af","According to a press conference was held with the registered offices of GAStech in the centrum, Tethys this morning, president and CEO of GAStech, Sten Sanjorge Jr., returned without risk to Tethys af",narrative_line_4_绑架导火索线.csv,auto_clustered
TL-787,2014-01-21,day,GASTech Employees Kidnapped in Kronos,timeline,1,商业利益线,medium,3,GAStech|POK|APA|Sten Sanjorge|Abila|Tethys,Abila|Tethys,1,World Source,787,World Source,"Fourteen employees feared kidnapped in Kronos by a radical environmental terrorist group during a corporate gathering. Fourteen employees, including possibly five executive officers, are feared kidnap","Fourteen employees feared kidnapped in Kronos by a radical environmental terrorist group during a corporate gathering. Fourteen employees, including possibly five executive officers, are feared kidnap",narrative_line_1_商业利益线.csv,auto_clustered
TL-787,2014-01-21,day,GASTech Employees Kidnapped in Kronos,timeline,2,环境冲突线,medium,3,GAStech|POK|APA|Sten Sanjorge|Abila|Tethys,Abila|Tethys,1,World Source,787,World Source,"Fourteen employees feared kidnapped in Kronos by a radical environmental terrorist group during a corporate gathering. Fourteen employees, including possibly five executive officers, are feared kidnap","Fourteen employees feared kidnapped in Kronos by a radical environmental terrorist group during a corporate gathering. Fourteen employees, including possibly five executive officers, are feared kidnap",narrative_line_2_环境冲突线.csv,auto_clustered
TL-787,2014-01-21,day,GASTech Employees Kidnapped in Kronos,timeline,3,组织对抗线,medium,3,GAStech|POK|APA|Sten Sanjorge|Abila|Tethys,Abila|Tethys,1,World Source,787,World Source,"Fourteen employees feared kidnapped in Kronos by a radical environmental terrorist group during a corporate gathering. Fourteen employees, including possibly five executive officers, are feared kidnap","Fourteen employees feared kidnapped in Kronos by a radical environmental terrorist group during a corporate gathering. Fourteen employees, including possibly five executive officers, are feared kidnap",narrative_line_3_组织对抗线.csv,auto_clustered
TL-787,2014-01-21,day,GASTech Employees Kidnapped in Kronos,timeline,4,绑架导火索线,medium,3,GAStech|POK|APA|Sten Sanjorge|Abila|Tethys,Abila|Tethys,1,World Source,787,World Source,"Fourteen employees feared kidnapped in Kronos by a radical environmental terrorist group during a corporate gathering. Fourteen employees, including possibly five executive officers, are feared kidnap","Fourteen employees feared kidnapped in Kronos by a radical environmental terrorist group during a corporate gathering. Fourteen employees, including possibly five executive officers, are feared kidnap",narrative_line_4_绑架导火索线.csv,auto_clustered
TL-822,2014-01-21,day,RANSOM DEMANDS MADE IN THE KIDNAPPING OF GASTECH,timeline,1,商业利益线,medium,3,GAStech|Government|Sten Sanjorge|Elodis|Abila|Tethys,Elodis|Abila|Tethys,1,The Light of Truth,822,The Light of Truth,"The guards of Kronos took not only the responsability for the kidnapping of the international employees of GAStech, but also made a ransom demand of $20M starting from the president and PRESIDENT Sten","The guards of Kronos took not only the responsability for the kidnapping of the international employees of GAStech, but also made a ransom demand of $20M starting from the president and PRESIDENT Sten",narrative_line_1_商业利益线.csv,auto_clustered
TL-822,2014-01-21,day,RANSOM DEMANDS MADE IN THE KIDNAPPING OF GASTECH,timeline,3,组织对抗线,medium,3,GAStech|Government|Sten Sanjorge|Elodis|Abila|Tethys,Elodis|Abila|Tethys,1,The Light of Truth,822,The Light of Truth,"The guards of Kronos took not only the responsability for the kidnapping of the international employees of GAStech, but also made a ransom demand of $20M starting from the president and PRESIDENT Sten","The guards of Kronos took not only the responsability for the kidnapping of the international employees of GAStech, but also made a ransom demand of $20M starting from the president and PRESIDENT Sten",narrative_line_3_组织对抗线.csv,auto_clustered
TL-822,2014-01-21,day,RANSOM DEMANDS MADE IN THE KIDNAPPING OF GASTECH,timeline,4,绑架导火索线,medium,3,GAStech|Government|Sten Sanjorge|Elodis|Abila|Tethys,Elodis|Abila|Tethys,1,The Light of Truth,822,The Light of Truth,"The guards of Kronos took not only the responsability for the kidnapping of the international employees of GAStech, but also made a ransom demand of $20M starting from the president and PRESIDENT Sten","The guards of Kronos took not only the responsability for the kidnapping of the international employees of GAStech, but also made a ransom demand of $20M starting from the president and PRESIDENT Sten",narrative_line_4_绑架导火索线.csv,auto_clustered
TL-824,2014-01-21,day,RANSOM DEMANDS MADE IN GASTECH KIDNAPPING,timeline,1,商业利益线,medium,3,GAStech|POK|Government|Sten Sanjorge|Elodis|Abila|Tethys,Elodis|Abila|Tethys,1,The World,824,The World,"The Protectors of Kronos have not only taken responsibility for the kidnapping of GAStech International employees, but have also made a ransom demand of $20M from the President and CEO Sten Sanjorge, ","The Protectors of Kronos have not only taken responsibility for the kidnapping of GAStech International employees, but have also made a ransom demand of $20M from the President and CEO Sten Sanjorge, ",narrative_line_1_商业利益线.csv,auto_clustered
TL-824,2014-01-21,day,RANSOM DEMANDS MADE IN GASTECH KIDNAPPING,timeline,3,组织对抗线,medium,3,GAStech|POK|Government|Sten Sanjorge|Elodis|Abila|Tethys,Elodis|Abila|Tethys,1,The World,824,The World,"The Protectors of Kronos have not only taken responsibility for the kidnapping of GAStech International employees, but have also made a ransom demand of $20M from the President and CEO Sten Sanjorge, ","The Protectors of Kronos have not only taken responsibility for the kidnapping of GAStech International employees, but have also made a ransom demand of $20M from the President and CEO Sten Sanjorge, ",narrative_line_3_组织对抗线.csv,auto_clustered
TL-824,2014-01-21,day,RANSOM DEMANDS MADE IN GASTECH KIDNAPPING,timeline,4,绑架导火索线,medium,3,GAStech|POK|Government|Sten Sanjorge|Elodis|Abila|Tethys,Elodis|Abila|Tethys,1,The World,824,The World,"The Protectors of Kronos have not only taken responsibility for the kidnapping of GAStech International employees, but have also made a ransom demand of $20M from the President and CEO Sten Sanjorge, ","The Protectors of Kronos have not only taken responsibility for the kidnapping of GAStech International employees, but have also made a ransom demand of $20M from the President and CEO Sten Sanjorge, ",narrative_line_4_绑架导火索线.csv,auto_clustered
EVT-0180,2014-03-26,day,Penetration of an expert: prospering like foreign CEO in Kronos,cross_source_story,1,商业利益线,medium,3,GAStech|Elodis|Tethys,Elodis|Tethys,3,Everyday News; The Continent; World Journal,279;535;656,Everyday News,"17 of January of 1995 The Fluss hank is CEO of GAStech, main industry of Krono by more than 15 years, after its discovery of its immense gas fields near the city of Elodis. Fluss, has worked with doze","17 of January of 1995 The Fluss hank is CEO of GAStech, main industry of Krono by more than 15 years, after its discovery of its immense gas fields near the city of Elodis. Fluss, has worked with doze",narrative_line_1_商业利益线.csv,auto_clustered
CTX_Kronos_Factbook,,context,Kronos国家背景：农业社会转向天然气经济，贫困与环境问题并存,context,1|2,商业利益线; 环境冲突线,background,2,Kronos|GAStech|Government,Kronos|Abila,1,FACTBOOK-Kronos.docx,,FACTBOOK-Kronos,Kronos拥有天然气资源，经济因1994年发现气田而增长，但仍有严重贫困和天然气污染等环境问题。,Natural gas pollution – water and soil; unemployment and poverty context.,FACTBOOK-Kronos.docx,context
CTX_Tethys_Factbook,,context,Tethys国家背景：GAStech母国，现代经济体与环境条约参与者,context,1,商业利益线,background,2,Tethys|GAStech,Tethys|Centrum,1,FACTBOOK-Tethys.docx,,FACTBOOK-Tethys,Tethys是欧洲现代经济体，参与多项环境协议，天然气和旅游等产业发达。,Modern economy; party to environmental treaties; natural gas industry.,FACTBOOK-Tethys.docx,context
